# Made in Blockbench 5.1.4
mtllib Mo_Tweasel_Head.mtl

o Sphere
v 7.578427 3.288923 -1.376122
v 7.578427 3.372201 -1.502439
v 7.73967 3.372201 -1.43565
v 7.665691 3.302295 -1.361671
v 7.578427 3.723642 -1.572345
v 7.578427 3.777431 -1.536404
v 7.67657 3.723642 -1.531693
v 7.578427 3.476823 -1.572345
v 7.789101 3.476823 -1.485081
v 7.578427 3.600232 -1.596892
v 7.672918 3.600232 -1.557753
v 7.578427 3.828264 -1.502439
v 7.578427 3.89817 -1.397817
v 7.665691 3.89817 -1.361671
v 7.73967 3.828264 -1.43565
v 7.789101 3.723642 -1.485081
v 7.806459 3.828264 -1.274407
v 7.872993 3.72869 -1.274407
v 7.876365 3.476823 -1.274407
v 7.806459 3.372201 -1.274407
v 7.806459 3.600232 -1.502439
v 7.900913 3.600232 -1.274407
v 7.350396 3.372201 -1.274407
v 7.28049 3.476823 -1.274407
v 7.367754 3.476823 -1.485081
v 7.417185 3.372201 -1.43565
v 7.255942 3.600232 -1.274407
v 7.28049 3.723642 -1.274407
v 7.367754 3.723642 -1.485081
v 7.350396 3.600232 -1.502439
v 7.491163 3.89817 -1.361671
v 7.417185 3.828264 -1.43565
v 7.350396 3.828264 -1.274407
v 7.491163 3.302295 -1.361671
v 7.478835 3.723642 -1.531092
v 7.474597 3.600232 -1.553885
v 3.500348 0.160744 0
v 3.555015 0.018167 -0.557191
v 3.349696 -0.949133 -0.557191
v 3.276457 -1.023774 0
v 3.926166 0.68592 0
v 3.945511 0.447035 -0.557191
v 6.402744 -0.525431 0
v 5.993638 -0.478374 -0.557191
v 6.6777 -0.017656 -0.557191
v 7.163334 -0.100557 0
v 7.846045 0.725003 -0.142621
v 7.351658 0.68282 -0.862306
v 7.596071 1.158704 -0.863029
v 8.062305 1.163502 -0.141881
v 3.810546 -2.042627 0
v 3.839482 -1.781147 -0.557191
v 4.685551 -1.442755 -0.557191
v 4.920313 -1.888049 0
v 5.194292 1.779425 0
v 5.108446 1.340011 -0.557191
v 4.570305 0.875903 -0.557191
v 4.607475 1.211096 0
v 5.666602 2.486737 0
v 5.687317 2.113346 -0.557191
v 5.451453 1.704253 -0.557191
v 5.460863 2.050269 0
v 5.265135 -1.002031 -0.557191
v 5.729368 -1.149964 0
v 7.294933 0.541784 -0.974857
v 7.957893 0.598969 0
v 5.741898 3.059649 0
v 5.726025 2.771138 -0.582616
v 8.303766 1.295694 0
v 7.676906 1.289782 -0.974857
v 8.018505 2.18082 -0.974857
v 8.501506 2.127588 0
v 5.705484 -1.035599 -0.139338
v 5.414987 -0.93445 -0.461014
v 5.895132 -0.587837 -0.469244
v 6.128796 -0.603863 -0.130997
v 4.989467 -0.695407 -0.908863
v 5.529539 -0.371196 -0.908863
v 5.570821 1.224252 -0.908863
v 4.993092 0.684044 -0.911809
v 5.857873 2.515126 -0.934288
v 5.863237 1.898226 -0.908863
v 3.770175 -0.340703 -0.908863
v 3.474504 -0.820074 -0.908862
v 4.169138 0.004131 -0.908863
v 6.134486 0.062229 -0.908863
v 6.524175 0.535686 -1.081137
v 6.876351 1.189749 -1.201272
v 3.898879 -1.486897 -0.908862
v 4.437985 -1.076442 -0.908862
v 4.595489 0.359791 -0.908863
v 6.657094 0.061773 -0.554806
v 6.272754 0.103209 -0.825606
v 6.559657 0.471898 -0.938237
v 7.118202 0.460365 -0.880401
v 6.439372 0.76037 -1.098631
v 6.563342 1.143146 -1.046441
v 6.691448 1.21561 -1.022618
v 7.179816 2.083787 -0.935251
v 7.248003 2.058184 -0.974503
v 6.869697 1.243219 -1.113562
v 6.495638 1.175575 -0.973393
v 6.301204 2.305192 -0.977427
v 7.133958 2.156373 -0.943581
v 7.058845 2.174866 -0.918964
v 7.296951 2.096726 -1.047133
v 9.319866 3.281319 -0.490653
v 9.14253 3.223301 -0.756501
v 9.136007 3.324861 -0.44782
v 9.187807 2.942126 -0.614961
v 9.018107 3.041304 -0.770057
v 9.105022 3.089303 -0.784136
v 9.310022 2.949272 -0.614961
v 7.527315 4.615227 -0.971809
v 7.619788 4.305118 -1.285228
v 7.262469 4.305171 -1.285228
v 7.181506 4.615299 -0.971809
v 8.335475 2.522408 -0.916429
v 8.293095 2.777777 -1.167081
v 8.669565 2.892756 -0.983674
v 8.787348 2.679955 -0.638644
v 9.189383 2.91182 -0.601661
v 7.131914 2.530513 -1.0964
v 7.290367 2.673723 -1.449219
v 7.739992 2.553369 -1.298445
v 7.671593 2.3656 -1.070976
v 8.702073 3.376688 -1.070436
v 8.752997 3.534134 -0.56174
v 9.69948 3.166601 -0.778839
v 9.761224 3.416795 -0.797325
v 9.89563 3.42203 -0.686229
v 10.068721 3.193627 -0.611433
v 8.316643 3.795613 -1.289428
v 8.36374 3.917083 -0.713357
v 7.895633 4.467003 -0.916429
v 7.926647 4.196945 -1.285228
v 6.321231 4.287763 -0.971809
v 6.614959 4.066135 -1.285228
v 6.344438 3.717611 -1.285228
v 5.996529 3.810202 -0.916429
v 9.690271 3.208413 -0.476087
v 9.381847 3.293245 -0.768286
v 6.40905 2.68656 -0.941854
v 6.784045 2.869718 -1.449219
v 8.258691 4.086291 -0.7977
v 8.229123 4.016194 -1.285228
v 10.131676 3.096281 -0.309538
v 9.997726 3.025512 -0.611433
v 9.390859 3.030413 -0.768286
v 9.599397 2.930564 -0.549067
v 6.452714 4.469765 -0.971809
v 6.238972 3.498642 -1.285228
v 5.949136 3.510164 -0.916429
v 6.314214 3.114815 -1.310652
v 5.976723 3.017348 -0.941854
v 9.854006 2.914104 -0.491089
v 9.682582 3.073865 -0.778839
v 10.190675 3.153875 0
v 9.897777 3.193906 0
v 9.103048 3.303575 0
v 8.836754 3.542293 0
v 9.302999 2.822724 0
v 9.30126 2.866989 0
v 8.360932 2.388215 0
v 8.859457 2.56793 0
v 9.360649 2.919502 -0.371045
v 9.436092 2.87514 0
v 9.440985 3.253905 0
v 8.392116 3.979123 0
v 8.276221 4.172138 0
v 9.953794 2.835023 0
v 10.112351 2.962107 0
v 5.780509 3.857203 0
v 5.735679 3.51495 0
v 7.068434 4.775578 0
v 7.161858 4.804024 -0.705378
v 6.521745 4.466587 -0.636676
v 6.39886 4.55698 0
v 9.630653 2.904621 -0.357108
v 10.190675 3.076566 0
v 7.87568 4.606417 0
v 7.515134 2.18647 -0.995825
v 7.696342 2.308722 -1.033209
v 8.150181 2.419088 -0.911459
v 7.991038 2.23882 -0.965527
v 6.138735 4.401957 0
v 7.469336 4.775496 0
v 7.333468 4.098185 -1.497132
v 6.908896 3.927178 -1.497132
v 6.692694 3.659506 -1.497132
v 6.608209 3.491335 -1.497132
v 6.622973 3.31084 -1.522557
v 8.095609 3.795858 -1.497132
v 6.970451 3.108574 -1.522557
v 7.566107 4.133953 -1.497132
v 7.448686 2.942242 -1.522557
v 7.808028 2.849808 -1.436368
v 7.931674 3.974074 -1.497132
v 7.252215 3.42119 -1.497132
v 7.545182 3.268228 -1.497132
v 7.933785 3.437737 -1.425565
v 8.24594 3.099696 -1.286509
v 7.185875 3.709332 -1.497132
v 7.283161 3.866907 -1.497132
v 8.213501 3.423407 -1.358882
v 7.928297 3.665553 -1.497132
v 7.808202 3.879576 -1.497132
v 7.383375 3.946909 -1.497132
v 7.574326 3.990315 -1.497132
v 8.645797 3.059131 -0.97532
v 6.789399 5.757619 -0.971809
v 6.470906 5.687154 -0.971809
v 6.483342 5.636631 -0.698459
v 6.786012 5.707097 -0.698459
v 6.195667 4.908429 -0.692903
v 6.195667 4.908429 -0.971809
v 7.389416 5.143229 -0.692903
v 7.055897 5.079647 -0.589457
v 7.159984 5.55071 -0.692903
v 6.943521 5.466343 -0.589457
v 6.439414 4.892108 -0.589457
v 6.446059 5.28271 -0.589457
v 6.28471 5.325748 -0.692903
v 6.665568 5.642346 -0.971809
v 7.166625 5.079682 -0.971809
v 7.389416 5.143229 -0.971809
v 6.306553 4.892107 -0.971809
v 7.159984 5.55071 -0.971809
v 6.943521 5.466343 -0.898153
v 6.446059 5.28271 -0.898153
v 6.688049 5.512051 -0.910855
v 6.28471 5.325748 -0.971809
v 7.055897 5.079647 -0.898153
v 6.439414 4.892108 -0.898153
v 7.02194 5.463017 -0.971809
v 6.36764 5.286035 -0.971809
v 6.688049 5.512051 -0.614862
v 9.541986 2.756262 -0.539116
v 9.42977 2.5071 -0.537381
v 9.365993 2.511223 -0.551904
v 9.369098 2.767439 -0.578485
v 9.399345 2.749653 -0.432757
v 9.560659 2.740762 -0.424431
v 9.31733 2.333026 -0.543258
v 9.377151 2.504662 -0.498147
v 9.436658 2.501383 -0.495075
v 9.782733 3.494938 -0.757612
v 9.77091 3.394113 -0.61716
v 9.645602 3.521648 -0.843082
v 7.578427 3.540378 -1.584986
v 7.578427 3.288923 1.376122
v 7.665691 3.302295 1.361671
v 7.73967 3.372201 1.43565
v 7.578427 3.372201 1.502439
v 7.578427 3.723642 1.572345
v 7.67657 3.723642 1.531693
v 7.578427 3.777431 1.536404
v 7.789101 3.476823 1.485081
v 7.578427 3.476823 1.572345
v 7.578427 3.600232 1.596892
v 7.672918 3.600232 1.557753
v 7.578427 3.828264 1.502439
v 7.73967 3.828264 1.43565
v 7.665691 3.89817 1.361671
v 7.578427 3.89817 1.397817
v 7.789101 3.723642 1.485081
v 7.872993 3.72869 1.274407
v 7.806459 3.828264 1.274407
v 7.806459 3.372201 1.274407
v 7.876365 3.476823 1.274407
v 7.806459 3.600232 1.502439
v 7.900913 3.600232 1.274407
v 7.350396 3.372201 1.274407
v 7.417185 3.372201 1.43565
v 7.367754 3.476823 1.485081
v 7.28049 3.476823 1.274407
v 7.255942 3.600232 1.274407
v 7.350396 3.600232 1.502439
v 7.367754 3.723642 1.485081
v 7.28049 3.723642 1.274407
v 7.491163 3.89817 1.361671
v 7.350396 3.828264 1.274407
v 7.417185 3.828264 1.43565
v 7.491163 3.302295 1.361671
v 7.474597 3.600232 1.553885
v 7.478835 3.723642 1.531092
v 3.349696 -0.949133 0.557191
v 3.555015 0.018167 0.557191
v 3.945511 0.447035 0.557191
v 6.6777 -0.017656 0.557191
v 5.993638 -0.478374 0.557191
v 7.846045 0.725003 0.142621
v 8.062305 1.163502 0.141881
v 7.596071 1.158704 0.863029
v 7.351658 0.68282 0.862306
v 4.685551 -1.442755 0.557191
v 3.839482 -1.781147 0.557191
v 4.570305 0.875903 0.557191
v 5.108446 1.340011 0.557191
v 5.451453 1.704253 0.557191
v 5.687317 2.113346 0.557191
v 5.265135 -1.002031 0.557191
v 7.294933 0.541784 0.974857
v 5.726025 2.771138 0.582616
v 8.018505 2.18082 0.974857
v 7.676906 1.289782 0.974857
v 5.705484 -1.035599 0.139338
v 6.128796 -0.603863 0.130997
v 5.895132 -0.587837 0.469244
v 5.414987 -0.93445 0.461014
v 5.529539 -0.371196 0.908863
v 4.989467 -0.695407 0.908863
v 4.993092 0.684044 0.911809
v 5.570821 1.224252 0.908863
v 5.863237 1.898226 0.908863
v 5.857873 2.515126 0.934288
v 3.474504 -0.820074 0.908862
v 3.770175 -0.340703 0.908863
v 4.169138 0.004131 0.908863
v 6.134486 0.062229 0.908863
v 6.876351 1.189749 1.201272
v 6.524175 0.535686 1.081137
v 4.437985 -1.076442 0.908862
v 3.898879 -1.486897 0.908862
v 4.595489 0.359791 0.908863
v 6.657094 0.061773 0.554806
v 7.118202 0.460365 0.880401
v 6.559657 0.471898 0.938237
v 6.272754 0.103209 0.825606
v 6.439372 0.76037 1.098631
v 6.563342 1.143146 1.046441
v 6.691448 1.21561 1.022618
v 6.869697 1.243219 1.113562
v 7.248003 2.058184 0.974503
v 7.179816 2.083787 0.935251
v 6.495638 1.175575 0.973393
v 6.301204 2.305192 0.977427
v 7.133958 2.156373 0.943581
v 7.058845 2.174866 0.918964
v 7.296951 2.096726 1.047133
v 9.319866 3.281319 0.490653
v 9.136007 3.324861 0.44782
v 9.14253 3.223301 0.756501
v 9.187807 2.942126 0.614961
v 9.310022 2.949272 0.614961
v 9.105022 3.089303 0.784136
v 9.018107 3.041304 0.770057
v 7.527315 4.615227 0.971809
v 7.181506 4.615299 0.971809
v 7.262469 4.305171 1.285228
v 7.619788 4.305118 1.285228
v 8.335475 2.522408 0.916429
v 8.787348 2.679955 0.638644
v 8.669565 2.892756 0.983674
v 8.293095 2.777777 1.167081
v 9.189383 2.91182 0.601661
v 7.131914 2.530513 1.0964
v 7.671593 2.3656 1.070976
v 7.739992 2.553369 1.298445
v 7.290367 2.673723 1.449219
v 8.752997 3.534134 0.56174
v 8.702073 3.376688 1.070436
v 9.69948 3.166601 0.778839
v 10.068721 3.193627 0.611433
v 9.89563 3.42203 0.686229
v 9.761224 3.416795 0.797325
v 8.36374 3.917083 0.713357
v 8.316643 3.795613 1.289428
v 7.895633 4.467003 0.916429
v 7.926647 4.196945 1.285228
v 6.321231 4.287763 0.971809
v 5.996529 3.810202 0.916429
v 6.344438 3.717611 1.285228
v 6.614959 4.066135 1.285228
v 9.690271 3.208413 0.476087
v 9.381847 3.293245 0.768286
v 6.40905 2.68656 0.941854
v 6.784045 2.869718 1.449219
v 8.258691 4.086291 0.7977
v 8.229123 4.016194 1.285228
v 10.131676 3.096281 0.309538
v 9.997726 3.025512 0.611433
v 9.599397 2.930564 0.549067
v 9.390859 3.030413 0.768286
v 6.452714 4.469765 0.971809
v 5.949136 3.510164 0.916429
v 6.238972 3.498642 1.285228
v 5.976723 3.017348 0.941854
v 6.314214 3.114815 1.310652
v 9.854006 2.914104 0.491089
v 9.682582 3.073865 0.778839
v 9.360649 2.919502 0.371045
v 6.521745 4.466587 0.636676
v 7.161858 4.804024 0.705378
v 9.630653 2.904621 0.357108
v 7.515134 2.18647 0.995825
v 7.991038 2.23882 0.965527
v 8.150181 2.419088 0.911459
v 7.696342 2.308722 1.033209
v 6.908896 3.927178 1.497132
v 7.333468 4.098185 1.497132
v 6.608209 3.491335 1.497132
v 6.692694 3.659506 1.497132
v 6.622973 3.31084 1.522557
v 8.095609 3.795858 1.497132
v 6.970451 3.108574 1.522557
v 7.566107 4.133953 1.497132
v 7.808028 2.849808 1.436368
v 7.448686 2.942242 1.522557
v 7.931674 3.974074 1.497132
v 7.252215 3.42119 1.497132
v 7.545182 3.268228 1.497132
v 7.933785 3.437737 1.425565
v 8.24594 3.099696 1.286509
v 7.185875 3.709332 1.497132
v 7.283161 3.866907 1.497132
v 8.213501 3.423407 1.358882
v 7.928297 3.665553 1.497132
v 7.808202 3.879576 1.497132
v 7.574326 3.990315 1.497132
v 7.383375 3.946909 1.497132
v 8.645797 3.059131 0.97532
v 6.789399 5.757619 0.971809
v 6.786012 5.707097 0.698459
v 6.483342 5.636631 0.698459
v 6.470906 5.687154 0.971809
v 6.195667 4.908429 0.971809
v 6.195667 4.908429 0.692903
v 7.055897 5.079647 0.589457
v 7.389416 5.143229 0.692903
v 6.943521 5.466343 0.589457
v 7.159984 5.55071 0.692903
v 6.439414 4.892108 0.589457
v 6.28471 5.325748 0.692903
v 6.446059 5.28271 0.589457
v 6.665568 5.642346 0.971809
v 7.389416 5.143229 0.971809
v 7.166625 5.079682 0.971809
v 6.306553 4.892107 0.971809
v 7.159984 5.55071 0.971809
v 6.943521 5.466343 0.898153
v 6.688049 5.512051 0.910855
v 6.446059 5.28271 0.898153
v 6.28471 5.325748 0.971809
v 6.439414 4.892108 0.898153
v 7.055897 5.079647 0.898153
v 7.02194 5.463017 0.971809
v 6.36764 5.286035 0.971809
v 6.688049 5.512051 0.614862
v 9.541986 2.756262 0.539116
v 9.369098 2.767439 0.578485
v 9.365993 2.511223 0.551904
v 9.42977 2.5071 0.537381
v 9.399345 2.749653 0.432757
v 9.560659 2.740762 0.424431
v 9.31733 2.333026 0.543258
v 9.377151 2.504662 0.498147
v 9.436658 2.501383 0.495075
v 9.77091 3.394113 0.61716
v 9.782733 3.494938 0.757612
v 9.645602 3.521648 0.843082
v 7.578427 3.540378 1.584986
vt 0.375 0.09375
vt 0.375 0.09375
vt 0.375 0.09375
vt 0.375 0.09375
vt 0.109375 0.109375
vt 0.109375 0.140625
vt 0.109375 0.109375
vt 0.375 0.09375
vt 0.375 0.09375
vt 0.375 0.09375
vt 0.375 0.09375
vt 0.109375 0.109375
vt 0.109375 0.109375
vt 0.109375 0.109375
vt 0.109375 0.109375
vt 0.375 0.09375
vt 0.375 0.09375
vt 0.375 0.09375
vt 0.375 0.09375
vt 0.375 0.09375
vt 0.375 0.09375
vt 0.375 0.09375
vt 0.375 0.09375
vt 0.375 0.09375
vt 0.375 0.09375
vt 0.375 0.09375
vt 0.375 0.09375
vt 0.375 0.09375
vt 0.375 0.09375
vt 0.375 0.09375
vt 0.375 0.09375
vt 0.375 0.09375
vt 0.375 0.09375
vt 0.375 0.09375
vt 0.375 0.09375
vt 0.375 0.09375
vt 0.375 0.09375
vt 0.375 0.09375
vt 0.375 0.09375
vt 0.375 0.09375
vt 0.375 0.09375
vt 0.375 0.09375
vt 0.375 0.09375
vt 0.375 0.09375
vt 0.375 0.09375
vt 0.375 0.09375
vt 0.375 0.09375
vt 0.375 0.09375
vt 0.375 0.09375
vt 0.375 0.09375
vt 0.375 0.09375
vt 0.375 0.09375
vt 0.375 0.09375
vt 0.375 0.09375
vt 0.375 0.09375
vt 0.375 0.09375
vt 0.375 0.09375
vt 0.375 0.09375
vt 0.375 0.09375
vt 0.375 0.09375
vt 0.375 0.09375
vt 0.375 0.09375
vt 0.375 0.09375
vt 0.375 0.09375
vt 0.375 0.09375
vt 0.375 0.09375
vt 0.375 0.09375
vt 0.375 0.09375
vt 0.375 0.09375
vt 0.375 0.09375
vt 0.375 0.09375
vt 0.375 0.09375
vt 0.375 0.09375
vt 0.375 0.09375
vt 0.375 0.09375
vt 0.375 0.09375
vt 0.375 0.09375
vt 0.375 0.09375
vt 0.375 0.09375
vt 0.21875 0.9375
vt 0.21875 0.9375
vt 0.21875 0.9375
vt 0.21875 0.9375
vt 0.21875 0.9375
vt 0.21875 0.9375
vt 0.21875 0.9375
vt 0.21875 0.9375
vt 0.375 0.84375
vt 0.375 0.84375
vt 0.375 0.84375
vt 0.375 0.84375
vt 0.640625 0.84375
vt 0.640625 0.84375
vt 0.640625 0.84375
vt 0.640625 0.84375
vt 0.375 0.84375
vt 0.375 0.84375
vt 0.375 0.84375
vt 0.375 0.84375
vt 0.21875 0.9375
vt 0.21875 0.9375
vt 0.21875 0.9375
vt 0.21875 0.9375
vt 0.21875 0.9375
vt 0.21875 0.9375
vt 0.21875 0.9375
vt 0.21875 0.9375
vt 0.21875 0.9375
vt 0.21875 0.9375
vt 0.21875 0.9375
vt 0.21875 0.9375
vt 0.21875 0.9375
vt 0.21875 0.9375
vt 0.21875 0.9375
vt 0.21875 0.9375
vt 0.375 0.84375
vt 0.375 0.84375
vt 0.375 0.84375
vt 0.375 0.84375
vt 0.21875 0.9375
vt 0.21875 0.9375
vt 0.21875 0.9375
vt 0.21875 0.9375
vt 0.375 0.84375
vt 0.375 0.84375
vt 0.375 0.84375
vt 0.375 0.84375
vt 0.21875 0.9375
vt 0.21875 0.9375
vt 0.21875 0.9375
vt 0.21875 0.9375
vt 0.375 0.84375
vt 0.375 0.84375
vt 0.375 0.84375
vt 0.375 0.84375
vt 0.640625 0.84375
vt 0.640625 0.84375
vt 0.640625 0.84375
vt 0.640625 0.84375
vt 0.375 0.84375
vt 0.375 0.84375
vt 0.375 0.84375
vt 0.375 0.84375
vt 0.21875 0.9375
vt 0.21875 0.9375
vt 0.21875 0.9375
vt 0.21875 0.9375
vt 0.21875 0.9375
vt 0.21875 0.9375
vt 0.21875 0.9375
vt 0.21875 0.9375
vt 0.21875 0.9375
vt 0.21875 0.9375
vt 0.21875 0.9375
vt 0.21875 0.9375
vt 0.21875 0.9375
vt 0.21875 0.9375
vt 0.21875 0.9375
vt 0.21875 0.9375
vt 0.375 0.84375
vt 0.375 0.84375
vt 0.375 0.84375
vt 0.375 0.84375
vt 0.375 0.84375
vt 0.375 0.84375
vt 0.375 0.84375
vt 0.375 0.84375
vt 0.375 0.84375
vt 0.375 0.84375
vt 0.375 0.84375
vt 0.375 0.84375
vt 0.21875 0.9375
vt 0.21875 0.9375
vt 0.21875 0.9375
vt 0.21875 0.9375
vt 0.21875 0.9375
vt 0.21875 0.9375
vt 0.21875 0.9375
vt 0.21875 0.9375
vt 0.21875 0.9375
vt 0.21875 0.9375
vt 0.21875 0.9375
vt 0.21875 0.9375
vt 0.375 0.84375
vt 0.375 0.84375
vt 0.375 0.84375
vt 0.375 0.84375
vt 0.21875 0.9375
vt 0.21875 0.9375
vt 0.21875 0.9375
vt 0.21875 0.9375
vt 0.640625 0.84375
vt 0.640625 0.84375
vt 0.640625 0.84375
vt 0.640625 0.84375
vt 0.21875 0.9375
vt 0.21875 0.9375
vt 0.21875 0.9375
vt 0.21875 0.9375
vt 0.21875 0.9375
vt 0.21875 0.9375
vt 0.21875 0.9375
vt 0.21875 0.9375
vt 0.21875 0.9375
vt 0.21875 0.9375
vt 0.21875 0.9375
vt 0.21875 0.9375
vt 0.21875 0.9375
vt 0.21875 0.9375
vt 0.21875 0.9375
vt 0.21875 0.9375
vt 0.21875 0.9375
vt 0.21875 0.9375
vt 0.21875 0.9375
vt 0.21875 0.9375
vt 0.375 0.84375
vt 0.375 0.875
vt 0.375 0.84375
vt 0.375 0.84375
vt 0.640625 0.84375
vt 0.640625 0.84375
vt 0.640625 0.84375
vt 0.640625 0.84375
vt 0.21875 0.9375
vt 0.21875 0.9375
vt 0.21875 0.9375
vt 0.21875 0.9375
vt 0.21875 0.9375
vt 0.21875 0.9375
vt 0.21875 0.9375
vt 0.21875 0.9375
vt 0.21875 0.9375
vt 0.21875 0.9375
vt 0.375 0.84375
vt 0.375 0.875
vt 0.40625 0.875
vt 0.375 0.84375
vt 0.375 0.84375
vt 0.375 0.84375
vt 0.375 0.84375
vt 0.375 0.84375
vt 0.40625 0.875
vt 0.375 0.875
vt 0.375 0.84375
vt 0.21875 0.9375
vt 0.21875 0.9375
vt 0.21875 0.9375
vt 0.21875 0.9375
vt 0.21875 0.9375
vt 0.21875 0.9375
vt 0.21875 0.9375
vt 0.21875 0.9375
vt 0.21875 0.9375
vt 0.21875 0.9375
vt 0.21875 0.9375
vt 0.21875 0.9375
vt 0.21875 0.9375
vt 0.21875 0.9375
vt 0.21875 0.9375
vt 0.21875 0.9375
vt 0.21875 0.9375
vt 0.21875 0.9375
vt 0.21875 0.9375
vt 0.21875 0.9375
vt 0.21875 0.9375
vt 0.21875 0.9375
vt 0.21875 0.9375
vt 0.21875 0.9375
vt 0.21875 0.9375
vt 0.21875 0.9375
vt 0.21875 0.9375
vt 0.21875 0.9375
vt 0.21875 0.9375
vt 0.21875 0.9375
vt 0.21875 0.9375
vt 0.21875 0.9375
vt 0.21875 0.9375
vt 0.21875 0.9375
vt 0.21875 0.9375
vt 0.21875 0.9375
vt 0.21875 0.9375
vt 0.21875 0.9375
vt 0.21875 0.9375
vt 0.21875 0.9375
vt 0.21875 0.9375
vt 0.21875 0.9375
vt 0.21875 0.9375
vt 0.21875 0.9375
vt 0.21875 0.9375
vt 0.21875 0.9375
vt 0.21875 0.9375
vt 0.21875 0.9375
vt 0.21875 0.9375
vt 0.21875 0.9375
vt 0.21875 0.9375
vt 0.21875 0.9375
vt 0.21875 0.9375
vt 0.21875 0.9375
vt 0.21875 0.9375
vt 0.21875 0.9375
vt 0.21875 0.9375
vt 0.21875 0.9375
vt 0.21875 0.9375
vt 0.21875 0.9375
vt 0.21875 0.9375
vt 0.21875 0.9375
vt 0.21875 0.9375
vt 0.21875 0.9375
vt 0.21875 0.9375
vt 0.21875 0.9375
vt 0.21875 0.9375
vt 0.21875 0.9375
vt 0.21875 0.9375
vt 0.21875 0.9375
vt 0.21875 0.9375
vt 0.21875 0.9375
vt 0.21875 0.9375
vt 0.21875 0.9375
vt 0.21875 0.9375
vt 0.21875 0.9375
vt 0.21875 0.9375
vt 0.21875 0.9375
vt 0.21875 0.9375
vt 0.21875 0.9375
vt 0.21875 0.9375
vt 0.21875 0.9375
vt 0.21875 0.9375
vt 0.21875 0.9375
vt 0.21875 0.9375
vt 0.21875 0.9375
vt 0.21875 0.9375
vt 0.21875 0.9375
vt 0.21875 0.9375
vt 0.21875 0.9375
vt 0.21875 0.9375
vt 0.21875 0.9375
vt 0.21875 0.9375
vt 0.21875 0.9375
vt 0.21875 0.9375
vt 0.21875 0.9375
vt 0.21875 0.9375
vt 0.21875 0.9375
vt 0.21875 0.9375
vt 0.21875 0.9375
vt 0.21875 0.9375
vt 0.21875 0.9375
vt 0.21875 0.9375
vt 0.21875 0.9375
vt 0.21875 0.9375
vt 0.21875 0.9375
vt 0.21875 0.9375
vt 0.21875 0.9375
vt 0.21875 0.9375
vt 0.21875 0.9375
vt 0.21875 0.9375
vt 0.21875 0.9375
vt 0.21875 0.9375
vt 0.21875 0.9375
vt 0.21875 0.9375
vt 0.21875 0.9375
vt 0.21875 0.9375
vt 0.21875 0.9375
vt 0.21875 0.9375
vt 0.21875 0.9375
vt 0.21875 0.9375
vt 0.21875 0.9375
vt 0.21875 0.9375
vt 0.21875 0.9375
vt 0.21875 0.9375
vt 0.21875 0.9375
vt 0.21875 0.9375
vt 0.21875 0.9375
vt 0.21875 0.9375
vt 0.21875 0.9375
vt 0.21875 0.9375
vt 0.21875 0.9375
vt 0.21875 0.9375
vt 0.21875 0.9375
vt 0.21875 0.9375
vt 0.21875 0.9375
vt 0.21875 0.9375
vt 0.21875 0.9375
vt 0.21875 0.9375
vt 0.21875 0.9375
vt 0.21875 0.9375
vt 0.21875 0.9375
vt 0.21875 0.9375
vt 0.21875 0.9375
vt 0.21875 0.9375
vt 0.21875 0.9375
vt 0.21875 0.9375
vt 0.21875 0.9375
vt 0.21875 0.9375
vt 0.21875 0.9375
vt 0.21875 0.9375
vt 0.21875 0.9375
vt 0.375 0.84375
vt 0.375 0.84375
vt 0.375 0.84375
vt 0.375 0.84375
vt 0.21875 0.9375
vt 0.21875 0.9375
vt 0.21875 0.9375
vt 0.21875 0.9375
vt 0.21875 0.9375
vt 0.21875 0.9375
vt 0.21875 0.9375
vt 0.21875 0.9375
vt 0.640625 0.875
vt 0.609375 0.875
vt 0.609375 0.84375
vt 0.640625 0.84375
vt 0.21875 0.9375
vt 0.21875 0.9375
vt 0.21875 0.9375
vt 0.21875 0.9375
vt 0.21875 0.9375
vt 0.21875 0.9375
vt 0.21875 0.9375
vt 0.21875 0.9375
vt 0.21875 0.9375
vt 0.21875 0.9375
vt 0.21875 0.9375
vt 0.21875 0.9375
vt 0.21875 0.9375
vt 0.21875 0.9375
vt 0.21875 0.9375
vt 0.21875 0.9375
vt 0.21875 0.9375
vt 0.21875 0.9375
vt 0.21875 0.9375
vt 0.21875 0.9375
vt 0.375 0.84375
vt 0.375 0.84375
vt 0.375 0.84375
vt 0.375 0.84375
vt 0.21875 0.9375
vt 0.21875 0.9375
vt 0.21875 0.9375
vt 0.21875 0.9375
vt 0.21875 0.9375
vt 0.21875 0.9375
vt 0.21875 0.9375
vt 0.21875 0.9375
vt 0.21875 0.9375
vt 0.21875 0.9375
vt 0.21875 0.9375
vt 0.21875 0.9375
vt 0.21875 0.9375
vt 0.21875 0.9375
vt 0.21875 0.9375
vt 0.21875 0.9375
vt 0.21875 0.9375
vt 0.21875 0.9375
vt 0.21875 0.9375
vt 0.21875 0.9375
vt 0.21875 0.9375
vt 0.21875 0.9375
vt 0.21875 0.9375
vt 0.21875 0.9375
vt 0.21875 0.9375
vt 0.21875 0.9375
vt 0.21875 0.9375
vt 0.21875 0.9375
vt 0.21875 0.9375
vt 0.21875 0.9375
vt 0.21875 0.9375
vt 0.21875 0.9375
vt 0.21875 0.9375
vt 0.21875 0.9375
vt 0.21875 0.9375
vt 0.21875 0.9375
vt 0.21875 0.9375
vt 0.21875 0.9375
vt 0.21875 0.9375
vt 0.21875 0.9375
vt 0.21875 0.9375
vt 0.21875 0.9375
vt 0.21875 0.9375
vt 0.21875 0.9375
vt 0.21875 0.9375
vt 0.21875 0.9375
vt 0.21875 0.9375
vt 0.21875 0.9375
vt 0.21875 0.9375
vt 0.21875 0.9375
vt 0.21875 0.9375
vt 0.21875 0.9375
vt 0.21875 0.9375
vt 0.21875 0.9375
vt 0.21875 0.9375
vt 0.21875 0.9375
vt 0.21875 0.9375
vt 0.21875 0.9375
vt 0.21875 0.9375
vt 0.21875 0.9375
vt 0.21875 0.9375
vt 0.21875 0.9375
vt 0.21875 0.9375
vt 0.21875 0.9375
vt 0.21875 0.9375
vt 0.15625 0.84375
vt 0.21875 0.9375
vt 0.21875 0.9375
vt 0.21875 0.9375
vt 0.21875 0.9375
vt 0.15625 0.84375
vt 0.21875 0.9375
vt 0.21875 0.9375
vt 0.21875 0.9375
vt 0.21875 0.9375
vt 0.21875 0.9375
vt 0.21875 0.9375
vt 0.21875 0.9375
vt 0.21875 0.9375
vt 0.21875 0.9375
vt 0.21875 0.9375
vt 0.03125 0.9375
vt 0.21875 0.9375
vt 0.21875 0.9375
vt 0.21875 0.9375
vt 0.21875 0.9375
vt 0.21875 0.9375
vt 0.21875 0.9375
vt 0.21875 0.9375
vt 0.21875 0.9375
vt 0.03125 0.9375
vt 0.21875 0.9375
vt 0.21875 0.9375
vt 0.21875 0.9375
vt 0.21875 0.9375
vt 0.21875 0.9375
vt 0.21875 0.9375
vt 0.21875 0.9375
vt 0.21875 0.9375
vt 0.21875 0.9375
vt 0.21875 0.9375
vt 0.21875 0.9375
vt 0.21875 0.9375
vt 0.21875 0.9375
vt 0.21875 0.9375
vt 0.21875 0.9375
vt 0.21875 0.9375
vt 0.21875 0.9375
vt 0.21875 0.9375
vt 0.15625 0.84375
vt 0.21875 0.9375
vt 0.21875 0.9375
vt 0.21875 0.9375
vt 0.21875 0.9375
vt 0.21875 0.9375
vt 0.21875 0.9375
vt 0.21875 0.9375
vt 0.03125 0.9375
vt 0.21875 0.9375
vt 0.21875 0.9375
vt 0.21875 0.9375
vt 0.21875 0.9375
vt 0.21875 0.9375
vt 0.21875 0.9375
vt 0.21875 0.9375
vt 0.21875 0.9375
vt 0.21875 0.9375
vt 0.21875 0.9375
vt 0.21875 0.9375
vt 0.21875 0.9375
vt 0.21875 0.9375
vt 0.21875 0.9375
vt 0.21875 0.9375
vt 0.21875 0.9375
vt 0.21875 0.9375
vt 0.21875 0.9375
vt 0.21875 0.9375
vt 0.21875 0.9375
vt 0.03125 0.9375
vt 0.21875 0.9375
vt 0.21875 0.9375
vt 0.21875 0.9375
vt 0.21875 0.9375
vt 0.21875 0.9375
vt 0.21875 0.9375
vt 0.21875 0.9375
vt 0.21875 0.9375
vt 0.21875 0.9375
vt 0.21875 0.9375
vt 0.21875 0.9375
vt 0.21875 0.9375
vt 0.21875 0.9375
vt 0.21875 0.9375
vt 0.21875 0.9375
vt 0.21875 0.9375
vt 0.21875 0.9375
vt 0.21875 0.9375
vt 0.21875 0.9375
vt 0.21875 0.9375
vt 0.21875 0.9375
vt 0.21875 0.9375
vt 0.03125 0.9375
vt 0.21875 0.9375
vt 0.21875 0.9375
vt 0.21875 0.9375
vt 0.21875 0.9375
vt 0.21875 0.9375
vt 0.21875 0.9375
vt 0.21875 0.9375
vt 0.21875 0.9375
vt 0.375 0.84375
vt 0.375 0.84375
vt 0.375 0.84375
vt 0.21875 0.9375
vt 0.21875 0.9375
vt 0.21875 0.9375
vt 0.21875 0.9375
vt 0.21875 0.9375
vt 0.21875 0.9375
vt 0.21875 0.9375
vt 0.21875 0.9375
vt 0.21875 0.9375
vt 0.21875 0.9375
vt 0.21875 0.9375
vt 0.21875 0.9375
vt 0.21875 0.9375
vt 0.21875 0.9375
vt 0.21875 0.9375
vt 0.21875 0.9375
vt 0.21875 0.9375
vt 0.21875 0.9375
vt 0.21875 0.9375
vt 0.21875 0.9375
vt 0.21875 0.9375
vt 0.21875 0.9375
vt 0.21875 0.9375
vt 0.21875 0.9375
vt 0.21875 0.9375
vt 0.21875 0.9375
vt 0.21875 0.9375
vt 0.21875 0.9375
vt 0.21875 0.9375
vt 0.21875 0.9375
vt 0.21875 0.9375
vt 0.21875 0.9375
vt 0.21875 0.9375
vt 0.21875 0.9375
vt 0.21875 0.9375
vt 0.21875 0.9375
vt 0.21875 0.9375
vt 0.21875 0.9375
vt 0.21875 0.9375
vt 0.21875 0.9375
vt 0.21875 0.9375
vt 0.21875 0.9375
vt 0.21875 0.9375
vt 0.21875 0.9375
vt 0.21875 0.9375
vt 0.21875 0.9375
vt 0.40625 0.640625
vt 0.375 0.640625
vt 0.375 0.609375
vt 0.21875 0.9375
vt 0.21875 0.9375
vt 0.21875 0.9375
vt 0.21875 0.9375
vt 0.375 0.640625
vt 0.40625 0.640625
vt 0.375 0.609375
vt 0.375 0.609375
vt 0.21875 0.9375
vt 0.21875 0.9375
vt 0.21875 0.9375
vt 0.21875 0.9375
vt 0.21875 0.9375
vt 0.21875 0.9375
vt 0.21875 0.9375
vt 0.21875 0.9375
vt 0.21875 0.9375
vt 0.21875 0.9375
vt 0.21875 0.9375
vt 0.21875 0.9375
vt 0.21875 0.9375
vt 0.21875 0.9375
vt 0.21875 0.9375
vt 0.21875 0.9375
vt 0.21875 0.9375
vt 0.21875 0.9375
vt 0.21875 0.9375
vt 0.21875 0.9375
vt 0.21875 0.9375
vt 0.21875 0.9375
vt 0.21875 0.9375
vt 0.21875 0.9375
vt 0.21875 0.9375
vt 0.21875 0.9375
vt 0.21875 0.9375
vt 0.21875 0.9375
vt 0.21875 0.9375
vt 0.21875 0.9375
vt 0.21875 0.9375
vt 0.21875 0.9375
vt 0.21875 0.9375
vt 0.21875 0.9375
vt 0.21875 0.9375
vt 0.21875 0.9375
vt 0.21875 0.9375
vt 0.21875 0.9375
vt 0.21875 0.9375
vt 0.21875 0.9375
vt 0.21875 0.9375
vt 0.21875 0.9375
vt 0.21875 0.9375
vt 0.21875 0.9375
vt 0.21875 0.9375
vt 0.21875 0.9375
vt 0.21875 0.9375
vt 0.21875 0.9375
vt 0.21875 0.9375
vt 0.21875 0.9375
vt 0.21875 0.9375
vt 0.21875 0.9375
vt 0.21875 0.9375
vt 0.21875 0.9375
vt 0.21875 0.9375
vt 0.21875 0.9375
vt 0.21875 0.9375
vt 0.21875 0.9375
vt 0.21875 0.9375
vt 0.21875 0.9375
vt 0.21875 0.9375
vt 0.21875 0.9375
vt 0.21875 0.9375
vt 0.21875 0.9375
vt 0.21875 0.9375
vt 0.21875 0.9375
vt 0.21875 0.9375
vt 0.21875 0.9375
vt 0.21875 0.9375
vt 0.21875 0.9375
vt 0.21875 0.9375
vt 0.375 0.609375
vt 0.375 0.609375
vt 0.375 0.609375
vt 0.375 0.609375
vt 0.359375 0.125
vt 0.359375 0.125
vt 0.359375 0.125
vt 0.359375 0.125
vt 0.359375 0.125
vt 0.359375 0.125
vt 0.359375 0.125
vt 0.359375 0.125
vt 0.21875 0.9375
vt 0.21875 0.9375
vt 0.21875 0.9375
vt 0.21875 0.9375
vt 0.21875 0.9375
vt 0.21875 0.9375
vt 0.21875 0.9375
vt 0.21875 0.9375
vt 0.21875 0.9375
vt 0.21875 0.9375
vt 0.21875 0.9375
vt 0.21875 0.9375
vt 0.359375 0.125
vt 0.359375 0.125
vt 0.359375 0.125
vt 0.359375 0.125
vt 0.359375 0.125
vt 0.359375 0.125
vt 0.359375 0.125
vt 0.359375 0.125
vt 0.359375 0.125
vt 0.359375 0.125
vt 0.359375 0.125
vt 0.359375 0.125
vt 0.359375 0.125
vt 0.359375 0.125
vt 0.359375 0.125
vt 0.359375 0.125
vt 0.359375 0.125
vt 0.359375 0.125
vt 0.359375 0.125
vt 0.359375 0.125
vt 0.359375 0.125
vt 0.359375 0.125
vt 0.359375 0.125
vt 0.359375 0.125
vt 0.359375 0.125
vt 0.359375 0.125
vt 0.359375 0.125
vt 0.359375 0.125
vt 0.359375 0.125
vt 0.359375 0.125
vt 0.359375 0.125
vt 0.359375 0.125
vt 0.359375 0.125
vt 0.359375 0.125
vt 0.359375 0.125
vt 0.359375 0.125
vt 0.21875 0.9375
vt 0.21875 0.9375
vt 0.21875 0.9375
vt 0.21875 0.9375
vt 0.21875 0.9375
vt 0.21875 0.9375
vt 0.21875 0.9375
vt 0.21875 0.9375
vt 0.21875 0.9375
vt 0.21875 0.9375
vt 0.21875 0.9375
vt 0.21875 0.9375
vt 0.21875 0.9375
vt 0.21875 0.9375
vt 0.21875 0.9375
vt 0.21875 0.9375
vt 0.21875 0.9375
vt 0.21875 0.9375
vt 0.21875 0.9375
vt 0.21875 0.9375
vt 0.21875 0.9375
vt 0.21875 0.9375
vt 0.21875 0.9375
vt 0.21875 0.9375
vt 0.375 0.84375
vt 0.375 0.84375
vt 0.375 0.84375
vt 0.375 0.84375
vt 0.375 0.84375
vt 0.375 0.84375
vt 0.375 0.84375
vt 0.375 0.84375
vt 0.375 0.84375
vt 0.375 0.84375
vt 0.375 0.84375
vt 0.375 0.84375
vt 0.375 0.84375
vt 0.375 0.84375
vt 0.375 0.84375
vt 0.375 0.84375
vt 0.375 0.84375
vt 0.375 0.84375
vt 0.375 0.84375
vt 0.375 0.84375
vt 0.375 0.84375
vt 0.375 0.84375
vt 0.375 0.84375
vt 0.375 0.84375
vt 0.375 0.84375
vt 0.375 0.84375
vt 0.375 0.84375
vt 0.375 0.84375
vt 0.375 0.84375
vt 0.375 0.84375
vt 0.375 0.84375
vt 0.375 0.84375
vt 0.375 0.84375
vt 0.375 0.84375
vt 0.375 0.875
vt 0.375 0.84375
vt 0.375 0.84375
vt 0.375 0.84375
vt 0.375 0.84375
vt 0.375 0.84375
vt 0.375 0.84375
vt 0.375 0.875
vt 0.375 0.84375
vt 0.375 0.84375
vt 0.375 0.84375
vt 0.375 0.84375
vt 0.375 0.84375
vt 0.375 0.84375
vt 0.375 0.84375
vt 0.375 0.84375
vt 0.375 0.84375
vt 0.375 0.84375
vt 0.375 0.84375
vt 0.375 0.84375
vt 0.375 0.84375
vt 0.375 0.84375
vt 0.375 0.84375
vt 0.375 0.84375
vt 0.375 0.84375
vt 0.375 0.84375
vt 0.375 0.84375
vt 0.375 0.84375
vt 0.375 0.84375
vt 0.375 0.84375
vt 0.375 0.84375
vt 0.375 0.84375
vt 0.375 0.84375
vt 0.375 0.84375
vt 0.375 0.84375
vt 0.375 0.84375
vt 0.375 0.84375
vt 0.375 0.84375
vt 0.375 0.84375
vt 0.375 0.84375
vt 0.375 0.84375
vt 0.375 0.84375
vt 0.375 0.84375
vt 0.375 0.84375
vt 0.375 0.84375
vt 0.375 0.84375
vt 0.21875 0.9375
vt 0.21875 0.9375
vt 0.21875 0.9375
vt 0.21875 0.9375
vt 0.21875 0.9375
vt 0.15625 0.84375
vt 0.21875 0.9375
vt 0.21875 0.9375
vt 0.21875 0.9375
vt 0.21875 0.9375
vt 0.21875 0.9375
vt 0.21875 0.9375
vt 0.21875 0.9375
vt 0.21875 0.9375
vt 0.21875 0.9375
vt 0.21875 0.9375
vt 0.21875 0.9375
vt 0.21875 0.9375
vt 0.21875 0.9375
vt 0.21875 0.9375
vt 0.21875 0.9375
vt 0.21875 0.9375
vt 0.21875 0.9375
vt 0.21875 0.9375
vt 0.21875 0.9375
vt 0.21875 0.9375
vt 0.21875 0.9375
vt 0.21875 0.9375
vt 0.109375 0.109375
vt 0.140625 0.140625
vt 0.109375 0.109375
vt 0.109375 0.109375
vt 0.375 0.09375
vt 0.375 0.09375
vt 0.375 0.09375
vt 0.375 0.09375
vt 0.109375 0.109375
vt 0.109375 0.109375
vt 0.109375 0.109375
vt 0.109375 0.109375
vt 0.109375 0.109375
vt 0.109375 0.109375
vt 0.140625 0.140625
vt 0.109375 0.140625
vt 0.109375 0.109375
vt 0.375 0.09375
vt 0.375 0.09375
vt 0.375 0.09375
vt 0.375 0.09375
vt 0.375 0.09375
vt 0.375 0.09375
vt 0.375 0.09375
vt 0.375 0.09375
vt 0.375 0.09375
vt 0.375 0.09375
vt 0.375 0.09375
vt 0.375 0.09375
vt 0.375 0.09375
vt 0.375 0.09375
vt 0.375 0.09375
vt 0.375 0.09375
vt 0.375 0.09375
vt 0.375 0.09375
vt 0.375 0.09375
vt 0.375 0.09375
vt 0.375 0.09375
vt 0.375 0.09375
vt 0.375 0.09375
vt 0.375 0.09375
vt 0.375 0.09375
vt 0.375 0.09375
vt 0.375 0.09375
vt 0.375 0.09375
vt 0.375 0.09375
vt 0.375 0.09375
vt 0.375 0.09375
vt 0.375 0.09375
vt 0.109375 0.109375
vt 0.109375 0.109375
vt 0.109375 0.109375
vt 0.375 0.09375
vt 0.375 0.09375
vt 0.375 0.09375
vt 0.375 0.09375
vt 0.109375 0.109375
vt 0.109375 0.109375
vt 0.109375 0.109375
vt 0.109375 0.109375
vt 0.375 0.09375
vt 0.375 0.09375
vt 0.375 0.09375
vt 0.375 0.09375
vt 0.375 0.09375
vt 0.375 0.09375
vt 0.375 0.09375
vt 0.375 0.09375
vt 0.375 0.09375
vt 0.375 0.09375
vt 0.375 0.09375
vt 0.375 0.09375
vt 0.375 0.09375
vt 0.375 0.09375
vt 0.375 0.09375
vt 0.375 0.09375
vt 0.375 0.09375
vt 0.375 0.09375
vt 0.375 0.09375
vt 0.375 0.09375
vt 0.375 0.09375
vt 0.375 0.09375
vt 0.375 0.09375
vt 0.375 0.09375
vt 0.375 0.09375
vt 0.375 0.09375
vt 0.375 0.09375
vt 0.375 0.09375
vt 0.375 0.09375
vt 0.375 0.09375
vt 0.375 0.09375
vt 0.375 0.09375
vt 0.375 0.09375
vt 0.375 0.09375
vt 0.40625 0.125
vt 0.375 0.125
vt 0.375 0.09375
vt 0.375 0.09375
vt 0.375 0.09375
vt 0.375 0.09375
vt 0.375 0.09375
vt 0.375 0.09375
vt 0.375 0.09375
vt 0.375 0.09375
vt 0.375 0.09375
vt 0.375 0.09375
vt 0.375 0.09375
vt 0.375 0.125
vt 0.375 0.09375
vt 0.375 0.09375
vt 0.375 0.09375
vt 0.375 0.09375
vt 0.375 0.09375
vt 0.375 0.09375
vt 0.375 0.09375
vt 0.375 0.09375
vt 0.375 0.09375
vt 0.375 0.09375
vt 0.375 0.09375
vt 0.375 0.09375
vt 0.375 0.09375
vt 0.375 0.09375
vt 0.375 0.09375
vt 0.40625 0.125
vt 0.21875 0.9375
vt 0.21875 0.9375
vt 0.21875 0.9375
vt 0.21875 0.9375
vt 0.21875 0.9375
vt 0.21875 0.9375
vt 0.21875 0.9375
vt 0.21875 0.9375
vt 0.375 0.84375
vt 0.375 0.84375
vt 0.375 0.84375
vt 0.375 0.84375
vt 0.640625 0.84375
vt 0.640625 0.84375
vt 0.640625 0.84375
vt 0.640625 0.84375
vt 0.375 0.84375
vt 0.375 0.84375
vt 0.375 0.84375
vt 0.375 0.84375
vt 0.21875 0.9375
vt 0.21875 0.9375
vt 0.21875 0.9375
vt 0.21875 0.9375
vt 0.21875 0.9375
vt 0.21875 0.9375
vt 0.21875 0.9375
vt 0.21875 0.9375
vt 0.21875 0.9375
vt 0.21875 0.9375
vt 0.21875 0.9375
vt 0.21875 0.9375
vt 0.21875 0.9375
vt 0.21875 0.9375
vt 0.21875 0.9375
vt 0.21875 0.9375
vt 0.375 0.84375
vt 0.375 0.84375
vt 0.375 0.84375
vt 0.375 0.84375
vt 0.21875 0.9375
vt 0.21875 0.9375
vt 0.21875 0.9375
vt 0.21875 0.9375
vt 0.375 0.84375
vt 0.375 0.84375
vt 0.375 0.84375
vt 0.375 0.84375
vt 0.21875 0.9375
vt 0.21875 0.9375
vt 0.21875 0.9375
vt 0.21875 0.9375
vt 0.375 0.84375
vt 0.375 0.84375
vt 0.375 0.84375
vt 0.375 0.84375
vt 0.640625 0.84375
vt 0.640625 0.84375
vt 0.640625 0.84375
vt 0.640625 0.84375
vt 0.375 0.84375
vt 0.375 0.84375
vt 0.375 0.84375
vt 0.375 0.84375
vt 0.21875 0.9375
vt 0.21875 0.9375
vt 0.21875 0.9375
vt 0.21875 0.9375
vt 0.21875 0.9375
vt 0.21875 0.9375
vt 0.21875 0.9375
vt 0.21875 0.9375
vt 0.21875 0.9375
vt 0.21875 0.9375
vt 0.21875 0.9375
vt 0.21875 0.9375
vt 0.21875 0.9375
vt 0.21875 0.9375
vt 0.21875 0.9375
vt 0.21875 0.9375
vt 0.375 0.84375
vt 0.375 0.84375
vt 0.375 0.84375
vt 0.375 0.84375
vt 0.375 0.84375
vt 0.375 0.84375
vt 0.375 0.84375
vt 0.375 0.84375
vt 0.375 0.84375
vt 0.375 0.84375
vt 0.375 0.84375
vt 0.375 0.84375
vt 0.21875 0.9375
vt 0.21875 0.9375
vt 0.21875 0.9375
vt 0.21875 0.9375
vt 0.21875 0.9375
vt 0.21875 0.9375
vt 0.21875 0.9375
vt 0.21875 0.9375
vt 0.21875 0.9375
vt 0.21875 0.9375
vt 0.21875 0.9375
vt 0.21875 0.9375
vt 0.375 0.84375
vt 0.375 0.84375
vt 0.375 0.84375
vt 0.375 0.84375
vt 0.21875 0.9375
vt 0.21875 0.9375
vt 0.21875 0.9375
vt 0.21875 0.9375
vt 0.640625 0.84375
vt 0.640625 0.84375
vt 0.640625 0.84375
vt 0.640625 0.84375
vt 0.21875 0.9375
vt 0.21875 0.9375
vt 0.21875 0.9375
vt 0.21875 0.9375
vt 0.21875 0.9375
vt 0.21875 0.9375
vt 0.21875 0.9375
vt 0.21875 0.9375
vt 0.21875 0.9375
vt 0.21875 0.9375
vt 0.21875 0.9375
vt 0.21875 0.9375
vt 0.21875 0.9375
vt 0.21875 0.9375
vt 0.21875 0.9375
vt 0.21875 0.9375
vt 0.21875 0.9375
vt 0.21875 0.9375
vt 0.21875 0.9375
vt 0.21875 0.9375
vt 0.375 0.84375
vt 0.375 0.84375
vt 0.375 0.84375
vt 0.375 0.84375
vt 0.640625 0.84375
vt 0.640625 0.84375
vt 0.640625 0.84375
vt 0.640625 0.84375
vt 0.21875 0.9375
vt 0.21875 0.9375
vt 0.21875 0.9375
vt 0.21875 0.9375
vt 0.21875 0.9375
vt 0.21875 0.9375
vt 0.21875 0.9375
vt 0.21875 0.9375
vt 0.21875 0.9375
vt 0.21875 0.9375
vt 0.375 0.84375
vt 0.375 0.84375
vt 0.375 0.84375
vt 0.375 0.84375
vt 0.375 0.84375
vt 0.375 0.84375
vt 0.375 0.84375
vt 0.375 0.84375
vt 0.375 0.84375
vt 0.375 0.84375
vt 0.375 0.84375
vt 0.21875 0.9375
vt 0.21875 0.9375
vt 0.21875 0.9375
vt 0.21875 0.9375
vt 0.21875 0.9375
vt 0.21875 0.9375
vt 0.21875 0.9375
vt 0.21875 0.9375
vt 0.21875 0.9375
vt 0.21875 0.9375
vt 0.21875 0.9375
vt 0.21875 0.9375
vt 0.21875 0.9375
vt 0.21875 0.9375
vt 0.21875 0.9375
vt 0.21875 0.9375
vt 0.21875 0.9375
vt 0.21875 0.9375
vt 0.21875 0.9375
vt 0.21875 0.9375
vt 0.21875 0.9375
vt 0.21875 0.9375
vt 0.21875 0.9375
vt 0.21875 0.9375
vt 0.21875 0.9375
vt 0.21875 0.9375
vt 0.21875 0.9375
vt 0.21875 0.9375
vt 0.21875 0.9375
vt 0.21875 0.9375
vt 0.21875 0.9375
vt 0.21875 0.9375
vt 0.21875 0.9375
vt 0.21875 0.9375
vt 0.21875 0.9375
vt 0.21875 0.9375
vt 0.21875 0.9375
vt 0.21875 0.9375
vt 0.21875 0.9375
vt 0.21875 0.9375
vt 0.21875 0.9375
vt 0.21875 0.9375
vt 0.21875 0.9375
vt 0.21875 0.9375
vt 0.21875 0.9375
vt 0.21875 0.9375
vt 0.21875 0.9375
vt 0.21875 0.9375
vt 0.21875 0.9375
vt 0.21875 0.9375
vt 0.21875 0.9375
vt 0.21875 0.9375
vt 0.21875 0.9375
vt 0.21875 0.9375
vt 0.21875 0.9375
vt 0.21875 0.9375
vt 0.21875 0.9375
vt 0.21875 0.9375
vt 0.21875 0.9375
vt 0.21875 0.9375
vt 0.21875 0.9375
vt 0.21875 0.9375
vt 0.21875 0.9375
vt 0.21875 0.9375
vt 0.21875 0.9375
vt 0.21875 0.9375
vt 0.21875 0.9375
vt 0.21875 0.9375
vt 0.21875 0.9375
vt 0.21875 0.9375
vt 0.21875 0.9375
vt 0.21875 0.9375
vt 0.21875 0.9375
vt 0.21875 0.9375
vt 0.21875 0.9375
vt 0.21875 0.9375
vt 0.21875 0.9375
vt 0.21875 0.9375
vt 0.21875 0.9375
vt 0.21875 0.9375
vt 0.21875 0.9375
vt 0.21875 0.9375
vt 0.21875 0.9375
vt 0.21875 0.9375
vt 0.21875 0.9375
vt 0.21875 0.9375
vt 0.21875 0.9375
vt 0.21875 0.9375
vt 0.21875 0.9375
vt 0.21875 0.9375
vt 0.21875 0.9375
vt 0.21875 0.9375
vt 0.21875 0.9375
vt 0.21875 0.9375
vt 0.21875 0.9375
vt 0.21875 0.9375
vt 0.21875 0.9375
vt 0.21875 0.9375
vt 0.21875 0.9375
vt 0.21875 0.9375
vt 0.21875 0.9375
vt 0.21875 0.9375
vt 0.21875 0.9375
vt 0.21875 0.9375
vt 0.21875 0.9375
vt 0.21875 0.9375
vt 0.21875 0.9375
vt 0.21875 0.9375
vt 0.21875 0.9375
vt 0.21875 0.9375
vt 0.21875 0.9375
vt 0.21875 0.9375
vt 0.21875 0.9375
vt 0.21875 0.9375
vt 0.21875 0.9375
vt 0.21875 0.9375
vt 0.21875 0.9375
vt 0.21875 0.9375
vt 0.21875 0.9375
vt 0.21875 0.9375
vt 0.21875 0.9375
vt 0.21875 0.9375
vt 0.21875 0.9375
vt 0.21875 0.9375
vt 0.21875 0.9375
vt 0.21875 0.9375
vt 0.21875 0.9375
vt 0.21875 0.9375
vt 0.21875 0.9375
vt 0.21875 0.9375
vt 0.21875 0.9375
vt 0.21875 0.9375
vt 0.21875 0.9375
vt 0.21875 0.9375
vt 0.21875 0.9375
vt 0.21875 0.9375
vt 0.21875 0.9375
vt 0.21875 0.9375
vt 0.21875 0.9375
vt 0.21875 0.9375
vt 0.21875 0.9375
vt 0.21875 0.9375
vt 0.21875 0.9375
vt 0.21875 0.9375
vt 0.21875 0.9375
vt 0.21875 0.9375
vt 0.21875 0.9375
vt 0.21875 0.9375
vt 0.21875 0.9375
vt 0.21875 0.9375
vt 0.21875 0.9375
vt 0.21875 0.9375
vt 0.375 0.84375
vt 0.375 0.84375
vt 0.375 0.84375
vt 0.375 0.84375
vt 0.21875 0.9375
vt 0.21875 0.9375
vt 0.21875 0.9375
vt 0.21875 0.9375
vt 0.21875 0.9375
vt 0.21875 0.9375
vt 0.21875 0.9375
vt 0.21875 0.9375
vt 0.640625 0.84375
vt 0.640625 0.84375
vt 0.640625 0.84375
vt 0.640625 0.84375
vt 0.21875 0.9375
vt 0.21875 0.9375
vt 0.21875 0.9375
vt 0.21875 0.9375
vt 0.21875 0.9375
vt 0.21875 0.9375
vt 0.21875 0.9375
vt 0.21875 0.9375
vt 0.21875 0.9375
vt 0.21875 0.9375
vt 0.21875 0.9375
vt 0.21875 0.9375
vt 0.21875 0.9375
vt 0.21875 0.9375
vt 0.21875 0.9375
vt 0.21875 0.9375
vt 0.21875 0.9375
vt 0.21875 0.9375
vt 0.21875 0.9375
vt 0.21875 0.9375
vt 0.375 0.84375
vt 0.375 0.84375
vt 0.375 0.84375
vt 0.375 0.84375
vt 0.21875 0.9375
vt 0.21875 0.9375
vt 0.21875 0.9375
vt 0.21875 0.9375
vt 0.21875 0.9375
vt 0.21875 0.9375
vt 0.21875 0.9375
vt 0.21875 0.9375
vt 0.21875 0.9375
vt 0.21875 0.9375
vt 0.21875 0.9375
vt 0.21875 0.9375
vt 0.21875 0.9375
vt 0.21875 0.9375
vt 0.21875 0.9375
vt 0.21875 0.9375
vt 0.21875 0.9375
vt 0.21875 0.9375
vt 0.21875 0.9375
vt 0.21875 0.9375
vt 0.21875 0.9375
vt 0.21875 0.9375
vt 0.21875 0.9375
vt 0.21875 0.9375
vt 0.21875 0.9375
vt 0.21875 0.9375
vt 0.21875 0.9375
vt 0.21875 0.9375
vt 0.21875 0.9375
vt 0.21875 0.9375
vt 0.21875 0.9375
vt 0.21875 0.9375
vt 0.21875 0.9375
vt 0.21875 0.9375
vt 0.21875 0.9375
vt 0.21875 0.9375
vt 0.21875 0.9375
vt 0.21875 0.9375
vt 0.21875 0.9375
vt 0.21875 0.9375
vt 0.21875 0.9375
vt 0.21875 0.9375
vt 0.21875 0.9375
vt 0.21875 0.9375
vt 0.21875 0.9375
vt 0.21875 0.9375
vt 0.21875 0.9375
vt 0.21875 0.9375
vt 0.21875 0.9375
vt 0.21875 0.9375
vt 0.21875 0.9375
vt 0.21875 0.9375
vt 0.21875 0.9375
vt 0.21875 0.9375
vt 0.21875 0.9375
vt 0.21875 0.9375
vt 0.21875 0.9375
vt 0.21875 0.9375
vt 0.21875 0.9375
vt 0.21875 0.9375
vt 0.21875 0.9375
vt 0.21875 0.9375
vt 0.21875 0.9375
vt 0.21875 0.9375
vt 0.21875 0.9375
vt 0.21875 0.9375
vt 0.21875 0.9375
vt 0.21875 0.9375
vt 0.21875 0.9375
vt 0.21875 0.9375
vt 0.21875 0.9375
vt 0.21875 0.9375
vt 0.21875 0.9375
vt 0.21875 0.9375
vt 0.21875 0.9375
vt 0.21875 0.9375
vt 0.21875 0.9375
vt 0.21875 0.9375
vt 0.21875 0.9375
vt 0.21875 0.9375
vt 0.21875 0.9375
vt 0.21875 0.9375
vt 0.21875 0.9375
vt 0.21875 0.9375
vt 0.21875 0.9375
vt 0.21875 0.9375
vt 0.21875 0.9375
vt 0.21875 0.9375
vt 0.21875 0.9375
vt 0.21875 0.9375
vt 0.21875 0.9375
vt 0.21875 0.9375
vt 0.21875 0.9375
vt 0.21875 0.9375
vt 0.21875 0.9375
vt 0.21875 0.9375
vt 0.21875 0.9375
vt 0.21875 0.9375
vt 0.21875 0.9375
vt 0.21875 0.9375
vt 0.21875 0.9375
vt 0.21875 0.9375
vt 0.21875 0.9375
vt 0.21875 0.9375
vt 0.21875 0.9375
vt 0.21875 0.9375
vt 0.21875 0.9375
vt 0.21875 0.9375
vt 0.21875 0.9375
vt 0.21875 0.9375
vt 0.21875 0.9375
vt 0.21875 0.9375
vt 0.21875 0.9375
vt 0.21875 0.9375
vt 0.21875 0.9375
vt 0.21875 0.9375
vt 0.21875 0.9375
vt 0.21875 0.9375
vt 0.21875 0.9375
vt 0.21875 0.9375
vt 0.21875 0.9375
vt 0.21875 0.9375
vt 0.21875 0.9375
vt 0.21875 0.9375
vt 0.21875 0.9375
vt 0.21875 0.9375
vt 0.21875 0.9375
vt 0.21875 0.9375
vt 0.21875 0.9375
vt 0.21875 0.9375
vt 0.21875 0.9375
vt 0.21875 0.9375
vt 0.21875 0.9375
vt 0.21875 0.9375
vt 0.21875 0.9375
vt 0.21875 0.9375
vt 0.21875 0.9375
vt 0.21875 0.9375
vt 0.21875 0.9375
vt 0.21875 0.9375
vt 0.21875 0.9375
vt 0.21875 0.9375
vt 0.21875 0.9375
vt 0.21875 0.9375
vt 0.21875 0.9375
vt 0.21875 0.9375
vt 0.21875 0.9375
vt 0.21875 0.9375
vt 0.21875 0.9375
vt 0.21875 0.9375
vt 0.21875 0.9375
vt 0.21875 0.9375
vt 0.21875 0.9375
vt 0.21875 0.9375
vt 0.21875 0.9375
vt 0.21875 0.9375
vt 0.21875 0.9375
vt 0.21875 0.9375
vt 0.21875 0.9375
vt 0.21875 0.9375
vt 0.21875 0.9375
vt 0.21875 0.9375
vt 0.21875 0.9375
vt 0.21875 0.9375
vt 0.21875 0.9375
vt 0.21875 0.9375
vt 0.21875 0.9375
vt 0.21875 0.9375
vt 0.21875 0.9375
vt 0.21875 0.9375
vt 0.375 0.84375
vt 0.375 0.84375
vt 0.375 0.84375
vt 0.21875 0.9375
vt 0.21875 0.9375
vt 0.21875 0.9375
vt 0.21875 0.9375
vt 0.21875 0.9375
vt 0.21875 0.9375
vt 0.21875 0.9375
vt 0.21875 0.9375
vt 0.21875 0.9375
vt 0.21875 0.9375
vt 0.21875 0.9375
vt 0.21875 0.9375
vt 0.21875 0.9375
vt 0.21875 0.9375
vt 0.21875 0.9375
vt 0.21875 0.9375
vt 0.21875 0.9375
vt 0.21875 0.9375
vt 0.21875 0.9375
vt 0.21875 0.9375
vt 0.21875 0.9375
vt 0.21875 0.9375
vt 0.21875 0.9375
vt 0.21875 0.9375
vt 0.21875 0.9375
vt 0.21875 0.9375
vt 0.21875 0.9375
vt 0.21875 0.9375
vt 0.21875 0.9375
vt 0.21875 0.9375
vt 0.21875 0.9375
vt 0.21875 0.9375
vt 0.21875 0.9375
vt 0.21875 0.9375
vt 0.21875 0.9375
vt 0.21875 0.9375
vt 0.21875 0.9375
vt 0.21875 0.9375
vt 0.21875 0.9375
vt 0.21875 0.9375
vt 0.21875 0.9375
vt 0.21875 0.9375
vt 0.21875 0.9375
vt 0.21875 0.9375
vt 0.21875 0.9375
vt 0.21875 0.9375
vt 0.375 0.609375
vt 0.375 0.609375
vt 0.375 0.609375
vt 0.21875 0.9375
vt 0.21875 0.9375
vt 0.21875 0.9375
vt 0.21875 0.9375
vt 0.375 0.609375
vt 0.375 0.609375
vt 0.375 0.609375
vt 0.375 0.609375
vt 0.21875 0.9375
vt 0.21875 0.9375
vt 0.21875 0.9375
vt 0.21875 0.9375
vt 0.21875 0.9375
vt 0.21875 0.9375
vt 0.21875 0.9375
vt 0.21875 0.9375
vt 0.21875 0.9375
vt 0.21875 0.9375
vt 0.21875 0.9375
vt 0.21875 0.9375
vt 0.21875 0.9375
vt 0.21875 0.9375
vt 0.21875 0.9375
vt 0.21875 0.9375
vt 0.21875 0.9375
vt 0.21875 0.9375
vt 0.21875 0.9375
vt 0.21875 0.9375
vt 0.21875 0.9375
vt 0.21875 0.9375
vt 0.21875 0.9375
vt 0.21875 0.9375
vt 0.21875 0.9375
vt 0.21875 0.9375
vt 0.21875 0.9375
vt 0.21875 0.9375
vt 0.21875 0.9375
vt 0.21875 0.9375
vt 0.21875 0.9375
vt 0.21875 0.9375
vt 0.21875 0.9375
vt 0.21875 0.9375
vt 0.21875 0.9375
vt 0.21875 0.9375
vt 0.21875 0.9375
vt 0.21875 0.9375
vt 0.21875 0.9375
vt 0.21875 0.9375
vt 0.21875 0.9375
vt 0.21875 0.9375
vt 0.21875 0.9375
vt 0.21875 0.9375
vt 0.21875 0.9375
vt 0.21875 0.9375
vt 0.21875 0.9375
vt 0.21875 0.9375
vt 0.21875 0.9375
vt 0.21875 0.9375
vt 0.21875 0.9375
vt 0.21875 0.9375
vt 0.21875 0.9375
vt 0.21875 0.9375
vt 0.21875 0.9375
vt 0.21875 0.9375
vt 0.21875 0.9375
vt 0.21875 0.9375
vt 0.21875 0.9375
vt 0.21875 0.9375
vt 0.21875 0.9375
vt 0.21875 0.9375
vt 0.21875 0.9375
vt 0.21875 0.9375
vt 0.21875 0.9375
vt 0.21875 0.9375
vt 0.21875 0.9375
vt 0.21875 0.9375
vt 0.21875 0.9375
vt 0.21875 0.9375
vt 0.21875 0.9375
vt 0.375 0.609375
vt 0.375 0.609375
vt 0.375 0.609375
vt 0.375 0.609375
vt 0.359375 0.125
vt 0.359375 0.125
vt 0.390625 0.15625
vt 0.359375 0.125
vt 0.359375 0.125
vt 0.359375 0.125
vt 0.359375 0.125
vt 0.359375 0.125
vt 0.21875 0.9375
vt 0.21875 0.9375
vt 0.21875 0.9375
vt 0.21875 0.9375
vt 0.21875 0.9375
vt 0.21875 0.9375
vt 0.21875 0.9375
vt 0.21875 0.9375
vt 0.21875 0.9375
vt 0.21875 0.9375
vt 0.21875 0.9375
vt 0.21875 0.9375
vt 0.359375 0.125
vt 0.359375 0.125
vt 0.359375 0.125
vt 0.359375 0.125
vt 0.359375 0.125
vt 0.359375 0.125
vt 0.359375 0.125
vt 0.359375 0.125
vt 0.359375 0.125
vt 0.359375 0.125
vt 0.359375 0.125
vt 0.359375 0.125
vt 0.359375 0.125
vt 0.390625 0.15625
vt 0.359375 0.125
vt 0.359375 0.125
vt 0.359375 0.125
vt 0.359375 0.15625
vt 0.390625 0.15625
vt 0.359375 0.125
vt 0.359375 0.125
vt 0.359375 0.125
vt 0.359375 0.125
vt 0.359375 0.125
vt 0.359375 0.125
vt 0.359375 0.125
vt 0.359375 0.15625
vt 0.390625 0.15625
vt 0.359375 0.15625
vt 0.359375 0.125
vt 0.359375 0.125
vt 0.359375 0.125
vt 0.359375 0.125
vt 0.359375 0.15625
vt 0.359375 0.125
vt 0.359375 0.125
vt 0.21875 0.9375
vt 0.21875 0.9375
vt 0.21875 0.9375
vt 0.21875 0.9375
vt 0.21875 0.9375
vt 0.21875 0.9375
vt 0.21875 0.9375
vt 0.21875 0.9375
vt 0.21875 0.9375
vt 0.21875 0.9375
vt 0.21875 0.9375
vt 0.21875 0.9375
vt 0.21875 0.9375
vt 0.21875 0.9375
vt 0.21875 0.9375
vt 0.21875 0.9375
vt 0.21875 0.9375
vt 0.21875 0.9375
vt 0.21875 0.9375
vt 0.21875 0.9375
vt 0.21875 0.9375
vt 0.21875 0.9375
vt 0.21875 0.9375
vt 0.21875 0.9375
vt 0.375 0.84375
vt 0.375 0.84375
vt 0.375 0.84375
vt 0.375 0.84375
vt 0.375 0.84375
vt 0.375 0.84375
vt 0.375 0.84375
vt 0.375 0.84375
vt 0.375 0.84375
vt 0.375 0.84375
vt 0.375 0.84375
vt 0.375 0.84375
vt 0.375 0.84375
vt 0.375 0.84375
vt 0.375 0.84375
vt 0.375 0.84375
vt 0.375 0.84375
vt 0.375 0.84375
vt 0.375 0.84375
vt 0.375 0.84375
vt 0.375 0.84375
vt 0.375 0.84375
vt 0.375 0.84375
vt 0.375 0.84375
vt 0.375 0.84375
vt 0.375 0.84375
vt 0.375 0.84375
vt 0.375 0.84375
vt 0.375 0.84375
vt 0.375 0.84375
vt 0.375 0.84375
vt 0.375 0.84375
vt 0.375 0.84375
vt 0.375 0.84375
vt 0.375 0.84375
vt 0.375 0.84375
vt 0.375 0.84375
vt 0.375 0.84375
vt 0.375 0.84375
vt 0.375 0.84375
vt 0.375 0.84375
vt 0.375 0.84375
vt 0.375 0.84375
vt 0.375 0.84375
vt 0.375 0.84375
vt 0.375 0.84375
vt 0.375 0.84375
vt 0.375 0.84375
vt 0.375 0.84375
vt 0.375 0.84375
vt 0.375 0.84375
vt 0.375 0.84375
vt 0.375 0.84375
vt 0.375 0.84375
vt 0.375 0.84375
vt 0.375 0.84375
vt 0.375 0.84375
vt 0.375 0.84375
vt 0.375 0.84375
vt 0.375 0.84375
vt 0.375 0.84375
vt 0.375 0.84375
vt 0.375 0.84375
vt 0.375 0.84375
vt 0.375 0.84375
vt 0.375 0.84375
vt 0.375 0.84375
vt 0.375 0.84375
vt 0.375 0.84375
vt 0.375 0.84375
vt 0.375 0.84375
vt 0.375 0.84375
vt 0.375 0.84375
vt 0.375 0.84375
vt 0.375 0.84375
vt 0.375 0.84375
vt 0.375 0.84375
vt 0.375 0.84375
vt 0.375 0.84375
vt 0.375 0.84375
vt 0.21875 0.9375
vt 0.21875 0.9375
vt 0.21875 0.9375
vt 0.21875 0.9375
vt 0.21875 0.9375
vt 0.21875 0.9375
vt 0.21875 0.9375
vt 0.21875 0.9375
vt 0.21875 0.9375
vt 0.21875 0.9375
vt 0.21875 0.9375
vt 0.21875 0.9375
vt 0.21875 0.9375
vt 0.21875 0.9375
vt 0.21875 0.9375
vt 0.21875 0.9375
vt 0.21875 0.9375
vt 0.21875 0.9375
vt 0.21875 0.9375
vt 0.21875 0.9375
vt 0.21875 0.9375
vt 0.21875 0.9375
vt 0.21875 0.9375
vt 0.21875 0.9375
vt 0.21875 0.9375
vt 0.21875 0.9375
vt 0.21875 0.9375
vt 0.21875 0.9375
vt 0.109375 0.109375
vt 0.109375 0.109375
vt 0.109375 0.109375
vt 0.109375 0.109375
vt 0.375 0.09375
vt 0.375 0.09375
vt 0.375 0.09375
vt 0.375 0.09375
vt 0.109375 0.109375
vt 0.109375 0.109375
vt 0.109375 0.109375
vt 0.109375 0.109375
vt 0.109375 0.109375
vt 0.109375 0.109375
vt 0.109375 0.109375
vt 0.109375 0.109375
vt 0.109375 0.109375
vt 0.375 0.09375
vt 0.375 0.09375
vt 0.375 0.09375
vt 0.375 0.09375
vt 0.375 0.09375
vt 0.375 0.09375
vt 0.375 0.09375
vt 0.375 0.09375
vt 0.375 0.09375
vt 0.375 0.09375
vt 0.375 0.09375
vt 0.375 0.09375
vt 0.375 0.09375
vt 0.375 0.09375
vt 0.375 0.09375
vt 0.375 0.09375
vt 0.375 0.09375
vt 0.375 0.09375
vt 0.375 0.09375
vt 0.375 0.09375
vt 0.375 0.09375
vt 0.375 0.09375
vt 0.375 0.09375
vt 0.375 0.09375
vt 0.375 0.09375
vt 0.375 0.09375
vt 0.375 0.09375
vt 0.375 0.09375
vt 0.21875 0.9375
vt 0.21875 0.9375
vt 0.21875 0.9375
vt 0.21875 0.9375
vt 0.21875 0.9375
vt 0.21875 0.9375
vt 0.21875 0.9375
vt 0.15625 0.84375
vt 0.03125 0.9375
vt 0.03125 0.9375
vt 0.15625 0.84375
vt 0.21875 0.9375
vn 0.22228806857885583 -0.8139984861914731 -0.5366511707296203
vn 0.32563239820575407 0.5252931121147337 -0.786149278193135
vn 0.3256345487228884 -0.5252883093944446 -0.7861515965076755
vn 0.37637978074824335 0.1807389552436548 -0.9086647845610265
vn 0.22426314116931279 0.8102916026085452 -0.5414181029989197
vn 0.7861516812264859 0.5252882091400136 -0.3256345059161375
vn 0.786151646085846 -0.5252882224647046 -0.3256345692588333
vn 0.9123786204579967 0.1800371983983656 -0.36763005878740446
vn 0.5414178704107738 0.8102919357150314 -0.22426249912780807
vn 0.5414178704107738 -0.8102919357150313 -0.22426249912780807
vn 0.9086628438069967 -0.18074683016986384 -0.3763806845045691
vn -0.7861515965076776 -0.5252883093944427 -0.3256345487228868
vn -0.9086631048065643 0.1807459840919844 -0.3763804607015551
vn -0.541421268182901 0.810289275868181 -0.22426390653031614
vn -0.541421268182901 -0.810289275868181 -0.22426390653031614
vn -0.9086627507472562 -0.18074737827341478 -0.37638064595794085
vn -0.7861516164495221 0.525288322719122 -0.3256344790846556
vn -0.2242641355212296 -0.8102910867139383 -0.5414184632157096
vn -0.3256358261248984 -0.5252884868569841 -0.7861509488129205
vn -0.3763788226257625 0.1807452561964565 -0.908663928106163
vn -0.22426349540669233 0.8102909331391009 -0.5414189582019986
vn -0.9675108340668016 0.20536375161765935 -0.14747377897403421
vn -0.7053874934066164 0.6422745334818877 -0.29985314369896854
vn 0.5035686384514817 -0.7476855038361805 -0.4328799068117597
vn 0.7678286049585351 -0.39512129354405423 -0.5042999075902191
vn 0.34281878601519844 -0.8571371293207083 -0.3844362385297735
vn -0.5849437817140571 0.6782521129465212 -0.4447638064384703
vn -0.8133029303266114 0.4689126491007084 -0.34446955022977493
vn -0.8479555137888386 -0.4991703736674865 -0.17832662360895143
vn -0.5144806233556437 0.7495182820561715 -0.41657176219128655
vn 0.45188761134424166 -0.5942649579631261 -0.6653170270259733
vn -0.6727762050801565 0.6335539223261712 -0.3820753922762722
vn 0.39996685043074787 -0.7892080748227844 -0.46602267454601654
vn -0.9982755813975337 0.05867209847151729 -0.001856999290429428
vn 0.8012897649150919 -0.30719204164719127 -0.5133885099911639
vn 0.4551231046842427 -0.6450333805693181 -0.6138362139316098
vn 0.3375618370482081 -0.5623118785553226 -0.7548889702494156
vn -0.4283283610961378 0.46231266353145106 -0.7764031273888276
vn -0.9413012813655939 -0.0220674957623303 -0.33684554818235424
vn -0.5850974014146445 0.3608804194088065 -0.7262412503742502
vn -0.38577884491837533 0.4463350055538891 -0.8074402427614404
vn 0.4084750968879922 -0.570123514880545 -0.7128164371018659
vn 0.1342425814508548 -0.24847956562088427 -0.9592897553889896
vn 0.5277683587282882 -0.693189481917805 -0.4908654618974269
vn -0.40447160608526744 0.4889460907699452 -0.7728741425300713
vn -0.7556478686933739 -0.48090432435106556 -0.44466541282137856
vn -0.415612980255627 0.49822023771289026 -0.7609483854877064
vn 0.3538679975347987 -0.5121645350633719 -0.7826013859839709
vn -0.7507040638463113 0.3257067476396465 -0.5747682342184866
vn 0.4376816972087352 -0.5563659733706318 -0.7063226143936144
vn 0.0014661894576043252 -0.00204641382894241 -0.9999968312344371
vn 0 0 -1
vn 6.58311023626419e-7 -7.616468820332889e-7 -0.9999999999994934
vn 0 0 -1
vn -0.1207974659635181 -0.12229439420748027 -0.9851152487715427
vn -0.4589386326674965 0.26429215824592617 -0.8482481868739827
vn -0.38651409787385665 0.3050118499722168 -0.8703876283135492
vn -0.13441300392413086 0.14909132299016764 -0.979645304069352
vn -0.06803028085236078 0.02951618698306454 -0.9972465470449773
vn -0.11640474821237524 -0.04190964668708676 -0.9923172456972503
vn -0.5780707716780814 0.39787252604930223 -0.7124125461743741
vn 0.26734344157426265 0.03964612405058922 -0.9627853702123823
vn -0.6288967466684522 0.3013994577267899 -0.7166918786423031
vn -0.13092123693525165 -0.02607382399250915 -0.9910498400291236
vn 0.15129496247576746 0.9399173581302975 -0.30604769924771225
vn 0.2534396482054919 -0.664987627207265 -0.7025381131146751
vn 0.0001054405101559533 0.7108659933740339 -0.7033274687843827
vn 0.4943153578700124 -0.5657548612228367 -0.6599801239253881
vn 0.5323030243188142 -0.31683394249940355 -0.7850284983243148
vn -0.10343075125904819 -0.9045584031663657 -0.41361355750882184
vn 0.4800867770615684 0.8362402280215132 -0.26498861773510946
vn 0.6277099430324669 -0.21028758505880696 -0.749506076685381
vn 0.424996578417199 -0.7566717460349301 -0.4968156369178854
vn 0.7743887856387204 0.578370963586991 -0.25653272141472233
vn 0.2771396435989143 0.7861739426207964 -0.5523804394526833
vn -0.5122624160735226 0.3976131946684454 -0.7612430390513075
vn -0.22381118584692888 0.8470195188249899 0.482147786284739
vn -0.3090753069566138 -0.7984470398167622 -0.5166766679825255
vn 0.5069446784977291 0.8483416333700959 -0.15272054882625302
vn 0.8780183163636361 -0.3707873204070796 -0.30265590883923515
vn -0.14438620706758243 -0.8411045214305356 -0.52124447933551
vn -0.2427222648792503 0.6574954974646654 -0.7132920670704107
vn -0.6503006219959786 0.31321605067122577 -0.6921017314192788
vn -0.7829300569068139 -0.11295611177152948 -0.6117691090643192
vn 0.10611174879795783 -0.841178794255649 -0.530243842832382
vn 0.5907669083901443 -0.5809050614020287 -0.5599497920248352
vn -0.5256849429644104 0.37976853746546624 -0.7612037826310675
vn 0.9176511725078161 0.3669987220802919 -0.15240821364500975
vn -0.4992172376357085 -0.6078595879093784 -0.6174859278024184
vn 0.05799112218287548 0.9968961292523632 0.05324600670122404
vn 0.4606128800145388 0.8843469545864487 0.0759357536236127
vn 0.9812319674491138 -0.032395580667960756 -0.19009037958067998
vn 0.4033260518199869 -0.9037285060266906 -0.14353704510706303
vn 0.055575085752396544 -0.9897984927532805 -0.13118823722784062
vn 0.2299225346801255 0.9732060194206827 -0.0023815561334053453
vn 0.8639049457167778 0.49763416581478115 -0.07764329835805653
vn 0.5031004244863054 -0.8397789227004978 -0.2041110576859829
vn 0.4669191223297682 -0.8532490248093639 -0.23227706487009944
vn -0.9602968479998016 0.15168528158851285 -0.23413999887046166
vn -0.4683805196999593 0.8831317272412117 -0.026420467549803907
vn -0.17775578876514328 0.1411103441594845 -0.9739048979914177
vn -0.049108483500873414 -0.9928585747504671 -0.10872077718962346
vn -0.071858345837473 -0.3774866441359458 -0.9232227313235329
vn 0.9808316209828539 0.06796182107121965 -0.18262125329991258
vn 0.734490698524198 0.6728169302731626 -0.0885482474091623
vn 0.3390512356684786 -0.6960837548174245 -0.6328599101467508
vn -0.9730869807647368 -0.04278991800064209 -0.2264304546293792
vn 0.1949150152684633 0.9792703515704542 -0.05511547294520793
vn -0.8188685597389689 0.5316854390209326 -0.21625188046383578
vn 0.7796657558582806 -0.5908407701570131 -0.20743310599372444
vn 0.38696426218693186 0.9128220228839142 -0.1304400794550614
vn 0.7087703236659215 -0.5920932408192449 -0.3834973565315261
vn 0.7192972057276619 0.684745868364565 -0.11719481895559959
vn -0.26008779645800667 0.645739624212861 -0.717896006295516
vn -0.47537692974333207 0.2388177504407142 -0.8467484022673087
vn -0.4948888008949424 0.08138487672327951 -0.8651367386659192
vn -0.8293344711030797 0.5093778119892286 -0.2296488181838552
vn 0.6586168483587993 0.2746587641435043 -0.7005614964705708
vn -0.2749193151942324 -0.47229101186092326 -0.8374727280625439
vn -0.12099500766031923 0.7869648173531918 -0.6050178380589594
vn 0.13724879711216 -0.33546995299950355 -0.931999290947035
vn 0.3776167118423759 -0.46044565524410846 -0.8033650586776699
vn 0.289909820354776 0.6628854527338451 -0.690315270449457
vn 0.41713105000234274 -0.17615453049945728 -0.8916116130403747
vn -0.43329191120186566 0.349975259966174 -0.830527204309795
vn -0.0813737126807214 -0.23396434530856855 -0.9688338371510816
vn 0.4787342750174242 0.44037181496039196 -0.7595302222505909
vn 0.015324821122869545 0.14069822157038647 -0.9899339171401708
vn 0.028819109898038153 0.055197030435654215 -0.9980594905794797
vn 0.04877847622748585 -0.3411207495244404 -0.9387530529914717
vn 0.19066121252840318 -0.022749348156847267 -0.9813922606153148
vn 0 0 -1
vn 0 0 -1
vn 0.21697567108679014 -0.27859739442748194 -0.9355773885546054
vn -0.9613187904154253 -0.20894004755171866 -0.17947211405482763
vn -0.5297346154678643 -0.794081518711337 -0.2980197624591539
vn -0.3243468367077804 -0.9212334200468206 -0.21477456857480828
vn -0.107570771076743 -0.9596797943042155 -0.2596983280927579
vn 0.3014858717082742 -0.9199429041584575 -0.2506218710504037
vn 0.8085819730269033 -0.4992143793615416 -0.31141643555629994
vn 0 0 -1
vn -0.7555244718395321 0.5048239732409436 -0.41753506259094414
vn 0.9663898163920059 0.19223020373547445 -0.17069936012077813
vn -0.23578687043108665 0.046901734033517536 -0.9706723335281393
vn 0.46280784635160716 0.8864124836370552 -0.009044678422949487
vn 0 0 -1
vn 0 0 -1
vn -0.8622068005384215 0.19700930139253078 -0.4666762992376254
vn 0 0 -1
vn 0.6457856856081812 -0.03664451388575016 -0.7626388580879213
vn 0.5815524022192083 0.004985373220357951 -0.813493669014653
vn -0.11522126156505674 0.2314733045726867 -0.9659938768716689
vn -0.03366526281728026 -0.001154316630050136 -0.9994324977868997
vn 0.4838649315611391 0.1127006290202943 -0.8678555733667696
vn 0.30330429441223844 -0.7291543474545978 -0.6134659261761439
vn 0.6026549364598355 -0.1161206909481646 -0.7895080827289309
vn 0.483593831459429 -0.24130216443597952 -0.8413740378766753
vn -0.009758368501294952 -0.012753806604409293 -0.9998710490164672
vn -0.3687477482808818 -0.3532066853318416 -0.8598081969687619
vn 0.00020181311491787395 0.9866741633766947 -0.16270849577193675
vn -0.5022777830143329 0.8428104752624037 -0.19335855677514732
vn -0.21221307189620633 0.959176582806188 0.18693821201835575
vn -0.6670828641551115 -0.413440532973463 0.6197316984350824
vn 0.3304770200141304 -0.2551214265263307 0.9086792596784358
vn 0.2666612583875475 0.15014350567111562 0.9520234771159571
vn -0.5379757212890219 0.00915215146867001 0.842910648542923
vn 0 0 -1
vn 0 0 -1
vn 0 0 -1
vn 0.871370837913611 0.4906249716776875 0
vn 0.9675459135337511 0.252695281325432 0
vn 0.03333294757068389 -0.09029899181741574 -0.9953567233323983
vn -0.977985688604017 0.20867197436581328 0
vn 0 0 -1
vn 0 0 -1
vn 0 0 -1
vn 0 0 -1
vn 0 0 -1
vn -0.888957380604823 0.4579899294397337 0
vn 0.48080200326141453 0.8611419047921093 0.16511830144120485
vn -0.3945310241264754 -0.1764044454608986 0.9017908530381907
vn 0.12676727448973715 0.3362951597124661 0.933185739106857
vn -0.37669396704289104 0.48490225850848556 0.789285407749858
vn -0.10113555294290176 0.43440379486884745 0.8950223142103655
vn 0.25246831103481643 -0.29104804563816206 0.9227950948360277
vn 0 0 1
vn -0.0657607787505034 0.17814602233140464 0.9818042140394521
vn 0.6843157466811681 -0.011641717494268405 -0.729092881091277
vn -0.5537620059020476 -0.017745120751251297 -0.8324858866724794
vn -0.5420912309597529 -0.20460555324040816 -0.8150298552198726
vn -0.41170535773790956 -0.8181624932262714 -0.40138364825646694
vn 0.39689508187160916 -0.33186221573806335 -0.8557696908348366
vn 0.4781738229107097 0.1654828649067634 -0.8625341828039091
vn -0.051713771038120464 0.16999483153314102 -0.9840871115592541
vn 0.21448485628236882 -0.10336142336081398 -0.9712428442909417
vn 0.21256853796601904 -0.1253400880256813 -0.9690740317440685
vn 0.057854254292180336 -0.9894567154098463 -0.13277158427410027
vn -0.04766063075467225 -0.9876341528599207 -0.14935609924182403
vn -0.0348650550887361 -0.9911259375762215 -0.12827238127249138
vn 0.04451201854162426 -0.8924959268459073 -0.44885376323343346
vn -0.9474794821395207 -0.27511405557727087 0.16307938971081531
vn 0.9284154292584711 -0.3168786386296911 -0.19399154387499082
vn -0.06766637615086314 -0.3542921965430447 0.9326833873331908
vn 0.21429193157283494 -0.10563425664380979 -0.9710408703479445
vn -0.9777695962870271 0.03332613909445364 0.20701687136501984
vn 0.892866320139711 -0.4035213554494769 -0.19990060044028973
vn -0.06373397578587134 -0.2519620464860905 0.9656361154498455
vn -0.9366438737905741 0.2667964743194943 0.2269755382883243
vn 0.8252285208360838 -0.5261052448401278 -0.2054535464536904
vn -0.06294190211353534 -0.23311497385176416 0.9704100813184195
vn 0.1453773209327586 0.797889326573582 0.585011159806691
vn 0.04500747403635644 -0.3574559525250709 -0.9328448795406774
vn 0.3271490373391391 0.5087104743851268 0.7963586884180607
vn -0.4383211644118877 0.6566173247828981 0.6137819202481914
vn -0.19316649168855826 0.8046884574714417 0.5613939729824021
vn 0.5467442515207828 0.2548427196537207 -0.797575019461163
vn 0.6172548349092146 0.21475598952972696 -0.756885945002486
vn 0.07548386869381188 0.19311313270484415 -0.9782686254520977
vn 0.3001976983263369 -0.43354892020666996 -0.8496567987765415
vn 0.414555196198343 -0.6354007009141981 -0.6514675268827291
vn -0.2284137797404896 0.3662458664449779 -0.9020482861447222
vn 0.599503813899449 -0.2976097924214628 -0.742982899247936
vn 0.8210075336733756 0.09075878655317164 -0.5636572294532883
vn 0.6031934177600304 -0.6992755255306526 -0.38362930045136406
vn 0.8841442997594061 -0.4514975315602437 0.12016170853460979
vn -0.3659820908249723 0.782010705966442 -0.50449614958813
vn -0.5903732485009863 -0.4498862339839795 -0.6701207383196739
vn 0.18535789329422714 -0.004630506834873129 -0.9826601700486177
vn -0.8346727823900392 0.4427398324432171 -0.3275710413107708
vn -0.34628183267331936 -0.285186954522159 -0.893732226861482
vn 0.5530145702788181 0.16797053170026766 -0.8160642042999214
vn 0.065100273007414 -0.9051003137084204 -0.4201849314043512
vn 0.5270886063720807 -0.6380659085766115 -0.5612927020236778
vn 0.4849245153450014 -0.5228491215755704 -0.7010542136561693
vn 0.5169619471360675 -0.6160948779444843 -0.5942873434491575
vn 0.4816853950616088 -0.7698583673635416 -0.41868517335186833
vn 0.5527970639221235 -0.7690421773383317 -0.3209198273615978
vn -0.8240462194753787 -0.5506165381181304 -0.1333013732830295
vn -0.4073351880428801 0.9117857298325497 0.05219987984465285
vn 0.1162778197637917 0.973203170792744 -0.19838109030330572
vn -0.128614471976022 0.9827710156918911 -0.13273826996860397
vn 0.8077112310871346 0.5396939584444658 -0.23734573599340092
vn 0.2734905304965275 -0.6994678615707203 -0.6602633113829753
vn 0.7854268875595024 -0.5248040756412059 -0.3281543638121739
vn 0.9561892229060868 0.2201469867203993 -0.19297013819807024
vn -0.37638536659612826 0.180748884714674 -0.9086604957225223
vn 0.37638184732771934 0.1807408294058231 -0.9086635557718096
vn -0.37637440243820497 -0.18074924129762115 -0.9086649662882458
vn 0.37637662302601516 -0.18074906530053156 -0.9086640815133594
vn -0.3256380924678923 0.5252920225545846 -0.7861476475665284
vn -0.3763820996517935 -0.18074735270268805 -0.9086621536922715
vn 0.3763804027874663 -0.18074680758999248 -0.9086629649895339
vn 0.3763685083308765 -0.18073329850390502 -0.9086705787845722
vn -0.3763671219746814 -0.18073340836972035 -0.9086711311555788
vn 0.3256351191571041 0.5252896453653312 -0.7861504675591711
vn 0.32562822919972806 0.5252848719129888 -0.786156510936343
vn -0.3256368116869881 0.5252857455557689 -0.7861523722474245
vn -0.32563401672215403 0.5252837645428231 -0.7861548536141693
vn 0.21468219340889957 -0.8079361219414232 0.5487720644269327
vn 0.32563239820575407 0.5252931121147337 0.786149278193135
vn 0.32563450591613585 -0.5252882091400155 0.7861516812264854
vn 0.37637716523091586 0.18074135539834166 0.9086653905269588
vn 0.2242624991278077 0.8102919357150306 0.5414178704107753
vn 0.7861475165875433 0.5252931374519 0.32563661021018137
vn 0.7861516164495221 -0.5252883227191218 0.3256344790846556
vn 0.9057982466020341 0.19687280702742366 0.37519412882642944
vn 0.5414178704107738 0.8102919357150314 0.22426249912780807
vn 0.5414178704107738 -0.8102919357150313 0.22426249912780807
vn 0.9086628642623232 -0.18074740085335514 0.3763803610649039
vn -0.7861516812264832 -0.5252882091400184 0.3256345059161363
vn -0.9086630843497132 0.18074541341265762 0.37638078414068044
vn -0.541421268182901 0.810289275868181 0.22426390653031614
vn -0.541421268182901 -0.810289275868181 0.22426390653031614
vn -0.9086629649895357 -0.1807468075899888 0.37638040278746426
vn -0.7861516460858446 0.5252882224647089 0.3256345692588294
vn -0.21400936907830034 -0.8155435061183116 0.537669768143011
vn -0.3256362844742168 -0.5252879772722603 0.7861510994503821
vn -0.37638198222878094 0.1807490223512712 0.9086618702094821
vn -0.22426394380782438 0.8102914490298936 0.5414180003812178
vn -0.9773025567449611 0.18472429016037387 0.10371426712129837
vn -0.7557571026935556 0.6127754847037269 0.23094892741546796
vn 0.4264201397558997 -0.7633578286667096 0.4852326141386266
vn 0.7771060976064563 -0.3824115053664283 0.49986753607955703
vn 0.10513235655548737 -0.754780239992196 0.6474982447253531
vn -0.6490881120443909 0.6702032425682188 0.35987808554244255
vn -0.8776399539778436 0.41369531441353735 0.24208324604163228
vn -0.8563740810711509 -0.4489165528149887 0.2551418465839144
vn -0.5742810149182043 0.7450127652309071 0.3393483395384672
vn 0.5371870422937391 -0.5888398524600297 0.6039020696657323
vn -0.6515356555826164 0.6412566320254964 0.40532853512656536
vn 0.6123962846146758 -0.6955924147310499 0.3756620597808197
vn -0.983916148408692 0.12931296658226873 0.12323623482684759
vn 0.8720382505240799 -0.20728223025845988 0.4433772283755457
vn 0.6354854176368889 -0.6140424886187673 0.4680919847014472
vn 0.40907374881222947 -0.5690966667703393 0.7132935243667915
vn -0.5067787530393079 0.4772339810998016 0.7179296781381577
vn -0.88529979072614 0.034170368520497374 0.4637635889711766
vn -0.94415911778288 0.20040711868506503 0.2615349825315995
vn -0.48773574361097977 0.4440966846141779 0.751592961062662
vn 0.3850072414918841 -0.571648651950697 0.7245600338976482
vn 0.2860882147726608 -0.146093938301115 0.9470005779089378
vn 0.2344269070066947 -0.5861289238050758 0.7755623185472451
vn -0.4268238914289637 0.4949094515877203 0.7568923308070826
vn -0.7486779889691875 -0.4407281578257848 0.49521708344174026
vn -0.3292135841467641 0.4796130093487819 0.8133816922433444
vn 0.39355978425048666 -0.517559638220369 0.7597649091040668
vn -0.6200386270776219 0.3574854390982892 0.6983954909393395
vn 0.0623429697605245 -0.6736626655460842 0.7364047577051517
vn -0.0036283234491252684 -0.004636245949183031 0.999982670096061
vn 0 0 1
vn -0.0000010016915771398283 -0.0000011746562013550919 0.9999999999988085
vn -4.7681696477262195e-7 -0.0000017919712524031505 0.9999999999982808
vn -0.12985307233485885 -0.24291077063163036 0.9613181248246314
vn -0.11394373764953934 -0.11979501679154075 0.986238297067381
vn -0.46790182815587866 0.3552791194005332 0.8092247070661948
vn -0.13441300392413086 0.14909132299016764 0.979645304069352
vn -0.051067746670737615 0.2947387893492465 0.9542123093436355
vn -0.11640474821237524 -0.04190964668708676 0.9923172456972503
vn -0.2607807404488067 0.19843785097339076 0.9447834803340047
vn 0.10419706944203852 -0.039946236551449944 0.9937541290002606
vn -0.6288967466684522 0.3013994577267899 0.7166918786423031
vn 0.0786376507344078 0.009975528479297158 0.9968533536676959
vn 0.15129496247576746 0.9399173581302975 0.30604769924771225
vn 0.043450541297712766 -0.7431161355583432 0.6677502972921615
vn 0.00014800382989635532 0.7108480057280516 0.7033456410949871
vn 0.5589553698964924 -0.6068358121236095 0.5650833492398755
vn 0.5323030243188142 -0.31683394249940355 0.7850284983243148
vn -0.19141220050747618 -0.7279039342918526 0.6584202548064025
vn 0.5245183132187758 0.7970893107110687 0.2992142540860706
vn 0.41203763234097207 0.013906602942350915 0.9110606982684797
vn 0.3143356360791877 -0.637897918248158 0.7030500364734781
vn 0.7255436737921829 0.6589949802560225 0.19827252310269058
vn 0.37568847752156975 0.7118119405955431 0.5934491798655823
vn -0.6350989932990339 0.3520870563962672 0.687520162198001
vn 0.1947392640280921 0.9231830235126643 0.33137550323434045
vn -0.28080808694787934 -0.8387326261279594 0.46655589179986673
vn 0.72809905741691 0.5807980004505278 0.3640679129795377
vn 0.8780183163636361 -0.3707873204070796 0.30265590883923515
vn 0.044508955324404555 -0.8924972434994078 0.4488514489693542
vn -0.11576948341024552 0.5797399463597461 0.8065351953298281
vn -0.778414817879152 0.1229558038106718 0.6155909694069904
vn -0.7368712662836161 -0.00637294669415726 0.6760030491617723
vn 0.16883728481978125 -0.8156122776492288 0.5534171878452292
vn 0.36902951236893894 -0.516636283828473 0.7725957346715351
vn -0.5256849429644104 0.37976853746546624 0.7612037826310675
vn 0.8693090106507114 0.4790764183309318 0.12160439712727229
vn -0.4894404658124758 -0.6396795780479042 0.5926702859547811
vn 0.1353570508706963 0.9903776944349479 0.02881824327235763
vn 0.6634743241361919 0.740116923196081 0.10967570930151328
vn 0.9835018516589662 0.038637969502666715 0.1767235555779027
vn 0.33233168887008535 -0.9218799498870975 0.19923103816654583
vn 0.05982692508112928 -0.9896434747317696 0.13048575384372896
vn 0.14517599683612928 0.9877258071836352 -0.057633842194258315
vn 0.8549714969796107 0.5133638403359938 0.07403584799219737
vn 0.48622775256283257 -0.8464187925430874 0.2171584681001393
vn 0.6134810948825267 -0.7654128132675148 0.19438151020003247
vn -0.9659563102052615 0.12652576131254356 0.22565380231433785
vn -0.30462264807453565 0.9330707735745937 0.1912693749165481
vn -0.00748590316537265 -0.4451890482956634 0.8954053118735674
vn -0.07666795083128283 -0.9893848363849942 0.12344906174925048
vn -0.3642848617210308 0.4345422208043236 0.8236926598309202
vn 0.9806831300427084 0 0.19560316574543574
vn 0.7323086765664768 0.6754175302527012 0.08680531120154353
vn 0.03277865078269446 0.2604735166669719 0.9649244048981283
vn -0.9703514118912668 -0.013254122944055799 0.24133475851109631
vn 0.1301948507569979 0.9912159580491456 -0.023242748225573373
vn -0.8151314767830273 0.5360241290602291 0.21963335043372598
vn 0.8102794564417729 -0.5544721528787216 0.18975730328622664
vn 0.38099439155130854 0.9156357977071362 0.12827454760654847
vn 0.879245329726659 0.4742372547011414 -0.045018622895237
vn 0.697999834900034 0.7104760446633291 0.08955456682423557
vn -0.23347371591072666 0.6324426688421618 0.7385839793866645
vn -0.4807718675708451 0.23156285038168226 0.8457168897896934
vn -0.5429543684251151 -0.050913913460139064 0.8382173508251056
vn -0.8293344711030797 0.5093778119892286 0.2296488181838552
vn 0.6586168483587993 0.2746587641435043 0.7005614964705708
vn -0.30731874089911254 -0.05190976542185397 0.9501897535471704
vn 0.00010610962411926503 0.7153770713413277 0.6987386024400346
vn 0.17414950722956934 -0.4479715731977054 0.8769226982684797
vn 0.3776167118423759 -0.46044565524410846 0.8033650586776699
vn 0.253815207862904 0.7200085129339394 0.6458835665661175
vn 0.4574858074057687 -0.08336131786514857 0.8853008679008948
vn -0.4450687951779254 0.34545814790467066 0.8261794209523404
vn -0.08373050679864212 -0.21630448564148058 0.972728930238336
vn 0.38305381850236925 0.6410176807061756 0.6651060856380956
vn 0.03099198690016544 0.05324193697455672 0.9981005925733024
vn 0.02452591004915353 0.07051648866337773 0.997209057601689
vn 0.47389916658645 -0.08526189080546144 0.8764416637089693
vn 0.23476898768520885 0.006318097390565065 0.9720306600445408
vn 0 0 1
vn 0 0 1
vn 0.6837718428699151 -0.0536870880011203 0.7277181896038055
vn -0.9613187904154253 -0.20894004755171866 0.17947211405482763
vn -0.5297346154678643 -0.794081518711337 0.2980197624591539
vn -0.3243468367077804 -0.9212334200468206 0.21477456857480828
vn 0.16362478366702354 -0.7198156030503109 0.674605386707842
vn 0.4925053089168735 -0.6169336645058341 0.6138659253355722
vn 0.8085819730269033 -0.4992143793615416 0.31141643555629994
vn 0 0 1
vn -0.7555244718395321 0.5048239732409436 0.41753506259094414
vn 0.9663898163920059 0.19223020373547445 0.17069936012077813
vn -0.23578687043108665 0.046901734033517536 0.9706723335281393
vn 0.4114659177875693 0.9091361643765989 0.06455411003056982
vn 0 0 1
vn 0 0 1
vn -0.8622068005384215 0.19700930139253078 0.4666762992376254
vn 0 0 1
vn 0.18937697934000391 -0.3123840072485238 0.930888066155867
vn 0.3814727722530014 -0.3266175922790318 0.8647539953324632
vn 0.05575870876667476 0.0019118580819888124 0.9984424426051547
vn -0.03715740591366998 0.0067706806971313625 0.9992864879846342
vn 0.4838649315611391 0.1127006290202943 0.8678555733667696
vn 0.30330429441223844 -0.7291543474545978 0.6134659261761439
vn 0.6026549364598355 -0.1161206909481646 0.7895080827289309
vn 0.6171895017306783 0.1271585400268673 0.7764713933247462
vn -0.04654682815452378 0.1058148607850969 0.9932958310723871
vn -0.3687477482808818 -0.3532066853318416 0.8598081969687619
vn 0.514514217805652 0.8513363402555416 -0.10247709712974323
vn -0.43382470075515345 0.8766142555641265 0.20819120047796008
vn -0.22327214579849838 0.9590125786738541 -0.17448330251304517
vn -0.980143751243883 -0.1982882419549109 0
vn 0.3304770200141304 -0.2551214265263307 -0.9086792596784358
vn 0.391895996709339 0.11388714785311643 -0.9129333192063244
vn -0.3846915308604786 0.08208130466719543 -0.9193884301579788
vn 0 0 1
vn 0 0 1
vn 0 0 1
vn 0.871370837913611 0.4906249716776875 0
vn 0.4408612696723444 -0.3265036150912849 -0.8360841645643162
vn 0.03333294757068389 -0.09029899181741574 0.9953567233323983
vn -0.977985688604017 0.20867197436581328 0
vn 0 0 1
vn 0 0 1
vn 0 0 1
vn 0 0 1
vn 0 0 1
vn -0.833644571420571 0.5350845546611506 -0.13682561128710885
vn 0.3858034198183161 0.9225810106741262 0
vn -0.3945310241264754 -0.1764044454608986 -0.9017908530381907
vn 0.05758680416827384 0.7112519966186004 -0.700574305332232
vn -0.27017540282467895 0.18949325465240993 -0.9439796386309186
vn -0.10113555294290176 0.43440379486884745 -0.8950223142103655
vn 0.031691153952219976 -0.10417597226137765 -0.9940538403751447
vn 0 0 -1
vn -0.0657607787505034 0.17814602233140464 -0.9818042140394521
vn 0.4834954015210763 -0.07497634997440608 0.8721300038712628
vn -0.5537620059020476 -0.017745120751251297 0.8324858866724794
vn -0.6757074332812747 -0.19636432371272672 0.7105353734904936
vn -0.03166895981044379 -0.42800495122706034 0.9032213675005957
vn 0.5352180346976061 -0.5977916798415371 0.5968138427069746
vn 0.4781738229107097 0.1654828649067634 0.8625341828039091
vn -0.02970452464870386 0.1487516314248086 0.9884283450831691
vn 0.21448346186650824 -0.10336040010380469 0.9712432611226395
vn 0.2125664502358618 -0.12533698563028267 0.9690748909487022
vn 0.057854254292180336 -0.9894567154098463 0.13277158427410027
vn -0.04766063075467225 -0.9876341528599207 0.14935609924182403
vn -0.0348650550887361 -0.9911259375762215 0.12827238127249138
vn 0.04451201854162426 -0.8924959268459073 0.44885376323343346
vn -0.947479569067276 -0.27511312955199857 -0.16308044686042067
vn 0.928416166453147 -0.3168738883653218 0.1939957750588502
vn -0.0676695811390065 -0.3542953551077164 -0.9326819549758474
vn 0.21429193157283494 -0.10563425664380979 0.9710408703479445
vn -0.9777708360167463 0.03332439667354331 -0.20701129636195623
vn 0.892866267919627 -0.40351550222827176 0.19991264860619162
vn -0.06372713368311635 -0.2519611877627175 -0.9656367910833427
vn -0.9366438737905741 0.2667964743194943 -0.2269755382883243
vn 0.8252285208360838 -0.5261052448401278 0.2054535464536904
vn -0.06294190211353534 -0.23311497385176416 -0.9704100813184195
vn 0.1453773209327586 0.797889326573582 -0.585011159806691
vn -0.05687410739780131 -0.05959986191622769 0.9966008189677901
vn 0.31114664383475693 0.4855287356587412 -0.8169758949197897
vn -0.4045141276837869 0.6707147016351608 -0.6216993722971595
vn -0.19316649168855826 0.8046884574714417 -0.5613939729824021
vn 0.5467442515207828 0.2548427196537207 0.797575019461163
vn 0.6172548349092146 0.21475598952972696 0.756885945002486
vn 0.0009191594393914414 0.49464114553221866 0.8690968256140968
vn 0.34040894495463875 -0.6434692763100248 0.6856158112528639
vn 0.15935311137149552 -0.4970355225119249 0.8529726110828657
vn 0.09985104449146835 0.20394616866416848 0.9738766498901026
vn 0.605747565114462 -0.29749871342815765 0.7379460704323126
vn 0.8143887598240322 0.12473863839662695 0.5667549911233515
vn 0.6074863667879559 -0.693042943993527 0.3881388822928648
vn 0.8844886524268952 -0.4541087951707771 -0.10707486108606537
vn -0.3655041769196967 0.801664819510437 0.47301185377699956
vn -0.565016242253403 -0.5078374300739216 0.650275165299859
vn 0.1774880410531289 -0.0008058702784546154 0.9841226274485397
vn -0.8321762044909735 0.4431663718097061 0.33329616195812806
vn -0.5102826662951988 -0.10675739795923775 0.8533548256497037
vn 0.5488038260399466 -0.20537781782359307 0.8103297553897028
vn 0.04583182777529507 -0.7974548775251331 0.6016354061008634
vn 0.6384111630332105 -0.6313068785449422 0.4403212600095813
vn 0.5924854215171672 -0.5699254608502737 0.5693382073638023
vn 0.6158061854088738 -0.3965725455297043 0.6808178597424297
vn 0.39753640267547613 -0.8616601227519819 0.3154467330737176
vn 0.5465573344118536 -0.7651957452712413 0.340221327402323
vn -0.8694560930591753 -0.4878790106481157 0.077589775172317
vn -0.5730708552503291 0.7544083266599884 -0.3200904114913988
vn 0.1162778197637917 0.973203170792744 0.19838109030330572
vn -0.128614471976022 0.9827710156918911 0.13273826996860397
vn 0.8077112310871346 0.5396939584444658 0.23734573599340092
vn -0.40685276963834804 -0.8592555319439255 0.31008185155111395
vn 0.7854268875595024 -0.5248040756412059 0.3281543638121739
vn 0.9093417817325139 -0.18088098256194798 0.37467264931265226
vn -0.37637509971529015 0.1807393262301775 0.9086666496951273
vn 0.3763777558985871 0.1807451706975613 0.9086643869626747
vn -0.37637440243820497 -0.18074924129762115 0.9086649662882458
vn 0.37637662302601516 -0.18074906530053156 0.9086640815133594
vn -0.3256380924678923 0.5252920225545846 0.7861476475665284
vn -0.3763819191646734 -0.18074692912876178 0.908662312708324
vn 0.3763780320538715 -0.18074124386148113 0.9086650536664539
vn 0.3763685083308765 -0.18073329850390502 0.9086705787845722
vn -0.3763671219746814 -0.18073340836972035 0.9086711311555788
vn 0.3256345059161359 0.5252882091400155 0.7861516812264854
vn 0.32562822919972806 0.5252848719129888 0.786156510936343
vn -0.32563317694004473 0.5252879295776829 0.7861524185016064
vn -0.32563401672215403 0.5252837645428231 0.7861548536141693
vn 0.21826004440358296 -0.1920445219316522 0.9568079507471651
vn 0.1005867876102674 0.9718417983862514 0.21308640751494204
vn 0.21826004440358304 -0.19204452193165225 -0.9568079507471651
vn 0.1005867876102674 0.9718417983862514 -0.21308640751494204
usemtl m_25aa8e5b-2a34-d5f6-7882-92d7da421568
f 1/1/1 2/2/1 3/3/1 4/4/1
f 5/5/2 6/6/2 7/7/2
f 2/8/3 8/9/3 9/10/3 3/11/3
f 10/12/4 5/13/4 7/14/4 11/15/4
f 12/16/5 13/17/5 14/18/5 15/19/5
f 16/20/6 15/21/6 17/22/6 18/23/6
f 3/24/7 9/25/7 19/26/7 20/27/7
f 21/28/8 16/29/8 18/30/8 22/31/8
f 15/32/9 14/33/9 17/34/9
f 4/35/10 3/36/10 20/37/10
f 9/38/11 21/39/11 22/40/11 19/41/11
f 23/42/12 24/43/12 25/44/12 26/45/12
f 27/46/13 28/47/13 29/48/13 30/49/13
f 31/50/14 32/51/14 33/52/14
f 34/53/15 23/54/15 26/55/15
f 24/56/16 27/57/16 30/58/16 25/59/16
f 28/60/17 33/61/17 32/62/17 29/63/17
f 34/64/18 26/65/18 2/66/18 1/67/18
f 26/68/19 25/69/19 8/70/19 2/71/19
f 30/72/20 29/73/20 35/74/20 36/75/20
f 32/76/21 31/77/21 13/78/21 12/79/21
f 37/80/22 38/81/22 39/82/22 40/83/22
f 41/84/23 42/85/23 38/86/23 37/87/23
f 43/88/24 44/89/24 45/90/24 46/91/24
f 47/92/25 48/93/25 49/94/25 50/95/25
f 51/96/26 52/97/26 53/98/26 54/99/26
f 55/100/27 56/101/27 57/102/27 58/103/27
f 59/104/28 60/105/28 61/106/28 62/107/28
f 40/108/29 39/109/29 52/110/29 51/111/29
f 58/112/30 57/113/30 42/114/30 41/115/30
f 54/116/31 53/117/31 63/118/31 64/119/31
f 62/120/32 61/121/32 56/122/32 55/123/32
f 46/124/33 45/125/33 65/126/33 66/127/33
f 67/128/34 68/129/34 60/130/34 59/131/34
f 69/132/35 70/133/35 71/134/35 72/135/35
f 73/136/36 74/137/36 75/138/36 76/139/36
f 63/140/37 77/141/37 78/142/37 44/143/37
f 61/144/38 79/145/38 80/146/38 56/147/38
f 68/148/39 81/149/39 82/150/39 60/151/39
f 38/152/40 83/153/40 84/154/40 39/155/40
f 42/156/41 85/157/41 83/158/41 38/159/41
f 44/160/42 78/161/42 86/162/42 45/163/42
f 65/164/43 87/165/43 88/166/43 70/167/43
f 52/168/44 89/169/44 90/170/44 53/171/44
f 56/172/45 80/173/45 91/174/45 57/175/45
f 39/176/46 84/177/46 89/178/46 52/179/46
f 57/180/47 91/181/47 85/182/47 42/183/47
f 53/184/48 90/185/48 77/186/48 63/187/48
f 60/188/49 82/189/49 79/190/49 61/191/49
f 92/192/50 93/193/50 94/194/50 95/195/50
f 80/196/51 86/197/51 78/198/51 91/199/51
f 78/200/52 77/201/52 85/202/52 91/203/52
f 90/204/53 83/205/53 85/206/53 77/207/53
f 90/208/54 89/209/54 84/210/54 83/211/54
f 80/212/55 96/213/55 87/214/55 86/215/55
f 96/216/56 97/217/56 88/218/56 87/219/56
f 98/220/57 99/221/57 100/222/57 101/223/57
f 80/224/58 79/225/58 96/226/58
f 79/227/59 82/228/59 102/229/59 96/230/59
f 82/231/60 81/232/60 103/233/60
f 104/234/61 97/235/61 102/236/61 105/237/61
f 70/238/62 88/239/62 106/240/62 71/241/62
f 102/242/63 97/243/63 96/244/63
f 102/245/64 82/246/64 103/247/64 105/248/64
f 107/249/65 108/250/65 109/251/65
f 110/252/66 111/253/66 112/254/66 113/255/66
f 114/256/67 115/257/67 116/258/67 117/259/67
f 118/260/68 119/261/68 120/262/68 121/263/68
f 122/264/69 111/265/69 110/266/69
f 123/267/70 124/268/70 125/269/70 126/270/70
f 109/271/71 108/272/71 127/273/71 128/274/71
f 129/275/72 130/276/72 131/277/72 132/278/72
f 126/279/73 125/280/73 119/281/73 118/282/73
f 128/283/74 127/284/74 133/285/74 134/286/74
f 135/287/75 136/288/75 115/289/75 114/290/75
f 137/291/76 138/292/76 139/293/76 140/294/76
f 141/295/77 142/296/77 108/297/77 107/298/77
f 143/299/78 144/300/78 124/301/78 123/302/78
f 145/303/79 146/304/79 136/305/79 135/306/79
f 147/307/80 148/308/80 132/309/80
f 113/310/81 112/311/81 149/312/81 150/313/81
f 117/314/82 116/315/82 138/316/82 151/317/82
f 140/318/83 139/319/83 152/320/83 153/321/83
f 153/322/84 152/323/84 154/324/84 155/325/84
f 156/326/85 149/327/85 157/328/85 148/329/85
f 121/330/86 120/331/86 111/332/86 122/333/86
f 137/334/87 151/335/87 138/336/87
f 134/337/88 133/338/88 146/339/88 145/340/88
f 155/341/89 154/342/89 144/343/89 143/344/89
f 158/345/90 132/346/90 141/347/90 159/348/90
f 160/349/91 109/350/91 128/351/91 161/352/91
f 162/353/92 122/354/92 110/355/92 163/356/92
f 164/357/93 118/358/93 121/359/93 165/360/93
f 163/361/94 110/362/94 166/363/94 167/364/94
f 168/365/95 107/366/95 109/367/95 160/368/95
f 169/369/96 134/370/96 145/371/96 170/372/96
f 165/373/97 121/374/97 122/375/97 162/376/97
f 171/377/98 156/378/98 148/379/98 172/380/98
f 173/381/99 140/382/99 153/383/99 174/384/99
f 175/385/100 176/386/100 177/387/100 178/388/100
f 103/389/101 143/390/101 123/391/101 105/392/101
f 167/393/102 166/394/102 179/395/102 171/396/102
f 104/397/103 123/398/103 126/399/103 106/400/103
f 180/401/104 147/402/104 132/403/104 158/404/104
f 170/405/105 145/406/105 135/407/105 181/408/105
f 182/409/106 183/410/106 184/411/106 185/412/106
f 174/413/107 153/414/107 155/415/107 67/416/107
f 159/417/108 141/418/108 107/419/108 168/420/108
f 186/421/109 137/422/109 140/423/109 173/424/109
f 172/425/110 148/426/110 147/427/110 180/428/110
f 181/429/111 135/430/111 114/431/111 187/432/111
f 72/433/112 71/434/112 118/435/112 164/436/112
f 161/437/113 128/438/113 134/439/113 169/440/113
f 116/441/114 188/442/114 189/443/114 138/444/114
f 139/445/115 190/446/115 191/447/115 152/448/115
f 152/449/116 191/450/116 192/451/116 154/452/116
f 67/453/117 155/454/117 68/455/117
f 133/456/118 193/457/118 146/458/118
f 154/459/119 192/460/119 194/461/119 144/462/119
f 115/463/120 195/464/120 188/465/120 116/466/120
f 124/467/121 196/468/121 197/469/121 125/470/121
f 125/471/122 197/472/122 119/473/122
f 136/474/123 198/475/123 195/476/123 115/477/123
f 129/478/124 132/479/124 148/480/124 157/481/124
f 138/482/125 189/483/125 190/484/125 139/485/125
f 144/486/126 194/487/126 196/488/126 124/489/126
f 146/490/127 193/491/127 198/492/127 136/493/127
f 192/494/128 191/495/128 199/496/128 194/497/128
f 194/498/129 199/499/129 200/500/129 196/501/129
f 201/502/130 202/503/130 119/504/130 197/505/130
f 200/506/131 201/507/131 197/508/131 196/509/131
f 191/510/132 190/511/132 203/512/132 199/513/132
f 190/514/133 189/515/133 204/516/133 203/517/133
f 205/518/134 206/519/134 193/520/134 133/521/134
f 22/522/135 18/523/135 206/524/135
f 22/525/136 206/526/136 205/527/136
f 17/528/137 14/529/137 207/530/137
f 13/531/138 31/532/138 208/533/138 209/534/138
f 31/535/139 33/536/139 204/537/139 208/538/139
f 204/539/140 28/540/140 203/541/140
f 193/542/141 206/543/141 207/544/141 198/545/141
f 201/546/142 20/547/142 19/548/142
f 199/549/143 27/550/143 24/551/143
f 19/552/144 22/553/144 205/554/144
f 200/555/145 199/556/145 23/557/145 34/558/145
f 209/559/146 195/560/146 198/561/146 207/562/146
f 208/563/147 188/564/147 195/565/147 209/566/147
f 81/567/148 68/568/148 155/569/148
f 204/570/149 189/571/149 188/572/149 208/573/149
f 210/574/150 205/575/150 133/576/150 127/577/150
f 127/578/151 108/579/151 112/580/151 210/581/151
f 112/582/152 108/583/152 142/584/152 149/585/152
f 149/586/153 142/587/153 129/588/153 157/589/153
f 111/590/154 120/591/154 210/592/154
f 111/593/155 210/594/155 112/595/155
f 210/596/156 202/597/156 205/598/156
f 120/599/157 119/600/157 202/601/157 210/602/157
f 81/603/158 155/604/158 143/605/158 103/606/158
f 105/607/159 123/608/159 104/609/159
f 175/610/160 187/611/160 114/612/160 176/613/160
f 137/614/161 186/615/161 178/616/161 177/617/161
f 211/618/162 212/619/162 213/620/162 214/621/162
f 137/622/163 177/623/163 215/624/163 216/625/163
f 176/626/164 217/627/164 218/628/164
f 218/629/165 217/630/165 219/631/165 220/632/165
f 221/633/166 222/634/166 223/635/166 215/636/166
f 211/637/167 224/638/167 212/639/167
f 117/640/168 225/641/168 226/642/168 114/643/168
f 151/644/169 137/645/169 216/646/169 227/647/169
f 226/648/170 228/649/170 219/650/170 217/651/170
f 114/652/171 226/653/171 217/654/171 176/655/171
f 229/656/172 230/657/172 231/658/172
f 216/659/173 215/660/173 223/661/173 232/662/173
f 230/663/174 229/664/174 233/665/174 234/666/174
f 225/667/175 235/668/175 228/669/175 226/670/175
f 224/671/176 211/672/176 228/673/176 235/674/176
f 232/675/177 212/676/177 224/677/177 236/678/177
f 236/679/178 227/680/178 216/681/178 232/682/178
f 212/683/179 232/684/179 223/685/179 213/686/179
f 228/687/180 211/688/180 214/689/180 219/690/180
f 215/691/181 177/692/181 221/693/181
f 219/694/182 214/695/182 237/696/182 220/697/182
f 223/698/183 222/699/183 237/700/183 213/701/183
f 213/702/184 237/703/184 214/704/184
f 177/705/185 176/706/185 218/707/185 221/708/185
f 218/709/186 220/710/186 222/711/186 221/712/186
f 220/713/187 237/714/187 222/715/187
f 236/716/188 230/717/188 234/718/188 227/719/188
f 225/720/189 117/721/189 233/722/189
f 235/723/190 225/724/190 233/725/190 229/726/190
f 224/727/191 235/728/191 229/729/191 231/730/191
f 236/731/192 224/732/192 231/733/192 230/734/192
f 227/735/193 234/736/193 151/737/193
f 151/738/194 234/739/194 233/740/194 117/741/194
f 238/742/195 239/743/195 240/744/195 241/745/195
f 150/746/196 238/747/196 241/748/196 113/749/196
f 110/750/197 113/751/197 166/752/197
f 179/753/198 156/754/198 171/755/198
f 150/756/199 156/757/199 179/758/199
f 149/759/200 156/760/200 150/761/200
f 113/762/201 241/763/201 242/764/201 166/765/201
f 179/766/202 243/767/202 238/768/202 150/769/202
f 166/770/203 242/771/203 243/772/203 179/773/203
f 239/774/204 244/775/204 240/776/204
f 241/777/205 240/778/205 245/779/205 242/780/205
f 243/781/206 246/782/206 239/783/206 238/784/206
f 242/785/207 245/786/207 246/787/207 243/788/207
f 240/789/208 244/790/208 245/791/208
f 246/792/209 244/793/209 239/794/209
f 245/795/210 244/796/210 246/797/210
f 131/798/211 247/799/211 248/800/211
f 142/801/212 249/802/212 130/803/212 129/804/212
f 132/805/213 131/806/213 248/807/213 141/808/213
f 141/809/214 248/810/214 249/811/214 142/812/214
f 248/813/215 247/814/215 249/815/215
f 249/816/216 247/817/216 130/818/216
f 130/819/217 247/820/217 131/821/217
f 185/822/218 71/823/218 106/824/218 182/825/218
f 183/826/219 126/827/219 118/828/219 184/829/219
f 182/830/220 106/831/220 126/832/220 183/833/220
f 184/834/221 118/835/221 71/836/221 185/837/221
f 50/838/222 69/839/222 66/840/222 47/841/222
f 47/842/223 66/843/223 65/844/223 48/845/223
f 49/846/224 70/847/224 69/848/224 50/849/224
f 48/850/225 65/851/225 70/852/225 49/853/225
f 101/854/226 88/855/226 97/856/226 98/857/226
f 99/858/227 104/859/227 106/860/227 100/861/227
f 98/862/228 97/863/228 104/864/228 99/865/228
f 100/866/229 106/867/229 88/868/229 101/869/229
f 95/870/230 65/871/230 45/872/230 92/873/230
f 92/874/231 45/875/231 86/876/231 93/877/231
f 94/878/232 87/879/232 65/880/232 95/881/232
f 93/882/233 86/883/233 87/884/233 94/885/233
f 76/886/234 43/887/234 64/888/234 73/889/234
f 73/890/235 64/891/235 63/892/235 74/893/235
f 75/894/236 44/895/236 43/896/236 76/897/236
f 74/898/237 63/899/237 44/900/237 75/901/237
f 18/902/238 17/903/238 207/904/238 206/905/238
f 20/906/239 201/907/239 200/908/239 4/909/239
f 34/910/240 1/911/240 200/912/240
f 200/913/241 1/914/241 4/915/241
f 199/916/242 24/917/242 23/918/242
f 14/919/243 13/920/243 209/921/243 207/922/243
f 33/923/244 28/924/244 204/925/244
f 27/926/245 199/927/245 203/928/245 28/929/245
f 36/930/246 35/931/246 5/932/246 10/933/246
f 11/934/247 7/935/247 16/936/247 21/937/247
f 250/938/248 36/939/248 10/940/248
f 11/941/249 250/942/249 10/943/249
f 35/944/250 6/945/250 5/946/250
f 30/947/251 36/948/251 8/949/251 25/950/251
f 21/951/252 9/952/252 8/953/252 11/954/252
f 11/955/253 8/956/253 250/957/253
f 8/958/254 36/959/254 250/960/254
f 16/961/255 7/962/255 12/963/255 15/964/255
f 6/965/256 12/966/256 7/967/256
f 32/968/257 12/969/257 35/970/257 29/971/257
f 35/972/258 12/973/258 6/974/258
f 251/975/259 252/976/259 253/977/259 254/978/259
f 255/979/260 256/980/260 257/981/260
f 254/982/261 253/983/261 258/984/261 259/985/261
f 260/986/262 261/987/262 256/988/262 255/989/262
f 262/990/263 263/991/263 264/992/263 265/993/263
f 266/994/264 267/995/264 268/996/264 263/997/264
f 253/998/265 269/999/265 270/1000/265 258/1001/265
f 271/1002/266 272/1003/266 267/1004/266 266/1005/266
f 263/1006/267 268/1007/267 264/1008/267
f 252/1009/268 269/1010/268 253/1011/268
f 258/1012/269 270/1013/269 272/1014/269 271/1015/269
f 273/1016/270 274/1017/270 275/1018/270 276/1019/270
f 277/1020/271 278/1021/271 279/1022/271 280/1023/271
f 281/1024/272 282/1025/272 283/1026/272
f 284/1027/273 274/1028/273 273/1029/273
f 276/1030/274 275/1031/274 278/1032/274 277/1033/274
f 280/1034/275 279/1035/275 283/1036/275 282/1037/275
f 284/1038/276 251/1039/276 254/1040/276 274/1041/276
f 274/1042/277 254/1043/277 259/1044/277 275/1045/277
f 278/1046/278 285/1047/278 286/1048/278 279/1049/278
f 283/1050/279 262/1051/279 265/1052/279 281/1053/279
f 37/1054/280 40/1055/280 287/1056/280 288/1057/280
f 41/1058/281 37/1059/281 288/1060/281 289/1061/281
f 43/1062/282 46/1063/282 290/1064/282 291/1065/282
f 292/1066/283 293/1067/283 294/1068/283 295/1069/283
f 51/1070/284 54/1071/284 296/1072/284 297/1073/284
f 55/1074/285 58/1075/285 298/1076/285 299/1077/285
f 59/1078/286 62/1079/286 300/1080/286 301/1081/286
f 40/1082/287 51/1083/287 297/1084/287 287/1085/287
f 58/1086/288 41/1087/288 289/1088/288 298/1089/288
f 54/1090/289 64/1091/289 302/1092/289 296/1093/289
f 62/1094/290 55/1095/290 299/1096/290 300/1097/290
f 46/1098/291 66/1099/291 303/1100/291 290/1101/291
f 67/1102/292 59/1103/292 301/1104/292 304/1105/292
f 69/1106/293 72/1107/293 305/1108/293 306/1109/293
f 307/1110/294 308/1111/294 309/1112/294 310/1113/294
f 302/1114/295 291/1115/295 311/1116/295 312/1117/295
f 300/1118/296 299/1119/296 313/1120/296 314/1121/296
f 304/1122/297 301/1123/297 315/1124/297 316/1125/297
f 288/1126/298 287/1127/298 317/1128/298 318/1129/298
f 289/1130/299 288/1131/299 318/1132/299 319/1133/299
f 291/1134/300 290/1135/300 320/1136/300 311/1137/300
f 303/1138/301 306/1139/301 321/1140/301 322/1141/301
f 297/1142/302 296/1143/302 323/1144/302 324/1145/302
f 299/1146/303 298/1147/303 325/1148/303 313/1149/303
f 287/1150/304 297/1151/304 324/1152/304 317/1153/304
f 298/1154/305 289/1155/305 319/1156/305 325/1157/305
f 296/1158/306 302/1159/306 312/1160/306 323/1161/306
f 301/1162/307 300/1163/307 314/1164/307 315/1165/307
f 326/1166/308 327/1167/308 328/1168/308 329/1169/308
f 313/1170/309 325/1171/309 311/1172/309 320/1173/309
f 311/1174/310 325/1175/310 319/1176/310 312/1177/310
f 323/1178/311 312/1179/311 319/1180/311 318/1181/311
f 323/1182/312 318/1183/312 317/1184/312 324/1185/312
f 313/1186/313 320/1187/313 322/1188/313 330/1189/313
f 330/1190/314 322/1191/314 321/1192/314 331/1193/314
f 332/1194/315 333/1195/315 334/1196/315 335/1197/315
f 313/1198/316 330/1199/316 314/1200/316
f 314/1201/317 330/1202/317 336/1203/317 315/1204/317
f 315/1205/318 337/1206/318 316/1207/318
f 338/1208/319 339/1209/319 336/1210/319 331/1211/319
f 306/1212/320 305/1213/320 340/1214/320 321/1215/320
f 336/1216/321 330/1217/321 331/1218/321
f 336/1219/322 339/1220/322 337/1221/322 315/1222/322
f 341/1223/323 342/1224/323 343/1225/323
f 344/1226/324 345/1227/324 346/1228/324 347/1229/324
f 348/1230/325 349/1231/325 350/1232/325 351/1233/325
f 352/1234/326 353/1235/326 354/1236/326 355/1237/326
f 356/1238/327 344/1239/327 347/1240/327
f 357/1241/328 358/1242/328 359/1243/328 360/1244/328
f 342/1245/329 361/1246/329 362/1247/329 343/1248/329
f 363/1249/330 364/1250/330 365/1251/330 366/1252/330
f 358/1253/331 352/1254/331 355/1255/331 359/1256/331
f 361/1257/332 367/1258/332 368/1259/332 362/1260/332
f 369/1261/333 348/1262/333 351/1263/333 370/1264/333
f 371/1265/334 372/1266/334 373/1267/334 374/1268/334
f 375/1269/335 341/1270/335 343/1271/335 376/1272/335
f 377/1273/336 357/1274/336 360/1275/336 378/1276/336
f 379/1277/337 369/1278/337 370/1279/337 380/1280/337
f 381/1281/338 364/1282/338 382/1283/338
f 345/1284/339 383/1285/339 384/1286/339 346/1287/339
f 349/1288/340 385/1289/340 374/1290/340 350/1291/340
f 372/1292/341 386/1293/341 387/1294/341 373/1295/341
f 386/1296/342 388/1297/342 389/1298/342 387/1299/342
f 390/1300/343 382/1301/343 391/1302/343 384/1303/343
f 353/1304/344 356/1305/344 347/1306/344 354/1307/344
f 371/1308/345 374/1309/345 385/1310/345
f 367/1311/346 379/1312/346 380/1313/346 368/1314/346
f 388/1315/347 377/1316/347 378/1317/347 389/1318/347
f 158/1319/348 159/1320/348 375/1321/348 364/1322/348
f 160/1323/349 161/1324/349 361/1325/349 342/1326/349
f 162/1327/350 163/1328/350 344/1329/350 356/1330/350
f 164/1331/351 165/1332/351 353/1333/351 352/1334/351
f 163/1335/352 167/1336/352 392/1337/352 344/1338/352
f 168/1339/353 160/1340/353 342/1341/353 341/1342/353
f 169/1343/354 170/1344/354 379/1345/354 367/1346/354
f 165/1347/355 162/1348/355 356/1349/355 353/1350/355
f 171/1351/356 172/1352/356 382/1353/356 390/1354/356
f 173/1355/357 174/1356/357 386/1357/357 372/1358/357
f 175/1359/358 178/1360/358 393/1361/358 394/1362/358
f 337/1363/359 339/1364/359 357/1365/359 377/1366/359
f 167/1367/360 171/1368/360 395/1369/360 392/1370/360
f 338/1371/361 340/1372/361 358/1373/361 357/1374/361
f 180/1375/362 158/1376/362 364/1377/362 381/1378/362
f 170/1379/363 181/1380/363 369/1381/363 379/1382/363
f 396/1383/364 397/1384/364 398/1385/364 399/1386/364
f 174/1387/365 67/1388/365 388/1389/365 386/1390/365
f 159/1391/366 168/1392/366 341/1393/366 375/1394/366
f 186/1395/367 173/1396/367 372/1397/367 371/1398/367
f 172/1399/368 180/1400/368 381/1401/368 382/1402/368
f 181/1403/369 187/1404/369 348/1405/369 369/1406/369
f 72/1407/370 164/1408/370 352/1409/370 305/1410/370
f 161/1411/371 169/1412/371 367/1413/371 361/1414/371
f 350/1415/372 374/1416/372 400/1417/372 401/1418/372
f 373/1419/373 387/1420/373 402/1421/373 403/1422/373
f 387/1423/374 389/1424/374 404/1425/374 402/1426/374
f 67/1427/375 304/1428/375 388/1429/375
f 368/1430/376 380/1431/376 405/1432/376
f 389/1433/377 378/1434/377 406/1435/377 404/1436/377
f 351/1437/378 350/1438/378 401/1439/378 407/1440/378
f 360/1441/379 359/1442/379 408/1443/379 409/1444/379
f 359/1445/380 355/1446/380 408/1447/380
f 370/1448/381 351/1449/381 407/1450/381 410/1451/381
f 363/1452/382 391/1453/382 382/1454/382 364/1455/382
f 374/1456/383 373/1457/383 403/1458/383 400/1459/383
f 378/1460/384 360/1461/384 409/1462/384 406/1463/384
f 380/1464/385 370/1465/385 410/1466/385 405/1467/385
f 404/1468/386 406/1469/386 411/1470/386 402/1471/386
f 406/1472/387 409/1473/387 412/1474/387 411/1475/387
f 413/1476/388 408/1477/388 355/1478/388 414/1479/388
f 412/1480/389 409/1481/389 408/1482/389 413/1483/389
f 402/1484/390 411/1485/390 415/1486/390 403/1487/390
f 403/1488/391 415/1489/391 416/1490/391 400/1491/391
f 417/1492/392 368/1493/392 405/1494/392 418/1495/392
f 272/1496/393 418/1497/393 267/1498/393
f 272/1499/394 417/1500/394 418/1501/394
f 268/1502/395 419/1503/395 264/1504/395
f 265/1505/396 420/1506/396 421/1507/396 281/1508/396
f 281/1509/397 421/1510/397 416/1511/397 282/1512/397
f 416/1513/398 415/1514/398 280/1515/398
f 405/1516/399 410/1517/399 419/1518/399 418/1519/399
f 413/1520/400 270/1521/400 269/1522/400
f 411/1523/401 276/1524/401 277/1525/401
f 270/1526/402 417/1527/402 272/1528/402
f 412/1529/403 284/1530/403 273/1531/403 411/1532/403
f 420/1533/404 419/1534/404 410/1535/404 407/1536/404
f 421/1537/405 420/1538/405 407/1539/405 401/1540/405
f 316/1541/406 388/1542/406 304/1543/406
f 416/1544/407 421/1545/407 401/1546/407 400/1547/407
f 422/1548/408 362/1549/408 368/1550/408 417/1551/408
f 362/1552/409 422/1553/409 346/1554/409 343/1555/409
f 346/1556/410 384/1557/410 376/1558/410 343/1559/410
f 384/1560/411 391/1561/411 363/1562/411 376/1563/411
f 347/1564/412 422/1565/412 354/1566/412
f 347/1567/413 346/1568/413 422/1569/413
f 422/1570/414 417/1571/414 414/1572/414
f 354/1573/415 422/1574/415 414/1575/415 355/1576/415
f 316/1577/416 337/1578/416 377/1579/416 388/1580/416
f 339/1581/417 338/1582/417 357/1583/417
f 175/1584/418 394/1585/418 348/1586/418 187/1587/418
f 371/1588/419 393/1589/419 178/1590/419 186/1591/419
f 423/1592/420 424/1593/420 425/1594/420 426/1595/420
f 371/1596/421 427/1597/421 428/1598/421 393/1599/421
f 394/1600/422 429/1601/422 430/1602/422
f 429/1603/423 431/1604/423 432/1605/423 430/1606/423
f 433/1607/424 428/1608/424 434/1609/424 435/1610/424
f 423/1611/425 426/1612/425 436/1613/425
f 349/1614/426 348/1615/426 437/1616/426 438/1617/426
f 385/1618/427 439/1619/427 427/1620/427 371/1621/427
f 437/1622/428 430/1623/428 432/1624/428 440/1625/428
f 348/1626/429 394/1627/429 430/1628/429 437/1629/429
f 441/1630/430 442/1631/430 443/1632/430
f 427/1633/431 444/1634/431 434/1635/431 428/1636/431
f 443/1637/432 445/1638/432 446/1639/432 441/1640/432
f 438/1641/433 437/1642/433 440/1643/433 447/1644/433
f 436/1645/434 447/1646/434 440/1647/434 423/1648/434
f 444/1649/435 448/1650/435 436/1651/435 426/1652/435
f 448/1653/436 444/1654/436 427/1655/436 439/1656/436
f 426/1657/437 425/1658/437 434/1659/437 444/1660/437
f 440/1661/438 432/1662/438 424/1663/438 423/1664/438
f 428/1665/439 433/1666/439 393/1667/439
f 432/1668/440 431/1669/440 449/1670/440 424/1671/440
f 434/1672/441 425/1673/441 449/1674/441 435/1675/441
f 425/1676/442 424/1677/442 449/1678/442
f 393/1679/443 433/1680/443 429/1681/443 394/1682/443
f 429/1683/444 433/1684/444 435/1685/444 431/1686/444
f 431/1687/445 435/1688/445 449/1689/445
f 448/1690/446 439/1691/446 445/1692/446 443/1693/446
f 438/1694/447 446/1695/447 349/1696/447
f 447/1697/448 441/1698/448 446/1699/448 438/1700/448
f 436/1701/449 442/1702/449 441/1703/449 447/1704/449
f 448/1705/450 443/1706/450 442/1707/450 436/1708/450
f 439/1709/451 385/1710/451 445/1711/451
f 385/1712/452 349/1713/452 446/1714/452 445/1715/452
f 450/1716/453 451/1717/453 452/1718/453 453/1719/453
f 383/1720/454 345/1721/454 451/1722/454 450/1723/454
f 344/1724/455 392/1725/455 345/1726/455
f 395/1727/456 171/1728/456 390/1729/456
f 383/1730/457 395/1731/457 390/1732/457
f 384/1733/458 383/1734/458 390/1735/458
f 345/1736/459 392/1737/459 454/1738/459 451/1739/459
f 395/1740/460 383/1741/460 450/1742/460 455/1743/460
f 392/1744/461 395/1745/461 455/1746/461 454/1747/461
f 453/1748/462 452/1749/462 456/1750/462
f 451/1751/463 454/1752/463 457/1753/463 452/1754/463
f 455/1755/464 450/1756/464 453/1757/464 458/1758/464
f 454/1759/465 455/1760/465 458/1761/465 457/1762/465
f 452/1763/466 457/1764/466 456/1765/466
f 458/1766/467 453/1767/467 456/1768/467
f 457/1769/468 458/1770/468 456/1771/468
f 365/1772/469 459/1773/469 460/1774/469
f 376/1775/470 363/1776/470 366/1777/470 461/1778/470
f 364/1779/471 375/1780/471 459/1781/471 365/1782/471
f 375/1783/472 376/1784/472 461/1785/472 459/1786/472
f 459/1787/473 461/1788/473 460/1789/473
f 461/1790/474 366/1791/474 460/1792/474
f 366/1793/475 365/1794/475 460/1795/475
f 397/1796/476 396/1797/476 340/1798/476 305/1799/476
f 399/1800/477 398/1801/477 352/1802/477 358/1803/477
f 396/1804/478 399/1805/478 358/1806/478 340/1807/478
f 398/1808/479 397/1809/479 305/1810/479 352/1811/479
f 293/1812/480 292/1813/480 66/1814/480 69/1815/480
f 292/1816/481 295/1817/481 303/1818/481 66/1819/481
f 294/1820/482 293/1821/482 69/1822/482 306/1823/482
f 295/1824/483 294/1825/483 306/1826/483 303/1827/483
f 333/1828/484 332/1829/484 331/1830/484 321/1831/484
f 335/1832/485 334/1833/485 340/1834/485 338/1835/485
f 332/1836/486 335/1837/486 338/1838/486 331/1839/486
f 334/1840/487 333/1841/487 321/1842/487 340/1843/487
f 327/1844/488 326/1845/488 290/1846/488 303/1847/488
f 326/1848/489 329/1849/489 320/1850/489 290/1851/489
f 328/1852/490 327/1853/490 303/1854/490 322/1855/490
f 329/1856/491 328/1857/491 322/1858/491 320/1859/491
f 308/1860/492 307/1861/492 64/1862/492 43/1863/492
f 307/1864/493 310/1865/493 302/1866/493 64/1867/493
f 309/1868/494 308/1869/494 43/1870/494 291/1871/494
f 310/1872/495 309/1873/495 291/1874/495 302/1875/495
f 267/1876/496 418/1877/496 419/1878/496 268/1879/496
f 269/1880/497 252/1881/497 412/1882/497 413/1883/497
f 284/1884/498 412/1885/498 251/1886/498
f 412/1887/499 252/1888/499 251/1889/499
f 411/1890/500 273/1891/500 276/1892/500
f 264/1893/501 419/1894/501 420/1895/501 265/1896/501
f 282/1897/502 416/1898/502 280/1899/502
f 277/1900/503 280/1901/503 415/1902/503 411/1903/503
f 285/1904/504 260/1905/504 255/1906/504 286/1907/504
f 261/1908/505 271/1909/505 266/1910/505 256/1911/505
f 462/1912/506 260/1913/506 285/1914/506
f 261/1915/507 260/1916/507 462/1917/507
f 286/1918/508 255/1919/508 257/1920/508
f 278/1921/509 275/1922/509 259/1923/509 285/1924/509
f 271/1925/510 261/1926/510 259/1927/510 258/1928/510
f 261/1929/511 462/1930/511 259/1931/511
f 259/1932/512 462/1933/512 285/1934/512
f 266/1935/513 263/1936/513 262/1937/513 256/1938/513
f 257/1939/514 256/1940/514 262/1941/514
f 283/1942/515 279/1943/515 286/1944/515 262/1945/515
f 286/1946/516 257/1947/516 262/1948/516
f 413/1949/517 414/1950/517 417/1951/517
f 417/1952/518 270/1953/518 413/1954/518
f 202/1955/519 201/1956/519 205/1957/519
f 205/1958/520 201/1959/520 19/1960/520