# Made in Blockbench 5.1.4
mtllib Mo_Arena_Caged.mtl

o mesh
v 7.65625 5.9375 0.375
v 7.65625 5.9375 -0.375
v 7.65625 -0.5625 0.375
v 7.65625 -0.5625 -0.375
v 8.40625 5.9375 0.375
v 8.40625 5.9375 -0.375
v 8.40625 -0.5625 0.375
v 8.40625 -0.5625 -0.375
v 7.75 6.0625 -0.28125
v 7.75 6.0625 0.28125
v 8.3125 6.0625 0.28125
v 8.3125 6.0625 -0.28125
v 7.75 8.65625 -0.28125
v 7.75 8.65625 0.28125
v 8.3125 8.65625 0.28125
v 8.3125 8.65625 -0.28125
v 7.6875 8.78125 -0.34375
v 7.6875 8.78125 0.34375
v 8.375 8.78125 0.34375
v 8.375 8.78125 -0.34375
v 7.6875 9.34375 -0.34375
v 7.6875 9.34375 0.34375
v 8.375 9.34375 0.34375
v 8.375 9.34375 -0.34375
vt 0.6171875 0.8984375
vt 0.6171875 0.8984375
vt 0.6171875 0.8984375
vt 0.6171875 0.8984375
vt 0.6171875 0.8984375
vt 0.6171875 0.8984375
vt 0.6171875 0.8984375
vt 0.6171875 0.8984375
vt 0.6171875 0.90625
vt 0.6171875 0.8984375
vt 0.6171875 0.8984375
vt 0.609375 0.90625
vt 0.6171875 0.8984375
vt 0.6171875 0.8984375
vt 0.6171875 0.8984375
vt 0.6171875 0.8984375
vt 0.6171875 0.8984375
vt 0.6171875 0.8984375
vt 0.6171875 0.8984375
vt 0.6171875 0.8984375
vt 0.6171875 0.8984375
vt 0.6171875 0.8984375
vt 0.6171875 0.8984375
vt 0.6171875 0.8984375
vt 0.6171875 0.8984375
vt 0.6171875 0.8984375
vt 0.6171875 0.8984375
vt 0.6171875 0.8984375
vt 0.6171875 0.8984375
vt 0.6171875 0.8984375
vt 0.6171875 0.8984375
vt 0.6171875 0.8984375
vt 0.6171875 0.8984375
vt 0.6171875 0.8984375
vt 0.6171875 0.8984375
vt 0.6171875 0.8984375
vt 0.6171875 0.8984375
vt 0.6171875 0.8984375
vt 0.6171875 0.8984375
vt 0.6171875 0.8984375
vt 0.140625 0.375
vt 0.140625 0.375
vt 0.140625 0.375
vt 0.140625 0.375
vt 0.140625 0.375
vt 0.140625 0.375
vt 0.140625 0.375
vt 0.140625 0.375
vt 0.140625 0.375
vt 0.140625 0.375
vt 0.140625 0.375
vt 0.140625 0.375
vt 0.140625 0.375
vt 0.140625 0.375
vt 0.140625 0.375
vt 0.140625 0.375
vt 0.6171875 0.8984375
vt 0.6171875 0.8984375
vt 0.6171875 0.8984375
vt 0.6171875 0.8984375
vt 0.6171875 0.8984375
vt 0.6171875 0.8984375
vt 0.6171875 0.8984375
vt 0.6171875 0.8984375
vt 0.609375 0.8984375
vt 0.6171875 0.8984375
vt 0.6171875 0.8984375
vt 0.6171875 0.8984375
vt 0.6171875 0.8984375
vt 0.609375 0.8984375
vt 0.6171875 0.8984375
vt 0.6171875 0.8984375
vt 0.6171875 0.8984375
vt 0.6171875 0.90625
vt 0.6171875 0.8984375
vt 0.6171875 0.8984375
vt 0.6171875 0.8984375
vt 0.6171875 0.8984375
vt 0.6171875 0.8984375
vt 0.6171875 0.8984375
vt 0.609375 0.90625
vt 0.6171875 0.8984375
vt 0.6171875 0.8984375
vt 0.609375 0.8984375
vt 0.6171875 0.90625
vt 0.609375 0.90625
vt 0.609375 0.8984375
vt 0.6171875 0.8984375
vn -1 0 0
vn 1 0 0
vn 0 1 0
vn 0 -1 0
vn 0 0 1
vn 0 0 -1
vn -0.8 0.6 0
vn 0 0.6 0.8
vn 0.8 0.6 0
vn 0 0.6 -0.8
vn -1 0 0
vn 0 0 1
vn 1 0 0
vn 0 0 -1
vn -0.8944271909999161 -0.44721359549995804 0
vn 0 -0.44721359549995804 0.8944271909999161
vn 0.8944271909999161 -0.44721359549995804 0
vn 0 -0.44721359549995804 -0.8944271909999161
vn -1 0 0
vn 0 0 1
vn 1 0 0
vn 0 0 -1
usemtl m_2b2838a1-613f-47c3-8674-742b57c63691
f 3/1/1 1/2/1 2/3/1 4/4/1
f 6/5/2 5/6/2 7/7/2 8/8/2
f 21/9/3 22/10/3 23/11/3 24/12/3
f 7/13/4 3/14/4 4/15/4 8/16/4
f 5/17/5 1/18/5 3/19/5 7/20/5
f 4/21/6 2/22/6 6/23/6 8/24/6
f 10/25/7 9/26/7 2/27/7 1/28/7
f 11/29/8 10/30/8 1/31/8 5/32/8
f 12/33/9 11/34/9 5/35/9 6/36/9
f 9/37/10 12/38/10 6/39/10 2/40/10
f 14/41/11 13/42/11 9/43/11 10/44/11
f 15/45/12 14/46/12 10/47/12 11/48/12
f 16/49/13 15/50/13 11/51/13 12/52/13
f 13/53/14 16/54/14 12/55/14 9/56/14
f 18/57/15 17/58/15 13/59/15 14/60/15
f 19/61/16 18/62/16 14/63/16 15/64/16
f 20/65/17 19/66/17 15/67/17 16/68/17
f 17/69/18 20/70/18 16/71/18 13/72/18
f 22/73/19 21/74/19 17/75/19 18/76/19
f 23/77/20 22/78/20 18/79/20 19/80/20
f 24/81/21 23/82/21 19/83/21 20/84/21
f 21/85/22 24/86/22 20/87/22 17/88/22
o mesh
v 5.956189881604791 5.1875 6.118082266075096
v 6.132966576901428 5.1875 5.94130557077846
v 5.956189881604791 1.8125 6.118082266075096
v 6.132966576901428 1.8125 5.94130557077846
v 5.779413186308155 5.1875 5.94130557077846
v 5.956189881604791 5.1875 5.764528875481823
v 5.779413186308155 1.8125 5.94130557077846
v 5.956189881604791 1.8125 5.764528875481823
vt 0.921875 0.875
vt 0.9296875 0.8671875
vt 0.9296875 0.8671875
vt 0.921875 0.8671875
vt 0.9296875 0.8671875
vt 0.9296875 0.8671875
vt 0.9296875 0.875
vt 0.9296875 0.8671875
vt 0.9296875 0.8671875
vt 0.9296875 0.8671875
vt 0.921875 0.875
vt 0.9296875 0.875
vt 0.921875 0.8671875
vt 0.9296875 0.8671875
vt 0.9296875 0.8671875
vt 0.9296875 0.8671875
vt 0.9296875 0.8671875
vt 0.9296875 0.8671875
vt 0.9296875 0.8671875
vt 0.9296875 0.8671875
vt 0.9296875 0.875
vt 0.921875 0.875
vt 0.921875 0.8671875
vt 0.9296875 0.8671875
vn 0.7071067811865476 0 0.7071067811865475
vn -0.7071067811865476 0 -0.7071067811865475
vn 0 1 0
vn 0 -1 0
vn -0.7071067811865475 0 0.7071067811865476
vn 0.7071067811865475 0 -0.7071067811865476
usemtl m_2b2838a1-613f-47c3-8674-742b57c63691
f 26/89/23 25/90/23 27/91/23 28/92/23
f 31/93/24 29/94/24 30/95/24 32/96/24
f 29/97/25 25/98/25 26/99/25 30/100/25
f 28/101/26 27/102/26 31/103/26 32/104/26
f 27/105/27 25/106/27 29/107/27 31/108/27
f 30/109/28 26/110/28 28/111/28 32/112/28
o mesh
v 6.634392045988161 5.1875 5.231854631551724
v 6.786582403240341 5.1875 5.033516296478915
v 6.634392045988161 1.8125 5.231854631551724
v 6.786582403240341 1.8125 5.033516296478915
v 6.436053710915352 5.1875 5.079664274299544
v 6.588244068167532 5.1875 4.881325939226735
v 6.436053710915352 1.8125 5.079664274299544
v 6.588244068167532 1.8125 4.881325939226735
vt 0.875 0.859375
vt 0.8828125 0.8515625
vt 0.8828125 0.8515625
vt 0.875 0.8515625
vt 0.8828125 0.8515625
vt 0.8828125 0.8515625
vt 0.8828125 0.859375
vt 0.8828125 0.8515625
vt 0.8828125 0.8515625
vt 0.8828125 0.8515625
vt 0.875 0.859375
vt 0.8828125 0.859375
vt 0.875 0.8515625
vt 0.8828125 0.8515625
vt 0.8828125 0.8515625
vt 0.8828125 0.8515625
vt 0.8828125 0.8515625
vt 0.8828125 0.8515625
vt 0.8828125 0.8515625
vt 0.8828125 0.8515625
vt 0.8828125 0.859375
vt 0.875 0.859375
vt 0.875 0.8515625
vt 0.8828125 0.8515625
vn 0.7933533402912352 0 0.6087614290087205
vn -0.7933533402912352 0 -0.6087614290087205
vn 0 1 0
vn 0 -1 0
vn -0.6087614290087205 0 0.7933533402912352
vn 0.6087614290087205 0 -0.7933533402912352
usemtl m_2b2838a1-613f-47c3-8674-742b57c63691
f 34/113/29 33/114/29 35/115/29 36/116/29
f 39/117/30 37/118/30 38/119/30 40/120/30
f 37/121/31 33/122/31 34/123/31 38/124/31
f 36/125/32 35/126/32 39/127/32 40/128/32
f 35/129/33 33/130/33 37/131/33 39/132/33
f 38/133/34 34/134/34 36/135/34 40/136/34
o mesh
v 5.108356366275312 5.1875 6.795095320725393
v 5.306694701348121 5.1875 6.642904963473213
v 5.108356366275312 1.8125 6.795095320725393
v 5.306694701348121 1.8125 6.642904963473213
v 4.956166009023132 5.1875 6.596756985652584
v 5.154504344095941 5.1875 6.444566628400404
v 4.956166009023132 1.8125 6.596756985652584
v 5.154504344095941 1.8125 6.444566628400404
vt 0.875 0.90625
vt 0.8828125 0.8984375
vt 0.8828125 0.8984375
vt 0.875 0.8984375
vt 0.8828125 0.8984375
vt 0.8828125 0.8984375
vt 0.8828125 0.90625
vt 0.8828125 0.8984375
vt 0.8828125 0.8984375
vt 0.8828125 0.8984375
vt 0.875 0.90625
vt 0.8828125 0.90625
vt 0.875 0.8984375
vt 0.8828125 0.8984375
vt 0.8828125 0.8984375
vt 0.8828125 0.8984375
vt 0.8828125 0.8984375
vt 0.8828125 0.8984375
vt 0.8828125 0.8984375
vt 0.8828125 0.8984375
vt 0.8828125 0.90625
vt 0.875 0.90625
vt 0.875 0.8984375
vt 0.8828125 0.8984375
vn 0.6087614290087208 0 0.7933533402912352
vn -0.6087614290087208 0 -0.7933533402912352
vn 0 1 0
vn 0 -1 0
vn -0.7933533402912352 0 0.6087614290087208
vn 0.7933533402912352 0 -0.6087614290087208
usemtl m_2b2838a1-613f-47c3-8674-742b57c63691
f 42/137/35 41/138/35 43/139/35 44/140/35
f 47/141/36 45/142/36 46/143/36 48/144/36
f 45/145/37 41/146/37 42/147/37 46/148/37
f 44/149/38 43/150/38 47/151/38 48/152/38
f 43/153/39 41/154/39 45/155/39 47/156/39
f 46/157/40 42/158/40 44/159/40 48/160/40
o mesh
v 6.4564904735808355 5.9375 4.1372595264191645
v 6.8314904735808355 5.9375 3.4877404735808355
v 6.4564904735808355 -0.5625 4.1372595264191645
v 6.8314904735808355 -0.5625 3.4877404735808355
v 7.1060095264191645 5.9375 4.5122595264191645
v 7.4810095264191645 5.9375 3.8627404735808355
v 7.1060095264191645 -0.5625 4.5122595264191645
v 7.4810095264191645 -0.5625 3.8627404735808355
v 6.865805355185627 6.0625 3.6158053551856266
v 6.584555355185627 6.0625 4.102944644814373
v 7.071694644814373 6.0625 4.384194644814373
v 7.352944644814373 6.0625 3.8970553551856266
v 6.865805355185627 8.65625 3.6158053551856266
v 6.584555355185627 8.65625 4.102944644814373
v 7.071694644814373 8.65625 4.384194644814373
v 7.352944644814373 8.65625 3.8970553551856266
v 6.8429287674490995 8.78125 3.530428767449099
v 6.4991787674490995 8.78125 4.1258212325509005
v 7.0945712325509005 8.78125 4.4695712325509005
v 7.4383212325509005 8.78125 3.874178767449099
v 6.8429287674490995 9.34375 3.530428767449099
v 6.4991787674490995 9.34375 4.1258212325509005
v 7.0945712325509005 9.34375 4.4695712325509005
v 7.4383212325509005 9.34375 3.874178767449099
v 7.3872595264191645 5.03125 4.025120236790418
v 7.1997595264191645 5.03125 4.349879763209582
v 7.1997595264191645 1.0625 4.349879763209582
v 7.3872595264191645 1.0625 4.025120236790418
v 10.364221851928173 5.03125 5.743870236790418
v 10.176721851928173 5.03125 6.068629763209582
v 10.176721851928173 1.0625 6.068629763209582
v 10.364221851928173 1.0625 5.743870236790418
v -6.4564904735808355 5.9375 4.1372595264191645
v -6.8314904735808355 5.9375 3.4877404735808364
v -6.4564904735808355 -0.5625 4.1372595264191645
v -6.8314904735808355 -0.5625 3.4877404735808364
v -7.1060095264191645 5.9375 4.5122595264191645
v -7.4810095264191645 5.9375 3.8627404735808364
v -7.1060095264191645 -0.5625 4.5122595264191645
v -7.4810095264191645 -0.5625 3.8627404735808364
v -6.865805355185627 6.0625 3.6158053551856266
v -6.584555355185627 6.0625 4.102944644814373
v -7.071694644814373 6.0625 4.384194644814373
v -7.352944644814373 6.0625 3.8970553551856266
v -6.865805355185627 8.65625 3.6158053551856266
v -6.584555355185627 8.65625 4.102944644814373
v -7.071694644814373 8.65625 4.384194644814373
v -7.352944644814373 8.65625 3.8970553551856266
v -6.842928767449099 8.78125 3.5304287674491004
v -6.499178767449102 8.78125 4.1258212325509005
v -7.0945712325509 8.78125 4.469571232550901
v -7.4383212325509 8.78125 3.8741787674490995
v -6.842928767449099 9.34375 3.5304287674491004
v -6.499178767449102 9.34375 4.1258212325509005
v -7.0945712325509 9.34375 4.469571232550901
v -7.4383212325509 9.34375 3.8741787674490995
v -7.3872595264191645 5.03125 4.025120236790418
v -7.1997595264191645 5.03125 4.349879763209582
v -7.1997595264191645 1.0625 4.349879763209582
v -7.3872595264191645 1.0625 4.025120236790418
v -10.364221851928171 5.03125 5.743870236790418
v -10.176721851928171 5.03125 6.068629763209582
v -10.176721851928171 1.0625 6.068629763209582
v -10.364221851928171 1.0625 5.743870236790418
v -3.4877404735808355 5.9375 6.8314904735808355
v -4.1372595264191645 5.9375 6.4564904735808355
v -3.4877404735808355 -0.5625 6.8314904735808355
v -4.1372595264191645 -0.5625 6.4564904735808355
v -3.8627404735808355 5.9375 7.481009526419165
v -4.5122595264191645 5.9375 7.1060095264191645
v -3.8627404735808355 -0.5625 7.481009526419165
v -4.5122595264191645 -0.5625 7.1060095264191645
v -4.102944644814373 6.0625 6.584555355185627
v -3.6158053551856284 6.0625 6.865805355185627
v -3.8970553551856284 6.0625 7.352944644814374
v -4.384194644814372 6.0625 7.071694644814373
v -4.102944644814373 8.65625 6.584555355185627
v -3.6158053551856284 8.65625 6.865805355185627
v -3.8970553551856284 8.65625 7.352944644814374
v -4.384194644814372 8.65625 7.071694644814373
v -4.125821232550901 8.78125 6.499178767449101
v -3.5304287674491004 8.78125 6.8429287674491
v -3.8741787674490986 8.78125 7.4383212325509005
v -4.469571232550901 8.78125 7.094571232550902
v -4.125821232550901 9.34375 6.499178767449101
v -3.5304287674491004 9.34375 6.8429287674491
v -3.8741787674490986 9.34375 7.4383212325509005
v -4.469571232550901 9.34375 7.094571232550902
v -4.349879763209582 5.03125 7.199759526419166
v -4.025120236790418 5.03125 7.387259526419166
v -4.025120236790418 1.0625 7.387259526419166
v -4.349879763209582 1.0625 7.199759526419166
v -6.068629763209582 5.03125 10.176721851928171
v -5.743870236790418 5.03125 10.364221851928171
v -5.743870236790418 1.0625 10.364221851928171
v -6.068629763209582 1.0625 10.176721851928171
v -0.375 5.9375 7.656250000000002
v 0.375 5.9375 7.656250000000002
v -0.375 -0.5625 7.656250000000002
v 0.375 -0.5625 7.656250000000002
v -0.375 5.9375 8.40625
v 0.375 5.9375 8.40625
v -0.375 -0.5625 8.40625
v 0.375 -0.5625 8.40625
v 0.28125 6.0625 7.750000000000002
v -0.28125 6.0625 7.750000000000002
v -0.28125 6.0625 8.3125
v 0.28125 6.0625 8.3125
v 0.28125 8.65625 7.750000000000002
v -0.28125 8.65625 7.750000000000002
v -0.28125 8.65625 8.3125
v 0.28125 8.65625 8.3125
v 0.34375 8.78125 7.687500000000001
v -0.34375 8.78125 7.687500000000002
v -0.34375 8.78125 8.375
v 0.34375 8.78125 8.375
v 0.34375 9.34375 7.687500000000001
v -0.34375 9.34375 7.687500000000002
v -0.34375 9.34375 8.375
v 0.34375 9.34375 8.375
v 0.1875 5.03125 8.40625
v -0.1875 5.03125 8.40625
v -0.1875 1.0625 8.40625
v 0.1875 1.0625 8.40625
v 0.1875000000000009 5.03125 11.843750000000002
v -0.1874999999999991 5.03125 11.843750000000002
v -0.1874999999999991 1.0625 11.843750000000002
v 0.1875000000000009 1.0625 11.843750000000002
v 3.4877404735808364 5.9375 6.8314904735808355
v 4.1372595264191645 5.9375 6.4564904735808355
v 3.4877404735808364 -0.5625 6.8314904735808355
v 4.1372595264191645 -0.5625 6.4564904735808355
v 3.8627404735808364 5.9375 7.4810095264191645
v 4.5122595264191645 5.9375 7.1060095264191645
v 3.8627404735808364 -0.5625 7.4810095264191645
v 4.5122595264191645 -0.5625 7.1060095264191645
v 4.102944644814373 6.0625 6.584555355185627
v 3.6158053551856275 6.0625 6.865805355185627
v 3.897055355185626 6.0625 7.352944644814373
v 4.3841946448143725 6.0625 7.071694644814374
v 4.102944644814373 8.65625 6.584555355185627
v 3.6158053551856275 8.65625 6.865805355185627
v 3.897055355185626 8.65625 7.352944644814373
v 4.3841946448143725 8.65625 7.071694644814374
v 4.125821232550901 8.78125 6.4991787674491
v 3.5304287674490995 8.78125 6.8429287674491
v 3.8741787674490995 8.78125 7.438321232550901
v 4.469571232550902 8.78125 7.094571232550902
v 4.125821232550901 9.34375 6.4991787674491
v 3.5304287674490995 9.34375 6.8429287674491
v 3.8741787674490995 9.34375 7.438321232550901
v 4.469571232550902 9.34375 7.094571232550902
v 4.349879763209582 5.03125 7.199759526419165
v 4.025120236790418 5.03125 7.387259526419165
v 4.025120236790418 1.0625 7.387259526419165
v 4.349879763209582 1.0625 7.199759526419165
v 6.068629763209582 5.03125 10.176721851928171
v 5.743870236790418 5.03125 10.364221851928171
v 5.743870236790418 1.0625 10.364221851928171
v 6.068629763209582 1.0625 10.176721851928171
v -6.634392045988161 5.1875 5.231854631551725
v -6.78658240324034 5.1875 5.033516296478916
v -6.634392045988161 1.8125 5.231854631551725
v -6.78658240324034 1.8125 5.033516296478916
v -6.436053710915351 5.1875 5.079664274299545
v -6.588244068167532 5.1875 4.881325939226736
v -6.436053710915351 1.8125 5.079664274299545
v -6.588244068167532 1.8125 4.881325939226736
v -5.956189881604791 5.1875 6.118082266075096
v -6.132966576901428 5.1875 5.94130557077846
v -5.956189881604791 1.8125 6.118082266075096
v -6.132966576901428 1.8125 5.94130557077846
v -5.779413186308153 5.1875 5.941305570778461
v -5.956189881604791 5.1875 5.764528875481823
v -5.779413186308153 1.8125 5.941305570778461
v -5.956189881604791 1.8125 5.764528875481823
v -5.108356366275313 5.1875 6.795095320725393
v -5.306694701348121 5.1875 6.642904963473215
v -5.108356366275313 1.8125 6.795095320725393
v -5.306694701348121 1.8125 6.642904963473215
v -4.956166009023132 5.1875 6.5967569856525845
v -5.15450434409594 5.1875 6.444566628400404
v -4.956166009023132 1.8125 6.5967569856525845
v -5.15450434409594 1.8125 6.444566628400404
v -2.7159857103712532 5.03125 11.608993864646726
v -2.1063101183952107 5.03125 7.896754763209582
v -7.872976399544921 5.03125 8.627683746251513
v -5.774819644814373 5.03125 5.774819644814375
v 2.106310118395209 5.03125 7.896754763209583
v 3.2153845264191654 5.03125 11.608993864646722
v 5.774819644814373 5.03125 5.774819644814373
v 8.372375215592832 5.03125 8.627683746251513
vt 0.6328125 0.9140625
vt 0.6328125 0.9140625
vt 0.6328125 0.9140625
vt 0.6328125 0.9140625
vt 0.6328125 0.921875
vt 0.6328125 0.9140625
vt 0.6328125 0.9140625
vt 0.625 0.921875
vt 0.6328125 0.9140625
vt 0.6328125 0.9140625
vt 0.6328125 0.9140625
vt 0.6328125 0.9140625
vt 0.6328125 0.9140625
vt 0.6328125 0.9140625
vt 0.6328125 0.9140625
vt 0.6328125 0.9140625
vt 0.6328125 0.9140625
vt 0.6328125 0.9140625
vt 0.6328125 0.9140625
vt 0.6328125 0.9140625
vt 0.6328125 0.9140625
vt 0.6328125 0.9140625
vt 0.6328125 0.9140625
vt 0.6328125 0.9140625
vt 0.6328125 0.9140625
vt 0.6328125 0.9140625
vt 0.6328125 0.9140625
vt 0.6328125 0.9140625
vt 0.6328125 0.9140625
vt 0.6328125 0.9140625
vt 0.6328125 0.9140625
vt 0.6328125 0.9140625
vt 0.6328125 0.9140625
vt 0.6328125 0.9140625
vt 0.6328125 0.9140625
vt 0.6328125 0.9140625
vt 0.6328125 0.9140625
vt 0.6328125 0.9140625
vt 0.6328125 0.9140625
vt 0.6328125 0.9140625
vt 0.109375 0.375
vt 0.109375 0.375
vt 0.109375 0.375
vt 0.109375 0.375
vt 0.109375 0.375
vt 0.109375 0.375
vt 0.109375 0.375
vt 0.109375 0.375
vt 0.109375 0.375
vt 0.109375 0.375
vt 0.109375 0.375
vt 0.109375 0.375
vt 0.109375 0.375
vt 0.109375 0.375
vt 0.109375 0.375
vt 0.109375 0.375
vt 0.6328125 0.9140625
vt 0.6328125 0.9140625
vt 0.6328125 0.9140625
vt 0.6328125 0.9140625
vt 0.6328125 0.9140625
vt 0.6328125 0.9140625
vt 0.6328125 0.9140625
vt 0.6328125 0.9140625
vt 0.6328125 0.9140625
vt 0.6328125 0.9140625
vt 0.6328125 0.9140625
vt 0.6328125 0.9140625
vt 0.6328125 0.9140625
vt 0.6328125 0.9140625
vt 0.6328125 0.9140625
vt 0.6328125 0.9140625
vt 0.6328125 0.9140625
vt 0.6328125 0.9140625
vt 0.6328125 0.9140625
vt 0.6328125 0.9140625
vt 0.6328125 0.9140625
vt 0.6328125 0.9140625
vt 0.6328125 0.9140625
vt 0.6328125 0.9140625
vt 0.6328125 0.9140625
vt 0.6328125 0.9140625
vt 0.6328125 0.9140625
vt 0.6328125 0.9140625
vt 0.6328125 0.9140625
vt 0.6328125 0.9140625
vt 0.6328125 0.9140625
vt 0.6328125 0.9140625
vt 0.6328125 0.9140625
vt 0.6328125 0.9140625
vt 0.6328125 0.9140625
vt 0.6328125 0.9140625
vt 0.6328125 0.9140625
vt 0.6328125 0.9140625
vt 0.6328125 0.9140625
vt 0.6328125 0.9140625
vt 0.625 0.9140625
vt 0.6328125 0.9140625
vt 0.6328125 0.9140625
vt 0.6328125 0.9140625
vt 0.6328125 0.9140625
vt 0.625 0.9140625
vt 0.6328125 0.9140625
vt 0.6328125 0.9140625
vt 0.6328125 0.9140625
vt 0.6328125 0.921875
vt 0.6328125 0.9140625
vt 0.6328125 0.9140625
vt 0.6328125 0.9140625
vt 0.6328125 0.9140625
vt 0.6328125 0.9140625
vt 0.6328125 0.9140625
vt 0.625 0.921875
vt 0.6328125 0.9140625
vt 0.6328125 0.9140625
vt 0.625 0.9140625
vt 0.6328125 0.921875
vt 0.625 0.921875
vt 0.625 0.9140625
vt 0.6328125 0.9140625
vt 0.6640625 0.8671875
vt 0.6640625 0.8671875
vt 0.6640625 0.8671875
vt 0.6640625 0.8671875
vt 0.6640625 0.8671875
vt 0.6640625 0.8671875
vt 0.65625 0.8671875
vt 0.65625 0.875
vt 0.6640625 0.8671875
vt 0.6640625 0.8671875
vt 0.6640625 0.8671875
vt 0.6640625 0.8671875
vt 0.6640625 0.8671875
vt 0.6640625 0.8671875
vt 0.6640625 0.8671875
vt 0.6640625 0.8671875
vt 0.6640625 0.8671875
vt 0.6640625 0.8671875
vt 0.6640625 0.8671875
vt 0.6640625 0.8671875
vt 0.6640625 0.8671875
vt 0.6640625 0.8671875
vt 0.6640625 0.8671875
vt 0.6640625 0.8671875
vt 0.6640625 0.8671875
vt 0.6640625 0.8671875
vt 0.6640625 0.8671875
vt 0.6640625 0.8671875
vt 0.6640625 0.8671875
vt 0.6640625 0.8671875
vt 0.6640625 0.8671875
vt 0.6640625 0.8671875
vt 0.6640625 0.8671875
vt 0.6640625 0.8671875
vt 0.6640625 0.8671875
vt 0.6640625 0.8671875
vt 0.6640625 0.8671875
vt 0.6640625 0.8671875
vt 0.6640625 0.8671875
vt 0.6640625 0.8671875
vt 0.15625 0.421875
vt 0.15625 0.421875
vt 0.15625 0.421875
vt 0.15625 0.421875
vt 0.15625 0.421875
vt 0.15625 0.421875
vt 0.15625 0.421875
vt 0.15625 0.421875
vt 0.15625 0.421875
vt 0.15625 0.421875
vt 0.15625 0.421875
vt 0.15625 0.421875
vt 0.15625 0.421875
vt 0.15625 0.421875
vt 0.15625 0.421875
vt 0.15625 0.421875
vt 0.6640625 0.8671875
vt 0.6640625 0.8671875
vt 0.6640625 0.8671875
vt 0.6640625 0.8671875
vt 0.6640625 0.8671875
vt 0.6640625 0.8671875
vt 0.6640625 0.8671875
vt 0.6640625 0.8671875
vt 0.6640625 0.8671875
vt 0.6640625 0.8671875
vt 0.6640625 0.8671875
vt 0.6640625 0.8671875
vt 0.6640625 0.8671875
vt 0.6640625 0.8671875
vt 0.6640625 0.8671875
vt 0.6640625 0.8671875
vt 0.6640625 0.8671875
vt 0.6640625 0.8671875
vt 0.6640625 0.8671875
vt 0.6640625 0.8671875
vt 0.6640625 0.8671875
vt 0.6640625 0.8671875
vt 0.6640625 0.8671875
vt 0.6640625 0.8671875
vt 0.6640625 0.8671875
vt 0.6640625 0.8671875
vt 0.6640625 0.8671875
vt 0.6640625 0.8671875
vt 0.6640625 0.8671875
vt 0.6640625 0.8671875
vt 0.6640625 0.8671875
vt 0.6640625 0.8671875
vt 0.6640625 0.8671875
vt 0.6640625 0.8671875
vt 0.6640625 0.8671875
vt 0.6640625 0.8671875
vt 0.6640625 0.8671875
vt 0.6640625 0.8671875
vt 0.6640625 0.8671875
vt 0.6640625 0.8671875
vt 0.6640625 0.8671875
vt 0.6640625 0.8671875
vt 0.6640625 0.875
vt 0.6640625 0.8671875
vt 0.6640625 0.8671875
vt 0.6640625 0.875
vt 0.6640625 0.8671875
vt 0.6640625 0.8671875
vt 0.6640625 0.8671875
vt 0.65625 0.8671875
vt 0.6640625 0.8671875
vt 0.6640625 0.8671875
vt 0.6640625 0.8671875
vt 0.6640625 0.8671875
vt 0.6640625 0.8671875
vt 0.6640625 0.8671875
vt 0.6640625 0.8671875
vt 0.6640625 0.8671875
vt 0.65625 0.875
vt 0.6640625 0.875
vt 0.6640625 0.875
vt 0.65625 0.875
vt 0.65625 0.8671875
vt 0.6640625 0.8671875
vt 0.5859375 0.8828125
vt 0.5859375 0.8828125
vt 0.5859375 0.8828125
vt 0.5859375 0.8828125
vt 0.5859375 0.8828125
vt 0.5859375 0.8828125
vt 0.578125 0.8828125
vt 0.578125 0.890625
vt 0.5859375 0.8828125
vt 0.5859375 0.8828125
vt 0.5859375 0.8828125
vt 0.5859375 0.8828125
vt 0.5859375 0.8828125
vt 0.5859375 0.8828125
vt 0.5859375 0.8828125
vt 0.5859375 0.8828125
vt 0.5859375 0.8828125
vt 0.5859375 0.8828125
vt 0.5859375 0.8828125
vt 0.5859375 0.8828125
vt 0.5859375 0.8828125
vt 0.5859375 0.8828125
vt 0.5859375 0.8828125
vt 0.5859375 0.8828125
vt 0.5859375 0.8828125
vt 0.5859375 0.8828125
vt 0.5859375 0.8828125
vt 0.5859375 0.8828125
vt 0.5859375 0.8828125
vt 0.5859375 0.8828125
vt 0.5859375 0.8828125
vt 0.5859375 0.8828125
vt 0.5859375 0.8828125
vt 0.5859375 0.8828125
vt 0.5859375 0.8828125
vt 0.5859375 0.8828125
vt 0.5859375 0.8828125
vt 0.5859375 0.8828125
vt 0.5859375 0.8828125
vt 0.5859375 0.8828125
vt 0.1875 0.390625
vt 0.1875 0.390625
vt 0.1875 0.390625
vt 0.1875 0.390625
vt 0.1875 0.390625
vt 0.1875 0.390625
vt 0.1875 0.390625
vt 0.1875 0.390625
vt 0.1875 0.390625
vt 0.1875 0.390625
vt 0.1875 0.390625
vt 0.1875 0.390625
vt 0.1875 0.390625
vt 0.1875 0.390625
vt 0.1875 0.390625
vt 0.1875 0.390625
vt 0.5859375 0.8828125
vt 0.5859375 0.8828125
vt 0.5859375 0.8828125
vt 0.5859375 0.8828125
vt 0.5859375 0.8828125
vt 0.5859375 0.8828125
vt 0.5859375 0.8828125
vt 0.5859375 0.8828125
vt 0.5859375 0.8828125
vt 0.5859375 0.8828125
vt 0.5859375 0.8828125
vt 0.5859375 0.8828125
vt 0.5859375 0.8828125
vt 0.5859375 0.8828125
vt 0.5859375 0.8828125
vt 0.5859375 0.8828125
vt 0.5859375 0.8828125
vt 0.5859375 0.8828125
vt 0.5859375 0.8828125
vt 0.5859375 0.8828125
vt 0.5859375 0.8828125
vt 0.5859375 0.8828125
vt 0.5859375 0.8828125
vt 0.5859375 0.8828125
vt 0.5859375 0.8828125
vt 0.5859375 0.8828125
vt 0.5859375 0.8828125
vt 0.5859375 0.8828125
vt 0.5859375 0.8828125
vt 0.5859375 0.8828125
vt 0.5859375 0.8828125
vt 0.5859375 0.8828125
vt 0.5859375 0.8828125
vt 0.5859375 0.8828125
vt 0.5859375 0.8828125
vt 0.5859375 0.8828125
vt 0.5859375 0.8828125
vt 0.5859375 0.8828125
vt 0.5859375 0.8828125
vt 0.5859375 0.8828125
vt 0.5859375 0.8828125
vt 0.5859375 0.8828125
vt 0.5859375 0.890625
vt 0.5859375 0.8828125
vt 0.5859375 0.8828125
vt 0.5859375 0.890625
vt 0.5859375 0.8828125
vt 0.5859375 0.8828125
vt 0.5859375 0.8828125
vt 0.578125 0.8828125
vt 0.5859375 0.8828125
vt 0.5859375 0.8828125
vt 0.5859375 0.8828125
vt 0.5859375 0.8828125
vt 0.5859375 0.8828125
vt 0.5859375 0.8828125
vt 0.5859375 0.8828125
vt 0.5859375 0.8828125
vt 0.578125 0.890625
vt 0.5859375 0.890625
vt 0.5859375 0.890625
vt 0.578125 0.890625
vt 0.578125 0.8828125
vt 0.5859375 0.8828125
vt 0.55859375 0.87890625
vt 0.55859375 0.87890625
vt 0.55859375 0.87890625
vt 0.55859375 0.87890625
vt 0.55859375 0.88671875
vt 0.55859375 0.87890625
vt 0.55859375 0.87890625
vt 0.55078125 0.88671875
vt 0.55859375 0.87890625
vt 0.55859375 0.87890625
vt 0.55859375 0.87890625
vt 0.55859375 0.87890625
vt 0.55859375 0.87890625
vt 0.55859375 0.87890625
vt 0.55859375 0.87890625
vt 0.55859375 0.87890625
vt 0.55859375 0.87890625
vt 0.55859375 0.87890625
vt 0.55859375 0.87890625
vt 0.55859375 0.87890625
vt 0.55859375 0.87890625
vt 0.55859375 0.87890625
vt 0.55859375 0.87890625
vt 0.55859375 0.87890625
vt 0.55859375 0.87890625
vt 0.55859375 0.87890625
vt 0.55859375 0.87890625
vt 0.55859375 0.87890625
vt 0.55859375 0.87890625
vt 0.55859375 0.87890625
vt 0.55859375 0.87890625
vt 0.55859375 0.87890625
vt 0.55859375 0.87890625
vt 0.55859375 0.87890625
vt 0.55859375 0.87890625
vt 0.55859375 0.87890625
vt 0.55859375 0.87890625
vt 0.55859375 0.87890625
vt 0.55859375 0.87890625
vt 0.55859375 0.87890625
vt 0.15625 0.4375
vt 0.15625 0.4375
vt 0.15625 0.4375
vt 0.15625 0.4375
vt 0.15625 0.4375
vt 0.15625 0.4375
vt 0.15625 0.4375
vt 0.15625 0.4375
vt 0.15625 0.4375
vt 0.15625 0.4375
vt 0.15625 0.4375
vt 0.15625 0.4375
vt 0.15625 0.4375
vt 0.15625 0.4375
vt 0.15625 0.4375
vt 0.15625 0.4375
vt 0.55859375 0.87890625
vt 0.55859375 0.87890625
vt 0.55859375 0.87890625
vt 0.55859375 0.87890625
vt 0.55859375 0.87890625
vt 0.55859375 0.87890625
vt 0.55859375 0.87890625
vt 0.55859375 0.87890625
vt 0.55859375 0.87890625
vt 0.55859375 0.87890625
vt 0.55859375 0.87890625
vt 0.55859375 0.87890625
vt 0.55859375 0.87890625
vt 0.55859375 0.87890625
vt 0.55859375 0.87890625
vt 0.55859375 0.87890625
vt 0.55859375 0.87890625
vt 0.55859375 0.87890625
vt 0.55859375 0.87890625
vt 0.55859375 0.87890625
vt 0.55859375 0.87890625
vt 0.55859375 0.87890625
vt 0.55859375 0.87890625
vt 0.55859375 0.87890625
vt 0.55859375 0.87890625
vt 0.55859375 0.87890625
vt 0.55859375 0.87890625
vt 0.55859375 0.87890625
vt 0.55859375 0.87890625
vt 0.55859375 0.87890625
vt 0.55859375 0.87890625
vt 0.55859375 0.87890625
vt 0.55859375 0.87890625
vt 0.55859375 0.87890625
vt 0.55859375 0.87890625
vt 0.55859375 0.87890625
vt 0.55859375 0.87890625
vt 0.55859375 0.87890625
vt 0.55859375 0.87890625
vt 0.55859375 0.87890625
vt 0.55078125 0.87890625
vt 0.55859375 0.87890625
vt 0.55859375 0.87890625
vt 0.55859375 0.87890625
vt 0.55859375 0.87890625
vt 0.55078125 0.87890625
vt 0.55859375 0.87890625
vt 0.55859375 0.87890625
vt 0.55859375 0.87890625
vt 0.55859375 0.88671875
vt 0.55859375 0.87890625
vt 0.55859375 0.87890625
vt 0.55859375 0.87890625
vt 0.55859375 0.87890625
vt 0.55859375 0.87890625
vt 0.55859375 0.87890625
vt 0.55078125 0.88671875
vt 0.55859375 0.87890625
vt 0.55859375 0.87890625
vt 0.55078125 0.87890625
vt 0.55859375 0.88671875
vt 0.55078125 0.88671875
vt 0.55078125 0.87890625
vt 0.55859375 0.87890625
vt 0.5859375 0.8828125
vt 0.5859375 0.8828125
vt 0.5859375 0.8828125
vt 0.5859375 0.8828125
vt 0.5859375 0.890625
vt 0.5859375 0.8828125
vt 0.5859375 0.8828125
vt 0.578125 0.890625
vt 0.5859375 0.8828125
vt 0.5859375 0.8828125
vt 0.5859375 0.8828125
vt 0.5859375 0.8828125
vt 0.5859375 0.8828125
vt 0.5859375 0.8828125
vt 0.5859375 0.8828125
vt 0.5859375 0.8828125
vt 0.5859375 0.8828125
vt 0.5859375 0.8828125
vt 0.5859375 0.8828125
vt 0.5859375 0.8828125
vt 0.5859375 0.8828125
vt 0.5859375 0.8828125
vt 0.5859375 0.8828125
vt 0.5859375 0.8828125
vt 0.5859375 0.8828125
vt 0.5859375 0.8828125
vt 0.5859375 0.8828125
vt 0.5859375 0.8828125
vt 0.5859375 0.8828125
vt 0.5859375 0.8828125
vt 0.5859375 0.8828125
vt 0.5859375 0.8828125
vt 0.5859375 0.8828125
vt 0.5859375 0.8828125
vt 0.5859375 0.8828125
vt 0.5859375 0.8828125
vt 0.5859375 0.8828125
vt 0.5859375 0.8828125
vt 0.5859375 0.8828125
vt 0.5859375 0.8828125
vt 0.140625 0.390625
vt 0.140625 0.390625
vt 0.140625 0.390625
vt 0.140625 0.390625
vt 0.140625 0.390625
vt 0.140625 0.390625
vt 0.140625 0.390625
vt 0.140625 0.390625
vt 0.140625 0.390625
vt 0.140625 0.390625
vt 0.140625 0.390625
vt 0.140625 0.390625
vt 0.140625 0.390625
vt 0.140625 0.390625
vt 0.140625 0.390625
vt 0.140625 0.390625
vt 0.5859375 0.8828125
vt 0.5859375 0.8828125
vt 0.5859375 0.8828125
vt 0.5859375 0.8828125
vt 0.5859375 0.8828125
vt 0.5859375 0.8828125
vt 0.5859375 0.8828125
vt 0.5859375 0.8828125
vt 0.5859375 0.8828125
vt 0.5859375 0.8828125
vt 0.5859375 0.8828125
vt 0.5859375 0.8828125
vt 0.5859375 0.8828125
vt 0.5859375 0.8828125
vt 0.5859375 0.8828125
vt 0.5859375 0.8828125
vt 0.5859375 0.8828125
vt 0.5859375 0.8828125
vt 0.5859375 0.8828125
vt 0.5859375 0.8828125
vt 0.5859375 0.8828125
vt 0.5859375 0.8828125
vt 0.5859375 0.8828125
vt 0.5859375 0.8828125
vt 0.5859375 0.8828125
vt 0.5859375 0.8828125
vt 0.5859375 0.8828125
vt 0.5859375 0.8828125
vt 0.5859375 0.8828125
vt 0.5859375 0.8828125
vt 0.5859375 0.8828125
vt 0.5859375 0.8828125
vt 0.5859375 0.8828125
vt 0.5859375 0.8828125
vt 0.5859375 0.8828125
vt 0.5859375 0.8828125
vt 0.5859375 0.8828125
vt 0.5859375 0.8828125
vt 0.5859375 0.8828125
vt 0.5859375 0.8828125
vt 0.578125 0.8828125
vt 0.5859375 0.8828125
vt 0.5859375 0.8828125
vt 0.5859375 0.8828125
vt 0.5859375 0.8828125
vt 0.578125 0.8828125
vt 0.5859375 0.8828125
vt 0.5859375 0.8828125
vt 0.5859375 0.8828125
vt 0.5859375 0.890625
vt 0.5859375 0.8828125
vt 0.5859375 0.8828125
vt 0.5859375 0.8828125
vt 0.5859375 0.8828125
vt 0.5859375 0.8828125
vt 0.5859375 0.8828125
vt 0.578125 0.890625
vt 0.5859375 0.8828125
vt 0.5859375 0.8828125
vt 0.578125 0.8828125
vt 0.5859375 0.890625
vt 0.578125 0.890625
vt 0.578125 0.8828125
vt 0.5859375 0.8828125
vt 0.4234941480716665 0.8622186936884499
vt 0.4277477754372025 0.8463625218566339
vt 0.4101562499999998 0.81640625
vt 0.40625 0.8515625
vt 0.11915488882713388 0.8400769422108794
vt 0.11915502803521766 0.8284722531080648
vt 0.10937500000000022 0.7972226996574482
vt 0.109375 0.8125
vt 0.14944341470246636 0.853362573706175
vt 0.09425295735123318 0.8611725633911366
vt 0.14309336327730293 0.8825808028931638
vt 0.17434336327730282 0.8667241057863275
vt 0.8671875 0.8984375
vt 0.8671875 0.8984375
vt 0.859375 0.90625
vt 0.8671875 0.90625
vt 0.859375 0.8984375
vt 0.8671875 0.8984375
vt 0.8671875 0.8984375
vt 0.8671875 0.8984375
vt 0.859375 0.90625
vt 0.8671875 0.8984375
vt 0.8671875 0.8984375
vt 0.859375 0.8984375
vt 0.8671875 0.8984375
vt 0.8671875 0.8984375
vt 0.8671875 0.90625
vt 0.8671875 0.8984375
vt 0.8671875 0.8984375
vt 0.8671875 0.8984375
vt 0.8671875 0.8984375
vt 0.8671875 0.8984375
vt 0.8671875 0.90625
vt 0.859375 0.90625
vt 0.859375 0.8984375
vt 0.8671875 0.8984375
vt 0.9296875 0.8671875
vt 0.9296875 0.8671875
vt 0.921875 0.875
vt 0.9296875 0.875
vt 0.921875 0.8671875
vt 0.9296875 0.8671875
vt 0.9296875 0.8671875
vt 0.9296875 0.8671875
vt 0.921875 0.875
vt 0.9296875 0.8671875
vt 0.9296875 0.8671875
vt 0.921875 0.8671875
vt 0.9296875 0.8671875
vt 0.9296875 0.8671875
vt 0.9296875 0.875
vt 0.9296875 0.8671875
vt 0.9296875 0.8671875
vt 0.9296875 0.8671875
vt 0.9296875 0.8671875
vt 0.9296875 0.8671875
vt 0.9296875 0.875
vt 0.921875 0.875
vt 0.921875 0.8671875
vt 0.9296875 0.8671875
vt 0.8984375 0.8359375
vt 0.8984375 0.8359375
vt 0.890625 0.84375
vt 0.8984375 0.84375
vt 0.890625 0.8359375
vt 0.8984375 0.8359375
vt 0.8984375 0.8359375
vt 0.8984375 0.8359375
vt 0.890625 0.84375
vt 0.8984375 0.8359375
vt 0.8984375 0.8359375
vt 0.890625 0.8359375
vt 0.8984375 0.8359375
vt 0.8984375 0.8359375
vt 0.8984375 0.84375
vt 0.8984375 0.8359375
vt 0.8984375 0.8359375
vt 0.8984375 0.8359375
vt 0.8984375 0.8359375
vt 0.8984375 0.8359375
vt 0.8984375 0.84375
vt 0.890625 0.84375
vt 0.890625 0.8359375
vt 0.8984375 0.8359375
vt 0.4055546006850481 0.8886573062432244
vt 0.34730855034252406 0.8886572887700814
vt 0.34095092447905784 0.94921875
vt 0.375 0.9375
vt 0.41406249999999956 0.78125
vt 0.4101562499999998 0.81640625
vt 0.4277477754372025 0.8463625218566339
vt 0.43200140280273847 0.8305063500248178
vt 0.10937500000000044 0.7819453993148964
vt 0.10937500000000022 0.7972226996574482
vt 0.11915502803521766 0.8284722531080648
vt 0.11915516724330144 0.8168675640052503
vt 0.11184336327730304 0.8984375
vt 0.14309336327730293 0.8825808028931638
vt 0.09425295735123318 0.8611725633911366
vt 0.0390625 0.8689825530760982
vt 0.3069018489581157 0.9609375
vt 0.34095092447905784 0.94921875
vt 0.34730855034252406 0.8886572887700814
vt 0.2890625 0.8886572712969385
vn -0.8660254037844387 0 -0.49999999999999994
vn 0.8660254037844387 0 0.49999999999999994
vn 0 1 0
vn 0 -1 0
vn -0.49999999999999994 0 0.8660254037844387
vn 0.49999999999999994 0 -0.8660254037844387
vn -0.692820323027551 0.6 -0.39999999999999997
vn -0.39999999999999997 0.6 0.692820323027551
vn 0.692820323027551 0.6 0.39999999999999997
vn 0.39999999999999997 0.6 -0.692820323027551
vn -0.8660254037844387 0 -0.49999999999999994
vn -0.49999999999999994 0 0.8660254037844387
vn 0.8660254037844387 0 0.49999999999999994
vn 0.49999999999999994 0 -0.8660254037844387
vn -0.7745966692414834 -0.4472135954999579 -0.44721359549995787
vn -0.44721359549995787 -0.4472135954999579 0.7745966692414834
vn 0.7745966692414834 -0.4472135954999579 0.44721359549995787
vn 0.44721359549995787 -0.4472135954999579 -0.7745966692414834
vn -0.8660254037844387 0 -0.49999999999999994
vn -0.49999999999999994 0 0.8660254037844387
vn 0.8660254037844387 0 0.49999999999999994
vn 0.49999999999999994 0 -0.8660254037844387
vn 0.8660254037844387 0 0.49999999999999994
vn 0.8660254037844387 0 0.49999999999999994
vn 0.8660254037844387 0 0.49999999999999994
vn 0.8660254037844387 0 0.49999999999999994
vn 0 1 0
vn -0.49999999999999994 0 0.8660254037844387
vn 0 -1 0
vn 0.49999999999999994 0 -0.8660254037844387
vn 0.8660254037844393 0 -0.4999999999999991
vn -0.8660254037844386 0 0.5000000000000001
vn 0 1 0
vn 0 -1 0
vn 0.5000000000000001 0 0.8660254037844386
vn -0.5000000000000001 0 -0.8660254037844386
vn 0.6928203230275486 0.6000000000000038 -0.3999999999999988
vn 0.40000000000000013 0.6 0.6928203230275509
vn -0.6928203230275509 0.6 0.40000000000000013
vn -0.40000000000000246 0.5999999999999936 -0.692820323027555
vn 0.8660254037844388 0 -0.5000000000000001
vn 0.5000000000000001 0 0.8660254037844388
vn -0.8660254037844388 0 0.5000000000000001
vn -0.5000000000000001 0 -0.8660254037844388
vn 0.7745966692414836 -0.44721359549995926 -0.4472135954999564
vn 0.4472135954999605 -0.44721359549995354 0.7745966692414844
vn -0.7745966692414852 -0.4472135954999547 0.44721359549995865
vn -0.447213595499959 -0.44721359549995277 -0.7745966692414857
vn 0.8660254037844395 0 -0.4999999999999986
vn 0.5000000000000017 0 0.8660254037844377
vn -0.8660254037844388 0 0.4999999999999998
vn -0.4999999999999998 0 -0.8660254037844388
vn -0.8660254037844386 9.800589458760002e-16 0.5000000000000001
vn -0.8660254037844386 0 0.5000000000000001
vn -0.8660254037844386 0 0.5000000000000001
vn -0.866025403784441 0 0.49999999999999617
vn 0 1 0
vn 0.5 0 0.8660254037844386
vn 0 -1 0
vn -0.5 0 -0.8660254037844386
vn 0.500000000000001 0 -0.8660254037844382
vn -0.49999999999999994 0 0.8660254037844387
vn 0 1 0
vn 0 -1 0
vn 0.8660254037844387 0 0.49999999999999994
vn -0.8660254037844387 0 -0.49999999999999994
vn 0.4000000000000013 0.5999999999999994 -0.6928203230275507
vn 0.692820323027551 0.6 0.39999999999999997
vn -0.4000000000000026 0.5999999999999988 0.6928203230275506
vn -0.692820323027551 0.6 -0.39999999999999997
vn 0.5000000000000013 0 -0.8660254037844379
vn 0.8660254037844387 0 0.49999999999999994
vn -0.5000000000000027 0 0.8660254037844372
vn -0.8660254037844387 0 -0.49999999999999994
vn 0.4472135954999605 -0.4472135954999478 -0.774596669241488
vn 0.7745966692414809 -0.44721359549996254 0.4472135954999577
vn -0.4472135954999582 -0.4472135954999487 0.7745966692414885
vn -0.7745966692414834 -0.4472135954999579 -0.44721359549995787
vn 0.49999999999999994 0 -0.8660254037844387
vn 0.866025403784438 0 0.5000000000000011
vn -0.4999999999999977 0 0.86602540378444
vn -0.8660254037844387 0 -0.49999999999999994
vn -0.49999999999999994 1.9601178917520005e-15 0.8660254037844387
vn -0.49999999999999994 0 0.8660254037844387
vn -0.49999999999999994 0 0.8660254037844387
vn -0.5000000000000082 0 0.8660254037844342
vn 0 1 0
vn 0.8660254037844386 0 0.5000000000000002
vn 0 -1 0
vn -0.8660254037844385 0 -0.5000000000000004
vn -5.551115123125783e-17 0 -1
vn 5.551115123125783e-17 0 1
vn 0 1 0
vn 0 -1 0
vn -1 0 -3.885780586188048e-16
vn 1 0 3.885780586188048e-16
vn -1.1102230246251565e-16 0.6 -0.8
vn -0.7999999999999998 0.6000000000000002 -4.440892098500626e-16
vn 1.1102230246251565e-16 0.6 0.8
vn 0.7999999999999998 0.6000000000000002 4.440892098500626e-16
vn -5.551115123125783e-17 0 -1
vn -1 0 -5.551115123125783e-16
vn 5.551115123125783e-17 0 1
vn 1 0 5.551115123125783e-16
vn -8.881784197001252e-16 -0.44721359549996564 -0.894427190999912
vn -0.8944271909999154 -0.4472135954999592 4.440892098500627e-16
vn 4.440892098500626e-16 -0.44721359549995726 0.8944271909999162
vn 0.894427190999916 -0.4472135954999578 1.1657341758564144e-15
vn -9.43689570931383e-16 0 -1
vn -1 0 4.440892098500626e-16
vn 4.440892098500626e-16 0 1
vn 1 0 1.27675647831893e-15
vn 5.551115123125783e-17 0 1
vn 5.551115123125783e-17 0 1
vn 5.551115123125783e-17 0 1
vn 5.551115123125783e-17 0 1
vn 0 1 0
vn -1 0 2.220446049250313e-16
vn 0 -1 0
vn 1 0 -2.220446049250313e-16
vn -0.49999999999999983 0 -0.8660254037844387
vn 0.5000000000000001 0 0.8660254037844386
vn 0 1 0
vn 0 -1 0
vn -0.8660254037844386 0 0.5000000000000001
vn 0.8660254037844386 0 -0.5000000000000001
vn -0.3999999999999997 0.6000000000000003 -0.6928203230275509
vn -0.6928203230275511 0.6000000000000009 0.39999999999999825
vn 0.39999999999999936 0.6000000000000013 0.6928203230275501
vn 0.6928203230275479 0.6000000000000059 -0.39999999999999636
vn -0.4999999999999998 0 -0.8660254037844388
vn -0.8660254037844398 0 0.4999999999999983
vn 0.4999999999999998 0 0.8660254037844388
vn 0.8660254037844398 0 -0.4999999999999983
vn -0.44721359549995915 -0.4472135954999514 -0.7745966692414865
vn -0.7745966692414805 -0.44721359549996426 0.44721359549995704
vn 0.44721359549995543 -0.44721359549996104 0.7745966692414832
vn 0.7745966692414792 -0.44721359549996753 -0.4472135954999558
vn -0.4999999999999996 0 -0.8660254037844388
vn -0.8660254037844382 0 0.5000000000000007
vn 0.49999999999999806 0 0.8660254037844397
vn 0.8660254037844387 0 -0.5000000000000003
vn 0.5000000000000001 2.4501473646900006e-16 0.8660254037844386
vn 0.499999999999998 0 0.8660254037844399
vn 0.5000000000000001 -2.7328566760003855e-16 0.8660254037844386
vn 0.5000000000000011 0 0.866025403784438
vn 0 1 0
vn -0.8660254037844386 0 0.5000000000000002
vn 0 -1 0
vn 0.8660254037844386 0 -0.5000000000000002
vn 0 -1 0
vn 0 -1 0
vn 0 -1 0
vn -0.7933533402912363 0 0.6087614290087193
vn 0.7933533402912363 0 -0.6087614290087193
vn 0 1 0
vn 0 -1 0
vn 0.6087614290087193 0 0.7933533402912363
vn -0.6087614290087193 0 -0.7933533402912363
vn -0.7071067811865474 0 0.7071067811865478
vn 0.707106781186546 0 -0.7071067811865491
vn 0 1 0
vn 0 -1 0
vn 0.707106781186543 0 0.7071067811865521
vn -0.7071067811865478 0 -0.7071067811865474
vn -0.6087614290087163 0 0.7933533402912385
vn 0.6087614290087212 0 -0.7933533402912348
vn 0 1 0
vn 0 -1 0
vn 0.7933533402912343 0 0.6087614290087219
vn -0.793353340291239 0 -0.6087614290087157
vn 0 -1 0
vn 0 -1 0
vn 0 -1 0
vn 0 -1 0
vn 0 -1 0
usemtl m_2b2838a1-613f-47c3-8674-742b57c63691
f 51/161/41 49/162/41 50/163/41 52/164/41
f 77/165/42 78/166/42 79/167/42 80/168/42
f 69/169/43 70/170/43 71/171/43 72/172/43
f 55/173/44 51/174/44 52/175/44 56/176/44
f 53/177/45 49/178/45 51/179/45 55/180/45
f 52/181/46 50/182/46 54/183/46 56/184/46
f 58/185/47 57/186/47 50/187/47 49/188/47
f 59/189/48 58/190/48 49/191/48 53/192/48
f 60/193/49 59/194/49 53/195/49 54/196/49
f 57/197/50 60/198/50 54/199/50 50/200/50
f 62/201/51 61/202/51 57/203/51 58/204/51
f 63/205/52 62/206/52 58/207/52 59/208/52
f 64/209/53 63/210/53 59/211/53 60/212/53
f 61/213/54 64/214/54 60/215/54 57/216/54
f 66/217/55 65/218/55 61/219/55 62/220/55
f 67/221/56 66/222/56 62/223/56 63/224/56
f 68/225/57 67/226/57 63/227/57 64/228/57
f 65/229/58 68/230/58 64/231/58 61/232/58
f 70/233/59 69/234/59 65/235/59 66/236/59
f 71/237/60 70/238/60 66/239/60 67/240/60
f 72/241/61 71/242/61 67/243/61 68/244/61
f 69/245/62 72/246/62 68/247/62 65/248/62
f 74/249/63 73/250/63 54/251/63 53/252/63
f 75/253/64 74/254/64 53/255/64 55/256/64
f 76/257/65 75/258/65 55/259/65 56/260/65
f 73/261/66 76/262/66 56/263/66 54/264/66
f 78/265/67 77/266/67 73/267/67 74/268/67
f 79/269/68 78/270/68 74/271/68 75/272/68
f 80/273/69 79/274/69 75/275/69 76/276/69
f 77/277/70 80/278/70 76/279/70 73/280/70
f 82/281/71 81/282/71 83/283/71 84/284/71
f 111/285/72 110/286/72 109/287/72 112/288/72
f 103/289/73 102/290/73 101/291/73 104/292/73
f 84/293/74 83/294/74 87/295/74 88/296/74
f 83/297/75 81/298/75 85/299/75 87/300/75
f 86/301/76 82/302/76 84/303/76 88/304/76
f 82/305/77 89/306/77 90/307/77 81/308/77
f 81/309/78 90/310/78 91/311/78 85/312/78
f 85/313/79 91/314/79 92/315/79 86/316/79
f 86/317/80 92/318/80 89/319/80 82/320/80
f 89/321/81 93/322/81 94/323/81 90/324/81
f 90/325/82 94/326/82 95/327/82 91/328/82
f 91/329/83 95/330/83 96/331/83 92/332/83
f 92/333/84 96/334/84 93/335/84 89/336/84
f 93/337/85 97/338/85 98/339/85 94/340/85
f 94/341/86 98/342/86 99/343/86 95/344/86
f 95/345/87 99/346/87 100/347/87 96/348/87
f 96/349/88 100/350/88 97/351/88 93/352/88
f 97/353/89 101/354/89 102/355/89 98/356/89
f 98/357/90 102/358/90 103/359/90 99/360/90
f 99/361/91 103/362/91 104/363/91 100/364/91
f 100/365/92 104/366/92 101/367/92 97/368/92
f 86/369/93 105/370/93 106/371/93 85/372/93
f 85/373/94 106/374/94 107/375/94 87/376/94
f 87/377/95 107/378/95 108/379/95 88/380/95
f 88/381/96 108/382/96 105/383/96 86/384/96
f 105/385/97 109/386/97 110/387/97 106/388/97
f 106/389/98 110/390/98 111/391/98 107/392/98
f 107/393/99 111/394/99 112/395/99 108/396/99
f 108/397/100 112/398/100 109/399/100 105/400/100
f 114/401/101 113/402/101 115/403/101 116/404/101
f 143/405/102 142/406/102 141/407/102 144/408/102
f 135/409/103 134/410/103 133/411/103 136/412/103
f 116/413/104 115/414/104 119/415/104 120/416/104
f 115/417/105 113/418/105 117/419/105 119/420/105
f 118/421/106 114/422/106 116/423/106 120/424/106
f 114/425/107 121/426/107 122/427/107 113/428/107
f 113/429/108 122/430/108 123/431/108 117/432/108
f 117/433/109 123/434/109 124/435/109 118/436/109
f 118/437/110 124/438/110 121/439/110 114/440/110
f 121/441/111 125/442/111 126/443/111 122/444/111
f 122/445/112 126/446/112 127/447/112 123/448/112
f 123/449/113 127/450/113 128/451/113 124/452/113
f 124/453/114 128/454/114 125/455/114 121/456/114
f 125/457/115 129/458/115 130/459/115 126/460/115
f 126/461/116 130/462/116 131/463/116 127/464/116
f 127/465/117 131/466/117 132/467/117 128/468/117
f 128/469/118 132/470/118 129/471/118 125/472/118
f 129/473/119 133/474/119 134/475/119 130/476/119
f 130/477/120 134/478/120 135/479/120 131/480/120
f 131/481/121 135/482/121 136/483/121 132/484/121
f 132/485/122 136/486/122 133/487/122 129/488/122
f 118/489/123 137/490/123 138/491/123 117/492/123
f 117/493/124 138/494/124 139/495/124 119/496/124
f 119/497/125 139/498/125 140/499/125 120/500/125
f 120/501/126 140/502/126 137/503/126 118/504/126
f 137/505/127 141/506/127 142/507/127 138/508/127
f 138/509/128 142/510/128 143/511/128 139/512/128
f 139/513/129 143/514/129 144/515/129 140/516/129
f 140/517/130 144/518/130 141/519/130 137/520/130
f 147/521/131 145/522/131 146/523/131 148/524/131
f 173/525/132 174/526/132 175/527/132 176/528/132
f 165/529/133 166/530/133 167/531/133 168/532/133
f 151/533/134 147/534/134 148/535/134 152/536/134
f 149/537/135 145/538/135 147/539/135 151/540/135
f 148/541/136 146/542/136 150/543/136 152/544/136
f 154/545/137 153/546/137 146/547/137 145/548/137
f 155/549/138 154/550/138 145/551/138 149/552/138
f 156/553/139 155/554/139 149/555/139 150/556/139
f 153/557/140 156/558/140 150/559/140 146/560/140
f 158/561/141 157/562/141 153/563/141 154/564/141
f 159/565/142 158/566/142 154/567/142 155/568/142
f 160/569/143 159/570/143 155/571/143 156/572/143
f 157/573/144 160/574/144 156/575/144 153/576/144
f 162/577/145 161/578/145 157/579/145 158/580/145
f 163/581/146 162/582/146 158/583/146 159/584/146
f 164/585/147 163/586/147 159/587/147 160/588/147
f 161/589/148 164/590/148 160/591/148 157/592/148
f 166/593/149 165/594/149 161/595/149 162/596/149
f 167/597/150 166/598/150 162/599/150 163/600/150
f 168/601/151 167/602/151 163/603/151 164/604/151
f 165/605/152 168/606/152 164/607/152 161/608/152
f 170/609/153 169/610/153 150/611/153 149/612/153
f 171/613/154 170/614/154 149/615/154 151/616/154
f 172/617/155 171/618/155 151/619/155 152/620/155
f 169/621/156 172/622/156 152/623/156 150/624/156
f 174/625/157 173/626/157 169/627/157 170/628/157
f 175/629/158 174/630/158 170/631/158 171/632/158
f 176/633/159 175/634/159 171/635/159 172/636/159
f 173/637/160 176/638/160 172/639/160 169/640/160
f 179/641/161 177/642/161 178/643/161 180/644/161
f 205/645/162 206/646/162 207/647/162 208/648/162
f 197/649/163 198/650/163 199/651/163 200/652/163
f 183/653/164 179/654/164 180/655/164 184/656/164
f 181/657/165 177/658/165 179/659/165 183/660/165
f 180/661/166 178/662/166 182/663/166 184/664/166
f 186/665/167 185/666/167 178/667/167 177/668/167
f 187/669/168 186/670/168 177/671/168 181/672/168
f 188/673/169 187/674/169 181/675/169 182/676/169
f 185/677/170 188/678/170 182/679/170 178/680/170
f 190/681/171 189/682/171 185/683/171 186/684/171
f 191/685/172 190/686/172 186/687/172 187/688/172
f 192/689/173 191/690/173 187/691/173 188/692/173
f 189/693/174 192/694/174 188/695/174 185/696/174
f 194/697/175 193/698/175 189/699/175 190/700/175
f 195/701/176 194/702/176 190/703/176 191/704/176
f 196/705/177 195/706/177 191/707/177 192/708/177
f 193/709/178 196/710/178 192/711/178 189/712/178
f 198/713/179 197/714/179 193/715/179 194/716/179
f 199/717/180 198/718/180 194/719/180 195/720/180
f 200/721/181 199/722/181 195/723/181 196/724/181
f 197/725/182 200/726/182 196/727/182 193/728/182
f 202/729/183 201/730/183 182/731/183 181/732/183
f 203/733/184 202/734/184 181/735/184 183/736/184
f 204/737/185 203/738/185 183/739/185 184/740/185
f 201/741/186 204/742/186 184/743/186 182/744/186
f 206/745/187 205/746/187 201/747/187 202/748/187
f 207/749/188 206/750/188 202/751/188 203/752/188
f 208/753/189 207/754/189 203/755/189 204/756/189
f 205/757/190 208/758/190 204/759/190 201/760/190
f 138/761/191 234/762/191 233/763/191 142/764/191
f 106/765/192 236/766/192 235/767/192 110/768/192
f 206/769/193 238/770/193 237/771/193 202/772/193
f 211/773/194 209/774/194 210/775/194 212/776/194
f 214/777/195 213/778/195 215/779/195 216/780/195
f 210/781/196 209/782/196 213/783/196 214/784/196
f 215/785/197 211/786/197 212/787/197 216/788/197
f 213/789/198 209/790/198 211/791/198 215/792/198
f 212/793/199 210/794/199 214/795/199 216/796/199
f 219/797/200 217/798/200 218/799/200 220/800/200
f 222/801/201 221/802/201 223/803/201 224/804/201
f 218/805/202 217/806/202 221/807/202 222/808/202
f 223/809/203 219/810/203 220/811/203 224/812/203
f 221/813/204 217/814/204 219/815/204 223/816/204
f 220/817/205 218/818/205 222/819/205 224/820/205
f 227/821/206 225/822/206 226/823/206 228/824/206
f 230/825/207 229/826/207 231/827/207 232/828/207
f 226/829/208 225/830/208 229/831/208 230/832/208
f 231/833/209 227/834/209 228/835/209 232/836/209
f 229/837/210 225/838/210 227/839/210 231/840/210
f 228/841/211 226/842/211 230/843/211 232/844/211
f 78/845/212 240/846/212 239/847/212 74/848/212
f 174/849/213 233/850/213 234/851/213 170/852/213
f 141/853/214 235/854/214 236/855/214 137/856/214
f 169/857/215 237/858/215 238/859/215 173/860/215
f 201/861/216 239/862/216 240/863/216 205/864/216
o mesh
v 1.0298057795294095 5.1875 8.400863443016597
v 1.277666994872862 5.1875 8.368231894961584
v 1.0298057795294095 1.8125 8.400863443016597
v 1.277666994872862 1.8125 8.368231894961584
v 0.9971742314743965 5.1875 8.153002227673143
v 1.245035446817849 5.1875 8.12037067961813
v 0.9971742314743965 1.8125 8.153002227673143
v 1.245035446817849 1.8125 8.12037067961813
vt 0.890625 0.796875
vt 0.8984375 0.7890625
vt 0.8984375 0.7890625
vt 0.890625 0.7890625
vt 0.8984375 0.7890625
vt 0.8984375 0.7890625
vt 0.8984375 0.796875
vt 0.8984375 0.7890625
vt 0.8984375 0.7890625
vt 0.8984375 0.7890625
vt 0.890625 0.796875
vt 0.8984375 0.796875
vt 0.890625 0.7890625
vt 0.8984375 0.7890625
vt 0.8984375 0.7890625
vt 0.8984375 0.7890625
vt 0.8984375 0.7890625
vt 0.8984375 0.7890625
vt 0.8984375 0.7890625
vt 0.8984375 0.7890625
vt 0.8984375 0.796875
vt 0.890625 0.796875
vt 0.890625 0.7890625
vt 0.8984375 0.7890625
vn 0.13052619222005174 0 0.9914448613738104
vn -0.13052619222005174 0 -0.9914448613738104
vn 0 1 0
vn 0 -1 0
vn -0.9914448613738104 0 0.13052619222005174
vn 0.9914448613738104 0 -0.13052619222005174
usemtl m_2b2838a1-613f-47c3-8674-742b57c63691
f 242/865/217 241/866/217 243/867/217 244/868/217
f 247/869/218 245/870/218 246/871/218 248/872/218
f 245/873/219 241/874/219 242/875/219 246/876/219
f 244/877/220 243/878/220 247/879/220 248/880/220
f 243/881/221 241/882/221 245/883/221 247/884/221
f 246/885/222 242/886/222 244/887/222 248/888/222
o mesh
v 2.10255766930975 5.1875 8.238469696660477
v 2.344039125882017 5.1875 8.173764935384847
v 2.10255766930975 1.8125 8.238469696660477
v 2.344039125882017 1.8125 8.173764935384847
v 2.0378529080341194 5.1875 7.99698824008821
v 2.2793343646063864 5.1875 7.93228347881258
v 2.0378529080341194 1.8125 7.99698824008821
v 2.2793343646063864 1.8125 7.93228347881258
vt 0.90625 0.859375
vt 0.9140625 0.8515625
vt 0.9140625 0.8515625
vt 0.90625 0.8515625
vt 0.9140625 0.8515625
vt 0.9140625 0.8515625
vt 0.9140625 0.859375
vt 0.9140625 0.8515625
vt 0.9140625 0.8515625
vt 0.9140625 0.8515625
vt 0.90625 0.859375
vt 0.9140625 0.859375
vt 0.90625 0.8515625
vt 0.9140625 0.8515625
vt 0.9140625 0.8515625
vt 0.9140625 0.8515625
vt 0.9140625 0.8515625
vt 0.9140625 0.8515625
vt 0.9140625 0.8515625
vt 0.9140625 0.8515625
vt 0.9140625 0.859375
vt 0.90625 0.859375
vt 0.90625 0.8515625
vt 0.9140625 0.8515625
vn 0.2588190451025209 0 0.9659258262890682
vn -0.2588190451025209 0 -0.9659258262890682
vn 0 1 0
vn 0 -1 0
vn -0.9659258262890682 0 0.2588190451025209
vn 0.9659258262890682 0 -0.2588190451025209
usemtl m_2b2838a1-613f-47c3-8674-742b57c63691
f 250/889/223 249/890/223 251/891/223 252/892/223
f 255/893/224 253/894/224 254/895/224 256/896/224
f 253/897/225 249/898/225 250/899/225 254/900/225
f 252/901/226 251/902/226 255/903/226 256/904/226
f 251/905/227 249/906/227 253/907/227 255/908/227
f 254/909/228 250/910/228 252/911/228 256/912/228
o mesh
v 3.133011789829023 5.1875 7.810075133819129
v 3.363981672956845 5.1875 7.714404275727857
v 3.133011789829023 1.8125 7.810075133819129
v 3.363981672956845 1.8125 7.714404275727857
v 3.0373409317377504 5.1875 7.579105250691308
v 3.2683108148655724 5.1875 7.483434392600035
v 3.0373409317377504 1.8125 7.579105250691308
v 3.2683108148655724 1.8125 7.483434392600035
vt 0.828125 0.890625
vt 0.8359375 0.8828125
vt 0.8359375 0.8828125
vt 0.828125 0.8828125
vt 0.8359375 0.8828125
vt 0.8359375 0.8828125
vt 0.8359375 0.890625
vt 0.8359375 0.8828125
vt 0.8359375 0.8828125
vt 0.8359375 0.8828125
vt 0.828125 0.890625
vt 0.8359375 0.890625
vt 0.828125 0.8828125
vt 0.8359375 0.8828125
vt 0.8359375 0.8828125
vt 0.8359375 0.8828125
vt 0.8359375 0.8828125
vt 0.8359375 0.8828125
vt 0.8359375 0.8828125
vt 0.8359375 0.8828125
vt 0.8359375 0.890625
vt 0.828125 0.890625
vt 0.828125 0.8828125
vt 0.8359375 0.8828125
vn 0.3826834323650899 0 0.9238795325112866
vn -0.3826834323650899 0 -0.9238795325112866
vn 0 1 0
vn 0 -1 0
vn -0.9238795325112866 0 0.3826834323650899
vn 0.9238795325112866 0 -0.3826834323650899
usemtl m_2b2838a1-613f-47c3-8674-742b57c63691
f 258/913/229 257/914/229 259/915/229 260/916/229
f 263/917/230 261/918/230 262/919/230 264/920/230
f 261/921/231 257/922/231 258/923/231 262/924/231
f 260/925/232 259/926/232 263/927/232 264/928/232
f 259/929/233 257/930/233 261/931/233 263/932/233
f 262/933/234 258/934/234 260/935/234 264/936/234
o mesh
v -3.133011789829023 5.1875 7.810075133819129
v -3.363981672956845 5.1875 7.714404275727857
v -3.133011789829023 1.8125 7.810075133819129
v -3.363981672956845 1.8125 7.714404275727857
v -3.0373409317377504 5.1875 7.579105250691308
v -3.2683108148655724 5.1875 7.483434392600035
v -3.0373409317377504 1.8125 7.579105250691308
v -3.2683108148655724 1.8125 7.483434392600035
vt 0.9140625 0.8203125
vt 0.9140625 0.8203125
vt 0.90625 0.828125
vt 0.9140625 0.828125
vt 0.90625 0.8203125
vt 0.9140625 0.8203125
vt 0.9140625 0.8203125
vt 0.9140625 0.8203125
vt 0.90625 0.828125
vt 0.9140625 0.8203125
vt 0.9140625 0.8203125
vt 0.90625 0.8203125
vt 0.9140625 0.8203125
vt 0.9140625 0.8203125
vt 0.9140625 0.828125
vt 0.9140625 0.8203125
vt 0.9140625 0.8203125
vt 0.9140625 0.8203125
vt 0.9140625 0.8203125
vt 0.9140625 0.8203125
vt 0.9140625 0.828125
vt 0.90625 0.828125
vt 0.90625 0.8203125
vt 0.9140625 0.8203125
vn -0.3826834323650899 0 0.9238795325112866
vn 0.3826834323650899 0 -0.9238795325112866
vn 0 1 0
vn 0 -1 0
vn 0.9238795325112866 0 0.3826834323650899
vn -0.9238795325112866 0 -0.3826834323650899
usemtl m_2b2838a1-613f-47c3-8674-742b57c63691
f 267/937/235 265/938/235 266/939/235 268/940/235
f 270/941/236 269/942/236 271/943/236 272/944/236
f 266/945/237 265/946/237 269/947/237 270/948/237
f 271/949/238 267/950/238 268/951/238 272/952/238
f 269/953/239 265/954/239 267/955/239 271/956/239
f 268/957/240 266/958/240 270/959/240 272/960/240
o mesh
v -2.10255766930975 5.1875 8.238469696660477
v -2.344039125882017 5.1875 8.173764935384847
v -2.10255766930975 1.8125 8.238469696660477
v -2.344039125882017 1.8125 8.173764935384847
v -2.0378529080341194 5.1875 7.99698824008821
v -2.2793343646063864 5.1875 7.93228347881258
v -2.0378529080341194 1.8125 7.99698824008821
v -2.2793343646063864 1.8125 7.93228347881258
vt 0.9140625 0.8671875
vt 0.9140625 0.8671875
vt 0.90625 0.875
vt 0.9140625 0.875
vt 0.90625 0.8671875
vt 0.9140625 0.8671875
vt 0.9140625 0.8671875
vt 0.9140625 0.8671875
vt 0.90625 0.875
vt 0.9140625 0.8671875
vt 0.9140625 0.8671875
vt 0.90625 0.8671875
vt 0.9140625 0.8671875
vt 0.9140625 0.8671875
vt 0.9140625 0.875
vt 0.9140625 0.8671875
vt 0.9140625 0.8671875
vt 0.9140625 0.8671875
vt 0.9140625 0.8671875
vt 0.9140625 0.8671875
vt 0.9140625 0.875
vt 0.90625 0.875
vt 0.90625 0.8671875
vt 0.9140625 0.8671875
vn -0.2588190451025209 0 0.9659258262890682
vn 0.2588190451025209 0 -0.9659258262890682
vn 0 1 0
vn 0 -1 0
vn 0.9659258262890682 0 0.2588190451025209
vn -0.9659258262890682 0 -0.2588190451025209
usemtl m_2b2838a1-613f-47c3-8674-742b57c63691
f 275/961/241 273/962/241 274/963/241 276/964/241
f 278/965/242 277/966/242 279/967/242 280/968/242
f 274/969/243 273/970/243 277/971/243 278/972/243
f 279/973/244 275/974/244 276/975/244 280/976/244
f 277/977/245 273/978/245 275/979/245 279/980/245
f 276/981/246 274/982/246 278/983/246 280/984/246
o mesh
v -1.0298057795294095 5.1875 8.400863443016597
v -1.277666994872862 5.1875 8.368231894961584
v -1.0298057795294095 1.8125 8.400863443016597
v -1.277666994872862 1.8125 8.368231894961584
v -0.9971742314743965 5.1875 8.153002227673143
v -1.245035446817849 5.1875 8.12037067961813
v -0.9971742314743965 1.8125 8.153002227673143
v -1.245035446817849 1.8125 8.12037067961813
vt 0.8984375 0.8984375
vt 0.8984375 0.8984375
vt 0.890625 0.90625
vt 0.8984375 0.90625
vt 0.890625 0.8984375
vt 0.8984375 0.8984375
vt 0.8984375 0.8984375
vt 0.8984375 0.8984375
vt 0.890625 0.90625
vt 0.8984375 0.8984375
vt 0.8984375 0.8984375
vt 0.890625 0.8984375
vt 0.8984375 0.8984375
vt 0.8984375 0.8984375
vt 0.8984375 0.90625
vt 0.8984375 0.8984375
vt 0.8984375 0.8984375
vt 0.8984375 0.8984375
vt 0.8984375 0.8984375
vt 0.8984375 0.8984375
vt 0.8984375 0.90625
vt 0.890625 0.90625
vt 0.890625 0.8984375
vt 0.8984375 0.8984375
vn -0.13052619222005174 0 0.9914448613738104
vn 0.13052619222005174 0 -0.9914448613738104
vn 0 1 0
vn 0 -1 0
vn 0.9914448613738104 0 0.13052619222005174
vn -0.9914448613738104 0 -0.13052619222005174
usemtl m_2b2838a1-613f-47c3-8674-742b57c63691
f 283/985/247 281/986/247 282/987/247 284/988/247
f 286/989/248 285/990/248 287/991/248 288/992/248
f 282/993/249 281/994/249 285/995/249 286/996/249
f 287/997/250 283/998/250 284/999/250 288/1000/250
f 285/1001/251 281/1002/251 283/1003/251 287/1004/251
f 284/1005/252 282/1006/252 286/1007/252 288/1008/252
o mesh
v -7.65625 5.9375 0.375
v -7.65625 5.9375 -0.375
v -7.65625 -0.5625 0.375
v -7.65625 -0.5625 -0.375
v -8.40625 5.9375 0.375
v -8.40625 5.9375 -0.375
v -8.40625 -0.5625 0.375
v -8.40625 -0.5625 -0.375
v -7.75 6.0625 -0.28125
v -7.75 6.0625 0.28125
v -8.3125 6.0625 0.28125
v -8.3125 6.0625 -0.28125
v -7.75 8.65625 -0.28125
v -7.75 8.65625 0.28125
v -8.3125 8.65625 0.28125
v -8.3125 8.65625 -0.28125
v -7.6875 8.78125 -0.34375
v -7.6875 8.78125 0.34375
v -8.375 8.78125 0.34375
v -8.375 8.78125 -0.34375
v -7.6875 9.34375 -0.34375
v -7.6875 9.34375 0.34375
v -8.375 9.34375 0.34375
v -8.375 9.34375 -0.34375
vt 0.5703125 0.8515625
vt 0.5703125 0.8515625
vt 0.5703125 0.8515625
vt 0.5703125 0.8515625
vt 0.5703125 0.8515625
vt 0.5703125 0.8515625
vt 0.5703125 0.8515625
vt 0.5703125 0.8515625
vt 0.5703125 0.859375
vt 0.5703125 0.8515625
vt 0.5703125 0.8515625
vt 0.5625 0.859375
vt 0.5703125 0.8515625
vt 0.5703125 0.8515625
vt 0.5703125 0.8515625
vt 0.5703125 0.8515625
vt 0.5703125 0.8515625
vt 0.5703125 0.8515625
vt 0.5703125 0.8515625
vt 0.5703125 0.8515625
vt 0.5703125 0.8515625
vt 0.5703125 0.8515625
vt 0.5703125 0.8515625
vt 0.5703125 0.8515625
vt 0.5703125 0.8515625
vt 0.5703125 0.8515625
vt 0.5703125 0.8515625
vt 0.5703125 0.8515625
vt 0.5703125 0.8515625
vt 0.5703125 0.8515625
vt 0.5703125 0.8515625
vt 0.5703125 0.8515625
vt 0.5703125 0.8515625
vt 0.5703125 0.8515625
vt 0.5703125 0.8515625
vt 0.5703125 0.8515625
vt 0.5703125 0.8515625
vt 0.5703125 0.8515625
vt 0.5703125 0.8515625
vt 0.5703125 0.8515625
vt 0.140625 0.40625
vt 0.140625 0.40625
vt 0.140625 0.40625
vt 0.140625 0.40625
vt 0.140625 0.40625
vt 0.140625 0.40625
vt 0.140625 0.40625
vt 0.140625 0.40625
vt 0.140625 0.40625
vt 0.140625 0.40625
vt 0.140625 0.40625
vt 0.140625 0.40625
vt 0.140625 0.40625
vt 0.140625 0.40625
vt 0.140625 0.40625
vt 0.140625 0.40625
vt 0.5703125 0.8515625
vt 0.5703125 0.8515625
vt 0.5703125 0.8515625
vt 0.5703125 0.8515625
vt 0.5703125 0.8515625
vt 0.5703125 0.8515625
vt 0.5703125 0.8515625
vt 0.5703125 0.8515625
vt 0.5625 0.8515625
vt 0.5703125 0.8515625
vt 0.5703125 0.8515625
vt 0.5703125 0.8515625
vt 0.5703125 0.8515625
vt 0.5625 0.8515625
vt 0.5703125 0.8515625
vt 0.5703125 0.8515625
vt 0.5703125 0.8515625
vt 0.5703125 0.859375
vt 0.5703125 0.8515625
vt 0.5703125 0.8515625
vt 0.5703125 0.8515625
vt 0.5703125 0.8515625
vt 0.5703125 0.8515625
vt 0.5703125 0.8515625
vt 0.5625 0.859375
vt 0.5703125 0.8515625
vt 0.5703125 0.8515625
vt 0.5625 0.8515625
vt 0.5703125 0.859375
vt 0.5625 0.859375
vt 0.5625 0.8515625
vt 0.5703125 0.8515625
vn -1 0 0
vn 1 0 0
vn 0 -1 0
vn 0 1 0
vn 0 0 -1
vn 0 0 1
vn -0.8 -0.6 0
vn 0 -0.6 -0.8
vn 0.8 -0.6 0
vn 0 -0.6 0.8
vn -1 0 0
vn 0 0 -1
vn 1 0 0
vn 0 0 1
vn -0.8944271909999161 0.44721359549995804 0
vn 0 0.44721359549995804 -0.8944271909999161
vn 0.8944271909999161 0.44721359549995804 0
vn 0 0.44721359549995804 0.8944271909999161
vn -1 0 0
vn 0 0 -1
vn 1 0 0
vn 0 0 1
usemtl m_2b2838a1-613f-47c3-8674-742b57c63691
f 291/1009/253 289/1010/253 290/1011/253 292/1012/253
f 294/1013/254 293/1014/254 295/1015/254 296/1016/254
f 309/1017/255 310/1018/255 311/1019/255 312/1020/255
f 295/1021/256 291/1022/256 292/1023/256 296/1024/256
f 293/1025/257 289/1026/257 291/1027/257 295/1028/257
f 292/1029/258 290/1030/258 294/1031/258 296/1032/258
f 298/1033/259 297/1034/259 290/1035/259 289/1036/259
f 299/1037/260 298/1038/260 289/1039/260 293/1040/260
f 300/1041/261 299/1042/261 293/1043/261 294/1044/261
f 297/1045/262 300/1046/262 294/1047/262 290/1048/262
f 302/1049/263 301/1050/263 297/1051/263 298/1052/263
f 303/1053/264 302/1054/264 298/1055/264 299/1056/264
f 304/1057/265 303/1058/265 299/1059/265 300/1060/265
f 301/1061/266 304/1062/266 300/1063/266 297/1064/266
f 306/1065/267 305/1066/267 301/1067/267 302/1068/267
f 307/1069/268 306/1070/268 302/1071/268 303/1072/268
f 308/1073/269 307/1074/269 303/1075/269 304/1076/269
f 305/1077/270 308/1078/270 304/1079/270 301/1080/270
f 310/1081/271 309/1082/271 305/1083/271 306/1084/271
f 311/1085/272 310/1086/272 306/1087/272 307/1088/272
f 312/1089/273 311/1090/273 307/1091/273 308/1092/273
f 309/1093/274 312/1094/274 308/1095/274 305/1096/274
o mesh
v -6.8314904735808355 5.9375 -3.4877404735808355
v -6.4564904735808355 5.9375 -4.1372595264191645
v -6.8314904735808355 -0.5625 -3.4877404735808355
v -6.4564904735808355 -0.5625 -4.1372595264191645
v -7.4810095264191645 5.9375 -3.8627404735808355
v -7.1060095264191645 5.9375 -4.5122595264191645
v -7.4810095264191645 -0.5625 -3.8627404735808355
v -7.1060095264191645 -0.5625 -4.5122595264191645
v -6.584555355185627 6.0625 -4.102944644814373
v -6.865805355185627 6.0625 -3.6158053551856266
v -7.352944644814373 6.0625 -3.8970553551856266
v -7.071694644814373 6.0625 -4.384194644814373
v -6.584555355185627 8.65625 -4.102944644814373
v -6.865805355185627 8.65625 -3.6158053551856266
v -7.352944644814373 8.65625 -3.8970553551856266
v -7.071694644814373 8.65625 -4.384194644814373
v -6.4991787674490995 8.78125 -4.1258212325509005
v -6.8429287674490995 8.78125 -3.530428767449099
v -7.4383212325509005 8.78125 -3.874178767449099
v -7.0945712325509005 8.78125 -4.4695712325509005
v -6.4991787674490995 9.34375 -4.1258212325509005
v -6.8429287674490995 9.34375 -3.530428767449099
v -7.4383212325509005 9.34375 -3.874178767449099
v -7.0945712325509005 9.34375 -4.4695712325509005
vt 0.5859375 0.8828125
vt 0.5859375 0.8828125
vt 0.5859375 0.8828125
vt 0.5859375 0.8828125
vt 0.5859375 0.8828125
vt 0.5859375 0.8828125
vt 0.5859375 0.8828125
vt 0.5859375 0.8828125
vt 0.5859375 0.890625
vt 0.5859375 0.8828125
vt 0.5859375 0.8828125
vt 0.578125 0.890625
vt 0.5859375 0.8828125
vt 0.5859375 0.8828125
vt 0.5859375 0.8828125
vt 0.5859375 0.8828125
vt 0.5859375 0.8828125
vt 0.5859375 0.8828125
vt 0.5859375 0.8828125
vt 0.5859375 0.8828125
vt 0.5859375 0.8828125
vt 0.5859375 0.8828125
vt 0.5859375 0.8828125
vt 0.5859375 0.8828125
vt 0.5859375 0.8828125
vt 0.5859375 0.8828125
vt 0.5859375 0.8828125
vt 0.5859375 0.8828125
vt 0.5859375 0.8828125
vt 0.5859375 0.8828125
vt 0.5859375 0.8828125
vt 0.5859375 0.8828125
vt 0.5859375 0.8828125
vt 0.5859375 0.8828125
vt 0.5859375 0.8828125
vt 0.5859375 0.8828125
vt 0.5859375 0.8828125
vt 0.5859375 0.8828125
vt 0.5859375 0.8828125
vt 0.5859375 0.8828125
vt 0.171875 0.375
vt 0.171875 0.375
vt 0.171875 0.375
vt 0.171875 0.375
vt 0.171875 0.375
vt 0.171875 0.375
vt 0.171875 0.375
vt 0.171875 0.375
vt 0.171875 0.375
vt 0.171875 0.375
vt 0.171875 0.375
vt 0.171875 0.375
vt 0.171875 0.375
vt 0.171875 0.375
vt 0.171875 0.375
vt 0.171875 0.375
vt 0.5859375 0.8828125
vt 0.5859375 0.8828125
vt 0.5859375 0.8828125
vt 0.5859375 0.8828125
vt 0.5859375 0.8828125
vt 0.5859375 0.8828125
vt 0.5859375 0.8828125
vt 0.5859375 0.8828125
vt 0.578125 0.8828125
vt 0.5859375 0.8828125
vt 0.5859375 0.8828125
vt 0.5859375 0.8828125
vt 0.5859375 0.8828125
vt 0.578125 0.8828125
vt 0.5859375 0.8828125
vt 0.5859375 0.8828125
vt 0.5859375 0.8828125
vt 0.5859375 0.890625
vt 0.5859375 0.8828125
vt 0.5859375 0.8828125
vt 0.5859375 0.8828125
vt 0.5859375 0.8828125
vt 0.5859375 0.8828125
vt 0.5859375 0.8828125
vt 0.578125 0.890625
vt 0.5859375 0.8828125
vt 0.5859375 0.8828125
vt 0.578125 0.8828125
vt 0.5859375 0.890625
vt 0.578125 0.890625
vt 0.578125 0.8828125
vt 0.5859375 0.8828125
vn -0.8660254037844387 0 -0.49999999999999994
vn 0.8660254037844387 0 0.49999999999999994
vn 0 -1 0
vn 0 1 0
vn 0.49999999999999994 0 -0.8660254037844387
vn -0.49999999999999994 0 0.8660254037844387
vn -0.692820323027551 -0.6 -0.39999999999999997
vn 0.39999999999999997 -0.6 -0.692820323027551
vn 0.692820323027551 -0.6 0.39999999999999997
vn -0.39999999999999997 -0.6 0.692820323027551
vn -0.8660254037844387 0 -0.49999999999999994
vn 0.49999999999999994 0 -0.8660254037844387
vn 0.8660254037844387 0 0.49999999999999994
vn -0.49999999999999994 0 0.8660254037844387
vn -0.7745966692414834 0.4472135954999579 -0.44721359549995787
vn 0.44721359549995787 0.4472135954999579 -0.7745966692414834
vn 0.7745966692414834 0.4472135954999579 0.44721359549995787
vn -0.44721359549995787 0.4472135954999579 0.7745966692414834
vn -0.8660254037844387 0 -0.49999999999999994
vn 0.49999999999999994 0 -0.8660254037844387
vn 0.8660254037844387 0 0.49999999999999994
vn -0.49999999999999994 0 0.8660254037844387
usemtl m_2b2838a1-613f-47c3-8674-742b57c63691
f 315/1097/275 313/1098/275 314/1099/275 316/1100/275
f 318/1101/276 317/1102/276 319/1103/276 320/1104/276
f 333/1105/277 334/1106/277 335/1107/277 336/1108/277
f 319/1109/278 315/1110/278 316/1111/278 320/1112/278
f 317/1113/279 313/1114/279 315/1115/279 319/1116/279
f 316/1117/280 314/1118/280 318/1119/280 320/1120/280
f 322/1121/281 321/1122/281 314/1123/281 313/1124/281
f 323/1125/282 322/1126/282 313/1127/282 317/1128/282
f 324/1129/283 323/1130/283 317/1131/283 318/1132/283
f 321/1133/284 324/1134/284 318/1135/284 314/1136/284
f 326/1137/285 325/1138/285 321/1139/285 322/1140/285
f 327/1141/286 326/1142/286 322/1143/286 323/1144/286
f 328/1145/287 327/1146/287 323/1147/287 324/1148/287
f 325/1149/288 328/1150/288 324/1151/288 321/1152/288
f 330/1153/289 329/1154/289 325/1155/289 326/1156/289
f 331/1157/290 330/1158/290 326/1159/290 327/1160/290
f 332/1161/291 331/1162/291 327/1163/291 328/1164/291
f 329/1165/292 332/1166/292 328/1167/292 325/1168/292
f 334/1169/293 333/1170/293 329/1171/293 330/1172/293
f 335/1173/294 334/1174/294 330/1175/294 331/1176/294
f 336/1177/295 335/1178/295 331/1179/295 332/1180/295
f 333/1181/296 336/1182/296 332/1183/296 329/1184/296
o mesh
v -4.1372595264191645 5.9375 -6.4564904735808355
v -3.4877404735808355 5.9375 -6.8314904735808355
v -4.1372595264191645 -0.5625 -6.4564904735808355
v -3.4877404735808355 -0.5625 -6.8314904735808355
v -4.5122595264191645 5.9375 -7.1060095264191645
v -3.8627404735808355 5.9375 -7.4810095264191645
v -4.5122595264191645 -0.5625 -7.1060095264191645
v -3.8627404735808355 -0.5625 -7.4810095264191645
v -3.6158053551856266 6.0625 -6.865805355185627
v -4.102944644814373 6.0625 -6.584555355185627
v -4.384194644814373 6.0625 -7.071694644814373
v -3.8970553551856266 6.0625 -7.352944644814373
v -3.6158053551856266 8.65625 -6.865805355185627
v -4.102944644814373 8.65625 -6.584555355185627
v -4.384194644814373 8.65625 -7.071694644814373
v -3.8970553551856266 8.65625 -7.352944644814373
v -3.530428767449099 8.78125 -6.8429287674490995
v -4.1258212325509005 8.78125 -6.4991787674490995
v -4.4695712325509005 8.78125 -7.0945712325509005
v -3.874178767449099 8.78125 -7.4383212325509005
v -3.530428767449099 9.34375 -6.8429287674490995
v -4.1258212325509005 9.34375 -6.4991787674490995
v -4.4695712325509005 9.34375 -7.0945712325509005
v -3.874178767449099 9.34375 -7.4383212325509005
vt 0.6640625 0.9453125
vt 0.6640625 0.9453125
vt 0.6640625 0.9453125
vt 0.6640625 0.9453125
vt 0.6640625 0.9453125
vt 0.6640625 0.9453125
vt 0.6640625 0.9453125
vt 0.6640625 0.9453125
vt 0.6640625 0.953125
vt 0.6640625 0.9453125
vt 0.6640625 0.9453125
vt 0.65625 0.953125
vt 0.6640625 0.9453125
vt 0.6640625 0.9453125
vt 0.6640625 0.9453125
vt 0.6640625 0.9453125
vt 0.6640625 0.9453125
vt 0.6640625 0.9453125
vt 0.6640625 0.9453125
vt 0.6640625 0.9453125
vt 0.6640625 0.9453125
vt 0.6640625 0.9453125
vt 0.6640625 0.9453125
vt 0.6640625 0.9453125
vt 0.6640625 0.9453125
vt 0.6640625 0.9453125
vt 0.6640625 0.9453125
vt 0.6640625 0.9453125
vt 0.6640625 0.9453125
vt 0.6640625 0.9453125
vt 0.6640625 0.9453125
vt 0.6640625 0.9453125
vt 0.6640625 0.9453125
vt 0.6640625 0.9453125
vt 0.6640625 0.9453125
vt 0.6640625 0.9453125
vt 0.6640625 0.9453125
vt 0.6640625 0.9453125
vt 0.6640625 0.9453125
vt 0.6640625 0.9453125
vt 0.171875 0.34375
vt 0.171875 0.34375
vt 0.171875 0.34375
vt 0.171875 0.34375
vt 0.171875 0.34375
vt 0.171875 0.34375
vt 0.171875 0.34375
vt 0.171875 0.34375
vt 0.171875 0.34375
vt 0.171875 0.34375
vt 0.171875 0.34375
vt 0.171875 0.34375
vt 0.171875 0.34375
vt 0.171875 0.34375
vt 0.171875 0.34375
vt 0.171875 0.34375
vt 0.6640625 0.9453125
vt 0.6640625 0.9453125
vt 0.6640625 0.9453125
vt 0.6640625 0.9453125
vt 0.6640625 0.9453125
vt 0.6640625 0.9453125
vt 0.6640625 0.9453125
vt 0.6640625 0.9453125
vt 0.65625 0.9453125
vt 0.6640625 0.9453125
vt 0.6640625 0.9453125
vt 0.6640625 0.9453125
vt 0.6640625 0.9453125
vt 0.65625 0.9453125
vt 0.6640625 0.9453125
vt 0.6640625 0.9453125
vt 0.6640625 0.9453125
vt 0.6640625 0.953125
vt 0.6640625 0.9453125
vt 0.6640625 0.9453125
vt 0.6640625 0.9453125
vt 0.6640625 0.9453125
vt 0.6640625 0.9453125
vt 0.6640625 0.9453125
vt 0.65625 0.953125
vt 0.6640625 0.9453125
vt 0.6640625 0.9453125
vt 0.65625 0.9453125
vt 0.6640625 0.953125
vt 0.65625 0.953125
vt 0.65625 0.9453125
vt 0.6640625 0.9453125
vn -0.5000000000000001 0 -0.8660254037844386
vn 0.5000000000000001 0 0.8660254037844386
vn 0 -1 0
vn 0 1 0
vn 0.8660254037844386 0 -0.5000000000000001
vn -0.8660254037844386 0 0.5000000000000001
vn -0.40000000000000013 -0.6 -0.6928203230275509
vn 0.6928203230275509 -0.6 -0.40000000000000013
vn 0.40000000000000013 -0.6 0.6928203230275509
vn -0.6928203230275509 -0.6 0.40000000000000013
vn -0.5000000000000001 0 -0.8660254037844386
vn 0.8660254037844386 0 -0.5000000000000001
vn 0.5000000000000001 0 0.8660254037844386
vn -0.8660254037844386 0 0.5000000000000001
vn -0.44721359549995804 0.4472135954999579 -0.7745966692414833
vn 0.7745966692414835 0.44721359549995804 -0.44721359549995815
vn 0.44721359549995804 0.4472135954999579 0.7745966692414833
vn -0.7745966692414835 0.44721359549995804 0.44721359549995815
vn -0.5000000000000001 0 -0.8660254037844386
vn 0.8660254037844386 0 -0.5000000000000001
vn 0.5000000000000001 0 0.8660254037844386
vn -0.8660254037844386 0 0.5000000000000001
usemtl m_2b2838a1-613f-47c3-8674-742b57c63691
f 339/1185/297 337/1186/297 338/1187/297 340/1188/297
f 342/1189/298 341/1190/298 343/1191/298 344/1192/298
f 357/1193/299 358/1194/299 359/1195/299 360/1196/299
f 343/1197/300 339/1198/300 340/1199/300 344/1200/300
f 341/1201/301 337/1202/301 339/1203/301 343/1204/301
f 340/1205/302 338/1206/302 342/1207/302 344/1208/302
f 346/1209/303 345/1210/303 338/1211/303 337/1212/303
f 347/1213/304 346/1214/304 337/1215/304 341/1216/304
f 348/1217/305 347/1218/305 341/1219/305 342/1220/305
f 345/1221/306 348/1222/306 342/1223/306 338/1224/306
f 350/1225/307 349/1226/307 345/1227/307 346/1228/307
f 351/1229/308 350/1230/308 346/1231/308 347/1232/308
f 352/1233/309 351/1234/309 347/1235/309 348/1236/309
f 349/1237/310 352/1238/310 348/1239/310 345/1240/310
f 354/1241/311 353/1242/311 349/1243/311 350/1244/311
f 355/1245/312 354/1246/312 350/1247/312 351/1248/312
f 356/1249/313 355/1250/313 351/1251/313 352/1252/313
f 353/1253/314 356/1254/314 352/1255/314 349/1256/314
f 358/1257/315 357/1258/315 353/1259/315 354/1260/315
f 359/1261/316 358/1262/316 354/1263/316 355/1264/316
f 360/1265/317 359/1266/317 355/1267/317 356/1268/317
f 357/1269/318 360/1270/318 356/1271/318 353/1272/318
o mesh
v 0.375 5.9375 -7.65625
v 0.375 5.9375 -8.40625
v 0.375 -0.5625 -7.65625
v 0.375 -0.5625 -8.40625
v 0.28125 6.0625 -7.75
v 0.28125 6.0625 -8.3125
v 0.28125 8.65625 -7.75
v 0.28125 8.65625 -8.3125
v 0.34375 8.78125 -7.6875
v 0.34375 8.78125 -8.375
v 0.34375 9.34375 -7.6875
v 0.34375 9.34375 -8.375
v -0.375 5.9375 -7.65625
v -0.375 5.9375 -8.40625
v -0.375 -0.5625 -7.65625
v -0.375 -0.5625 -8.40625
v -0.28125 6.0625 -7.75
v -0.28125 6.0625 -8.3125
v -0.28125 8.65625 -7.75
v -0.28125 8.65625 -8.3125
v -0.34375 8.78125 -7.6875
v -0.34375 8.78125 -8.375
v -0.34375 9.34375 -7.6875
v -0.34375 9.34375 -8.375
vt 0.6171875 0.8515625
vt 0.6171875 0.8515625
vt 0.6171875 0.8515625
vt 0.6171875 0.8515625
vt 0.609375 0.859375
vt 0.6171875 0.859375
vt 0.6171875 0.8515625
vt 0.6171875 0.8515625
vt 0.6171875 0.8515625
vt 0.6171875 0.8515625
vt 0.6171875 0.8515625
vt 0.6171875 0.8515625
vt 0.6171875 0.8515625
vt 0.6171875 0.8515625
vt 0.6171875 0.8515625
vt 0.6171875 0.8515625
vt 0.6171875 0.8515625
vt 0.6171875 0.8515625
vt 0.6171875 0.8515625
vt 0.6171875 0.8515625
vt 0.6171875 0.8515625
vt 0.6171875 0.8515625
vt 0.6171875 0.8515625
vt 0.6171875 0.8515625
vt 0.6171875 0.8515625
vt 0.6171875 0.8515625
vt 0.6171875 0.8515625
vt 0.6171875 0.8515625
vt 0.6171875 0.8515625
vt 0.6171875 0.8515625
vt 0.6171875 0.8515625
vt 0.6171875 0.8515625
vt 0.171875 0.40625
vt 0.171875 0.40625
vt 0.171875 0.40625
vt 0.171875 0.40625
vt 0.171875 0.40625
vt 0.171875 0.40625
vt 0.171875 0.40625
vt 0.171875 0.40625
vt 0.171875 0.40625
vt 0.171875 0.40625
vt 0.171875 0.40625
vt 0.171875 0.40625
vt 0.6171875 0.8515625
vt 0.6171875 0.8515625
vt 0.6171875 0.8515625
vt 0.6171875 0.8515625
vt 0.6171875 0.8515625
vt 0.6171875 0.8515625
vt 0.6171875 0.8515625
vt 0.6171875 0.8515625
vt 0.609375 0.8515625
vt 0.6171875 0.8515625
vt 0.6171875 0.8515625
vt 0.6171875 0.8515625
vt 0.6171875 0.8515625
vt 0.6171875 0.859375
vt 0.6171875 0.8515625
vt 0.6171875 0.8515625
vt 0.6171875 0.8515625
vt 0.6171875 0.8515625
vt 0.6171875 0.8515625
vt 0.6171875 0.8515625
vt 0.609375 0.859375
vt 0.6171875 0.8515625
vt 0.6171875 0.8515625
vt 0.609375 0.8515625
vt 0.6171875 0.8515625
vt 0.6171875 0.8515625
vt 0.6171875 0.8515625
vt 0.6171875 0.8515625
vt 0.6171875 0.8515625
vt 0.6171875 0.8515625
vt 0.6171875 0.8515625
vt 0.6171875 0.8515625
vt 0.171875 0.40625
vt 0.171875 0.40625
vt 0.171875 0.40625
vt 0.171875 0.40625
vt 0.6171875 0.8515625
vt 0.609375 0.8515625
vt 0.6171875 0.8515625
vt 0.6171875 0.8515625
vt 0.6171875 0.859375
vt 0.609375 0.859375
vt 0.609375 0.8515625
vt 0.6171875 0.8515625
vn 1 0 0
vn 0 1 0
vn 0 -1 0
vn 0 0 1
vn 0 0 -1
vn 0 0.6 0.8
vn 0.8 0.6 0
vn 0 0.6 -0.8
vn 0 0 1
vn 1 0 0
vn 0 0 -1
vn 0 -0.44721359549995804 0.8944271909999161
vn 0.8944271909999161 -0.44721359549995804 0
vn 0 -0.44721359549995804 -0.8944271909999161
vn 0 0 1
vn 1 0 0
vn 0 0 -1
vn -1 0 0
vn -0.8 0.6 0
vn -1 0 0
vn -0.8944271909999161 -0.44721359549995804 0
vn -1 0 0
usemtl m_2b2838a1-613f-47c3-8674-742b57c63691
f 362/1273/319 361/1274/319 363/1275/319 364/1276/319
f 384/1277/320 383/1278/320 371/1279/320 372/1280/320
f 363/1281/321 375/1282/321 376/1283/321 364/1284/321
f 361/1285/322 373/1286/322 375/1287/322 363/1288/322
f 376/1289/323 374/1290/323 362/1291/323 364/1292/323
f 365/1293/324 377/1294/324 373/1295/324 361/1296/324
f 366/1297/325 365/1298/325 361/1299/325 362/1300/325
f 378/1301/326 366/1302/326 362/1303/326 374/1304/326
f 367/1305/327 379/1306/327 377/1307/327 365/1308/327
f 368/1309/328 367/1310/328 365/1311/328 366/1312/328
f 380/1313/329 368/1314/329 366/1315/329 378/1316/329
f 369/1317/330 381/1318/330 379/1319/330 367/1320/330
f 370/1321/331 369/1322/331 367/1323/331 368/1324/331
f 382/1325/332 370/1326/332 368/1327/332 380/1328/332
f 371/1329/333 383/1330/333 381/1331/333 369/1332/333
f 372/1333/334 371/1334/334 369/1335/334 370/1336/334
f 384/1337/335 372/1338/335 370/1339/335 382/1340/335
f 375/1341/336 373/1342/336 374/1343/336 376/1344/336
f 377/1345/337 378/1346/337 374/1347/337 373/1348/337
f 379/1349/338 380/1350/338 378/1351/338 377/1352/338
f 381/1353/339 382/1354/339 380/1355/339 379/1356/339
f 383/1357/340 384/1358/340 382/1359/340 381/1360/340
o mesh
v 4.1372595264191645 5.9375 -6.4564904735808355
v 3.4877404735808355 5.9375 -6.8314904735808355
v 4.1372595264191645 -0.5625 -6.4564904735808355
v 3.4877404735808355 -0.5625 -6.8314904735808355
v 4.5122595264191645 5.9375 -7.1060095264191645
v 3.8627404735808355 5.9375 -7.4810095264191645
v 4.5122595264191645 -0.5625 -7.1060095264191645
v 3.8627404735808355 -0.5625 -7.4810095264191645
v 3.6158053551856266 6.0625 -6.865805355185627
v 4.102944644814373 6.0625 -6.584555355185627
v 4.384194644814373 6.0625 -7.071694644814373
v 3.8970553551856266 6.0625 -7.352944644814373
v 3.6158053551856266 8.65625 -6.865805355185627
v 4.102944644814373 8.65625 -6.584555355185627
v 4.384194644814373 8.65625 -7.071694644814373
v 3.8970553551856266 8.65625 -7.352944644814373
v 3.530428767449099 8.78125 -6.8429287674490995
v 4.1258212325509005 8.78125 -6.4991787674490995
v 4.4695712325509005 8.78125 -7.0945712325509005
v 3.874178767449099 8.78125 -7.4383212325509005
v 3.530428767449099 9.34375 -6.8429287674490995
v 4.1258212325509005 9.34375 -6.4991787674490995
v 4.4695712325509005 9.34375 -7.0945712325509005
v 3.874178767449099 9.34375 -7.4383212325509005
vt 0.6171875 0.8984375
vt 0.6171875 0.8984375
vt 0.6171875 0.8984375
vt 0.6171875 0.8984375
vt 0.6171875 0.8984375
vt 0.6171875 0.8984375
vt 0.6171875 0.8984375
vt 0.6171875 0.8984375
vt 0.6171875 0.90625
vt 0.6171875 0.8984375
vt 0.6171875 0.8984375
vt 0.609375 0.90625
vt 0.6171875 0.8984375
vt 0.6171875 0.8984375
vt 0.6171875 0.8984375
vt 0.6171875 0.8984375
vt 0.6171875 0.8984375
vt 0.6171875 0.8984375
vt 0.6171875 0.8984375
vt 0.6171875 0.8984375
vt 0.6171875 0.8984375
vt 0.6171875 0.8984375
vt 0.6171875 0.8984375
vt 0.6171875 0.8984375
vt 0.6171875 0.8984375
vt 0.6171875 0.8984375
vt 0.6171875 0.8984375
vt 0.6171875 0.8984375
vt 0.6171875 0.8984375
vt 0.6171875 0.8984375
vt 0.6171875 0.8984375
vt 0.6171875 0.8984375
vt 0.6171875 0.8984375
vt 0.6171875 0.8984375
vt 0.6171875 0.8984375
vt 0.6171875 0.8984375
vt 0.6171875 0.8984375
vt 0.6171875 0.8984375
vt 0.6171875 0.8984375
vt 0.6171875 0.8984375
vt 0.125 0.40625
vt 0.125 0.40625
vt 0.125 0.40625
vt 0.125 0.40625
vt 0.125 0.40625
vt 0.125 0.40625
vt 0.125 0.40625
vt 0.125 0.40625
vt 0.125 0.40625
vt 0.125 0.40625
vt 0.125 0.40625
vt 0.125 0.40625
vt 0.125 0.40625
vt 0.125 0.40625
vt 0.125 0.40625
vt 0.125 0.40625
vt 0.6171875 0.8984375
vt 0.6171875 0.8984375
vt 0.6171875 0.8984375
vt 0.6171875 0.8984375
vt 0.6171875 0.8984375
vt 0.6171875 0.8984375
vt 0.6171875 0.8984375
vt 0.6171875 0.8984375
vt 0.609375 0.8984375
vt 0.6171875 0.8984375
vt 0.6171875 0.8984375
vt 0.6171875 0.8984375
vt 0.6171875 0.8984375
vt 0.609375 0.8984375
vt 0.6171875 0.8984375
vt 0.6171875 0.8984375
vt 0.6171875 0.8984375
vt 0.6171875 0.90625
vt 0.6171875 0.8984375
vt 0.6171875 0.8984375
vt 0.6171875 0.8984375
vt 0.6171875 0.8984375
vt 0.6171875 0.8984375
vt 0.6171875 0.8984375
vt 0.609375 0.90625
vt 0.6171875 0.8984375
vt 0.6171875 0.8984375
vt 0.609375 0.8984375
vt 0.6171875 0.90625
vt 0.609375 0.90625
vt 0.609375 0.8984375
vt 0.6171875 0.8984375
vn -0.5000000000000001 0 0.8660254037844386
vn 0.5000000000000001 0 -0.8660254037844386
vn 0 1 0
vn 0 -1 0
vn 0.8660254037844386 0 0.5000000000000001
vn -0.8660254037844386 0 -0.5000000000000001
vn -0.40000000000000013 0.6 0.6928203230275509
vn 0.6928203230275509 0.6 0.40000000000000013
vn 0.40000000000000013 0.6 -0.6928203230275509
vn -0.6928203230275509 0.6 -0.40000000000000013
vn -0.5000000000000001 0 0.8660254037844386
vn 0.8660254037844386 0 0.5000000000000001
vn 0.5000000000000001 0 -0.8660254037844386
vn -0.8660254037844386 0 -0.5000000000000001
vn -0.44721359549995804 -0.4472135954999579 0.7745966692414833
vn 0.7745966692414835 -0.44721359549995804 0.44721359549995815
vn 0.44721359549995804 -0.4472135954999579 -0.7745966692414833
vn -0.7745966692414835 -0.44721359549995804 -0.44721359549995815
vn -0.5000000000000001 0 0.8660254037844386
vn 0.8660254037844386 0 0.5000000000000001
vn 0.5000000000000001 0 -0.8660254037844386
vn -0.8660254037844386 0 -0.5000000000000001
usemtl m_2b2838a1-613f-47c3-8674-742b57c63691
f 387/1361/341 385/1362/341 386/1363/341 388/1364/341
f 390/1365/342 389/1366/342 391/1367/342 392/1368/342
f 405/1369/343 406/1370/343 407/1371/343 408/1372/343
f 391/1373/344 387/1374/344 388/1375/344 392/1376/344
f 389/1377/345 385/1378/345 387/1379/345 391/1380/345
f 388/1381/346 386/1382/346 390/1383/346 392/1384/346
f 394/1385/347 393/1386/347 386/1387/347 385/1388/347
f 395/1389/348 394/1390/348 385/1391/348 389/1392/348
f 396/1393/349 395/1394/349 389/1395/349 390/1396/349
f 393/1397/350 396/1398/350 390/1399/350 386/1400/350
f 398/1401/351 397/1402/351 393/1403/351 394/1404/351
f 399/1405/352 398/1406/352 394/1407/352 395/1408/352
f 400/1409/353 399/1410/353 395/1411/353 396/1412/353
f 397/1413/354 400/1414/354 396/1415/354 393/1416/354
f 402/1417/355 401/1418/355 397/1419/355 398/1420/355
f 403/1421/356 402/1422/356 398/1423/356 399/1424/356
f 404/1425/357 403/1426/357 399/1427/357 400/1428/357
f 401/1429/358 404/1430/358 400/1431/358 397/1432/358
f 406/1433/359 405/1434/359 401/1435/359 402/1436/359
f 407/1437/360 406/1438/360 402/1439/360 403/1440/360
f 408/1441/361 407/1442/361 403/1443/361 404/1444/361
f 405/1445/362 408/1446/362 404/1447/362 401/1448/362
o mesh
v 6.8314904735808355 5.9375 -3.4877404735808355
v 6.4564904735808355 5.9375 -4.1372595264191645
v 6.8314904735808355 -0.5625 -3.4877404735808355
v 6.4564904735808355 -0.5625 -4.1372595264191645
v 7.4810095264191645 5.9375 -3.8627404735808355
v 7.1060095264191645 5.9375 -4.5122595264191645
v 7.4810095264191645 -0.5625 -3.8627404735808355
v 7.1060095264191645 -0.5625 -4.5122595264191645
v 6.584555355185627 6.0625 -4.102944644814373
v 6.865805355185627 6.0625 -3.6158053551856266
v 7.352944644814373 6.0625 -3.8970553551856266
v 7.071694644814373 6.0625 -4.384194644814373
v 6.584555355185627 8.65625 -4.102944644814373
v 6.865805355185627 8.65625 -3.6158053551856266
v 7.352944644814373 8.65625 -3.8970553551856266
v 7.071694644814373 8.65625 -4.384194644814373
v 6.4991787674490995 8.78125 -4.1258212325509005
v 6.8429287674490995 8.78125 -3.530428767449099
v 7.4383212325509005 8.78125 -3.874178767449099
v 7.0945712325509005 8.78125 -4.4695712325509005
v 6.4991787674490995 9.34375 -4.1258212325509005
v 6.8429287674490995 9.34375 -3.530428767449099
v 7.4383212325509005 9.34375 -3.874178767449099
v 7.0945712325509005 9.34375 -4.4695712325509005
vt 0.6328125 0.8671875
vt 0.6328125 0.8671875
vt 0.6328125 0.8671875
vt 0.6328125 0.8671875
vt 0.6328125 0.8671875
vt 0.6328125 0.8671875
vt 0.6328125 0.8671875
vt 0.6328125 0.8671875
vt 0.6328125 0.875
vt 0.6328125 0.8671875
vt 0.6328125 0.8671875
vt 0.625 0.875
vt 0.6328125 0.8671875
vt 0.6328125 0.8671875
vt 0.6328125 0.8671875
vt 0.6328125 0.8671875
vt 0.6328125 0.8671875
vt 0.6328125 0.8671875
vt 0.6328125 0.8671875
vt 0.6328125 0.8671875
vt 0.6328125 0.8671875
vt 0.6328125 0.8671875
vt 0.6328125 0.8671875
vt 0.6328125 0.8671875
vt 0.6328125 0.8671875
vt 0.6328125 0.8671875
vt 0.6328125 0.8671875
vt 0.6328125 0.8671875
vt 0.6328125 0.8671875
vt 0.6328125 0.8671875
vt 0.6328125 0.8671875
vt 0.6328125 0.8671875
vt 0.6328125 0.8671875
vt 0.6328125 0.8671875
vt 0.6328125 0.8671875
vt 0.6328125 0.8671875
vt 0.6328125 0.8671875
vt 0.6328125 0.8671875
vt 0.6328125 0.8671875
vt 0.6328125 0.8671875
vt 0.140625 0.34375
vt 0.140625 0.34375
vt 0.140625 0.34375
vt 0.140625 0.34375
vt 0.140625 0.34375
vt 0.140625 0.34375
vt 0.140625 0.34375
vt 0.140625 0.34375
vt 0.140625 0.34375
vt 0.140625 0.34375
vt 0.140625 0.34375
vt 0.140625 0.34375
vt 0.140625 0.34375
vt 0.140625 0.34375
vt 0.140625 0.34375
vt 0.140625 0.34375
vt 0.6328125 0.8671875
vt 0.6328125 0.8671875
vt 0.6328125 0.8671875
vt 0.6328125 0.8671875
vt 0.6328125 0.8671875
vt 0.6328125 0.8671875
vt 0.6328125 0.8671875
vt 0.6328125 0.8671875
vt 0.625 0.8671875
vt 0.6328125 0.8671875
vt 0.6328125 0.8671875
vt 0.6328125 0.8671875
vt 0.6328125 0.8671875
vt 0.625 0.8671875
vt 0.6328125 0.8671875
vt 0.6328125 0.8671875
vt 0.6328125 0.8671875
vt 0.6328125 0.875
vt 0.6328125 0.8671875
vt 0.6328125 0.8671875
vt 0.6328125 0.8671875
vt 0.6328125 0.8671875
vt 0.6328125 0.8671875
vt 0.6328125 0.8671875
vt 0.625 0.875
vt 0.6328125 0.8671875
vt 0.6328125 0.8671875
vt 0.625 0.8671875
vt 0.6328125 0.875
vt 0.625 0.875
vt 0.625 0.8671875
vt 0.6328125 0.8671875
vn -0.8660254037844387 0 0.49999999999999994
vn 0.8660254037844387 0 -0.49999999999999994
vn 0 1 0
vn 0 -1 0
vn 0.49999999999999994 0 0.8660254037844387
vn -0.49999999999999994 0 -0.8660254037844387
vn -0.692820323027551 0.6 0.39999999999999997
vn 0.39999999999999997 0.6 0.692820323027551
vn 0.692820323027551 0.6 -0.39999999999999997
vn -0.39999999999999997 0.6 -0.692820323027551
vn -0.8660254037844387 0 0.49999999999999994
vn 0.49999999999999994 0 0.8660254037844387
vn 0.8660254037844387 0 -0.49999999999999994
vn -0.49999999999999994 0 -0.8660254037844387
vn -0.7745966692414834 -0.4472135954999579 0.44721359549995787
vn 0.44721359549995787 -0.4472135954999579 0.7745966692414834
vn 0.7745966692414834 -0.4472135954999579 -0.44721359549995787
vn -0.44721359549995787 -0.4472135954999579 -0.7745966692414834
vn -0.8660254037844387 0 0.49999999999999994
vn 0.49999999999999994 0 0.8660254037844387
vn 0.8660254037844387 0 -0.49999999999999994
vn -0.49999999999999994 0 -0.8660254037844387
usemtl m_2b2838a1-613f-47c3-8674-742b57c63691
f 411/1449/363 409/1450/363 410/1451/363 412/1452/363
f 414/1453/364 413/1454/364 415/1455/364 416/1456/364
f 429/1457/365 430/1458/365 431/1459/365 432/1460/365
f 415/1461/366 411/1462/366 412/1463/366 416/1464/366
f 413/1465/367 409/1466/367 411/1467/367 415/1468/367
f 412/1469/368 410/1470/368 414/1471/368 416/1472/368
f 418/1473/369 417/1474/369 410/1475/369 409/1476/369
f 419/1477/370 418/1478/370 409/1479/370 413/1480/370
f 420/1481/371 419/1482/371 413/1483/371 414/1484/371
f 417/1485/372 420/1486/372 414/1487/372 410/1488/372
f 422/1489/373 421/1490/373 417/1491/373 418/1492/373
f 423/1493/374 422/1494/374 418/1495/374 419/1496/374
f 424/1497/375 423/1498/375 419/1499/375 420/1500/375
f 421/1501/376 424/1502/376 420/1503/376 417/1504/376
f 426/1505/377 425/1506/377 421/1507/377 422/1508/377
f 427/1509/378 426/1510/378 422/1511/378 423/1512/378
f 428/1513/379 427/1514/379 423/1515/379 424/1516/379
f 425/1517/380 428/1518/380 424/1519/380 421/1520/380
f 430/1521/381 429/1522/381 425/1523/381 426/1524/381
f 431/1525/382 430/1526/382 426/1527/382 427/1528/382
f 432/1529/383 431/1530/383 427/1531/383 428/1532/383
f 429/1533/384 432/1534/384 428/1535/384 425/1536/384
o Ground
v 0 -0.375 0
v 1.876946408018958 -0.375 7.004859375373465
v 1.8201252876741019 1.71875 6.606395228838585
v 3.625981795275535 -0.375 6.280385219381135
v 3.5159371317400825 1.71875 5.903889204688653
v 5.127913219019035 -0.375 5.127913020237754
v 4.972154437687987 1.71875 4.786338906979691
v 6.280385223926725 -0.375 3.6259822619528794
v 6.089536326290753 1.71875 3.3299025387745025
v 7.0048594282567125 -0.375 1.8769461563544296
v 6.791936662312354 1.71875 1.6338345507424619
v 7.251964057228415 -0.375 -4.54558934936955e-9
v 7.031487175435558 1.71875 -0.1862800230744206
v 7.004859375373465 -0.375 -1.876946408018958
v 6.791863112814481 1.71875 -2.0064054822363797
v 6.280385219381135 -0.375 -3.625981795275535
v 6.089394687936642 1.71875 -3.7025015404838992
v 5.127913020237754 -0.375 -5.127913219019035
v 4.971953365887852 1.71875 -5.158982829017386
v 3.6259822619528794 -0.375 -6.280385223926725
v 3.515691871787335 1.71875 -6.276592617990413
v 1.8769461563544296 -0.375 -7.0048594282567125
v 1.8198506663760932 1.71875 -6.979166540137333
v -4.54558934936955e-9 -0.375 -7.251964057228415
v 3.528954884979285e-7 1.71875 -7.218826230179665
v -1.876946408018958 -0.375 -7.004859375373465
v -1.8198413051749023 1.71875 -6.97923953068111
v -3.625981795275535 -0.375 -6.280385219381135
v -3.5156532308197526 1.71875 -6.276734126184216
v -5.127913219019035 -0.375 -5.127913020237754
v -4.971870536767658 1.71875 -5.159183828475255
v -6.280385223926725 -0.375 -3.6259822619528794
v -6.089252425370423 1.71875 -3.702747460270067
v -7.0048594282567125 -0.375 -1.8769461563544296
v -6.791652761392024 1.71875 -2.0066794722380257
v -7.251964057228415 -0.375 4.54558934936955e-9
v -7.031203192936358 1.71875 -0.18656427876810455
v -7.004859375373465 -0.375 1.876946408018958
v -6.791579130315281 1.71875 1.6335611803938543
v -6.280385219381135 -0.375 3.625981795275535
v -6.089110787016312 1.71875 3.329656618988335
v -5.127913020237754 -0.375 5.127913219019035
v -4.971669464967522 1.71875 4.786137907521821
v -3.6259822619528794 -0.375 6.280385223926725
v -3.515407970867006 1.71875 5.9037476964948485
v -1.8769461563544296 -0.375 7.0048594282567125
v 4.54558934936955e-9 -0.375 7.251964057228415
v 0.00028362960371097756 1.71875 6.84598192833714
v 1.876946408018958 0.03515625 7.004859375373465
v 3.625981795275535 0.03515625 6.280385219381135
v 3.5156629827208596 1.40234375 6.089307517687774
v 1.819841430769333 1.40234375 6.791739803126142
v 5.127913219019035 0.03515625 5.127913020237754
v 4.971898888651156 1.40234375 4.971898500871558
v 6.280385223926725 0.03515625 3.6259822619528794
v 6.089307290386716 1.40234375 3.5156635199038373
v 7.0048594282567125 0.03515625 1.8769461563544296
v 6.791739931640891 1.40234375 1.819840914474986
v 7.251964057228415 0.03515625 -4.54558934936955e-9
v 7.0313265026246965 1.40234375 2.2730105786461507e-7
v 7.004859375373465 0.03515625 -1.876946408018958
v 6.791739803126142 1.40234375 -1.819841430769333
v 6.280385219381135 0.03515625 -3.625981795275535
v 6.089307517687774 1.40234375 -3.5156629827208596
v 5.127913020237754 0.03515625 -5.127913219019035
v 4.971898500871558 1.40234375 -4.971898888651156
v 3.6259822619528794 0.03515625 -6.280385223926725
v 3.5156635199038373 1.40234375 -6.089307290386716
v 1.8769461563544296 0.03515625 -7.0048594282567125
v 1.819840914474986 1.40234375 -6.791739931640891
v -4.54558934936955e-9 0.03515625 -7.251964057228415
v 2.2730105786461507e-7 1.40234375 -7.0313265026246965
v -1.876946408018958 0.03515625 -7.004859375373465
v -1.819841430769333 1.40234375 -6.791739803126142
v -3.625981795275535 0.03515625 -6.280385219381135
v -3.5156629827208596 1.40234375 -6.089307517687774
v -5.127913219019035 0.03515625 -5.127913020237754
v -4.971898888651156 1.40234375 -4.971898500871558
v -6.280385223926725 0.03515625 -3.6259822619528794
v -6.089307290386716 1.40234375 -3.5156635199038373
v -7.0048594282567125 0.03515625 -1.8769461563544296
v -6.791739931640891 1.40234375 -1.819840914474986
v -7.251964057228415 0.03515625 4.54558934936955e-9
v -7.0313265026246965 1.40234375 -2.2730105786461507e-7
v -7.004859375373465 0.03515625 1.876946408018958
v -6.791739803126142 1.40234375 1.819841430769333
v -6.280385219381135 0.03515625 3.625981795275535
v -6.089307517687774 1.40234375 3.5156629827208596
v -5.127913020237754 0.03515625 5.127913219019035
v -4.971898500871558 1.40234375 4.971898888651156
v -3.6259822619528794 0.03515625 6.280385223926725
v -1.8769461563544296 0.03515625 7.0048594282567125
v 4.54558934936955e-9 0.03515625 7.251964057228415
v -2.2730105786461507e-7 1.40234375 7.0313265026246965
v 2.0277948912857173 0.03515625 7.567834149486067
v 3.917399172029417 0.03515625 6.785134569508514
v 3.7913206711911402 1.40234375 6.566759764413693
v 1.9625317945777003 1.40234375 7.324268959022926
v 5.540039167511736 0.03515625 5.540039337239374
v 5.361736898619005 1.40234375 5.361737052700542
v 6.785134721662837 0.03515625 3.917399219457879
v 6.5667599171660065 1.40234375 3.7913204800723905
v 7.567834228525092 0.03515625 2.0277949819743304
v 7.324268847278242 1.40234375 1.962532060403921
v 7.834798391487296 0.03515625 -1.5215432314086286e-7
v 7.582641151263531 1.40234375 -1.5275231413092172e-7
v 7.567834149486067 0.03515625 -2.0277948912857173
v 7.324268959022926 1.40234375 -1.9625317945777003
v 6.785134569508514 0.03515625 -3.917399172029417
v 6.566759764413693 1.40234375 -3.7913206711911402
v 5.540039337239374 0.03515625 -5.540039167511736
v 5.361737052700542 1.40234375 -5.361736898619005
v 3.917399219457879 0.03515625 -6.785134721662837
v 3.7913204800723905 1.40234375 -6.5667599171660065
v 2.0277949819743304 0.03515625 -7.567834228525092
v 1.962532060403921 1.40234375 -7.324268847278242
v -1.5215432314086286e-7 0.03515625 -7.834798391487296
v -1.5275231413092172e-7 1.40234375 -7.582641151263531
v -2.0277948912857173 0.03515625 -7.567834149486067
v -1.9625317945777003 1.40234375 -7.324268959022926
v -3.917399172029417 0.03515625 -6.785134569508514
v -3.7913206711911402 1.40234375 -6.566759764413693
v -5.540039167511736 0.03515625 -5.540039337239374
v -5.361736898619005 1.40234375 -5.361737052700542
v -6.785134721662837 0.03515625 -3.917399219457879
v -6.5667599171660065 1.40234375 -3.7913204800723905
v -7.567834228525092 0.03515625 -2.0277949819743304
v -7.324268847278242 1.40234375 -1.962532060403921
v -7.834798391487296 0.03515625 1.5215432314086286e-7
v -7.582641151263531 1.40234375 1.5275231413092172e-7
v -7.567834149486067 0.03515625 2.0277948912857173
v -7.324268959022926 1.40234375 1.9625317945777003
v -6.785134569508514 0.03515625 3.917399172029417
v -6.566759764413693 1.40234375 3.7913206711911402
v -5.540039337239374 0.03515625 5.540039167511736
v -5.361737052700542 1.40234375 5.361736898619005
v -3.917399219457879 0.03515625 6.785134721662837
v -3.7913204800723905 1.40234375 6.5667599171660065
v -2.0277949819743304 0.03515625 7.567834228525092
v -1.962532060403921 1.40234375 7.324268847278242
v 1.5215432314086286e-7 0.03515625 7.834798391487296
v 1.5275231413092172e-7 1.40234375 7.582641151263531
v 3.026297183910472 0.03515625 11.294293826427909
v 5.846356525029835 0.03515625 10.126187028208046
v 5.846356525029835 1.40234375 10.126187028208046
v 3.026297183910472 1.40234375 11.294293826427909
v 8.267997126378319 0.03515625 8.267996801606142
v 8.267997126378319 1.40234375 8.267996801606142
v 10.126186763506407 0.03515625 5.846356918950222
v 10.126186763506407 1.40234375 5.846356918950222
v 11.294293985516616 0.03515625 3.02629670004959
v 11.294293985516616 1.40234375 3.02629670004959
v 11.692713443980056 0.03515625 2.6470163705383243e-7
v 11.692713443980056 1.40234375 2.6470163705383243e-7
v 11.294293826427909 0.03515625 -3.026297183910472
v 11.294293826427909 1.40234375 -3.026297183910472
v 10.126187028208046 0.03515625 -5.846356525029835
v 10.126187028208046 1.40234375 -5.846356525029835
v 8.267996801606142 0.03515625 -8.267997126378319
v 8.267996801606142 1.40234375 -8.267997126378319
v 5.846356918950222 0.03515625 -10.126186763506407
v 5.846356918950222 1.40234375 -10.126186763506407
v 3.02629670004959 0.03515625 -11.294293985516616
v 3.02629670004959 1.40234375 -11.294293985516616
v 2.6470163705383243e-7 0.03515625 -11.692713443980056
v 2.6470163705383243e-7 1.40234375 -11.692713443980056
v -3.026297183910472 0.03515625 -11.294293826427909
v -3.026297183910472 1.40234375 -11.294293826427909
v -5.846356525029835 0.03515625 -10.126187028208046
v -5.846356525029835 1.40234375 -10.126187028208046
v -8.267997126378319 0.03515625 -8.267996801606142
v -8.267997126378319 1.40234375 -8.267996801606142
v -10.126186763506407 0.03515625 -5.846356918950222
v -10.126186763506407 1.40234375 -5.846356918950222
v -11.294293985516616 0.03515625 -3.02629670004959
v -11.294293985516616 1.40234375 -3.02629670004959
v -11.692713443980056 0.03515625 -2.6470163705383243e-7
v -11.692713443980056 1.40234375 -2.6470163705383243e-7
v -11.294293826427909 0.03515625 3.026297183910472
v -11.294293826427909 1.40234375 3.026297183910472
v -10.126187028208046 0.03515625 5.846356525029835
v -10.126187028208046 1.40234375 5.846356525029835
v -8.267996801606142 0.03515625 8.267997126378319
v -8.267996801606142 1.40234375 8.267997126378319
v -5.846356918950222 0.03515625 10.126186763506407
v -5.846356918950222 1.40234375 10.126186763506407
v -3.02629670004959 0.03515625 11.294293985516616
v -3.02629670004959 1.40234375 11.294293985516616
v -2.6470163705383243e-7 0.03515625 11.692713443980056
v -2.6470163705383243e-7 1.40234375 11.692713443980056
v 5.846356525029835 1.8125 10.126187028208046
v 8.267997126378319 1.8125 8.267996801606142
v 5.361736898619005 1.8125 5.361737052700542
v 3.7913206711911402 1.8125 6.566759764413693
v 10.126186763506407 1.8125 5.846356918950222
v 6.5667599171660065 1.8125 3.7913204800723905
v 11.294293985516616 1.8125 3.02629670004959
v 7.324268847278242 1.8125 1.962532060403921
v 11.692713443980056 1.8125 2.6470163705383243e-7
v 7.582641151263531 1.8125 -1.5275231413092172e-7
v 11.294293826427909 1.8125 -3.026297183910472
v 7.324268959022926 1.8125 -1.9625317945777003
v 10.126187028208046 1.8125 -5.846356525029835
v 6.566759764413693 1.8125 -3.7913206711911402
v 8.267996801606142 1.8125 -8.267997126378319
v 5.361737052700542 1.8125 -5.361736898619005
v 5.846356918950222 1.8125 -10.126186763506407
v 3.7913204800723905 1.8125 -6.5667599171660065
v 3.02629670004959 1.8125 -11.294293985516616
v 1.962532060403921 1.8125 -7.324268847278242
v 2.6470163705383243e-7 1.8125 -11.692713443980056
v -1.5275231413092172e-7 1.8125 -7.582641151263531
v -3.026297183910472 1.8125 -11.294293826427909
v -1.9625317945777003 1.8125 -7.324268959022926
v -5.846356525029835 1.8125 -10.126187028208046
v -3.7913206711911402 1.8125 -6.566759764413693
v -8.267997126378319 1.8125 -8.267996801606142
v -5.361736898619005 1.8125 -5.361737052700542
v -10.126186763506407 1.8125 -5.846356918950222
v -6.5667599171660065 1.8125 -3.7913204800723905
v -11.294293985516616 1.8125 -3.02629670004959
v -7.324268847278242 1.8125 -1.962532060403921
v -11.692713443980056 1.8125 -2.6470163705383243e-7
v -7.582641151263531 1.8125 1.5275231413092172e-7
v -11.294293826427909 1.8125 3.026297183910472
v -7.324268959022926 1.8125 1.9625317945777003
v -10.126187028208046 1.8125 5.846356525029835
v -6.566759764413693 1.8125 3.7913206711911402
v -8.267996801606142 1.8125 8.267997126378319
v -5.361737052700542 1.8125 5.361736898619005
v -5.846356918950222 1.8125 10.126186763506407
v -3.7913204800723905 1.8125 6.5667599171660065
v -3.02629670004959 1.8125 11.294293985516616
v -1.962532060403921 1.8125 7.324268847278242
v -2.6470163705383243e-7 1.8125 11.692713443980056
v 1.5275231413092172e-7 1.8125 7.582641151263531
v 3.026297183910472 1.8125 11.294293826427909
v 1.9625317945777003 1.8125 7.324268959022926
v 10.126186763506407 -0.375 5.846356918950222
v 8.267997126378319 -0.375 8.267996801606142
v 5.540039167511736 -0.375 5.540039337239374
v 6.785134721662837 -0.375 3.917399219457879
v 5.846356525029835 -0.375 10.126187028208046
v 3.917399172029417 -0.375 6.785134569508514
v 3.026297183910472 -0.375 11.294293826427909
v 2.0277948912857173 -0.375 7.567834149486067
v -2.6470163705383243e-7 -0.375 11.692713443980056
v -3.02629670004959 -0.375 11.294293985516616
v -2.0277949819743304 -0.375 7.567834228525092
v 1.5215432314086286e-7 -0.375 7.834798391487296
v -5.846356918950222 -0.375 10.126186763506407
v -3.917399219457879 -0.375 6.785134721662837
v -8.267996801606142 -0.375 8.267997126378319
v -5.540039337239374 -0.375 5.540039167511736
v -10.126187028208046 -0.375 5.846356525029835
v -6.785134569508514 -0.375 3.917399172029417
v -11.294293826427909 -0.375 3.026297183910472
v -7.567834149486067 -0.375 2.0277948912857173
v -11.692713443980056 -0.375 -2.6470163705383243e-7
v -7.834798391487296 -0.375 1.5215432314086286e-7
v -11.294293985516616 -0.375 -3.02629670004959
v -7.567834228525092 -0.375 -2.0277949819743304
v -10.126186763506407 -0.375 -5.846356918950222
v -6.785134721662837 -0.375 -3.917399219457879
v -8.267997126378319 -0.375 -8.267996801606142
v -5.540039167511736 -0.375 -5.540039337239374
v -5.846356525029835 -0.375 -10.126187028208046
v -3.026297183910472 -0.375 -11.294293826427909
v -2.0277948912857173 -0.375 -7.567834149486067
v -3.917399172029417 -0.375 -6.785134569508514
v 2.6470163705383243e-7 -0.375 -11.692713443980056
v -1.5215432314086286e-7 -0.375 -7.834798391487296
v 3.02629670004959 -0.375 -11.294293985516616
v 2.0277949819743304 -0.375 -7.567834228525092
v 5.846356918950222 -0.375 -10.126186763506407
v 3.917399219457879 -0.375 -6.785134721662837
v 8.267996801606142 -0.375 -8.267997126378319
v 5.540039337239374 -0.375 -5.540039167511736
v 10.126187028208046 -0.375 -5.846356525029835
v 6.785134569508514 -0.375 -3.917399172029417
v 11.294293826427909 -0.375 -3.026297183910472
v 7.567834149486067 -0.375 -2.0277948912857173
v 11.692713443980056 -0.375 2.6470163705383243e-7
v 7.834798391487296 -0.375 -1.5215432314086286e-7
v 11.294293985516616 -0.375 3.02629670004959
v 7.567834228525092 -0.375 2.0277949819743304
v 0.000004978654522758141 1.875 -6.657505280423429
v -1.7222320310788082 1.875 -6.430768476654587
v -3.3270907936212364 1.875 -5.765937149159184
v -4.705204358301817 1.875 -4.708317903857342
v -5.762655872363598 1.875 -3.32998722423261
v -6.427382857191869 1.875 -1.7248747321567217
v -6.654083661917564 1.875 -0.002366795156910406
v -6.427309821341681 1.875 1.7201515370558353
v -5.762515881359683 1.875 3.325291333935741
v -4.705005155222715 1.875 4.703667560316957
v -3.3268471974059812 1.875 5.761344169821364
v -1.721959792149517 1.875 6.426243256732269
v 0.0002857434731310393 1.875 6.65305299364048
v 1.722522753206462 1.875 6.426316189871638
v 3.327382135401929 1.875 5.761484780797365
v 4.705495781661379 1.875 4.703866155148562
v 5.76294729572316 1.875 3.32553547552383
v 6.427674198972562 1.875 1.7204223637949032
v 6.654375085277127 1.875 -0.0020849535518697726
v 6.427601244701243 1.875 -1.7246032857646156
v 5.762807223140375 1.875 -3.3297437022975593
v 4.705296578582278 1.875 -4.7081193090257365
v 3.3271386207655436 1.875 -5.765795918530144
v 1.7222511339302096 1.875 -6.430695625094088
v 0 1.875 0
v -1.8195667654557632 1.71875 6.60632161864177
v -3.5156635199038373 1.40234375 6.089307290386716
v -1.819840914474986 1.40234375 6.791739931640891
vt 0.15625 0.859375
vt 0.15625 0.859375
vt 0.15625 0.859375
vt 0.15625 0.859375
vt 0.15625 0.859375
vt 0.15625 0.859375
vt 0.15625 0.859375
vt 0.15625 0.859375
vt 0.15625 0.859375
vt 0.15625 0.859375
vt 0.15625 0.859375
vt 0.15625 0.859375
vt 0.15625 0.859375
vt 0.15625 0.859375
vt 0.15625 0.859375
vt 0.15625 0.859375
vt 0.15625 0.859375
vt 0.15625 0.859375
vt 0.15625 0.859375
vt 0.15625 0.859375
vt 0.15625 0.859375
vt 0.15625 0.859375
vt 0.15625 0.859375
vt 0.15625 0.859375
vt 0.15625 0.859375
vt 0.15625 0.859375
vt 0.15625 0.859375
vt 0.15625 0.859375
vt 0.15625 0.859375
vt 0.15625 0.859375
vt 0.15625 0.859375
vt 0.15625 0.859375
vt 0.15625 0.859375
vt 0.15625 0.859375
vt 0.15625 0.859375
vt 0.15625 0.859375
vt 0.15625 0.859375
vt 0.15625 0.859375
vt 0.15625 0.859375
vt 0.15625 0.859375
vt 0.15625 0.859375
vt 0.15625 0.859375
vt 0.15625 0.859375
vt 0.15625 0.859375
vt 0.15625 0.859375
vt 0.15625 0.859375
vt 0.15625 0.859375
vt 0.15625 0.859375
vt 0.15625 0.859375
vt 0.15625 0.859375
vt 0.15625 0.859375
vt 0.15625 0.859375
vt 0.15625 0.859375
vt 0.15625 0.859375
vt 0.15625 0.859375
vt 0.15625 0.859375
vt 0.15625 0.859375
vt 0.15625 0.859375
vt 0.15625 0.859375
vt 0.15625 0.859375
vt 0.15625 0.859375
vt 0.15625 0.859375
vt 0.15625 0.859375
vt 0.15625 0.859375
vt 0.15625 0.859375
vt 0.15625 0.859375
vt 0.15625 0.859375
vt 0.15625 0.859375
vt 0.15625 0.859375
vt 0.15625 0.859375
vt 0.15625 0.859375
vt 0.15625 0.859375
vt 0.15625 0.859375
vt 0.15625 0.859375
vt 0.15625 0.859375
vt 0.15625 0.859375
vt 0.15625 0.859375
vt 0.15625 0.859375
vt 0.15625 0.859375
vt 0.15625 0.859375
vt 0.15625 0.859375
vt 0.15625 0.859375
vt 0.15625 0.859375
vt 0.15625 0.859375
vt 0.15625 0.859375
vt 0.15625 0.859375
vt 0.15625 0.859375
vt 0.15625 0.859375
vt 0.15625 0.859375
vt 0.15625 0.859375
vt 0.15625 0.859375
vt 0.15625 0.859375
vt 0.15625 0.859375
vt 0.15625 0.859375
vt 0.15625 0.859375
vt 0.15625 0.859375
vt 0.15625 0.859375
vt 0.15625 0.859375
vt 0.15625 0.859375
vt 0.15625 0.859375
vt 0.15625 0.859375
vt 0.15625 0.859375
vt 0.15625 0.859375
vt 0.15625 0.859375
vt 0.15625 0.859375
vt 0.15625 0.859375
vt 0.15625 0.859375
vt 0.15625 0.859375
vt 0.15625 0.859375
vt 0.15625 0.859375
vt 0.15625 0.859375
vt 0.15625 0.859375
vt 0.15625 0.859375
vt 0.15625 0.859375
vt 0.15625 0.859375
vt 0.15625 0.859375
vt 0.15625 0.859375
vt 0.15625 0.859375
vt 0.15625 0.859375
vt 0.15625 0.859375
vt 0.15625 0.859375
vt 0.15625 0.859375
vt 0.15625 0.859375
vt 0.15625 0.859375
vt 0.15625 0.859375
vt 0.15625 0.859375
vt 0.15625 0.859375
vt 0.15625 0.859375
vt 0.15625 0.859375
vt 0.15625 0.859375
vt 0.15625 0.859375
vt 0.15625 0.859375
vt 0.15625 0.859375
vt 0.15625 0.859375
vt 0.15625 0.859375
vt 0.15625 0.859375
vt 0.15625 0.859375
vt 0.15625 0.859375
vt 0.15625 0.859375
vt 0.15625 0.859375
vt 0.15625 0.859375
vt 0.15625 0.859375
vt 0.15625 0.859375
vt 0.15625 0.859375
vt 0.15625 0.859375
vt 0.15625 0.859375
vt 0.15625 0.859375
vt 0.15625 0.859375
vt 0.15625 0.859375
vt 0.15625 0.859375
vt 0.15625 0.859375
vt 0.15625 0.859375
vt 0.15625 0.859375
vt 0.15625 0.859375
vt 0.15625 0.859375
vt 0.15625 0.859375
vt 0.15625 0.859375
vt 0.15625 0.859375
vt 0.15625 0.859375
vt 0.15625 0.859375
vt 0.15625 0.859375
vt 0.15625 0.859375
vt 0.15625 0.859375
vt 0.15625 0.859375
vt 0.15625 0.859375
vt 0.15625 0.859375
vt 0.15625 0.859375
vt 0.15625 0.859375
vt 0.15625 0.859375
vt 0.15625 0.859375
vt 0.15625 0.859375
vt 0.15625 0.859375
vt 0.15625 0.859375
vt 0.15625 0.859375
vt 0.15625 0.859375
vt 0.15625 0.859375
vt 0.15625 0.859375
vt 0.15625 0.859375
vt 0.15625 0.859375
vt 0.15625 0.859375
vt 0.15625 0.859375
vt 0.15625 0.859375
vt 0.15625 0.859375
vt 0.15625 0.859375
vt 0.15625 0.859375
vt 0.15625 0.859375
vt 0.15625 0.859375
vt 0.15625 0.859375
vt 0.15625 0.859375
vt 0.15625 0.859375
vt 0.15625 0.859375
vt 0.15625 0.859375
vt 0.15625 0.859375
vt 0.15625 0.859375
vt 0.15625 0.859375
vt 0.15625 0.859375
vt 0.15625 0.859375
vt 0.15625 0.859375
vt 0.15625 0.859375
vt 0.15625 0.859375
vt 0.15625 0.859375
vt 0.15625 0.859375
vt 0.15625 0.859375
vt 0.15625 0.859375
vt 0.15625 0.859375
vt 0.15625 0.859375
vt 0.15625 0.859375
vt 0.15625 0.859375
vt 0.15625 0.859375
vt 0.15625 0.859375
vt 0.15625 0.859375
vt 0.15625 0.859375
vt 0.15625 0.859375
vt 0.15625 0.859375
vt 0.15625 0.859375
vt 0.15625 0.859375
vt 0.15625 0.859375
vt 0.15625 0.859375
vt 0.15625 0.859375
vt 0.15625 0.859375
vt 0.15625 0.859375
vt 0.15625 0.859375
vt 0.15625 0.859375
vt 0.15625 0.859375
vt 0.15625 0.859375
vt 0.15625 0.859375
vt 0.15625 0.859375
vt 0.15625 0.859375
vt 0.15625 0.859375
vt 0.15625 0.859375
vt 0.15625 0.859375
vt 0.15625 0.859375
vt 0.15625 0.859375
vt 0.15625 0.859375
vt 0.15625 0.859375
vt 0.15625 0.859375
vt 0.15625 0.859375
vt 0.15625 0.859375
vt 0.15625 0.859375
vt 0.15625 0.859375
vt 0.15625 0.859375
vt 0.15625 0.859375
vt 0.15625 0.859375
vt 0.15625 0.859375
vt 0.15625 0.859375
vt 0.15625 0.859375
vt 0.15625 0.859375
vt 0.15625 0.859375
vt 0.15625 0.859375
vt 0.15625 0.859375
vt 0.15625 0.859375
vt 0.15625 0.859375
vt 0.15625 0.859375
vt 0.15625 0.859375
vt 0.15625 0.859375
vt 0.15625 0.859375
vt 0.15625 0.859375
vt 0.15625 0.859375
vt 0.15625 0.859375
vt 0.15625 0.859375
vt 0.15625 0.859375
vt 0.15625 0.859375
vt 0.15625 0.859375
vt 0.15625 0.859375
vt 0.15625 0.859375
vt 0.15625 0.859375
vt 0.15625 0.859375
vt 0.15625 0.859375
vt 0.15625 0.859375
vt 0.15625 0.859375
vt 0.15625 0.859375
vt 0.15625 0.859375
vt 0.15625 0.859375
vt 0.15625 0.859375
vt 0.15625 0.859375
vt 0.15625 0.859375
vt 0.15625 0.859375
vt 0.15625 0.859375
vt 0.15625 0.859375
vt 0.15625 0.859375
vt 0.15625 0.859375
vt 0.15625 0.859375
vt 0.15625 0.859375
vt 0.15625 0.859375
vt 0.15625 0.859375
vt 0.15625 0.859375
vt 0.15625 0.859375
vt 0.15625 0.859375
vt 0.15625 0.859375
vt 0.15625 0.859375
vt 0.15625 0.859375
vt 0.15625 0.859375
vt 0.15625 0.859375
vt 0.15625 0.859375
vt 0.15625 0.859375
vt 0.15625 0.859375
vt 0.15625 0.859375
vt 0.15625 0.859375
vt 0.15625 0.859375
vt 0.15625 0.859375
vt 0.15625 0.859375
vt 0.15625 0.859375
vt 0.15625 0.859375
vt 0.15625 0.859375
vt 0.15625 0.859375
vt 0.15625 0.859375
vt 0.15625 0.859375
vt 0.15625 0.859375
vt 0.15625 0.859375
vt 0.15625 0.859375
vt 0.15625 0.859375
vt 0.15625 0.859375
vt 0.15625 0.859375
vt 0.15625 0.859375
vt 0.15625 0.859375
vt 0.15625 0.859375
vt 0.15625 0.859375
vt 0.15625 0.859375
vt 0.15625 0.859375
vt 0.15625 0.859375
vt 0.15625 0.859375
vt 0.15625 0.859375
vt 0.15625 0.859375
vt 0.15625 0.859375
vt 0.15625 0.859375
vt 0.15625 0.859375
vt 0.15625 0.859375
vt 0.15625 0.859375
vt 0.15625 0.859375
vt 0.15625 0.859375
vt 0.15625 0.859375
vt 0.15625 0.859375
vt 0.15625 0.859375
vt 0.15625 0.859375
vt 0.15625 0.859375
vt 0.15625 0.859375
vt 0.3984375 0.8515625
vt 0.3984375 0.8515625
vt 0.3984375 0.8515625
vt 0.3984375 0.8515625
vt 0.3984375 0.8515625
vt 0.3984375 0.8515625
vt 0.3984375 0.8515625
vt 0.3984375 0.8515625
vt 0.171875 0.84375
vt 0.171875 0.84375
vt 0.171875 0.84375
vt 0.171875 0.84375
vt 0.171875 0.84375
vt 0.171875 0.84375
vt 0.171875 0.84375
vt 0.171875 0.84375
vt 0.3984375 0.8515625
vt 0.3984375 0.8515625
vt 0.3984375 0.8515625
vt 0.3984375 0.8515625
vt 0.3984375 0.8515625
vt 0.3984375 0.8515625
vt 0.3984375 0.8515625
vt 0.3984375 0.8515625
vt 0.171875 0.859375
vt 0.15625 0.859375
vt 0.15625 0.84375
vt 0.171875 0.84375
vt 0.171875 0.84375
vt 0.171875 0.84375
vt 0.171875 0.84375
vt 0.171875 0.84375
vt 0.3984375 0.8515625
vt 0.3984375 0.8515625
vt 0.3984375 0.8515625
vt 0.3984375 0.8515625
vt 0.3984375 0.8515625
vt 0.3984375 0.8515625
vt 0.3984375 0.8515625
vt 0.3984375 0.8515625
vt 0.171875 0.84375
vt 0.171875 0.84375
vt 0.171875 0.84375
vt 0.171875 0.84375
vt 0.171875 0.84375
vt 0.171875 0.84375
vt 0.171875 0.84375
vt 0.171875 0.84375
vt 0.3984375 0.8515625
vt 0.3984375 0.8515625
vt 0.3984375 0.8515625
vt 0.3984375 0.8515625
vt 0.3984375 0.8515625
vt 0.3984375 0.8515625
vt 0.3984375 0.8515625
vt 0.3984375 0.8515625
vt 0.171875 0.84375
vt 0.171875 0.84375
vt 0.171875 0.84375
vt 0.171875 0.84375
vt 0.171875 0.84375
vt 0.171875 0.84375
vt 0.171875 0.84375
vt 0.171875 0.84375
vt 0.3984375 0.8515625
vt 0.3984375 0.8515625
vt 0.3984375 0.8515625
vt 0.3984375 0.8515625
vt 0.3984375 0.8515625
vt 0.3984375 0.8515625
vt 0.3984375 0.8515625
vt 0.3984375 0.8515625
vt 0.171875 0.84375
vt 0.171875 0.84375
vt 0.171875 0.84375
vt 0.171875 0.84375
vt 0.171875 0.84375
vt 0.171875 0.84375
vt 0.171875 0.84375
vt 0.171875 0.84375
vt 0.3984375 0.8515625
vt 0.3984375 0.8515625
vt 0.3984375 0.8515625
vt 0.3984375 0.8515625
vt 0.3984375 0.8515625
vt 0.3984375 0.8515625
vt 0.3984375 0.8515625
vt 0.3984375 0.8515625
vt 0.171875 0.84375
vt 0.171875 0.84375
vt 0.171875 0.84375
vt 0.171875 0.84375
vt 0.171875 0.84375
vt 0.171875 0.84375
vt 0.171875 0.84375
vt 0.171875 0.84375
vt 0.3984375 0.8515625
vt 0.3984375 0.8515625
vt 0.3984375 0.8515625
vt 0.3984375 0.8515625
vt 0.3984375 0.8515625
vt 0.3984375 0.8515625
vt 0.3984375 0.8515625
vt 0.3984375 0.8515625
vt 0.171875 0.84375
vt 0.171875 0.84375
vt 0.171875 0.84375
vt 0.171875 0.84375
vt 0.171875 0.84375
vt 0.171875 0.84375
vt 0.171875 0.84375
vt 0.171875 0.84375
vt 0.3984375 0.8515625
vt 0.3984375 0.8515625
vt 0.3984375 0.8515625
vt 0.3984375 0.8515625
vt 0.3984375 0.8515625
vt 0.3984375 0.8515625
vt 0.3984375 0.8515625
vt 0.3984375 0.8515625
vt 0.171875 0.84375
vt 0.171875 0.84375
vt 0.171875 0.84375
vt 0.171875 0.84375
vt 0.171875 0.84375
vt 0.171875 0.84375
vt 0.171875 0.84375
vt 0.171875 0.84375
vt 0.3984375 0.8515625
vt 0.3984375 0.8515625
vt 0.3984375 0.8515625
vt 0.3984375 0.8515625
vt 0.3984375 0.8515625
vt 0.3984375 0.8515625
vt 0.3984375 0.8515625
vt 0.3984375 0.8515625
vt 0.171875 0.84375
vt 0.171875 0.84375
vt 0.171875 0.84375
vt 0.171875 0.84375
vt 0.171875 0.84375
vt 0.171875 0.84375
vt 0.171875 0.84375
vt 0.171875 0.84375
vt 0.3984375 0.859375
vt 0.390625 0.859375
vt 0.390625 0.8515625
vt 0.3984375 0.8515625
vt 0.3984375 0.8515625
vt 0.3984375 0.8515625
vt 0.3984375 0.8515625
vt 0.3984375 0.8515625
vt 0.171875 0.84375
vt 0.171875 0.84375
vt 0.171875 0.84375
vt 0.171875 0.84375
vt 0.171875 0.84375
vt 0.171875 0.84375
vt 0.171875 0.84375
vt 0.171875 0.84375
vt 0.3984375 0.8515625
vt 0.3984375 0.8515625
vt 0.3984375 0.8515625
vt 0.3984375 0.8515625
vt 0.3984375 0.8515625
vt 0.3984375 0.8515625
vt 0.3984375 0.8515625
vt 0.3984375 0.8515625
vt 0.171875 0.84375
vt 0.171875 0.84375
vt 0.171875 0.84375
vt 0.171875 0.84375
vt 0.171875 0.84375
vt 0.171875 0.84375
vt 0.171875 0.84375
vt 0.171875 0.84375
vt 0.3984375 0.8515625
vt 0.3984375 0.8515625
vt 0.3984375 0.8515625
vt 0.3984375 0.8515625
vt 0.3984375 0.8515625
vt 0.3984375 0.8515625
vt 0.3984375 0.8515625
vt 0.3984375 0.8515625
vt 0.171875 0.84375
vt 0.171875 0.84375
vt 0.171875 0.84375
vt 0.171875 0.84375
vt 0.171875 0.84375
vt 0.171875 0.84375
vt 0.171875 0.84375
vt 0.171875 0.84375
vt 0.15625 0.859375
vt 0.15625 0.859375
vt 0.15625 0.859375
vt 0.15625 0.859375
vt 0.15625 0.859375
vt 0.15625 0.859375
vt 0.15625 0.859375
vt 0.15625 0.859375
vt 0.15625 0.859375
vt 0.15625 0.859375
vt 0.15625 0.859375
vt 0.15625 0.859375
vt 0.15625 0.859375
vt 0.15625 0.859375
vt 0.15625 0.859375
vt 0.15625 0.859375
vt 0.15625 0.859375
vt 0.15625 0.859375
vt 0.15625 0.859375
vt 0.15625 0.859375
vt 0.15625 0.859375
vt 0.15625 0.859375
vt 0.15625 0.859375
vt 0.15625 0.859375
vt 0.15625 0.859375
vt 0.15625 0.859375
vt 0.15625 0.859375
vt 0.15625 0.859375
vt 0.15625 0.859375
vt 0.15625 0.859375
vt 0.15625 0.859375
vt 0.15625 0.859375
vt 0.15625 0.859375
vt 0.15625 0.859375
vt 0.15625 0.859375
vt 0.15625 0.859375
vt 0.15625 0.859375
vt 0.15625 0.859375
vt 0.15625 0.859375
vt 0.15625 0.859375
vt 0.15625 0.859375
vt 0.15625 0.859375
vt 0.15625 0.859375
vt 0.15625 0.859375
vt 0.15625 0.859375
vt 0.15625 0.859375
vt 0.15625 0.859375
vt 0.15625 0.859375
vt 0.15625 0.859375
vt 0.15625 0.859375
vt 0.15625 0.859375
vt 0.15625 0.859375
vt 0.15625 0.859375
vt 0.15625 0.859375
vt 0.15625 0.859375
vt 0.15625 0.859375
vt 0.15625 0.859375
vt 0.15625 0.859375
vt 0.15625 0.859375
vt 0.15625 0.859375
vt 0.15625 0.859375
vt 0.15625 0.859375
vt 0.15625 0.859375
vt 0.15625 0.859375
vt 0.15625 0.859375
vt 0.15625 0.859375
vt 0.15625 0.859375
vt 0.15625 0.859375
vt 0.15625 0.859375
vt 0.15625 0.859375
vt 0.15625 0.859375
vt 0.15625 0.859375
vt 0.15625 0.859375
vt 0.15625 0.859375
vt 0.15625 0.859375
vt 0.15625 0.859375
vt 0.15625 0.859375
vt 0.15625 0.859375
vt 0.15625 0.859375
vt 0.15625 0.859375
vt 0.15625 0.859375
vt 0.15625 0.859375
vt 0.15625 0.859375
vt 0.15625 0.859375
vt 0.15625 0.859375
vt 0.15625 0.859375
vt 0.15625 0.859375
vt 0.15625 0.859375
vt 0.15625 0.859375
vt 0.15625 0.859375
vt 0.15625 0.859375
vt 0.15625 0.859375
vt 0.15625 0.859375
vt 0.15625 0.859375
vt 0.15625 0.859375
vt 0.15625 0.859375
vt 0.15625 0.859375
vt 0.15625 0.859375
vt 0.15625 0.859375
vt 0.15625 0.859375
vt 0.15625 0.859375
vt 0.15625 0.859375
vt 0.15625 0.859375
vt 0.15625 0.859375
vt 0.15625 0.859375
vt 0.15625 0.859375
vt 0.15625 0.859375
vt 0.15625 0.859375
vt 0.15625 0.859375
vt 0.15625 0.859375
vt 0.15625 0.859375
vt 0.15625 0.859375
vt 0.15625 0.859375
vt 0.15625 0.859375
vt 0.15625 0.859375
vt 0.15625 0.859375
vt 0.15625 0.859375
vt 0.15625 0.859375
vt 0.15625 0.859375
vt 0.15625 0.859375
vt 0.15625 0.859375
vt 0.15625 0.859375
vt 0.15625 0.859375
vt 0.15625 0.859375
vt 0.15625 0.859375
vt 0.15625 0.859375
vt 0.15625 0.859375
vt 0.15625 0.859375
vt 0.15625 0.859375
vt 0.15625 0.859375
vt 0.15625 0.859375
vt 0.15625 0.859375
vt 0.15625 0.859375
vt 0.15625 0.859375
vt 0.15625 0.859375
vt 0.15625 0.859375
vt 0.15625 0.859375
vt 0.15625 0.859375
vt 0.15625 0.859375
vt 0.15625 0.859375
vt 0.15625 0.859375
vt 0.15625 0.859375
vt 0.15625 0.859375
vt 0.15625 0.859375
vt 0.15625 0.859375
vt 0.15625 0.859375
vt 0.15625 0.859375
vt 0.15625 0.859375
vt 0.15625 0.859375
vt 0.15625 0.859375
vt 0.15625 0.859375
vt 0.15625 0.859375
vt 0.15625 0.859375
vt 0.15625 0.859375
vt 0.15625 0.859375
vt 0.15625 0.859375
vt 0.15625 0.859375
vt 0.15625 0.859375
vt 0.15625 0.859375
vt 0.15625 0.859375
vt 0.15625 0.859375
vt 0.15625 0.859375
vt 0.15625 0.859375
vt 0.15625 0.859375
vt 0.15625 0.859375
vt 0.15625 0.859375
vt 0.15625 0.859375
vt 0.15625 0.859375
vt 0.15625 0.859375
vt 0.15625 0.859375
vt 0.15625 0.859375
vt 0.15625 0.859375
vt 0.15625 0.859375
vt 0.15625 0.859375
vt 0.15625 0.859375
vt 0.15625 0.859375
vt 0.15625 0.859375
vt 0.15625 0.859375
vt 0.15625 0.859375
vt 0.15625 0.859375
vt 0.15625 0.859375
vt 0.15625 0.859375
vt 0.15625 0.859375
vt 0.15625 0.859375
vt 0.15625 0.859375
vt 0.15625 0.859375
vt 0.15625 0.859375
vt 0.15625 0.859375
vt 0.15625 0.859375
vt 0.15625 0.859375
vt 0.15625 0.859375
vt 0.15625 0.859375
vt 0.01171875 0.94921875
vt 0.00390625 0.94921875
vt 0.00390625 0.94140625
vt 0.01171875 0.94140625
vt 0.15625 0.859375
vt 0.15625 0.859375
vt 0.15625 0.859375
vt 0.15625 0.859375
vt 0.04296875 0.94921875
vt 0.03515625 0.94921875
vt 0.03515625 0.94140625
vt 0.04296875 0.94140625
vt 0.15625 0.859375
vt 0.15625 0.859375
vt 0.15625 0.859375
vt 0.15625 0.859375
vt 0.07421875 0.94921875
vt 0.06640625 0.94921875
vt 0.06640625 0.94140625
vt 0.07421875 0.94140625
vt 0.15625 0.859375
vt 0.15625 0.859375
vt 0.15625 0.859375
vt 0.15625 0.859375
vt 0.10546875 0.94921875
vt 0.09765625 0.94921875
vt 0.09765625 0.94140625
vt 0.10546875 0.94140625
vt 0.15625 0.859375
vt 0.15625 0.859375
vt 0.15625 0.859375
vt 0.15625 0.859375
vt 0.13671875 0.94921875
vt 0.12890625 0.94921875
vt 0.12890625 0.94140625
vt 0.13671875 0.94140625
vt 0.15625 0.859375
vt 0.15625 0.859375
vt 0.15625 0.859375
vt 0.15625 0.859375
vt 0.16796875 0.94921875
vt 0.16015625 0.94921875
vt 0.16015625 0.94140625
vt 0.16796875 0.94140625
vt 0.15625 0.859375
vt 0.15625 0.859375
vt 0.15625 0.859375
vt 0.15625 0.859375
vt 0.19921875 0.94921875
vt 0.19140625 0.94921875
vt 0.19140625 0.94140625
vt 0.19921875 0.94140625
vt 0.15625 0.859375
vt 0.15625 0.859375
vt 0.15625 0.859375
vt 0.15625 0.859375
vt 0.23046875 0.94921875
vt 0.22265625 0.94921875
vt 0.22265625 0.94140625
vt 0.23046875 0.94140625
vt 0.15625 0.859375
vt 0.15625 0.859375
vt 0.15625 0.859375
vt 0.15625 0.859375
vt 0.26171875 0.94921875
vt 0.25390625 0.94921875
vt 0.25390625 0.94140625
vt 0.26171875 0.94140625
vt 0.15625 0.859375
vt 0.15625 0.859375
vt 0.15625 0.859375
vt 0.15625 0.859375
vt 0.29296875 0.94921875
vt 0.28515625 0.94921875
vt 0.28515625 0.94140625
vt 0.29296875 0.94140625
vt 0.15625 0.859375
vt 0.15625 0.859375
vt 0.15625 0.859375
vt 0.15625 0.859375
vt 0.32421875 0.94921875
vt 0.31640625 0.94921875
vt 0.31640625 0.94140625
vt 0.32421875 0.94140625
vt 0.15625 0.859375
vt 0.15625 0.859375
vt 0.15625 0.859375
vt 0.15625 0.859375
vt 0.35546875 0.94921875
vt 0.34765625 0.94921875
vt 0.34765625 0.94140625
vt 0.35546875 0.94140625
vt 0.15625 0.859375
vt 0.15625 0.859375
vt 0.15625 0.859375
vt 0.15625 0.859375
vt 0.38671875 0.94921875
vt 0.37890625 0.94921875
vt 0.37890625 0.94140625
vt 0.38671875 0.94140625
vt 0.15625 0.859375
vt 0.15625 0.859375
vt 0.15625 0.859375
vt 0.15625 0.859375
vt 0.41796875 0.94921875
vt 0.41015625 0.94921875
vt 0.41015625 0.94140625
vt 0.41796875 0.94140625
vt 0.15625 0.859375
vt 0.15625 0.859375
vt 0.15625 0.859375
vt 0.15625 0.859375
vt 0.44921875 0.94921875
vt 0.44140625 0.94921875
vt 0.44140625 0.94140625
vt 0.44921875 0.94140625
vt 0.15625 0.859375
vt 0.15625 0.859375
vt 0.15625 0.859375
vt 0.15625 0.859375
vt 0.48046875 0.94921875
vt 0.47265625 0.94921875
vt 0.47265625 0.94140625
vt 0.48046875 0.94140625
vt 0.15625 0.859375
vt 0.15625 0.859375
vt 0.15625 0.859375
vt 0.15625 0.859375
vt 0.51171875 0.94921875
vt 0.50390625 0.94921875
vt 0.50390625 0.94140625
vt 0.51171875 0.94140625
vt 0.15625 0.859375
vt 0.15625 0.859375
vt 0.15625 0.859375
vt 0.15625 0.859375
vt 0.54296875 0.94921875
vt 0.53515625 0.94921875
vt 0.53515625 0.94140625
vt 0.54296875 0.94140625
vt 0.15625 0.859375
vt 0.15625 0.859375
vt 0.15625 0.859375
vt 0.15625 0.859375
vt 0.57421875 0.94921875
vt 0.56640625 0.94921875
vt 0.56640625 0.94140625
vt 0.57421875 0.94140625
vt 0.15625 0.859375
vt 0.15625 0.859375
vt 0.15625 0.859375
vt 0.15625 0.859375
vt 0.60546875 0.94921875
vt 0.59765625 0.94921875
vt 0.59765625 0.94140625
vt 0.60546875 0.94140625
vt 0.15625 0.859375
vt 0.15625 0.859375
vt 0.15625 0.859375
vt 0.15625 0.859375
vt 0.63671875 0.94921875
vt 0.62890625 0.94921875
vt 0.62890625 0.94140625
vt 0.63671875 0.94140625
vt 0.15625 0.859375
vt 0.15625 0.859375
vt 0.15625 0.859375
vt 0.15625 0.859375
vt 0.66796875 0.94921875
vt 0.66015625 0.94921875
vt 0.66015625 0.94140625
vt 0.66796875 0.94140625
vt 0.15625 0.859375
vt 0.15625 0.859375
vt 0.15625 0.859375
vt 0.15625 0.859375
vt 0.69921875 0.94921875
vt 0.69140625 0.94921875
vt 0.69140625 0.94140625
vt 0.69921875 0.94140625
vt 0.15625 0.859375
vt 0.15625 0.859375
vt 0.15625 0.859375
vt 0.15625 0.859375
vt 0.73046875 0.94921875
vt 0.72265625 0.94921875
vt 0.72265625 0.94140625
vt 0.73046875 0.94140625
vt 0.15625 0.859375
vt 0.15625 0.859375
vt 0.15625 0.859375
vt 0.15625 0.859375
vt 0.15625 0.859375
vt 0.15625 0.859375
vt 0.15625 0.859375
vt 0.15625 0.859375
vt 0.15625 0.859375
vt 0.15625 0.859375
vt 0.15625 0.859375
vt 0.15625 0.859375
vt 0.15625 0.859375
vt 0.15625 0.859375
vt 0.15625 0.859375
vt 0.15625 0.859375
vt 0.15625 0.859375
vt 0.15625 0.859375
vt 0.15625 0.859375
vt 0.15625 0.859375
vt 0.15625 0.859375
vt 0.15625 0.859375
vt 0.15625 0.859375
vt 0.15625 0.859375
vt 0.15625 0.859375
vt 0.15625 0.859375
vt 0.15625 0.859375
vt 0.15625 0.859375
vt 0.15625 0.859375
vt 0.15625 0.859375
vt 0.15625 0.859375
vt 0.15625 0.859375
vt 0.15625 0.859375
vt 0.15625 0.859375
vt 0.15625 0.859375
vt 0.15625 0.859375
vt 0.15625 0.859375
vt 0.15625 0.859375
vt 0.15625 0.859375
vt 0.15625 0.859375
vt 0.15625 0.859375
vt 0.15625 0.859375
vt 0.15625 0.859375
vt 0.15625 0.859375
vt 0.15625 0.859375
vt 0.15625 0.859375
vt 0.15625 0.859375
vt 0.15625 0.859375
vt 0.15625 0.859375
vt 0.15625 0.859375
vt 0.15625 0.859375
vt 0.15625 0.859375
vt 0.15625 0.859375
vt 0.15625 0.859375
vt 0.15625 0.859375
vt 0.15625 0.859375
vt 0.15625 0.859375
vt 0.15625 0.859375
vt 0.15625 0.859375
vt 0.15625 0.859375
vt 0.15625 0.859375
vt 0.15625 0.859375
vt 0.15625 0.859375
vt 0.15625 0.859375
vt 0.15625 0.859375
vt 0.15625 0.859375
vt 0.15625 0.859375
vt 0.15625 0.859375
vt 0.15625 0.859375
vt 0.15625 0.859375
vt 0.15625 0.859375
vt 0.15625 0.859375
vt 0.15625 0.859375
vt 0.15625 0.859375
vt 0.15625 0.859375
vt 0.15625 0.859375
vt 0.15625 0.859375
vt 0.15625 0.859375
vt 0.15625 0.859375
vt 0.15625 0.859375
vt 0.15625 0.859375
vt 0.15625 0.859375
vt 0.15625 0.859375
vt 0.15625 0.859375
vt 0.15625 0.859375
vt 0.15625 0.859375
vt 0.15625 0.859375
vt 0.15625 0.859375
vt 0.15625 0.859375
vt 0.15625 0.859375
vt 0.15625 0.859375
vt 0.15625 0.859375
vt 0.15625 0.859375
vt 0.15625 0.859375
vt 0.15625 0.859375
vt 0.15625 0.859375
vt 0.15625 0.859375
vt 0.15625 0.859375
vt 0.15625 0.859375
vt 0.15625 0.859375
vt 0.15625 0.859375
vt 0.15625 0.859375
vt 0.15625 0.859375
vt 0.15625 0.859375
vt 0.15625 0.859375
vt 0.15625 0.859375
vt 0.15625 0.859375
vt 0.15625 0.859375
vt 0.15625 0.859375
vt 0.15625 0.859375
vt 0.15625 0.859375
vt 0.15625 0.859375
vt 0.15625 0.859375
vt 0.15625 0.859375
vt 0.15625 0.859375
vt 0.15625 0.859375
vt 0.15625 0.859375
vt 0.15625 0.859375
vt 0.15625 0.859375
vt 0.15625 0.859375
vt 0.15625 0.859375
vt 0.15625 0.859375
vt 0.15625 0.859375
vt 0.15625 0.859375
vt 0.15625 0.859375
vt 0.15625 0.859375
vt 0.15625 0.859375
vt 0.15625 0.859375
vt 0.15625 0.859375
vt 0.15625 0.859375
vt 0.15625 0.859375
vt 0.15625 0.859375
vt 0.15625 0.859375
vt 0.15625 0.859375
vt 0.15625 0.859375
vt 0.15625 0.859375
vt 0.15625 0.859375
vt 0.15625 0.859375
vt 0.15625 0.859375
vt 0.15625 0.859375
vt 0.15625 0.859375
vt 0.15625 0.859375
vt 0.15625 0.859375
vt 0.15625 0.859375
vt 0.15625 0.859375
vt 0.15625 0.859375
vt 0.15625 0.859375
vt 0.15625 0.859375
vt 0.15625 0.859375
vt 0.15625 0.859375
vt 0.15625 0.859375
vt 0.15625 0.859375
vt 0.15625 0.859375
vt 0.15625 0.859375
vt 0.15625 0.859375
vt 0.15625 0.859375
vt 0.15625 0.859375
vt 0.15625 0.859375
vt 0.15625 0.859375
vt 0.15625 0.859375
vt 0.15625 0.859375
vt 0.15625 0.859375
vt 0.15625 0.859375
vt 0.15625 0.859375
vt 0.15625 0.859375
vt 0.15625 0.859375
vt 0.15625 0.859375
vt 0.15625 0.859375
vt 0.15625 0.859375
vt 0.15625 0.859375
vt 0.15625 0.859375
vt 0.15625 0.859375
vt 0.15625 0.859375
vt 0.15625 0.859375
vt 0.15625 0.859375
vt 0.15625 0.859375
vt 0.15625 0.859375
vt 0.15625 0.859375
vt 0.15625 0.859375
vt 0.15625 0.859375
vt 0.15625 0.859375
vt 0.15625 0.859375
vt 0.15625 0.859375
vt 0.15625 0.859375
vt 0.15625 0.859375
vt 0.15625 0.859375
vt 0.15625 0.859375
vt 0.15625 0.859375
vt 0.15625 0.859375
vt 0.15625 0.859375
vt 0.15625 0.859375
vt 0.15625 0.859375
vt 0.15625 0.859375
vt 0.15625 0.859375
vt 0.15625 0.859375
vt 0.15625 0.859375
vt 0.15625 0.859375
vt 0.15625 0.859375
vt 0.15625 0.859375
vt 0.15625 0.859375
vt 0.15625 0.859375
vt 0.15625 0.859375
vt 0.15625 0.859375
vt 0.15625 0.859375
vt 0.15625 0.859375
vt 0.15625 0.859375
vt 0.15625 0.859375
vt 0.15625 0.859375
vt 0.15625 0.859375
vt 0.15625 0.859375
vt 0.15625 0.859375
vt 0.15625 0.859375
vt 0.15625 0.859375
vt 0.15625 0.859375
vt 0.15625 0.859375
vt 0.15625 0.859375
vt 0.15625 0.859375
vt 0.15625 0.859375
vt 0.15625 0.859375
vt 0.15625 0.859375
vt 0.15625 0.859375
vt 0.15625 0.859375
vt 0.15625 0.859375
vt 0.15625 0.859375
vt 0.15625 0.859375
vt 0.15625 0.859375
vt 0.15625 0.859375
vt 0.15625 0.859375
vt 0.15625 0.859375
vt 0.15625 0.859375
vt 0.15625 0.859375
vt 0.15625 0.859375
vt 0.15625 0.859375
vt 0.15625 0.859375
vt 0.15625 0.859375
vt 0.15625 0.859375
vt 0.15625 0.859375
vt 0.15625 0.859375
vt 0.15625 0.859375
vt 0.15625 0.859375
vt 0.15625 0.859375
vt 0.15625 0.859375
vt 0.15625 0.859375
vt 0.15625 0.859375
vt 0.15625 0.859375
vt 0.15625 0.859375
vt 0.15625 0.859375
vt 0.140625 0.859375
vt 0.15625 0.859375
vt 0.15625 0.859375
vt 0.140625 0.859375
vt 0.15625 0.859375
vt 0.15625 0.859375
vt 0.15625 0.859375
vt 0.15625 0.859375
vt 0.15625 0.859375
vt 0.15625 0.859375
vt 0.15625 0.859375
vt 0.15625 0.859375
vt 0.15625 0.859375
vt 0.15625 0.859375
vt 0.15625 0.859375
vt 0.15625 0.859375
vt 0.15625 0.859375
vt 0.15625 0.859375
vt 0.15625 0.859375
vt 0.15625 0.859375
vt 0.15625 0.859375
vt 0.15625 0.859375
vt 0.15625 0.859375
vt 0.15625 0.859375
vt 0.15625 0.859375
vt 0.15625 0.859375
vt 0.15625 0.859375
vt 0.15625 0.859375
vt 0.15625 0.859375
vt 0.15625 0.859375
vt 0.15625 0.859375
vt 0.15625 0.859375
vt 0.15625 0.859375
vt 0.15625 0.859375
vt 0.15625 0.859375
vt 0.15625 0.859375
vt 0.15625 0.859375
vt 0.15625 0.859375
vt 0.15625 0.859375
vt 0.15625 0.859375
vt 0.15625 0.859375
vt 0.15625 0.859375
vt 0.15625 0.859375
vt 0.15625 0.859375
vt 0.15625 0.859375
vt 0.140625 0.875
vt 0.15625 0.859375
vt 0.15625 0.859375
vt 0.140625 0.859375
vt 0.15625 0.859375
vt 0.15625 0.859375
vt 0.15625 0.859375
vt 0.15625 0.859375
vt 0.15625 0.859375
vt 0.15625 0.859375
vt 0.15625 0.859375
vt 0.15625 0.859375
vt 0.15625 0.859375
vt 0.15625 0.859375
vt 0.15625 0.859375
vt 0.15625 0.859375
vt 0.15625 0.859375
vt 0.15625 0.859375
vt 0.15625 0.859375
vt 0.15625 0.859375
vt 0.15625 0.859375
vt 0.15625 0.859375
vt 0.15625 0.859375
vt 0.15625 0.859375
vt 0.15625 0.859375
vt 0.15625 0.859375
vt 0.15625 0.859375
vt 0.15625 0.859375
vt 0.15625 0.859375
vt 0.15625 0.859375
vt 0.15625 0.859375
vt 0.15625 0.859375
vt 0.15625 0.859375
vt 0.15625 0.859375
vt 0.15625 0.859375
vt 0.15625 0.859375
vt 0.15625 0.859375
vt 0.15625 0.859375
vt 0.15625 0.859375
vt 0.15625 0.859375
vt 0.15625 0.859375
vt 0.15625 0.859375
vt 0.15625 0.859375
vt 0.15625 0.859375
vt 0.15625 0.859375
vt 0.15625 0.859375
vt 0.15625 0.859375
vt 0.15625 0.859375
vt 0.15625 0.859375
vt 0.15625 0.859375
vt 0.15625 0.859375
vt 0.15625 0.859375
vt 0.15625 0.859375
vt 0.15625 0.859375
vt 0.15625 0.859375
vt 0.15625 0.859375
vt 0.15625 0.859375
vt 0.15625 0.859375
vt 0.15625 0.859375
vt 0.15625 0.859375
vt 0.15625 0.859375
vt 0.15625 0.859375
vt 0.15625 0.859375
vt 0.15625 0.859375
vt 0.15625 0.859375
vt 0.15625 0.859375
vt 0.15625 0.859375
vt 0.15625 0.859375
vt 0.15625 0.859375
vt 0.15625 0.859375
vt 0.15625 0.859375
vt 0.15625 0.859375
vt 0.15625 0.859375
vt 0.15625 0.859375
vt 0.15625 0.859375
vt 0.15625 0.859375
vt 0.15625 0.859375
vt 0.15625 0.859375
vt 0.15625 0.859375
vt 0.15625 0.859375
vt 0.15625 0.859375
vt 0.15625 0.859375
vt 0.15625 0.859375
vt 0.15625 0.859375
vt 0.15625 0.859375
vt 0.15625 0.859375
vt 0.15625 0.859375
vt 0.15625 0.859375
vt 0.15625 0.859375
vt 0.15625 0.875
vt 0.15625 0.859375
vt 0.15625 0.859375
vt 0.15625 0.875
vt 0.140625 0.875
vt 0.140625 0.859375
vt 0.15625 0.859375
vn 0 -1 0
vn 0.3826834246559794 0 0.923879535704505
vn 0 1 0
vn 0 -1 0
vn 0.6087614368446826 0 0.7933533342784902
vn 0 1 0
vn 0 -1 0
vn 0.7933533402912352 0 0.6087614290087207
vn 0 1 0
vn 0 -1 0
vn 0.9238795287315171 0 0.3826834414902608
vn 0 1 0
vn 0 -1 0
vn 0.9914448624629576 0 0.130526183947157
vn 0 1 0
vn 0 -1 0
vn 0.9914448613738104 0 -0.13052619222005157
vn 0 1 0
vn 0 -1 0
vn 0.923879535704505 0 -0.3826834246559794
vn 0 1 0
vn 0 -1 0
vn 0.7933533342784902 0 -0.6087614368446826
vn 0 1 0
vn 0 -1 0
vn 0.6087614290087207 0 -0.7933533402912352
vn 0 1 0
vn 0 -1 0
vn 0.3826834414902608 0 -0.9238795287315171
vn 0 1 0
vn 0 -1 0
vn 0.130526183947157 0 -0.9914448624629576
vn 0 1 0
vn 0 -1 0
vn -0.13052619222005157 0 -0.9914448613738104
vn 0 1 0
vn 0 -1 0
vn -0.3826834246559794 0 -0.923879535704505
vn 0 1 0
vn 0 -1 0
vn -0.6087614368446826 0 -0.7933533342784902
vn 0 1 0
vn 0 -1 0
vn -0.7933533402912352 0 -0.6087614290087207
vn 0 1 0
vn 0 -1 0
vn -0.9238795287315171 0 -0.3826834414902608
vn 0 1 0
vn 0 -1 0
vn -0.9914448624629576 0 -0.130526183947157
vn 0 1 0
vn 0 -1 0
vn -0.9914448613738104 0 0.13052619222005157
vn 0 1 0
vn 0 -1 0
vn -0.923879535704505 0 0.3826834246559794
vn 0 1 0
vn 0 -1 0
vn -0.7933533342784902 0 0.6087614368446826
vn 0 1 0
vn 0 -1 0
vn -0.6087614290087207 0 0.7933533402912352
vn 0 1 0
vn 0 -1 0
vn -0.3826834414902608 0 0.9238795287315171
vn 0 1 0
vn 0 -1 0
vn -0.130526183947157 0 0.9914448624629576
vn 0 1 0
vn 0 -1 0
vn 0.13052619222005157 0 0.9914448613738104
vn 0 1 0
vn 0.3826834222297032 0 0.9238795367095014
vn 0.6087613238195937 0 0.7933534210056801
vn 0.7933533402912353 0 0.6087614290087207
vn 0.9238795832505042 0 0.38268330986975985
vn 0.9914448628057433 0 0.13052618134344202
vn 0.9914448613738104 0 -0.13052619222005157
vn 0.9238795367095014 0 -0.3826834222297032
vn 0.7933534210056801 0 -0.6087613238195937
vn 0.6087614290087207 0 -0.7933533402912353
vn 0.38268330986975985 0 -0.9238795832505042
vn 0.13052618134344202 0 -0.9914448628057433
vn -0.13052619222005157 0 -0.9914448613738104
vn -0.3826834222297032 0 -0.9238795367095014
vn -0.6087613238195937 0 -0.7933534210056801
vn -0.7933533402912353 0 -0.6087614290087207
vn -0.9238795832505042 0 -0.38268330986975985
vn -0.9914448628057433 0 -0.13052618134344202
vn -0.9914448613738104 0 0.13052619222005157
vn -0.9238795367095014 0 0.3826834222297032
vn -0.7933534210056801 0 0.6087613238195937
vn -0.6087614290087207 0 0.7933533402912353
vn -0.38268330986975985 0 0.9238795832505042
vn -0.13052618134344202 0 0.9914448628057433
vn 0.13052619222005157 0 0.9914448613738104
vn 0 -1 0
vn 0 1 0
vn 0 -1 0
vn 0 1 0
vn 0 -1 0
vn 0 1 0
vn 0 -1 0
vn 0 1 0
vn 0 -1 0
vn 0 1 0
vn 0 -1 0
vn 0 1 0
vn 0 -1 0
vn 0 1 0
vn 0 -1 0
vn 0 1 0
vn 0 -1 0
vn 0 1 0
vn 0 -1 0
vn 0 1 0
vn 0 -1 0
vn 0 1 0
vn 0 -1 0
vn 0 1 0
vn 0 -1 0
vn 0 1 0
vn 0 -1 0
vn 0 1 0
vn 0 -1 0
vn 0 1 0
vn 0 -1 0
vn 0 1 0
vn 0 -1 0
vn 0 1 0
vn 0 -1 0
vn 0 1 0
vn 0 -1 0
vn 0 1 0
vn 0 -1 0
vn 0 1 0
vn 0 -1 0
vn 0 1 0
vn 0 -1 0
vn 0 1 0
vn 0 -1 0
vn 0 1 0
vn 0 -1 0
vn 0 1 0
vn 0 -1 0
vn 0 1 0
vn 0 -1 0
vn 0 1 0
vn 0 -1 0
vn 0 1 0
vn 0 -1 0
vn 0 1 0
vn 0 -1 0
vn 0 1 0
vn 0 -1 0
vn 0 1 0
vn 0 -1 0
vn 0 1 0
vn 0 -1 0
vn 0 1 0
vn 0 -1 0
vn 0 1 0
vn 0 -1 0
vn 0 1 0
vn 0 -1 0
vn 0 1 0
vn 0 -1 0
vn 0 1 0
vn 0 -1 0
vn 0 1 0
vn 0 -1 0
vn 0 1 0
vn 0 -1 0
vn 0 1 0
vn 0 -1 0
vn 0 1 0
vn 0 -1 0
vn 0 1 0
vn 0 -1 0
vn 0 1 0
vn 0 -1 0
vn 0 1 0
vn 0 -1 0
vn 0 1 0
vn 0 -1 0
vn 0 1 0
vn 0 -1 0
vn 0 1 0
vn 0 -1 0
vn 0 1 0
vn 0 -1 0
vn 0 1 0
vn 0.6087614368446826 0 0.7933533342784902
vn -0.6087614156691595 0 -0.7933533505270403
vn 0.7933533402912353 0 0.6087614290087207
vn -0.7933533402912352 0 -0.6087614290087207
vn 0.9238795287315171 0 0.3826834414902608
vn -0.9238795389457828 0 -0.38268341683084195
vn 0.9914448624629577 0 0.13052618394715704
vn -0.991444858985787 0 -0.1305262103588891
vn 0.9914448613738104 0 -0.13052619222005157
vn -0.9914448613738104 0 0.13052619222005157
vn 0.9238795357045049 0 -0.3826834246559793
vn -0.9238795255099567 0 0.3826834492677954
vn 0.7933533342784902 0 -0.6087614368446826
vn -0.7933533505270403 0 0.6087614156691595
vn 0.6087614290087207 0 -0.7933533402912353
vn -0.6087614290087207 0 0.7933533402912352
vn 0.3826834414902608 0 -0.9238795287315171
vn -0.38268341683084195 0 0.9238795389457828
vn 0.13052618394715704 0 -0.9914448624629577
vn -0.1305262103588891 0 0.991444858985787
vn -0.13052619222005157 0 -0.9914448613738104
vn 0.13052619222005157 0 0.9914448613738104
vn -0.3826834246559793 0 -0.9238795357045049
vn 0.3826834492677954 0 0.9238795255099567
vn -0.6087614368446826 0 -0.7933533342784902
vn 0.6087614156691595 0 0.7933533505270403
vn -0.7933533402912353 0 -0.6087614290087207
vn 0.7933533402912352 0 0.6087614290087207
vn -0.9238795287315171 0 -0.3826834414902608
vn 0.9238795389457828 0 0.38268341683084195
vn -0.9914448624629577 0 -0.13052618394715704
vn 0.991444858985787 0 0.1305262103588891
vn -0.9914448613738104 0 0.13052619222005157
vn 0.9914448613738104 0 -0.13052619222005157
vn -0.9238795357045049 0 0.3826834246559793
vn 0.9238795255099567 0 -0.3826834492677954
vn -0.7933533342784902 0 0.6087614368446826
vn 0.7933533505270403 0 -0.6087614156691595
vn -0.6087614290087207 0 0.7933533402912353
vn 0.6087614290087207 0 -0.7933533402912352
vn -0.3826834414902608 0 0.9238795287315171
vn 0.38268341683084195 0 -0.9238795389457828
vn -0.13052618394715704 0 0.9914448624629577
vn 0.1305262103588891 0 -0.991444858985787
vn 0.13052619222005157 0 0.9914448613738104
vn -0.13052619222005157 0 -0.9914448613738104
vn 0.3826834246559793 0 0.9238795357045049
vn -0.3826834492677954 0 -0.9238795255099567
vn 0.7933533402912353 0 0.6087614290087207
vn -0.7933533402912353 0 -0.6087614290087207
vn 0.6087614368446826 0 0.7933533342784902
vn -0.6087613588331404 0 -0.793353394138847
vn 0.3826834246559793 0 0.9238795357045049
vn -0.38268337367876143 0 -0.9238795568199578
vn -0.13052618394715704 0 0.9914448624629577
vn 0.13052612924186432 0 -0.9914448696650442
vn 0.13052619222005157 0 0.9914448613738104
vn -0.13052619222005157 0 -0.9914448613738104
vn -0.3826834414902608 0 0.9238795287315171
vn 0.38268335064389714 0 -0.923879566361309
vn -0.6087614290087207 0 0.7933533402912353
vn 0.6087614290087207 0 -0.7933533402912353
vn -0.7933533342784902 0 0.6087614368446826
vn 0.793353394138847 0 -0.6087613588331404
vn -0.9238795357045049 0 0.3826834246559793
vn 0.9238795568199578 0 -0.38268337367876143
vn -0.9914448613738104 0 0.13052619222005157
vn 0.9914448613738104 0 -0.13052619222005157
vn -0.9914448624629577 0 -0.13052618394715704
vn 0.9914448696650442 0 0.13052612924186432
vn -0.9238795287315171 0 -0.3826834414902608
vn 0.923879566361309 0 0.38268335064389714
vn -0.7933533402912353 0 -0.6087614290087207
vn 0.7933533402912353 0 0.6087614290087207
vn -0.3826834246559793 0 -0.9238795357045049
vn 0.38268337367876143 0 0.9238795568199578
vn -0.6087614368446826 0 -0.7933533342784902
vn 0.6087613588331404 0 0.793353394138847
vn -0.13052619222005157 0 -0.9914448613738104
vn 0.13052619222005157 0 0.9914448613738104
vn 0.13052618394715704 0 -0.9914448624629577
vn -0.13052612924186432 0 0.9914448696650442
vn 0.3826834414902608 0 -0.9238795287315171
vn -0.38268335064389714 0 0.923879566361309
vn 0.6087614290087207 0 -0.7933533402912353
vn -0.6087614290087207 0 0.7933533402912353
vn 0.7933533342784902 0 -0.6087614368446826
vn -0.793353394138847 0 0.6087613588331404
vn 0.9238795357045049 0 -0.3826834246559793
vn -0.9238795568199578 0 0.38268337367876143
vn 0.9914448613738104 0 -0.13052619222005157
vn -0.9914448613738104 0 0.13052619222005157
vn 0.9914448624629577 0 0.13052618394715704
vn -0.9914448696650442 0 -0.13052612924186432
vn 0.9238795287315171 0 0.3826834414902608
vn -0.923879566361309 0 -0.38268335064389714
vn -0.0352826615677463 0.9627730676296757 -0.2679984217110986
vn -0.10564253891281657 0.9611490358877066 -0.2550140874230018
vn -0.17519330175564948 0.9577026039481681 -0.2282827838687197
vn -0.2428324338813418 0.9520108080720102 -0.18630037672893174
vn -0.3064718047868937 0.9433803436528654 -0.12691950236297755
vn -0.36236851654249996 0.9308139262856763 -0.04769164341299064
vn -0.4043072037140344 0.9130730854545936 0.05322805316152867
vn -0.4229888149987236 0.8890386989233412 0.17518748300797185
vn -0.4066368183032339 0.8586712664491944 0.3119778103884305
vn -0.3443992937305275 0.8246265570566925 0.4487540171126486
vn -0.23292903061088713 0.7935009579473405 0.5622279755004418
vn -0.08259981390851684 0.7744584242300996 0.6272092313425477
vn 0.08257486112292589 0.7744537074907064 0.6272183409821726
vn 0.2329181479134716 0.7934891700510931 0.5622491203943195
vn 0.34440442102815905 0.8246152433596994 0.4487708715982828
vn 0.40664907871716305 0.858664643978422 0.3119800569906551
vn 0.4229990523607384 0.8890358998150958 0.17517696921079715
vn 0.40431035066607596 0.91307264609327 0.053211683872142666
vn 0.3623656323813122 0.9308142959478559 -0.04770634054283587
vn 0.30646770569265336 0.9433804787238641 -0.12692839607516673
vn 0.24283092725153566 0.9520105683134957 -0.1863035656920571
vn 0.17519611897462609 0.9577024120572167 -0.22828142683104496
vn 0.10565027359421031 0.9611489797331876 -0.255011094753388
vn 0.0352936429495358 0.9627730195508617 -0.2679971484778652
vn 0.33657393699754257 0.4758802519306328 0.8125613643020517
vn 0.5520481354516636 0.4214787549197497 0.7194431981022819
vn 0.7472087262130225 0.3360728697492419 0.5733534212766342
vn 0.9014626650063456 0.21894972779529787 0.3733980186048425
vn 0.9885682925742527 0.07612071483747389 0.13014748437622095
vn 0.9884922514574632 -0.07711878327931028 -0.13013747375016316
vn 0.9011079218978311 -0.22065383070899613 -0.3732511220162887
vn 0.7464360745399693 -0.33878990619127425 -0.5727604962707092
vn 0.5510174035800451 -0.42510282316633957 -0.7180998612225974
vn 0.3356978783508627 -0.48008693227299104 -0.810446464568412
vn 0.1125400522929479 -0.5065632004812191 -0.8548265675259075
vn -0.11254005770806483 -0.5065631340453186 -0.8548266061823593
vn -0.33570124745111346 -0.48007100224829274 -0.8104545053610881
vn -0.5510405006835849 -0.42502192527827526 -0.718130022794711
vn -0.746501493171606 -0.33856073934295217 -0.5728107422771648
vn -0.9012065694249065 -0.22018139451851948 -0.3732919403540231
vn -0.9885506972112792 -0.07635282781050057 -0.13014516790274624
vn -0.9884922514574632 0.07711878327930749 0.13013747375016316
vn -0.9012409041048316 0.2200166130989432 0.37330620504992423
vn -0.7469368179310761 0.3370319099331246 0.5731447301562048
vn -0.5518405796262214 0.42221165447109843 0.7191726451322895
vn -0.3364804665220086 0.47633123356710905 0.8123357997636
vn -0.11286579996451084 0.5022912850823575 0.8573008667490574
vn 0.11287728032922324 0.502139844428062 0.8573880662939273
usemtl m_2b2838a1-613f-47c3-8674-742b57c63691
f 436/1537/385 434/1538/385 433/1539/385
f 575/1540/386 576/1541/386 577/1542/386 578/1543/386
f 732/1544/387 733/1545/387 743/1546/387
f 438/1547/388 436/1548/388 433/1549/388
f 576/1550/389 579/1551/389 580/1552/389 577/1553/389
f 733/1554/390 734/1555/390 743/1556/390
f 440/1557/391 438/1558/391 433/1559/391
f 579/1560/392 581/1561/392 582/1562/392 580/1563/392
f 734/1564/393 735/1565/393 743/1566/393
f 442/1567/394 440/1568/394 433/1569/394
f 581/1570/395 583/1571/395 584/1572/395 582/1573/395
f 735/1574/396 736/1575/396 743/1576/396
f 444/1577/397 442/1578/397 433/1579/397
f 583/1580/398 585/1581/398 586/1582/398 584/1583/398
f 736/1584/399 737/1585/399 743/1586/399
f 446/1587/400 444/1588/400 433/1589/400
f 585/1590/401 587/1591/401 588/1592/401 586/1593/401
f 737/1594/402 738/1595/402 743/1596/402
f 448/1597/403 446/1598/403 433/1599/403
f 587/1600/404 589/1601/404 590/1602/404 588/1603/404
f 738/1604/405 739/1605/405 743/1606/405
f 450/1607/406 448/1608/406 433/1609/406
f 589/1610/407 591/1611/407 592/1612/407 590/1613/407
f 739/1614/408 740/1615/408 743/1616/408
f 452/1617/409 450/1618/409 433/1619/409
f 591/1620/410 593/1621/410 594/1622/410 592/1623/410
f 740/1624/411 741/1625/411 743/1626/411
f 454/1627/412 452/1628/412 433/1629/412
f 593/1630/413 595/1631/413 596/1632/413 594/1633/413
f 741/1634/414 742/1635/414 743/1636/414
f 456/1637/415 454/1638/415 433/1639/415
f 595/1640/416 597/1641/416 598/1642/416 596/1643/416
f 742/1644/417 719/1645/417 743/1646/417
f 458/1647/418 456/1648/418 433/1649/418
f 597/1650/419 599/1651/419 600/1652/419 598/1653/419
f 719/1654/420 720/1655/420 743/1656/420
f 460/1657/421 458/1658/421 433/1659/421
f 599/1660/422 601/1661/422 602/1662/422 600/1663/422
f 720/1664/423 721/1665/423 743/1666/423
f 462/1667/424 460/1668/424 433/1669/424
f 601/1670/425 603/1671/425 604/1672/425 602/1673/425
f 721/1674/426 722/1675/426 743/1676/426
f 464/1677/427 462/1678/427 433/1679/427
f 603/1680/428 605/1681/428 606/1682/428 604/1683/428
f 722/1684/429 723/1685/429 743/1686/429
f 466/1687/430 464/1688/430 433/1689/430
f 605/1690/431 607/1691/431 608/1692/431 606/1693/431
f 723/1694/432 724/1695/432 743/1696/432
f 468/1697/433 466/1698/433 433/1699/433
f 607/1700/434 609/1701/434 610/1702/434 608/1703/434
f 724/1704/435 725/1705/435 743/1706/435
f 470/1707/436 468/1708/436 433/1709/436
f 609/1710/437 611/1711/437 612/1712/437 610/1713/437
f 725/1714/438 726/1715/438 743/1716/438
f 472/1717/439 470/1718/439 433/1719/439
f 611/1720/440 613/1721/440 614/1722/440 612/1723/440
f 726/1724/441 727/1725/441 743/1726/441
f 474/1727/442 472/1728/442 433/1729/442
f 613/1730/443 615/1731/443 616/1732/443 614/1733/443
f 727/1734/444 728/1735/444 743/1736/444
f 476/1737/445 474/1738/445 433/1739/445
f 615/1740/446 617/1741/446 618/1742/446 616/1743/446
f 728/1744/447 729/1745/447 743/1746/447
f 478/1747/448 476/1748/448 433/1749/448
f 617/1750/449 619/1751/449 620/1752/449 618/1753/449
f 729/1754/450 730/1755/450 743/1756/450
f 479/1757/451 478/1758/451 433/1759/451
f 619/1760/452 621/1761/452 622/1762/452 620/1763/452
f 730/1764/453 731/1765/453 743/1766/453
f 434/1767/454 479/1768/454 433/1769/454
f 621/1770/455 575/1771/455 578/1772/455 622/1773/455
f 731/1774/456 732/1775/456 743/1776/456
f 482/1777/457 481/1778/457 434/1779/457 436/1780/457
f 485/1781/458 482/1782/458 436/1783/458 438/1784/458
f 487/1785/459 485/1786/459 438/1787/459 440/1788/459
f 489/1789/460 487/1790/460 440/1791/460 442/1792/460
f 491/1793/461 489/1794/461 442/1795/461 444/1796/461
f 493/1797/462 491/1798/462 444/1799/462 446/1800/462
f 495/1801/463 493/1802/463 446/1803/463 448/1804/463
f 497/1805/464 495/1806/464 448/1807/464 450/1808/464
f 499/1809/465 497/1810/465 450/1811/465 452/1812/465
f 501/1813/466 499/1814/466 452/1815/466 454/1816/466
f 503/1817/467 501/1818/467 454/1819/467 456/1820/467
f 505/1821/468 503/1822/468 456/1823/468 458/1824/468
f 507/1825/469 505/1826/469 458/1827/469 460/1828/469
f 509/1829/470 507/1830/470 460/1831/470 462/1832/470
f 511/1833/471 509/1834/471 462/1835/471 464/1836/471
f 513/1837/472 511/1838/472 464/1839/472 466/1840/472
f 515/1841/473 513/1842/473 466/1843/473 468/1844/473
f 517/1845/474 515/1846/474 468/1847/474 470/1848/474
f 519/1849/475 517/1850/475 470/1851/475 472/1852/475
f 521/1853/476 519/1854/476 472/1855/476 474/1856/476
f 523/1857/477 521/1858/477 474/1859/477 476/1860/477
f 524/1861/478 523/1862/478 476/1863/478 478/1864/478
f 525/1865/479 524/1866/479 478/1867/479 479/1868/479
f 481/1869/480 525/1870/480 479/1871/480 434/1872/480
f 528/1873/481 527/1874/481 481/1875/481 482/1876/481
f 530/1877/482 529/1878/482 483/1879/482 484/1880/482
f 531/1881/483 528/1882/483 482/1883/483 485/1884/483
f 529/1885/484 532/1886/484 486/1887/484 483/1888/484
f 533/1889/485 531/1890/485 485/1891/485 487/1892/485
f 532/1893/486 534/1894/486 488/1895/486 486/1896/486
f 535/1897/487 533/1898/487 487/1899/487 489/1900/487
f 534/1901/488 536/1902/488 490/1903/488 488/1904/488
f 537/1905/489 535/1906/489 489/1907/489 491/1908/489
f 536/1909/490 538/1910/490 492/1911/490 490/1912/490
f 539/1913/491 537/1914/491 491/1915/491 493/1916/491
f 538/1917/492 540/1918/492 494/1919/492 492/1920/492
f 541/1921/493 539/1922/493 493/1923/493 495/1924/493
f 540/1925/494 542/1926/494 496/1927/494 494/1928/494
f 543/1929/495 541/1930/495 495/1931/495 497/1932/495
f 542/1933/496 544/1934/496 498/1935/496 496/1936/496
f 545/1937/497 543/1938/497 497/1939/497 499/1940/497
f 544/1941/498 546/1942/498 500/1943/498 498/1944/498
f 547/1945/499 545/1946/499 499/1947/499 501/1948/499
f 546/1949/500 548/1950/500 502/1951/500 500/1952/500
f 549/1953/501 547/1954/501 501/1955/501 503/1956/501
f 548/1957/502 550/1958/502 504/1959/502 502/1960/502
f 551/1961/503 549/1962/503 503/1963/503 505/1964/503
f 550/1965/504 552/1966/504 506/1967/504 504/1968/504
f 553/1969/505 551/1970/505 505/1971/505 507/1972/505
f 552/1973/506 554/1974/506 508/1975/506 506/1976/506
f 555/1977/507 553/1978/507 507/1979/507 509/1980/507
f 554/1981/508 556/1982/508 510/1983/508 508/1984/508
f 557/1985/509 555/1986/509 509/1987/509 511/1988/509
f 556/1989/510 558/1990/510 512/1991/510 510/1992/510
f 559/1993/511 557/1994/511 511/1995/511 513/1996/511
f 558/1997/512 560/1998/512 514/1999/512 512/2000/512
f 561/2001/513 559/2002/513 513/2003/513 515/2004/513
f 560/2005/514 562/2006/514 516/2007/514 514/2008/514
f 563/2009/515 561/2010/515 515/2011/515 517/2012/515
f 562/2013/516 564/2014/516 518/2015/516 516/2016/516
f 565/2017/517 563/2018/517 517/2019/517 519/2020/517
f 564/2021/518 566/2022/518 520/2023/518 518/2024/518
f 567/2025/519 565/2026/519 519/2027/519 521/2028/519
f 566/2029/520 568/2030/520 522/2031/520 520/2032/520
f 569/2033/521 567/2034/521 521/2035/521 523/2036/521
f 568/2037/522 570/2038/522 745/2039/522 522/2040/522
f 571/2041/523 569/2042/523 523/2043/523 524/2044/523
f 570/2045/524 572/2046/524 746/2047/524 745/2048/524
f 573/2049/525 571/2050/525 524/2051/525 525/2052/525
f 572/2053/526 574/2054/526 526/2055/526 746/2056/526
f 527/2057/527 573/2058/527 525/2059/527 481/2060/527
f 574/2061/528 530/2062/528 484/2063/528 526/2064/528
f 675/2065/529 677/2066/529 678/2067/529 676/2068/529
f 669/2069/530 623/2070/530 626/2071/530 670/2072/530
f 672/2073/531 675/2074/531 676/2075/531 673/2076/531
f 623/2077/532 624/2078/532 625/2079/532 626/2080/532
f 671/2081/533 672/2082/533 673/2083/533 674/2084/533
f 624/2085/534 627/2086/534 628/2087/534 625/2088/534
f 717/2089/535 671/2090/535 674/2091/535 718/2092/535
f 627/2093/536 629/2094/536 630/2095/536 628/2096/536
f 715/2097/537 717/2098/537 718/2099/537 716/2100/537
f 629/2101/538 631/2102/538 632/2103/538 630/2104/538
f 713/2105/539 715/2106/539 716/2107/539 714/2108/539
f 631/2109/540 633/2110/540 634/2111/540 632/2112/540
f 711/2113/541 713/2114/541 714/2115/541 712/2116/541
f 633/2117/542 635/2118/542 636/2119/542 634/2120/542
f 709/2121/543 711/2122/543 712/2123/543 710/2124/543
f 635/2125/544 637/2126/544 638/2127/544 636/2128/544
f 707/2129/545 709/2130/545 710/2131/545 708/2132/545
f 637/2133/546 639/2134/546 640/2135/546 638/2136/546
f 705/2137/547 707/2138/547 708/2139/547 706/2140/547
f 639/2141/548 641/2142/548 642/2143/548 640/2144/548
f 703/2145/549 705/2146/549 706/2147/549 704/2148/549
f 641/2149/550 643/2150/550 644/2151/550 642/2152/550
f 700/2153/551 703/2154/551 704/2155/551 701/2156/551
f 643/2157/552 645/2158/552 646/2159/552 644/2160/552
f 699/2161/553 700/2162/553 701/2163/553 702/2164/553
f 645/2165/554 647/2166/554 648/2167/554 646/2168/554
f 697/2169/555 699/2170/555 702/2171/555 698/2172/555
f 647/2173/556 649/2174/556 650/2175/556 648/2176/556
f 695/2177/557 697/2178/557 698/2179/557 696/2180/557
f 649/2181/558 651/2182/558 652/2183/558 650/2184/558
f 693/2185/559 695/2186/559 696/2187/559 694/2188/559
f 651/2189/560 653/2190/560 654/2191/560 652/2192/560
f 691/2193/561 693/2194/561 694/2195/561 692/2196/561
f 653/2197/562 655/2198/562 656/2199/562 654/2200/562
f 689/2201/563 691/2202/563 692/2203/563 690/2204/563
f 655/2205/564 657/2206/564 658/2207/564 656/2208/564
f 687/2209/565 689/2210/565 690/2211/565 688/2212/565
f 657/2213/566 659/2214/566 660/2215/566 658/2216/566
f 685/2217/567 687/2218/567 688/2219/567 686/2220/567
f 659/2221/568 661/2222/568 662/2223/568 660/2224/568
f 683/2225/569 685/2226/569 686/2227/569 684/2228/569
f 661/2229/570 663/2230/570 664/2231/570 662/2232/570
f 680/2233/571 683/2234/571 684/2235/571 681/2236/571
f 663/2237/572 665/2238/572 666/2239/572 664/2240/572
f 679/2241/573 680/2242/573 681/2243/573 682/2244/573
f 665/2245/574 667/2246/574 668/2247/574 666/2248/574
f 677/2249/575 679/2250/575 682/2251/575 678/2252/575
f 667/2253/576 669/2254/576 670/2255/576 668/2256/576
f 624/2257/577 623/2258/577 577/2259/577 580/2260/577
f 626/2261/578 625/2262/578 532/2263/578 529/2264/578
f 627/2265/579 624/2266/579 580/2267/579 582/2268/579
f 625/2269/580 628/2270/580 534/2271/580 532/2272/580
f 629/2273/581 627/2274/581 582/2275/581 584/2276/581
f 628/2277/582 630/2278/582 536/2279/582 534/2280/582
f 631/2281/583 629/2282/583 584/2283/583 586/2284/583
f 630/2285/584 632/2286/584 538/2287/584 536/2288/584
f 633/2289/585 631/2290/585 586/2291/585 588/2292/585
f 632/2293/586 634/2294/586 540/2295/586 538/2296/586
f 635/2297/587 633/2298/587 588/2299/587 590/2300/587
f 634/2301/588 636/2302/588 542/2303/588 540/2304/588
f 637/2305/589 635/2306/589 590/2307/589 592/2308/589
f 636/2309/590 638/2310/590 544/2311/590 542/2312/590
f 639/2313/591 637/2314/591 592/2315/591 594/2316/591
f 638/2317/592 640/2318/592 546/2319/592 544/2320/592
f 641/2321/593 639/2322/593 594/2323/593 596/2324/593
f 640/2325/594 642/2326/594 548/2327/594 546/2328/594
f 643/2329/595 641/2330/595 596/2331/595 598/2332/595
f 642/2333/596 644/2334/596 550/2335/596 548/2336/596
f 645/2337/597 643/2338/597 598/2339/597 600/2340/597
f 644/2341/598 646/2342/598 552/2343/598 550/2344/598
f 647/2345/599 645/2346/599 600/2347/599 602/2348/599
f 646/2349/600 648/2350/600 554/2351/600 552/2352/600
f 649/2353/601 647/2354/601 602/2355/601 604/2356/601
f 648/2357/602 650/2358/602 556/2359/602 554/2360/602
f 651/2361/603 649/2362/603 604/2363/603 606/2364/603
f 650/2365/604 652/2366/604 558/2367/604 556/2368/604
f 653/2369/605 651/2370/605 606/2371/605 608/2372/605
f 652/2373/606 654/2374/606 560/2375/606 558/2376/606
f 655/2377/607 653/2378/607 608/2379/607 610/2380/607
f 654/2381/608 656/2382/608 562/2383/608 560/2384/608
f 657/2385/609 655/2386/609 610/2387/609 612/2388/609
f 656/2389/610 658/2390/610 564/2391/610 562/2392/610
f 659/2393/611 657/2394/611 612/2395/611 614/2396/611
f 658/2397/612 660/2398/612 566/2399/612 564/2400/612
f 661/2401/613 659/2402/613 614/2403/613 616/2404/613
f 660/2405/614 662/2406/614 568/2407/614 566/2408/614
f 663/2409/615 661/2410/615 616/2411/615 618/2412/615
f 662/2413/616 664/2414/616 570/2415/616 568/2416/616
f 665/2417/617 663/2418/617 618/2419/617 620/2420/617
f 664/2421/618 666/2422/618 572/2423/618 570/2424/618
f 667/2425/619 665/2426/619 620/2427/619 622/2428/619
f 666/2429/620 668/2430/620 574/2431/620 572/2432/620
f 669/2433/621 667/2434/621 622/2435/621 578/2436/621
f 668/2437/622 670/2438/622 530/2439/622 574/2440/622
f 623/2441/623 669/2442/623 578/2443/623 577/2444/623
f 670/2445/624 626/2446/624 529/2447/624 530/2448/624
f 672/2449/625 671/2450/625 581/2451/625 579/2452/625
f 674/2453/626 673/2454/626 531/2455/626 533/2456/626
f 675/2457/627 672/2458/627 579/2459/627 576/2460/627
f 673/2461/628 676/2462/628 528/2463/628 531/2464/628
f 677/2465/629 675/2466/629 576/2467/629 575/2468/629
f 676/2469/630 678/2470/630 527/2471/630 528/2472/630
f 680/2473/631 679/2474/631 621/2475/631 619/2476/631
f 682/2477/632 681/2478/632 571/2479/632 573/2480/632
f 679/2481/633 677/2482/633 575/2483/633 621/2484/633
f 678/2485/634 682/2486/634 573/2487/634 527/2488/634
f 683/2489/635 680/2490/635 619/2491/635 617/2492/635
f 681/2493/636 684/2494/636 569/2495/636 571/2496/636
f 685/2497/637 683/2498/637 617/2499/637 615/2500/637
f 684/2501/638 686/2502/638 567/2503/638 569/2504/638
f 687/2505/639 685/2506/639 615/2507/639 613/2508/639
f 686/2509/640 688/2510/640 565/2511/640 567/2512/640
f 689/2513/641 687/2514/641 613/2515/641 611/2516/641
f 688/2517/642 690/2518/642 563/2519/642 565/2520/642
f 691/2521/643 689/2522/643 611/2523/643 609/2524/643
f 690/2525/644 692/2526/644 561/2527/644 563/2528/644
f 693/2529/645 691/2530/645 609/2531/645 607/2532/645
f 692/2533/646 694/2534/646 559/2535/646 561/2536/646
f 695/2537/647 693/2538/647 607/2539/647 605/2540/647
f 694/2541/648 696/2542/648 557/2543/648 559/2544/648
f 697/2545/649 695/2546/649 605/2547/649 603/2548/649
f 696/2549/650 698/2550/650 555/2551/650 557/2552/650
f 700/2553/651 699/2554/651 601/2555/651 599/2556/651
f 702/2557/652 701/2558/652 551/2559/652 553/2560/652
f 699/2561/653 697/2562/653 603/2563/653 601/2564/653
f 698/2565/654 702/2566/654 553/2567/654 555/2568/654
f 703/2569/655 700/2570/655 599/2571/655 597/2572/655
f 701/2573/656 704/2574/656 549/2575/656 551/2576/656
f 705/2577/657 703/2578/657 597/2579/657 595/2580/657
f 704/2581/658 706/2582/658 547/2583/658 549/2584/658
f 707/2585/659 705/2586/659 595/2587/659 593/2588/659
f 706/2589/660 708/2590/660 545/2591/660 547/2592/660
f 709/2593/661 707/2594/661 593/2595/661 591/2596/661
f 708/2597/662 710/2598/662 543/2599/662 545/2600/662
f 711/2601/663 709/2602/663 591/2603/663 589/2604/663
f 710/2605/664 712/2606/664 541/2607/664 543/2608/664
f 713/2609/665 711/2610/665 589/2611/665 587/2612/665
f 712/2613/666 714/2614/666 539/2615/666 541/2616/666
f 715/2617/667 713/2618/667 587/2619/667 585/2620/667
f 714/2621/668 716/2622/668 537/2623/668 539/2624/668
f 717/2625/669 715/2626/669 585/2627/669 583/2628/669
f 716/2629/670 718/2630/670 535/2631/670 537/2632/670
f 671/2633/671 717/2634/671 583/2635/671 581/2636/671
f 718/2637/672 674/2638/672 533/2639/672 535/2640/672
f 720/2641/673 719/2642/673 457/2643/673 459/2644/673
f 721/2645/674 720/2646/674 459/2647/674 461/2648/674
f 722/2649/675 721/2650/675 461/2651/675 463/2652/675
f 723/2653/676 722/2654/676 463/2655/676 465/2656/676
f 724/2657/677 723/2658/677 465/2659/677 467/2660/677
f 725/2661/678 724/2662/678 467/2663/678 469/2664/678
f 726/2665/679 725/2666/679 469/2667/679 471/2668/679
f 727/2669/680 726/2670/680 471/2671/680 473/2672/680
f 728/2673/681 727/2674/681 473/2675/681 475/2676/681
f 729/2677/682 728/2678/682 475/2679/682 477/2680/682
f 730/2681/683 729/2682/683 477/2683/683 744/2684/683
f 731/2685/684 730/2686/684 744/2687/684 480/2688/684
f 732/2689/685 731/2690/685 480/2691/685 435/2692/685
f 733/2693/686 732/2694/686 435/2695/686 437/2696/686
f 734/2697/687 733/2698/687 437/2699/687 439/2700/687
f 735/2701/688 734/2702/688 439/2703/688 441/2704/688
f 736/2705/689 735/2706/689 441/2707/689 443/2708/689
f 737/2709/690 736/2710/690 443/2711/690 445/2712/690
f 738/2713/691 737/2714/691 445/2715/691 447/2716/691
f 739/2717/692 738/2718/692 447/2719/692 449/2720/692
f 740/2721/693 739/2722/693 449/2723/693 451/2724/693
f 741/2725/694 740/2726/694 451/2727/694 453/2728/694
f 742/2729/695 741/2730/695 453/2731/695 455/2732/695
f 719/2733/696 742/2734/696 455/2735/696 457/2736/696
f 484/2737/697 483/2738/697 437/2739/697 435/2740/697
f 483/2741/698 486/2742/698 439/2743/698 437/2744/698
f 486/2745/699 488/2746/699 441/2747/699 439/2748/699
f 488/2749/700 490/2750/700 443/2751/700 441/2752/700
f 490/2753/701 492/2754/701 445/2755/701 443/2756/701
f 492/2757/702 494/2758/702 447/2759/702 445/2760/702
f 494/2761/703 496/2762/703 449/2763/703 447/2764/703
f 496/2765/704 498/2766/704 451/2767/704 449/2768/704
f 498/2769/705 500/2770/705 453/2771/705 451/2772/705
f 500/2773/706 502/2774/706 455/2775/706 453/2776/706
f 502/2777/707 504/2778/707 457/2779/707 455/2780/707
f 504/2781/708 506/2782/708 459/2783/708 457/2784/708
f 506/2785/709 508/2786/709 461/2787/709 459/2788/709
f 508/2789/710 510/2790/710 463/2791/710 461/2792/710
f 510/2793/711 512/2794/711 465/2795/711 463/2796/711
f 512/2797/712 514/2798/712 467/2799/712 465/2800/712
f 514/2801/713 516/2802/713 469/2803/713 467/2804/713
f 516/2805/714 518/2806/714 471/2807/714 469/2808/714
f 518/2809/715 520/2810/715 473/2811/715 471/2812/715
f 520/2813/716 522/2814/716 475/2815/716 473/2816/716
f 522/2817/717 745/2818/717 477/2819/717 475/2820/717
f 745/2821/718 746/2822/718 744/2823/718 477/2824/718
f 746/2825/719 526/2826/719 480/2827/719 744/2828/719
f 526/2829/720 484/2830/720 435/2831/720 480/2832/720
o CircleBorder
v 2.2434190267947067 5.0625 8.372553411973078
v 2.2434190267947067 5.84375 8.372553411973078
v 4.3339526097042365 5.0625 7.5066258937289465
v 4.3339526097042365 5.84375 7.5066258937289465
v 6.129134402103633 5.0625 6.129134268211568
v 6.129134402103633 5.84375 6.129134268211568
v 7.506625795716375 5.0625 4.33395253318505
v 7.506625795716375 5.84375 4.33395253318505
v 8.372553295006277 4.125 2.243419009869447
v 8.372553295006277 4.90625 2.243419009869447
v 8.667905142889287 4.125 9.80125705041246e-8
v 8.667905142889287 4.90625 9.80125705041246e-8
v 8.372553411973078 4.125 -2.2434190267947067
v 8.372553411973078 4.90625 -2.2434190267947067
v 7.5066258937289465 4.125 -4.3339526097042365
v 7.5066258937289465 4.90625 -4.3339526097042365
v 6.129134268211568 4.125 -6.129134402103633
v 6.129134268211568 4.90625 -6.129134402103633
v 4.33395253318505 4.125 -7.506625795716375
v 4.33395253318505 4.90625 -7.506625795716375
v 2.243419009869447 4.125 -8.372553295006277
v 2.243419009869447 4.90625 -8.372553295006277
v 9.80125705041246e-8 4.125 -8.667905142889287
v 9.80125705041246e-8 4.90625 -8.667905142889287
v -2.2434190267947067 4.125 -8.372553411973078
v -2.2434190267947067 4.90625 -8.372553411973078
v -4.3339526097042365 4.125 -7.5066258937289465
v -4.3339526097042365 4.90625 -7.5066258937289465
v -6.129134402103633 4.125 -6.129134268211568
v -6.129134402103633 4.90625 -6.129134268211568
v -7.506625795716375 4.125 -4.33395253318505
v -7.506625795716375 4.90625 -4.33395253318505
v -8.372553295006277 4.125 -2.243419009869447
v -8.372553295006277 4.90625 -2.243419009869447
v -8.667905142889287 4.125 -9.80125705041246e-8
v -8.667905142889287 4.90625 -9.80125705041246e-8
v -8.372553411973078 4.125 2.2434190267947067
v -8.372553411973078 4.90625 2.2434190267947067
v -7.5066258937289465 5.0625 4.3339526097042365
v -7.5066258937289465 5.84375 4.3339526097042365
v -6.129134268211568 5.0625 6.129134402103633
v -6.129134268211568 5.84375 6.129134402103633
v -4.33395253318505 5.0625 7.506625795716375
v -4.33395253318505 5.84375 7.506625795716375
v -2.243419009869447 5.0625 8.372553295006277
v -2.243419009869447 5.84375 8.372553295006277
v -9.80125705041246e-8 5.0625 8.667905142889287
v -9.80125705041246e-8 5.84375 8.667905142889287
v 3.953049614479795 5.375 6.846883271711842
v 2.046248584712653 5.375 7.63670591666631
v 5.590456910172243 5.375 5.590456703829918
v 6.846883230157744 5.375 3.95305004451931
v 7.636705908195609 4.4375 2.046248924915197
v 7.906099577420235 4.4375 -5.780989387194069e-7
v 7.63670591666631 4.4375 -2.046248584712653
v 6.846883271711842 4.4375 -3.953049614479795
v 5.590456703829918 4.4375 -5.590456910172243
v 3.95305004451931 4.4375 -6.846883230157744
v 2.046248924915197 4.4375 -7.636705908195609
v -5.780989387194069e-7 4.4375 -7.906099577420235
v -2.046248584712653 4.4375 -7.63670591666631
v -3.953049614479795 4.4375 -6.846883271711842
v -5.590456910172243 4.4375 -5.590456703829918
v -6.846883230157744 4.4375 -3.95305004451931
v -7.636705908195609 4.4375 -2.046248924915197
v -7.906099577420235 4.4375 5.780989387194069e-7
v -7.63670591666631 4.4375 2.046248584712653
v -6.846883271711842 5.375 3.953049614479795
v -5.590456703829918 5.375 5.590456910172243
v -3.95305004451931 5.375 6.846883230157744
v -2.046248924915197 5.375 7.636705908195609
v 5.780989387194069e-7 5.375 7.906099577420235
v 4.077828658157235 5.0625 7.063005922509601
v 2.1108393982134324 5.0625 7.877759873746873
v -1.8127093159847618e-9 5.0625 8.155657152766194
v -2.110839567678386 5.0625 7.877759551180618
v -4.077828494608961 5.0625 7.0630059206968925
v -5.766920152967187 5.0625 5.766920306068488
v -7.063005922509601 5.0625 4.077828658157235
v -7.877759873746873 4.125 2.1108393982134324
v -8.155657152766194 4.125 -1.8127093159847618e-9
v -7.877759551180618 4.125 -2.110839567678386
v -7.0630059206968925 4.125 -4.077828494608961
v -5.766920306068488 4.125 -5.766920152967187
v -4.077828658157235 4.125 -7.063005922509601
v -2.1108393982134324 4.125 -7.877759873746873
v 1.8127093159847618e-9 4.125 -8.155657152766194
v 2.110839567678386 4.125 -7.877759551180618
v 4.077828494608961 4.125 -7.0630059206968925
v 5.766920152967187 4.125 -5.766920306068488
v 7.063005922509601 4.125 -4.077828658157235
v 7.877759873746873 4.125 -2.1108393982134324
v 8.155657152766194 4.125 1.8127093159847618e-9
v 7.877759551180618 4.125 2.110839567678386
v 7.0630059206968925 5.0625 4.077828494608961
v 5.766920306068488 5.0625 5.766920152967187
v -6.7652545555565435 5.83950625 3.905921113121871
v -6.792882053816024 5.37075625 3.921871810699206
v -7.576474636770959 4.4332562499999995 2.0301100073286227
v -7.545660573197676 4.9020062499999995 2.021853580063768
v -7.843743657431023 4.4332562499999995 2.4444592083838756e-7
v -7.8118426369920275 4.9020062499999995 7.42641563800106e-8
v -7.576475327776089 4.4332562499999995 -2.0301100226867215
v -7.545660869375816 4.9020062499999995 -2.021853354667538
v -6.792881678608907 4.4332562499999995 -3.9218719283106864
v -6.765254010167661 4.9020062499999995 -3.9059216054490267
v -5.5463645325053665 4.4332562499999995 -5.546364700794429
v -5.523807136951269 4.9020062499999995 -5.52380666965901
v -3.921871810699206 4.4332562499999995 -6.792882053816024
v -3.905921113121871 4.9020062499999995 -6.7652545555565435
v -2.0301100073286227 4.4332562499999995 -7.576474636770959
v -2.021853580063768 4.9020062499999995 -7.545660573197676
v -2.4444592083838756e-7 4.4332562499999995 -7.843743657431023
v -7.42641563800106e-8 4.9020062499999995 -7.8118426369920275
v 2.0301100226867215 4.4332562499999995 -7.576475327776089
v 2.021853354667538 4.9020062499999995 -7.545660869375816
v 3.9218719283106864 4.4332562499999995 -6.792881678608907
v 3.9059216054490267 4.9020062499999995 -6.765254010167661
v 5.546364700794429 4.4332562499999995 -5.5463645325053665
v 5.52380666965901 4.9020062499999995 -5.523807136951269
v 6.792882053816024 4.4332562499999995 -3.921871810699206
v 6.7652545555565435 4.9020062499999995 -3.905921113121871
v 7.576474636770959 4.4332562499999995 -2.0301100073286227
v 7.545660573197676 4.9020062499999995 -2.021853580063768
v 7.843743657431023 4.4332562499999995 -2.4444592083838756e-7
v 7.8118426369920275 4.9020062499999995 -7.42641563800106e-8
v 7.576475327776089 4.4332562499999995 2.0301100226867215
v 7.545660869375816 4.9020062499999995 2.021853354667538
v 6.792881678608907 5.37075625 3.9218719283106864
v 6.765254010167661 5.83950625 3.9059216054490267
v 5.5463645325053665 5.37075625 5.546364700794429
v 5.523807136951269 5.83950625 5.52380666965901
v 3.921871810699206 5.37075625 6.792882053816024
v 3.905921113121871 5.83950625 6.7652545555565435
v 2.0301100073286227 5.37075625 7.576474636770959
v 2.021853580063768 5.83950625 7.545660573197676
v 2.4444592083838756e-7 5.37075625 7.843743657431023
v 7.42641563800106e-8 5.83950625 7.8118426369920275
v -2.0301100226867215 5.37075625 7.576475327776089
v -2.021853354667538 5.83950625 7.545660869375816
v -3.9218719283106864 5.37075625 6.792881678608907
v -3.9059216054490267 5.83950625 6.765254010167661
v -5.546364700794429 5.37075625 5.5463645325053665
v -5.52380666965901 5.83950625 5.523807136951269
v -8.170212941187113 4.905189375 -9.093784369973434e-8
v -7.891819662637356 4.905189375 2.1146067995615185
v -8.025858532503426 4.903067500000001 3.8181092865130495e-7
v -7.752384133507481 4.903067500000001 2.0772446727094183
v -7.075611966045298 5.842689375 4.085106338583836
v -6.9505971943969485 5.8405675 4.012929276699264
v -5.77721231886196 5.842689375 5.777212378397959
v -5.6751385692971485 5.8405675 5.67513895323936
v -4.085106064529109 5.842689375 7.075611173875546
v -4.012929337383033 5.8405675 6.95059695655484
v -2.1146065830074887 5.842689375 7.891819656497646
v -2.077245098689252 5.8405675 7.752383861659606
v -9.093784369973434e-8 5.842689375 8.170212941187113
v 3.8181092865130495e-7 5.8405675 8.025858532503426
v 2.1146067995615185 5.842689375 7.891819662637356
v 2.0772446727094183 5.8405675 7.752384133507481
v 4.085106338583836 5.842689375 7.075611966045298
v 4.012929276699264 5.8405675 6.9505971943969485
v 5.777212378397959 5.842689375 5.77721231886196
v 5.67513895323936 5.8405675 5.6751385692971485
v 7.075611173875546 5.842689375 4.085106064529109
v 6.95059695655484 5.8405675 4.012929337383033
v 7.891819656497646 4.905189375 2.1146065830074887
v 7.752383861659606 4.903067500000001 2.077245098689252
v 8.170212941187113 4.905189375 9.093784369973434e-8
v 8.025858532503426 4.903067500000001 -3.8181092865130495e-7
v 7.891819662637356 4.905189375 -2.1146067995615185
v 7.752384133507481 4.903067500000001 -2.0772446727094183
v 7.075611966045298 4.905189375 -4.085106338583836
v 6.9505971943969485 4.903067500000001 -4.012929276699264
v 5.77721231886196 4.905189375 -5.777212378397959
v 5.6751385692971485 4.903067500000001 -5.67513895323936
v 4.085106064529109 4.905189375 -7.075611173875546
v 4.012929337383033 4.903067500000001 -6.95059695655484
v 2.1146065830074887 4.905189375 -7.891819656497646
v 2.077245098689252 4.903067500000001 -7.752383861659606
v 9.093784369973434e-8 4.905189375 -8.170212941187113
v -3.8181092865130495e-7 4.903067500000001 -8.025858532503426
v -2.1146067995615185 4.905189375 -7.891819662637356
v -2.0772446727094183 4.903067500000001 -7.752384133507481
v -4.085106338583836 4.905189375 -7.075611966045298
v -4.012929276699264 4.903067500000001 -6.9505971943969485
v -5.777212378397959 4.905189375 -5.77721231886196
v -5.67513895323936 4.903067500000001 -5.6751385692971485
v -7.075611173875546 4.905189375 -4.085106064529109
v -6.95059695655484 4.903067500000001 -4.012929337383033
v -7.891819656497646 4.905189375 -2.1146065830074887
v -7.752383861659606 4.903067500000001 -2.077245098689252
v -5.954713921951793e-8 6.5614325 8.169293823914122
v 2.1143688841854926 6.5614325 7.890931871650497
v 4.1320163335356597e-7 6.559310625 8.024939415230433
v 2.077006757333393 6.559310625 7.751496342520621
v 4.084647309470632 6.5614325 7.0748163245442255
v 4.012469627933021 6.559310625 6.949801634474746
v 5.776563287619085 6.5614325 5.776562734929137
v 5.674489242807447 6.559310625 5.674489066943195
v 7.074815726922917 6.5614325 4.084647215675398
v 6.94980142802334 6.559310625 4.012469868876281
v 7.890932320346539 5.6239325 2.114369122105578
v 7.751496443929628 5.621810625 2.077007018134303
v 8.169293823914122 5.6239325 5.954713921951793e-8
v 8.024939415230433 5.621810625 -4.1320163335356597e-7
v 7.890931871650497 5.6239325 -2.1143688841854926
v 7.751496342520621 5.621810625 -2.077006757333393
v 7.0748163245442255 5.6239325 -4.084647309470632
v 6.949801634474746 5.621810625 -4.012469627933021
v 5.776562734929137 5.6239325 -5.776563287619085
v 5.674489066943195 5.621810625 -5.674489242807447
v 4.084647215675398 5.6239325 -7.074815726922917
v 4.012469868876281 5.621810625 -6.94980142802334
v 2.114369122105578 5.6239325 -7.890932320346539
v 2.077007018134303 5.621810625 -7.751496443929628
v 5.954713921951793e-8 5.6239325 -8.169293823914122
v -4.1320163335356597e-7 5.621810625 -8.024939415230433
v -2.1143688841854926 5.6239325 -7.890931871650497
v -2.077006757333393 5.621810625 -7.751496342520621
v -4.084647309470632 5.6239325 -7.0748163245442255
v -4.012469627933021 5.621810625 -6.949801634474746
v -5.776563287619085 5.6239325 -5.776562734929137
v -5.674489242807447 5.621810625 -5.674489066943195
v -7.074815726922917 5.6239325 -4.084647215675398
v -6.94980142802334 5.621810625 -4.012469868876281
v -7.890932320346539 5.6239325 -2.114369122105578
v -7.751496443929628 5.621810625 -2.077007018134303
v -8.169293823914122 5.6239325 -5.954713921951793e-8
v -8.024939415230433 5.621810625 4.1320163335356597e-7
v -7.890931871650497 5.6239325 2.1143688841854926
v -7.751496342520621 5.621810625 2.077006757333393
v -7.0748163245442255 6.5614325 4.084647309470632
v -6.949801634474746 6.559310625 4.012469627933021
v -5.776562734929137 6.5614325 5.776563287619085
v -5.674489066943195 6.559310625 5.674489242807447
v -4.084647215675398 6.5614325 7.074815726922917
v -4.012469868876281 6.559310625 6.94980142802334
v -2.114369122105578 6.5614325 7.890932320346539
v -2.077007018134303 6.559310625 7.751496443929628
v -1.7902220306176275e-7 6.623925625 8.199895011914212
v 2.122289169846729 6.623925625 7.920490318532489
v 1.3896280726122257e-7 6.62180375 7.992501313569301
v 2.068611423730885 6.62180375 7.720163471392112
v 4.09994726740912 6.623925625 7.101317248370441
v 3.9962503724620477 6.62180375 6.921709590804122
v 5.798201515712026 6.623925625 5.79820099774782
v 5.651552213503723 6.62180375 5.651551717837736
v 7.101317069348239 6.623925625 4.099947744505093
v 6.92170911011389 6.62180375 3.9962510226861228
v 7.92049016759455 5.686425625 2.1222888028204645
v 7.720163761221659 5.68430375 2.068611176309518
v 8.199895011914212 5.686425625 1.7902220306176275e-7
v 7.992501313569301 5.68430375 -1.3896280726122257e-7
v 7.920490318532489 5.686425625 -2.122289169846729
v 7.720163471392112 5.68430375 -2.068611423730885
v 7.101317248370441 5.686425625 -4.09994726740912
v 6.921709590804122 5.68430375 -3.9962503724620477
v 5.79820099774782 5.686425625 -5.798201515712026
v 5.651551717837736 5.68430375 -5.651552213503723
v 4.099947744505093 5.686425625 -7.101317069348239
v 3.9962510226861228 5.68430375 -6.92170911011389
v 2.1222888028204645 5.686425625 -7.92049016759455
v 2.068611176309518 5.68430375 -7.720163761221659
v 1.7902220306176275e-7 5.686425625 -8.199895011914212
v -1.3896280726122257e-7 5.68430375 -7.992501313569301
v -2.122289169846729 5.686425625 -7.920490318532489
v -2.068611423730885 5.68430375 -7.720163471392112
v -4.09994726740912 5.686425625 -7.101317248370441
v -3.9962503724620477 5.68430375 -6.921709590804122
v -5.798201515712026 5.686425625 -5.79820099774782
v -5.651552213503723 5.68430375 -5.651551717837736
v -7.101317069348239 5.686425625 -4.099947744505093
v -6.92170911011389 5.68430375 -3.9962510226861228
v -7.92049016759455 5.686425625 -2.1222888028204645
v -7.720163761221659 5.68430375 -2.068611176309518
v -8.199895011914212 5.686425625 -1.7902220306176275e-7
v -7.992501313569301 5.68430375 1.3896280726122257e-7
v -7.920490318532489 5.686425625 2.122289169846729
v -7.720163471392112 5.68430375 2.068611423730885
v -7.101317248370441 6.623925625 4.09994726740912
v -6.921709590804122 6.62180375 3.9962503724620477
v -5.79820099774782 6.623925625 5.798201515712026
v -5.651551717837736 6.62180375 5.651552213503723
v -4.099947744505093 6.623925625 7.101317069348239
v -3.9962510226861228 6.62180375 6.92170911011389
v -2.1222888028204645 6.623925625 7.92049016759455
v -2.068611176309518 6.62180375 7.720163761221659
v -2.122123610514746 6.6864225 7.919872698135077
v 1.335106176725276e-7 6.6864225 8.199255752164719
v -2.0684459840038 6.684300625 7.719546291762187
v 4.514956282175575e-7 6.684300625 7.991862053819808
v 2.1221234153652695 6.6864225 7.919872921920193
v 2.0684456692494253 6.684300625 7.7195460747798155
v 4.099627891038843 6.6864225 7.100763573587416
v 3.9959309960917695 6.684300625 6.921155916021096
v 5.797749311405447 6.6864225 5.797749282769807
v 5.651100009197146 6.684300625 5.651100002859724
v 7.100763707098034 6.6864225 4.099627861125876
v 6.921155747863685 6.684300625 3.9959311393069084
v 7.919872698135077 5.7489225 2.122123610514746
v 7.719546291762187 5.746800625 2.0684459840038
v 8.199255752164719 5.7489225 -1.335106176725276e-7
v 7.991862053819808 5.746800625 -4.514956282175575e-7
v 7.919872921920193 5.7489225 -2.1221234153652695
v 7.7195460747798155 5.746800625 -2.0684456692494253
v 7.100763573587416 5.7489225 -4.099627891038843
v 6.921155916021096 5.746800625 -3.9959309960917695
v 5.797749282769807 5.7489225 -5.797749311405447
v 5.651100002859724 5.746800625 -5.651100009197146
v 4.099627861125876 5.7489225 -7.100763707098034
v 3.9959311393069084 5.746800625 -6.921155747863685
v 2.122123610514746 5.7489225 -7.919872698135077
v 2.0684459840038 5.746800625 -7.719546291762187
v -1.335106176725276e-7 5.7489225 -8.199255752164719
v -4.514956282175575e-7 5.746800625 -7.991862053819808
v -2.1221234153652695 5.7489225 -7.919872921920193
v -2.0684456692494253 5.746800625 -7.7195460747798155
v -4.099627891038843 5.7489225 -7.100763573587416
v -3.9959309960917695 5.746800625 -6.921155916021096
v -5.797749311405447 5.7489225 -5.797749282769807
v -5.651100009197146 5.746800625 -5.651100002859724
v -7.100763707098034 5.7489225 -4.099627861125876
v -6.921155747863685 5.746800625 -3.9959311393069084
v -7.919872698135077 5.7489225 -2.122123610514746
v -7.719546291762187 5.746800625 -2.0684459840038
v -8.199255752164719 5.7489225 1.335106176725276e-7
v -7.991862053819808 5.746800625 4.514956282175575e-7
v -7.919872921920193 5.7489225 2.1221234153652695
v -7.7195460747798155 5.746800625 2.0684456692494253
v -7.100763573587416 6.6864225 4.099627891038843
v -6.921155916021096 6.684300625 3.9959309960917695
v -5.797749282769807 6.6864225 5.797749311405447
v -5.651100002859724 6.684300625 5.651100009197146
v -4.099627861125876 6.6864225 7.100763707098034
v -3.9959311393069084 6.684300625 6.921155747863685
vt 0.6796875 0.8515625
vt 0.6796875 0.8515625
vt 0.6796875 0.8515625
vt 0.6796875 0.8515625
vt 0.6796875 0.8515625
vt 0.6796875 0.8515625
vt 0.6796875 0.8515625
vt 0.6796875 0.8515625
vt 0.6796875 0.8515625
vt 0.6796875 0.8515625
vt 0.6796875 0.8515625
vt 0.6796875 0.8515625
vt 0.6796875 0.8515625
vt 0.6796875 0.8515625
vt 0.6796875 0.8515625
vt 0.6796875 0.8515625
vt 0.6796875 0.8515625
vt 0.6796875 0.8515625
vt 0.6796875 0.8515625
vt 0.6796875 0.8515625
vt 0.6796875 0.8515625
vt 0.6796875 0.8515625
vt 0.6796875 0.8515625
vt 0.6796875 0.8515625
vt 0.6796875 0.8515625
vt 0.6796875 0.8515625
vt 0.6796875 0.8515625
vt 0.6796875 0.8515625
vt 0.6796875 0.8515625
vt 0.6796875 0.8515625
vt 0.6796875 0.8515625
vt 0.6796875 0.8515625
vt 0.6796875 0.8515625
vt 0.6796875 0.8515625
vt 0.6796875 0.8515625
vt 0.6796875 0.8515625
vt 0.6796875 0.8515625
vt 0.6796875 0.8515625
vt 0.6796875 0.8515625
vt 0.6796875 0.8515625
vt 0.6796875 0.8515625
vt 0.6796875 0.8515625
vt 0.6796875 0.8515625
vt 0.6796875 0.8515625
vt 0.6796875 0.8515625
vt 0.6796875 0.8515625
vt 0.6796875 0.8515625
vt 0.6796875 0.8515625
vt 0.6796875 0.8515625
vt 0.6796875 0.8515625
vt 0.6796875 0.8515625
vt 0.6796875 0.8515625
vt 0.6796875 0.8515625
vt 0.6796875 0.8515625
vt 0.6796875 0.8515625
vt 0.6796875 0.8515625
vt 0.6796875 0.8515625
vt 0.6796875 0.8515625
vt 0.6796875 0.8515625
vt 0.6796875 0.8515625
vt 0.6796875 0.8515625
vt 0.6796875 0.8515625
vt 0.6796875 0.8515625
vt 0.6796875 0.8515625
vt 0.6796875 0.8515625
vt 0.6796875 0.8515625
vt 0.6796875 0.8515625
vt 0.6796875 0.8515625
vt 0.6796875 0.8515625
vt 0.6796875 0.8515625
vt 0.6796875 0.8515625
vt 0.6796875 0.8515625
vt 0.6796875 0.8515625
vt 0.6796875 0.8515625
vt 0.6796875 0.8515625
vt 0.6796875 0.8515625
vt 0.6796875 0.8515625
vt 0.6796875 0.8515625
vt 0.6796875 0.8515625
vt 0.6796875 0.8515625
vt 0.6796875 0.8515625
vt 0.6796875 0.8515625
vt 0.6796875 0.8515625
vt 0.6796875 0.8515625
vt 0.6796875 0.8515625
vt 0.6796875 0.8515625
vt 0.6796875 0.8515625
vt 0.6796875 0.8515625
vt 0.6796875 0.8515625
vt 0.6796875 0.8515625
vt 0.6796875 0.8515625
vt 0.6796875 0.8515625
vt 0.6796875 0.8515625
vt 0.6796875 0.8515625
vt 0.6796875 0.8515625
vt 0.6796875 0.8515625
vt 0.6796875 0.8515625
vt 0.6796875 0.8515625
vt 0.6796875 0.8515625
vt 0.6796875 0.8515625
vt 0.6796875 0.8515625
vt 0.6796875 0.8515625
vt 0.6796875 0.8515625
vt 0.6796875 0.8515625
vt 0.6796875 0.8515625
vt 0.6796875 0.8515625
vt 0.6796875 0.8515625
vt 0.6796875 0.8515625
vt 0.6796875 0.8515625
vt 0.6796875 0.8515625
vt 0.6796875 0.8515625
vt 0.6796875 0.8515625
vt 0.6796875 0.8515625
vt 0.6796875 0.8515625
vt 0.6796875 0.8515625
vt 0.6796875 0.8515625
vt 0.6796875 0.8515625
vt 0.6796875 0.8515625
vt 0.6796875 0.8515625
vt 0.6796875 0.8515625
vt 0.6796875 0.8515625
vt 0.6796875 0.8515625
vt 0.6796875 0.8515625
vt 0.6796875 0.8515625
vt 0.6796875 0.8515625
vt 0.6796875 0.8515625
vt 0.6796875 0.8515625
vt 0.6796875 0.8515625
vt 0.6796875 0.8515625
vt 0.6796875 0.8515625
vt 0.6796875 0.8515625
vt 0.6796875 0.8515625
vt 0.6796875 0.8515625
vt 0.6796875 0.8515625
vt 0.6796875 0.8515625
vt 0.6796875 0.8515625
vt 0.6796875 0.8515625
vt 0.6796875 0.8515625
vt 0.6796875 0.8515625
vt 0.6796875 0.8515625
vt 0.6796875 0.8515625
vt 0.6796875 0.8515625
vt 0.6796875 0.8515625
vt 0.6796875 0.8515625
vt 0.6796875 0.8515625
vt 0.6796875 0.8515625
vt 0.6796875 0.8515625
vt 0.6796875 0.8515625
vt 0.6796875 0.8515625
vt 0.6796875 0.8515625
vt 0.6796875 0.8515625
vt 0.6796875 0.8515625
vt 0.6796875 0.8515625
vt 0.6796875 0.8515625
vt 0.6796875 0.8515625
vt 0.6796875 0.8515625
vt 0.6796875 0.8515625
vt 0.6796875 0.8515625
vt 0.6796875 0.8515625
vt 0.6796875 0.8515625
vt 0.6796875 0.8515625
vt 0.6796875 0.8515625
vt 0.6796875 0.8515625
vt 0.6796875 0.8515625
vt 0.6796875 0.8515625
vt 0.6796875 0.8515625
vt 0.6796875 0.8515625
vt 0.6796875 0.8515625
vt 0.6796875 0.8515625
vt 0.6796875 0.8515625
vt 0.6796875 0.8515625
vt 0.6796875 0.8515625
vt 0.6796875 0.8515625
vt 0.6796875 0.8515625
vt 0.6796875 0.8515625
vt 0.6796875 0.8515625
vt 0.6796875 0.8515625
vt 0.6796875 0.8515625
vt 0.6796875 0.8515625
vt 0.6796875 0.8515625
vt 0.6796875 0.8515625
vt 0.6796875 0.8515625
vt 0.6796875 0.8515625
vt 0.6796875 0.8515625
vt 0.6796875 0.8515625
vt 0.6796875 0.8515625
vt 0.6796875 0.8515625
vt 0.6796875 0.8515625
vt 0.6796875 0.8515625
vt 0.6796875 0.8515625
vt 0.6796875 0.8515625
vt 0.6796875 0.8515625
vt 0.6796875 0.8515625
vt 0.6796875 0.8515625
vt 0.6796875 0.8515625
vt 0.6796875 0.8515625
vt 0.6796875 0.8515625
vt 0.6796875 0.8515625
vt 0.6796875 0.8515625
vt 0.6796875 0.8515625
vt 0.6796875 0.8515625
vt 0.6796875 0.8515625
vt 0.6796875 0.8515625
vt 0.6796875 0.8515625
vt 0.6796875 0.8515625
vt 0.6796875 0.8515625
vt 0.6796875 0.8515625
vt 0.6796875 0.8515625
vt 0.6796875 0.8515625
vt 0.6796875 0.8515625
vt 0.6796875 0.8515625
vt 0.6796875 0.8515625
vt 0.6796875 0.8515625
vt 0.6796875 0.8515625
vt 0.6796875 0.8515625
vt 0.6796875 0.8515625
vt 0.6796875 0.8515625
vt 0.6796875 0.8515625
vt 0.6796875 0.8515625
vt 0.6796875 0.8515625
vt 0.6796875 0.8515625
vt 0.6796875 0.8515625
vt 0.6796875 0.8515625
vt 0.6796875 0.8515625
vt 0.6796875 0.8515625
vt 0.6796875 0.8515625
vt 0.6796875 0.8515625
vt 0.6796875 0.8515625
vt 0.6796875 0.8515625
vt 0.6796875 0.8515625
vt 0.6796875 0.8515625
vt 0.6796875 0.8515625
vt 0.6796875 0.8515625
vt 0.6796875 0.8515625
vt 0.6796875 0.8515625
vt 0.6796875 0.8515625
vt 0.6796875 0.8515625
vt 0.6796875 0.8515625
vt 0.6796875 0.8515625
vt 0.6796875 0.8515625
vt 0.6796875 0.8515625
vt 0.6796875 0.8515625
vt 0.6796875 0.8515625
vt 0.6796875 0.8515625
vt 0.6796875 0.8515625
vt 0.6796875 0.8515625
vt 0.6796875 0.8515625
vt 0.6796875 0.8515625
vt 0.6796875 0.8515625
vt 0.6796875 0.8515625
vt 0.6796875 0.8515625
vt 0.6796875 0.8515625
vt 0.6796875 0.8515625
vt 0.6796875 0.8515625
vt 0.6796875 0.8515625
vt 0.6796875 0.8515625
vt 0.6796875 0.8515625
vt 0.6796875 0.8515625
vt 0.6796875 0.8515625
vt 0.6796875 0.8515625
vt 0.6796875 0.8515625
vt 0.6796875 0.8515625
vt 0.6796875 0.8515625
vt 0.6796875 0.8515625
vt 0.6796875 0.8515625
vt 0.6796875 0.8515625
vt 0.6796875 0.8515625
vt 0.6796875 0.8515625
vt 0.6796875 0.8515625
vt 0.6796875 0.8515625
vt 0.6796875 0.8515625
vt 0.6796875 0.8515625
vt 0.6796875 0.8515625
vt 0.6796875 0.8515625
vt 0.6796875 0.8515625
vt 0.6796875 0.8515625
vt 0.6796875 0.8515625
vt 0.6796875 0.8515625
vt 0.6796875 0.8515625
vt 0.6796875 0.8515625
vt 0.6796875 0.8515625
vt 0.6796875 0.8515625
vt 0.6796875 0.8515625
vt 0.6796875 0.8515625
vt 0.6796875 0.8515625
vt 0.6796875 0.8515625
vt 0.6796875 0.8515625
vt 0.6796875 0.8515625
vt 0.6796875 0.8515625
vt 0.6796875 0.8515625
vt 0.6796875 0.8515625
vt 0.6796875 0.8515625
vt 0.6796875 0.8515625
vt 0.6796875 0.8515625
vt 0.6796875 0.8515625
vt 0.6796875 0.8515625
vt 0.6796875 0.8515625
vt 0.6796875 0.8515625
vt 0.6796875 0.8515625
vt 0.6796875 0.8515625
vt 0.6796875 0.8515625
vt 0.6796875 0.8515625
vt 0.6796875 0.8515625
vt 0.6796875 0.8515625
vt 0.6796875 0.8515625
vt 0.6796875 0.8515625
vt 0.6796875 0.8515625
vt 0.6796875 0.8515625
vt 0.6796875 0.8515625
vt 0.6796875 0.8515625
vt 0.6796875 0.8515625
vt 0.6796875 0.8515625
vt 0.6796875 0.8515625
vt 0.6796875 0.8515625
vt 0.6796875 0.8515625
vt 0.6796875 0.8515625
vt 0.6796875 0.8515625
vt 0.6796875 0.8515625
vt 0.6796875 0.8515625
vt 0.6796875 0.8515625
vt 0.6796875 0.8515625
vt 0.6796875 0.8515625
vt 0.6796875 0.8515625
vt 0.6796875 0.8515625
vt 0.6796875 0.8515625
vt 0.6796875 0.8515625
vt 0.6796875 0.8515625
vt 0.6796875 0.8515625
vt 0.6796875 0.8515625
vt 0.6796875 0.8515625
vt 0.6796875 0.8515625
vt 0.6796875 0.8515625
vt 0.6796875 0.8515625
vt 0.6796875 0.8515625
vt 0.6796875 0.8515625
vt 0.6796875 0.8515625
vt 0.6796875 0.8515625
vt 0.6796875 0.8515625
vt 0.6796875 0.8515625
vt 0.6796875 0.8515625
vt 0.6796875 0.8515625
vt 0.6796875 0.8515625
vt 0.6796875 0.8515625
vt 0.6796875 0.8515625
vt 0.6796875 0.8515625
vt 0.6796875 0.8515625
vt 0.6796875 0.8515625
vt 0.6796875 0.8515625
vt 0.6796875 0.8515625
vt 0.6796875 0.8515625
vt 0.6796875 0.8515625
vt 0.6796875 0.8515625
vt 0.6796875 0.8515625
vt 0.6796875 0.8515625
vt 0.6796875 0.8515625
vt 0.6796875 0.8515625
vt 0.6796875 0.8515625
vt 0.6796875 0.8515625
vt 0.6796875 0.8515625
vt 0.6796875 0.8515625
vt 0.6796875 0.8515625
vt 0.6796875 0.8515625
vt 0.6796875 0.8515625
vt 0.6796875 0.8515625
vt 0.6796875 0.8515625
vt 0.6796875 0.8515625
vt 0.6796875 0.8515625
vt 0.6796875 0.8515625
vt 0.6796875 0.8515625
vt 0.6796875 0.8515625
vt 0.6796875 0.8515625
vt 0.6796875 0.8515625
vt 0.6796875 0.8515625
vt 0.6796875 0.8515625
vt 0.6796875 0.8515625
vt 0.6796875 0.8515625
vt 0.6796875 0.8515625
vt 0.6796875 0.8515625
vt 0.6796875 0.8515625
vt 0.6796875 0.8515625
vt 0.6796875 0.8515625
vt 0.6796875 0.8515625
vt 0.6796875 0.8515625
vt 0.6796875 0.8515625
vt 0.6796875 0.8515625
vt 0.6796875 0.8515625
vt 0.6796875 0.8515625
vt 0.6796875 0.8515625
vt 0.6796875 0.8515625
vt 0.6796875 0.8515625
vt 0.6796875 0.8515625
vt 0.6796875 0.8515625
vt 0.6796875 0.8515625
vt 0.6796875 0.8515625
vt 0.6796875 0.8515625
vt 0.6796875 0.8515625
vt 0.6796875 0.8515625
vt 0.6796875 0.8515625
vt 0.6796875 0.8515625
vt 0.6796875 0.8515625
vt 0.6796875 0.8515625
vt 0.6796875 0.8515625
vt 0.6796875 0.8515625
vt 0.6796875 0.8515625
vt 0.6796875 0.8515625
vt 0.6796875 0.8515625
vt 0.6796875 0.8515625
vt 0.6796875 0.8515625
vt 0.6796875 0.8515625
vt 0.6796875 0.8515625
vt 0.6796875 0.8515625
vt 0.6796875 0.8515625
vt 0.6796875 0.8515625
vt 0.6796875 0.8515625
vt 0.6796875 0.8515625
vt 0.6796875 0.8515625
vt 0.6796875 0.8515625
vt 0.6796875 0.8515625
vt 0.6796875 0.8515625
vt 0.6796875 0.8515625
vt 0.6796875 0.8515625
vt 0.6796875 0.8515625
vt 0.6796875 0.8515625
vt 0.6796875 0.8515625
vt 0.6796875 0.8515625
vt 0.6796875 0.8515625
vt 0.6796875 0.8515625
vt 0.6796875 0.8515625
vt 0.6796875 0.8515625
vt 0.6796875 0.8515625
vt 0.6796875 0.8515625
vt 0.6796875 0.8515625
vt 0.6796875 0.8515625
vt 0.6796875 0.8515625
vt 0.6796875 0.8515625
vt 0.6796875 0.8515625
vt 0.6796875 0.8515625
vt 0.6796875 0.8515625
vt 0.6796875 0.8515625
vt 0.6796875 0.8515625
vt 0.6796875 0.8515625
vt 0.6796875 0.8515625
vt 0.6796875 0.8515625
vt 0.6796875 0.8515625
vt 0.6796875 0.8515625
vt 0.6796875 0.8515625
vt 0.6796875 0.8515625
vt 0.6796875 0.8515625
vt 0.6796875 0.8515625
vt 0.6796875 0.8515625
vt 0.6796875 0.8515625
vt 0.6796875 0.8515625
vt 0.6796875 0.8515625
vt 0.6796875 0.8515625
vt 0.6796875 0.8515625
vt 0.6796875 0.8515625
vt 0.6796875 0.8515625
vt 0.6796875 0.8515625
vt 0.6796875 0.8515625
vt 0.6796875 0.8515625
vt 0.6796875 0.8515625
vt 0.6796875 0.8515625
vt 0.6796875 0.8515625
vt 0.6796875 0.8515625
vt 0.6796875 0.8515625
vt 0.6796875 0.8515625
vt 0.6796875 0.8515625
vt 0.6796875 0.8515625
vt 0.6796875 0.8515625
vt 0.6796875 0.8515625
vt 0.6796875 0.8515625
vt 0.6796875 0.8515625
vt 0.6796875 0.8515625
vt 0.6796875 0.8515625
vt 0.6796875 0.8515625
vt 0.6796875 0.8515625
vt 0.6796875 0.8515625
vt 0.6796875 0.8515625
vt 0.6796875 0.8515625
vt 0.6796875 0.8515625
vt 0.6796875 0.8515625
vt 0.6796875 0.8515625
vt 0.6796875 0.8515625
vt 0.6796875 0.8515625
vt 0.6796875 0.8515625
vt 0.6796875 0.8515625
vt 0.6796875 0.8515625
vt 0.6796875 0.8515625
vt 0.6796875 0.8515625
vt 0.6796875 0.8515625
vt 0.6796875 0.8515625
vt 0.6796875 0.8515625
vt 0.6796875 0.8515625
vt 0.6796875 0.8515625
vt 0.6796875 0.8515625
vt 0.6796875 0.8515625
vt 0.6796875 0.8515625
vt 0.6796875 0.8515625
vt 0.6796875 0.8515625
vt 0.6796875 0.8515625
vt 0.6796875 0.8515625
vt 0.6796875 0.8515625
vt 0.6796875 0.8515625
vt 0.6796875 0.8515625
vt 0.6796875 0.8515625
vt 0.6796875 0.8515625
vt 0.6796875 0.8515625
vt 0.6796875 0.8515625
vt 0.6796875 0.8515625
vt 0.6796875 0.8515625
vt 0.6796875 0.8515625
vt 0.6796875 0.8515625
vt 0.6796875 0.8515625
vt 0.6796875 0.8515625
vt 0.6796875 0.8515625
vt 0.6796875 0.8515625
vt 0.6796875 0.8515625
vt 0.6796875 0.8515625
vt 0.6796875 0.8515625
vt 0.6796875 0.8515625
vt 0.6796875 0.8515625
vt 0.6796875 0.8515625
vt 0.6796875 0.8515625
vt 0.6796875 0.8515625
vt 0.6796875 0.8515625
vt 0.6796875 0.8515625
vt 0.6796875 0.8515625
vt 0.6796875 0.8515625
vt 0.6796875 0.8515625
vt 0.6796875 0.8515625
vt 0.6796875 0.8515625
vt 0.6796875 0.8515625
vt 0.6796875 0.8515625
vt 0.6796875 0.8515625
vt 0.6796875 0.8515625
vt 0.6796875 0.8515625
vt 0.6796875 0.8515625
vt 0.6796875 0.8515625
vt 0.6796875 0.8515625
vt 0.6796875 0.8515625
vt 0.6796875 0.8515625
vt 0.6796875 0.8515625
vt 0.6796875 0.8515625
vt 0.6796875 0.8515625
vt 0.671875 0.859375
vt 0.6796875 0.8515625
vt 0.6796875 0.8515625
vt 0.6796875 0.8515625
vt 0.6796875 0.859375
vt 0.6796875 0.8515625
vt 0.6796875 0.8515625
vt 0.671875 0.859375
vt 0.6796875 0.8515625
vt 0.6796875 0.8515625
vt 0.6796875 0.8515625
vt 0.6796875 0.859375
vt 0.6796875 0.8515625
vt 0.6796875 0.8515625
vt 0.6796875 0.8515625
vt 0.6796875 0.8515625
vt 0.6796875 0.8515625
vt 0.6796875 0.8515625
vt 0.6796875 0.8515625
vt 0.6796875 0.8515625
vt 0.6796875 0.8515625
vt 0.6796875 0.8515625
vt 0.6796875 0.8515625
vt 0.6796875 0.8515625
vt 0.6796875 0.8515625
vt 0.6796875 0.8515625
vt 0.6796875 0.8515625
vt 0.6796875 0.8515625
vt 0.6796875 0.8515625
vt 0.6796875 0.8515625
vt 0.6796875 0.8515625
vt 0.6796875 0.8515625
vt 0.6796875 0.8515625
vt 0.6796875 0.8515625
vt 0.6796875 0.8515625
vt 0.6796875 0.8515625
vt 0.6796875 0.8515625
vt 0.6796875 0.8515625
vt 0.6796875 0.8515625
vt 0.6796875 0.8515625
vt 0.6796875 0.8515625
vt 0.6796875 0.8515625
vt 0.6796875 0.8515625
vt 0.6796875 0.8515625
vt 0.6796875 0.8515625
vt 0.6796875 0.8515625
vt 0.6796875 0.8515625
vt 0.6796875 0.8515625
vt 0.6796875 0.8515625
vt 0.6796875 0.8515625
vt 0.6796875 0.8515625
vt 0.6796875 0.8515625
vt 0.6796875 0.8515625
vt 0.6796875 0.8515625
vt 0.6796875 0.8515625
vt 0.6796875 0.8515625
vt 0.6796875 0.8515625
vt 0.6796875 0.8515625
vt 0.6796875 0.8515625
vt 0.6796875 0.8515625
vt 0.6796875 0.8515625
vt 0.6796875 0.8515625
vt 0.6796875 0.8515625
vt 0.6796875 0.8515625
vt 0.6796875 0.8515625
vt 0.6796875 0.8515625
vt 0.6796875 0.8515625
vt 0.6796875 0.8515625
vt 0.6796875 0.8515625
vt 0.6796875 0.8515625
vt 0.6796875 0.8515625
vt 0.6796875 0.8515625
vt 0.6796875 0.8515625
vt 0.6796875 0.8515625
vt 0.6796875 0.8515625
vt 0.6796875 0.8515625
vt 0.6796875 0.8515625
vt 0.6796875 0.8515625
vt 0.6796875 0.8515625
vt 0.6796875 0.8515625
vt 0.6796875 0.8515625
vt 0.6796875 0.8515625
vt 0.6796875 0.8515625
vt 0.6796875 0.8515625
vt 0.6796875 0.8515625
vt 0.6796875 0.8515625
vt 0.6796875 0.8515625
vt 0.6796875 0.8515625
vt 0.6796875 0.8515625
vt 0.6796875 0.8515625
vt 0.6796875 0.8515625
vt 0.6796875 0.8515625
vt 0.6796875 0.8515625
vt 0.6796875 0.8515625
vt 0.6796875 0.8515625
vt 0.6796875 0.8515625
vt 0.6796875 0.8515625
vt 0.6796875 0.8515625
vt 0.6796875 0.8515625
vt 0.6796875 0.8515625
vt 0.6796875 0.8515625
vt 0.6796875 0.8515625
vt 0.6796875 0.8515625
vt 0.6796875 0.8515625
vt 0.6796875 0.8515625
vt 0.6796875 0.8515625
vt 0.6796875 0.8515625
vt 0.6796875 0.8515625
vt 0.6796875 0.8515625
vt 0.6796875 0.8515625
vt 0.6796875 0.8515625
vt 0.6796875 0.8515625
vt 0.6796875 0.8515625
vt 0.6796875 0.8515625
vt 0.6796875 0.8515625
vt 0.6796875 0.8515625
vt 0.6796875 0.8515625
vt 0.6796875 0.8515625
vt 0.6796875 0.8515625
vt 0.6796875 0.8515625
vt 0.6796875 0.8515625
vt 0.6796875 0.8515625
vt 0.6796875 0.8515625
vt 0.6796875 0.8515625
vt 0.6796875 0.8515625
vt 0.6796875 0.8515625
vt 0.6796875 0.8515625
vt 0.6796875 0.8515625
vt 0.6796875 0.8515625
vt 0.6796875 0.8515625
vt 0.6796875 0.8515625
vt 0.6796875 0.8515625
vt 0.6796875 0.8515625
vt 0.6796875 0.8515625
vt 0.6796875 0.8515625
vt 0.6796875 0.8515625
vt 0.6796875 0.8515625
vt 0.6796875 0.8515625
vt 0.6796875 0.8515625
vt 0.6796875 0.8515625
vt 0.6796875 0.8515625
vt 0.6796875 0.8515625
vt 0.6796875 0.8515625
vt 0.6796875 0.8515625
vt 0.6796875 0.8515625
vt 0.6796875 0.8515625
vt 0.6796875 0.8515625
vt 0.6796875 0.8515625
vt 0.6796875 0.8515625
vt 0.6796875 0.8515625
vt 0.6796875 0.8515625
vt 0.6796875 0.8515625
vt 0.6796875 0.8515625
vt 0.6796875 0.8515625
vt 0.6796875 0.8515625
vt 0.6796875 0.8515625
vt 0.6796875 0.8515625
vt 0.6796875 0.8515625
vt 0.6796875 0.8515625
vt 0.6796875 0.8515625
vt 0.6796875 0.8515625
vt 0.6796875 0.8515625
vt 0.6796875 0.8515625
vt 0.6796875 0.8515625
vt 0.6796875 0.8515625
vt 0.6796875 0.8515625
vt 0.6796875 0.8515625
vt 0.6796875 0.8515625
vt 0.6796875 0.8515625
vt 0.6796875 0.8515625
vt 0.6796875 0.8515625
vt 0.6796875 0.8515625
vt 0.6796875 0.8515625
vt 0.6796875 0.8515625
vt 0.6796875 0.8515625
vt 0.6796875 0.8515625
vt 0.6796875 0.8515625
vt 0.6796875 0.8515625
vt 0.6796875 0.8515625
vt 0.6796875 0.8515625
vt 0.6796875 0.8515625
vt 0.6796875 0.8515625
vt 0.6796875 0.8515625
vt 0.6796875 0.8515625
vt 0.6796875 0.8515625
vt 0.6796875 0.8515625
vt 0.6796875 0.8515625
vt 0.6796875 0.8515625
vt 0.6796875 0.8515625
vt 0.6796875 0.8515625
vt 0.6796875 0.8515625
vt 0.6796875 0.8515625
vt 0.6796875 0.8515625
vt 0.6796875 0.8515625
vt 0.6796875 0.8515625
vt 0.6796875 0.8515625
vt 0.6796875 0.8515625
vt 0.6796875 0.8515625
vt 0.6796875 0.8515625
vt 0.6796875 0.8515625
vt 0.6796875 0.8515625
vt 0.6796875 0.8515625
vt 0.6796875 0.8515625
vt 0.6796875 0.8515625
vt 0.6796875 0.8515625
vt 0.6796875 0.8515625
vt 0.6796875 0.8515625
vt 0.6796875 0.8515625
vt 0.6796875 0.8515625
vt 0.6796875 0.8515625
vt 0.6796875 0.8515625
vt 0.6796875 0.8515625
vt 0.6796875 0.8515625
vt 0.6796875 0.8515625
vt 0.6796875 0.8515625
vt 0.6796875 0.8515625
vt 0.6796875 0.8515625
vt 0.6796875 0.8515625
vt 0.6796875 0.8515625
vt 0.6796875 0.8515625
vt 0.6796875 0.8515625
vt 0.6796875 0.8515625
vt 0.6796875 0.8515625
vt 0.6796875 0.8515625
vt 0.140625 0.140625
vt 0.140625 0.140625
vt 0.140625 0.140625
vt 0.140625 0.140625
vt 0.125 0.15625
vt 0.125 0.15625
vt 0.125 0.15625
vt 0.125 0.15625
vt 0.140625 0.140625
vt 0.140625 0.140625
vt 0.140625 0.140625
vt 0.140625 0.140625
vt 0.125 0.15625
vt 0.125 0.15625
vt 0.125 0.15625
vt 0.125 0.15625
vt 0.140625 0.140625
vt 0.140625 0.140625
vt 0.140625 0.140625
vt 0.140625 0.140625
vt 0.125 0.15625
vt 0.125 0.15625
vt 0.125 0.15625
vt 0.125 0.15625
vt 0.140625 0.140625
vt 0.140625 0.140625
vt 0.140625 0.140625
vt 0.140625 0.140625
vt 0.125 0.15625
vt 0.125 0.15625
vt 0.125 0.15625
vt 0.125 0.15625
vt 0.140625 0.140625
vt 0.140625 0.140625
vt 0.140625 0.140625
vt 0.140625 0.140625
vt 0.125 0.15625
vt 0.125 0.15625
vt 0.125 0.15625
vt 0.125 0.15625
vt 0.140625 0.140625
vt 0.140625 0.140625
vt 0.140625 0.140625
vt 0.140625 0.140625
vt 0.125 0.15625
vt 0.125 0.15625
vt 0.125 0.15625
vt 0.125 0.15625
vt 0.140625 0.140625
vt 0.140625 0.140625
vt 0.140625 0.140625
vt 0.140625 0.140625
vt 0.125 0.15625
vt 0.125 0.15625
vt 0.125 0.15625
vt 0.125 0.15625
vt 0.140625 0.140625
vt 0.140625 0.140625
vt 0.140625 0.140625
vt 0.140625 0.140625
vt 0.125 0.15625
vt 0.125 0.15625
vt 0.125 0.15625
vt 0.125 0.15625
vt 0.140625 0.140625
vt 0.140625 0.140625
vt 0.140625 0.140625
vt 0.140625 0.140625
vt 0.125 0.15625
vt 0.125 0.15625
vt 0.125 0.15625
vt 0.125 0.15625
vt 0.140625 0.140625
vt 0.140625 0.140625
vt 0.140625 0.140625
vt 0.140625 0.140625
vt 0.125 0.15625
vt 0.125 0.15625
vt 0.125 0.15625
vt 0.125 0.15625
vt 0.140625 0.140625
vt 0.140625 0.140625
vt 0.140625 0.140625
vt 0.140625 0.140625
vt 0.125 0.15625
vt 0.125 0.15625
vt 0.125 0.15625
vt 0.125 0.15625
vt 0.140625 0.140625
vt 0.140625 0.140625
vt 0.140625 0.140625
vt 0.140625 0.140625
vt 0.125 0.15625
vt 0.125 0.15625
vt 0.125 0.15625
vt 0.125 0.15625
vt 0.140625 0.140625
vt 0.140625 0.140625
vt 0.140625 0.140625
vt 0.140625 0.140625
vt 0.125 0.15625
vt 0.125 0.15625
vt 0.125 0.15625
vt 0.125 0.15625
vt 0.140625 0.140625
vt 0.140625 0.140625
vt 0.140625 0.140625
vt 0.140625 0.140625
vt 0.125 0.15625
vt 0.125 0.15625
vt 0.125 0.15625
vt 0.125 0.15625
vt 0.140625 0.140625
vt 0.140625 0.140625
vt 0.140625 0.140625
vt 0.140625 0.140625
vt 0.125 0.15625
vt 0.125 0.15625
vt 0.125 0.15625
vt 0.125 0.15625
vt 0.140625 0.140625
vt 0.140625 0.140625
vt 0.140625 0.140625
vt 0.140625 0.140625
vt 0.125 0.15625
vt 0.125 0.15625
vt 0.125 0.15625
vt 0.125 0.15625
vt 0.140625 0.140625
vt 0.140625 0.140625
vt 0.140625 0.140625
vt 0.140625 0.140625
vt 0.125 0.15625
vt 0.125 0.15625
vt 0.125 0.15625
vt 0.125 0.15625
vt 0.140625 0.140625
vt 0.140625 0.140625
vt 0.140625 0.140625
vt 0.140625 0.140625
vt 0.125 0.15625
vt 0.125 0.15625
vt 0.125 0.15625
vt 0.125 0.15625
vt 0.140625 0.140625
vt 0.140625 0.140625
vt 0.140625 0.140625
vt 0.140625 0.140625
vt 0.125 0.15625
vt 0.125 0.15625
vt 0.125 0.15625
vt 0.125 0.15625
vt 0.140625 0.140625
vt 0.140625 0.140625
vt 0.140625 0.140625
vt 0.140625 0.140625
vt 0.125 0.15625
vt 0.125 0.15625
vt 0.125 0.15625
vt 0.125 0.15625
vt 0.140625 0.140625
vt 0.140625 0.140625
vt 0.140625 0.140625
vt 0.140625 0.140625
vt 0.125 0.15625
vt 0.125 0.15625
vt 0.125 0.15625
vt 0.125 0.15625
vt 0.140625 0.140625
vt 0.140625 0.140625
vt 0.140625 0.140625
vt 0.140625 0.140625
vt 0.125 0.15625
vt 0.125 0.15625
vt 0.125 0.15625
vt 0.125 0.15625
vt 0.140625 0.140625
vt 0.140625 0.140625
vt 0.140625 0.140625
vt 0.140625 0.140625
vt 0.125 0.15625
vt 0.125 0.15625
vt 0.125 0.15625
vt 0.125 0.15625
vt 0.140625 0.140625
vt 0.140625 0.140625
vt 0.140625 0.140625
vt 0.140625 0.140625
vt 0.125 0.15625
vt 0.125 0.15625
vt 0.125 0.15625
vt 0.125 0.15625
vt 0.6796875 0.8515625
vt 0.6796875 0.8515625
vt 0.6796875 0.8515625
vt 0.6796875 0.8515625
vt 0.6796875 0.8515625
vt 0.6796875 0.8515625
vt 0.6796875 0.8515625
vt 0.6796875 0.8515625
vt 0.6796875 0.8515625
vt 0.6796875 0.8515625
vt 0.6796875 0.8515625
vt 0.6796875 0.8515625
vt 0.6796875 0.8515625
vt 0.6796875 0.8515625
vt 0.6796875 0.8515625
vt 0.6796875 0.8515625
vt 0.6796875 0.8515625
vt 0.6796875 0.8515625
vt 0.6796875 0.8515625
vt 0.6796875 0.8515625
vt 0.6796875 0.8515625
vt 0.6796875 0.8515625
vt 0.6796875 0.8515625
vt 0.6796875 0.8515625
vt 0.6796875 0.8515625
vt 0.6796875 0.8515625
vt 0.6796875 0.8515625
vt 0.6796875 0.8515625
vt 0.6796875 0.8515625
vt 0.6796875 0.8515625
vt 0.6796875 0.8515625
vt 0.6796875 0.8515625
vt 0.6796875 0.8515625
vt 0.6796875 0.8515625
vt 0.6796875 0.8515625
vt 0.6796875 0.8515625
vt 0.6796875 0.8515625
vt 0.6796875 0.8515625
vt 0.6796875 0.8515625
vt 0.6796875 0.8515625
vt 0.6796875 0.8515625
vt 0.6796875 0.8515625
vt 0.6796875 0.8515625
vt 0.6796875 0.8515625
vt 0.6796875 0.8515625
vt 0.6796875 0.8515625
vt 0.6796875 0.8515625
vt 0.6796875 0.8515625
vt 0.6796875 0.8515625
vt 0.6796875 0.8515625
vt 0.6796875 0.8515625
vt 0.6796875 0.8515625
vt 0.6796875 0.8515625
vt 0.6796875 0.8515625
vt 0.6796875 0.8515625
vt 0.6796875 0.8515625
vt 0.6796875 0.8515625
vt 0.6796875 0.8515625
vt 0.6796875 0.8515625
vt 0.6796875 0.8515625
vt 0.6796875 0.8515625
vt 0.6796875 0.8515625
vt 0.6796875 0.8515625
vt 0.6796875 0.8515625
vt 0.6796875 0.8515625
vt 0.6796875 0.8515625
vt 0.6796875 0.8515625
vt 0.6796875 0.8515625
vt 0.6796875 0.8515625
vt 0.6796875 0.8515625
vt 0.6796875 0.8515625
vt 0.6796875 0.8515625
vt 0.6796875 0.8515625
vt 0.6796875 0.8515625
vt 0.6796875 0.8515625
vt 0.6796875 0.8515625
vt 0.6796875 0.8515625
vt 0.6796875 0.8515625
vt 0.6796875 0.8515625
vt 0.6796875 0.8515625
vt 0.6796875 0.8515625
vt 0.6796875 0.8515625
vt 0.6796875 0.8515625
vt 0.6796875 0.8515625
vt 0.6796875 0.8515625
vt 0.6796875 0.8515625
vt 0.6796875 0.8515625
vt 0.6796875 0.8515625
vt 0.6796875 0.8515625
vt 0.6796875 0.8515625
vt 0.6796875 0.8515625
vt 0.6796875 0.8515625
vt 0.6796875 0.8515625
vt 0.6796875 0.8515625
vt 0.6796875 0.8515625
vt 0.6796875 0.8515625
vt 0.6796875 0.8515625
vt 0.6796875 0.8515625
vt 0.6796875 0.8515625
vt 0.6796875 0.8515625
vt 0.6796875 0.8515625
vt 0.6796875 0.8515625
vt 0.6796875 0.8515625
vt 0.6796875 0.8515625
vt 0.6796875 0.8515625
vt 0.6796875 0.8515625
vt 0.6796875 0.8515625
vt 0.6796875 0.8515625
vt 0.6796875 0.8515625
vt 0.6796875 0.8515625
vt 0.6796875 0.8515625
vt 0.6796875 0.8515625
vt 0.6796875 0.8515625
vt 0.6796875 0.8515625
vt 0.6796875 0.8515625
vt 0.6796875 0.8515625
vt 0.6796875 0.8515625
vt 0.6796875 0.8515625
vt 0.6796875 0.8515625
vt 0.6796875 0.8515625
vt 0.6796875 0.8515625
vt 0.6796875 0.8515625
vt 0.6796875 0.8515625
vt 0.6796875 0.8515625
vt 0.6796875 0.8515625
vt 0.6796875 0.8515625
vt 0.6796875 0.8515625
vt 0.6796875 0.8515625
vt 0.6796875 0.8515625
vt 0.6796875 0.8515625
vt 0.6796875 0.8515625
vt 0.6796875 0.8515625
vt 0.6796875 0.8515625
vt 0.6796875 0.8515625
vt 0.6796875 0.8515625
vt 0.6796875 0.8515625
vt 0.6796875 0.8515625
vt 0.6796875 0.8515625
vt 0.6796875 0.8515625
vt 0.6796875 0.8515625
vt 0.6796875 0.8515625
vt 0.6796875 0.8515625
vt 0.6796875 0.8515625
vt 0.6796875 0.8515625
vt 0.6796875 0.8515625
vt 0.6796875 0.8515625
vt 0.6796875 0.8515625
vt 0.6796875 0.8515625
vt 0.6796875 0.8515625
vt 0.6796875 0.8515625
vt 0.6796875 0.8515625
vt 0.6796875 0.8515625
vt 0.6796875 0.8515625
vt 0.6796875 0.8515625
vt 0.6796875 0.8515625
vt 0.6796875 0.8515625
vt 0.6796875 0.8515625
vt 0.6796875 0.8515625
vt 0.6796875 0.8515625
vt 0.6796875 0.8515625
vt 0.6796875 0.8515625
vt 0.6796875 0.8515625
vt 0.6796875 0.8515625
vt 0.6796875 0.8515625
vt 0.6796875 0.8515625
vt 0.6796875 0.8515625
vt 0.6796875 0.8515625
vt 0.6796875 0.8515625
vt 0.6796875 0.8515625
vt 0.6796875 0.8515625
vt 0.6796875 0.8515625
vt 0.6796875 0.8515625
vt 0.6796875 0.8515625
vt 0.6796875 0.8515625
vt 0.6796875 0.8515625
vt 0.6796875 0.8515625
vt 0.6796875 0.8515625
vt 0.6796875 0.8515625
vt 0.6796875 0.8515625
vt 0.6796875 0.8515625
vt 0.6796875 0.8515625
vt 0.671875 0.8515625
vt 0.6796875 0.8515625
vt 0.6796875 0.8515625
vt 0.6796875 0.8515625
vt 0.6796875 0.8515625
vt 0.6796875 0.8515625
vt 0.6796875 0.8515625
vt 0.671875 0.8515625
vt 0.6796875 0.8515625
vt 0.6796875 0.8515625
vt 0.6796875 0.8515625
vt 0.6796875 0.8515625
vt 0.6796875 0.8515625
vt 0.6796875 0.8515625
vt 0.6796875 0.8515625
vt 0.671875 0.859375
vt 0.6796875 0.8515625
vt 0.6796875 0.8515625
vt 0.671875 0.8515625
vt 0.6796875 0.8515625
vt 0.6796875 0.8515625
vt 0.6796875 0.8515625
vt 0.6796875 0.8515625
vt 0.6796875 0.8515625
vt 0.6796875 0.8515625
vt 0.6796875 0.8515625
vt 0.6796875 0.8515625
vt 0.6796875 0.8515625
vt 0.6796875 0.8515625
vt 0.6796875 0.8515625
vt 0.6796875 0.8515625
vt 0.6796875 0.8515625
vt 0.6796875 0.8515625
vt 0.6796875 0.8515625
vt 0.6796875 0.8515625
vt 0.6796875 0.8515625
vt 0.6796875 0.8515625
vt 0.6796875 0.8515625
vt 0.6796875 0.8515625
vt 0.6796875 0.8515625
vt 0.6796875 0.8515625
vt 0.6796875 0.8515625
vt 0.6796875 0.8515625
vt 0.6796875 0.8515625
vt 0.6796875 0.8515625
vt 0.6796875 0.8515625
vt 0.6796875 0.8515625
vt 0.6796875 0.8515625
vt 0.6796875 0.8515625
vt 0.6796875 0.8515625
vt 0.6796875 0.8515625
vt 0.6796875 0.8515625
vt 0.6796875 0.8515625
vt 0.6796875 0.8515625
vt 0.6796875 0.8515625
vt 0.6796875 0.8515625
vt 0.6796875 0.8515625
vt 0.6796875 0.8515625
vt 0.6796875 0.8515625
vt 0.6796875 0.8515625
vt 0.6796875 0.8515625
vt 0.6796875 0.8515625
vt 0.6796875 0.8515625
vt 0.6796875 0.8515625
vt 0.6796875 0.8515625
vt 0.6796875 0.8515625
vt 0.6796875 0.8515625
vt 0.6796875 0.8515625
vt 0.6796875 0.8515625
vt 0.6796875 0.8515625
vt 0.6796875 0.8515625
vt 0.6796875 0.8515625
vt 0.6796875 0.8515625
vt 0.6796875 0.8515625
vt 0.6796875 0.8515625
vt 0.6796875 0.8515625
vt 0.6796875 0.8515625
vt 0.6796875 0.8515625
vt 0.6796875 0.8515625
vt 0.6796875 0.8515625
vt 0.6796875 0.8515625
vt 0.6796875 0.8515625
vt 0.6796875 0.8515625
vt 0.6796875 0.8515625
vt 0.6796875 0.8515625
vt 0.6796875 0.8515625
vt 0.6796875 0.8515625
vt 0.6796875 0.8515625
vt 0.6796875 0.8515625
vt 0.6796875 0.8515625
vt 0.6796875 0.8515625
vt 0.6796875 0.8515625
vt 0.6796875 0.8515625
vt 0.6796875 0.8515625
vt 0.6796875 0.8515625
vt 0.6796875 0.8515625
vt 0.6796875 0.8515625
vt 0.6796875 0.8515625
vt 0.6796875 0.8515625
vt 0.6796875 0.8515625
vt 0.6796875 0.8515625
vt 0.6796875 0.8515625
vt 0.6796875 0.8515625
vt 0.6796875 0.8515625
vt 0.6796875 0.8515625
vt 0.6796875 0.8515625
vt 0.6796875 0.8515625
vt 0.6796875 0.8515625
vt 0.6796875 0.8515625
vt 0.6796875 0.8515625
vt 0.6796875 0.8515625
vt 0.6796875 0.8515625
vt 0.6796875 0.8515625
vt 0.6796875 0.8515625
vt 0.6796875 0.8515625
vt 0.6796875 0.8515625
vt 0.6796875 0.8515625
vt 0.6796875 0.8515625
vt 0.6796875 0.8515625
vt 0.6796875 0.8515625
vt 0.6796875 0.8515625
vt 0.6796875 0.8515625
vt 0.6796875 0.8515625
vt 0.6796875 0.8515625
vt 0.6796875 0.8515625
vt 0.6796875 0.8515625
vt 0.6796875 0.8515625
vt 0.6796875 0.8515625
vt 0.6796875 0.8515625
vt 0.6796875 0.8515625
vt 0.6796875 0.8515625
vt 0.6796875 0.8515625
vt 0.6796875 0.8515625
vt 0.6796875 0.8515625
vt 0.6796875 0.8515625
vt 0.6796875 0.8515625
vt 0.6796875 0.8515625
vt 0.6796875 0.8515625
vt 0.6796875 0.8515625
vt 0.6796875 0.8515625
vt 0.6796875 0.8515625
vt 0.6796875 0.8515625
vt 0.6796875 0.8515625
vt 0.6796875 0.8515625
vt 0.6796875 0.8515625
vt 0.6796875 0.8515625
vt 0.6796875 0.8515625
vt 0.6796875 0.8515625
vt 0.6796875 0.8515625
vt 0.6796875 0.8515625
vt 0.6796875 0.8515625
vt 0.6796875 0.8515625
vt 0.6796875 0.8515625
vt 0.6796875 0.8515625
vt 0.6796875 0.8515625
vt 0.6796875 0.8515625
vt 0.6796875 0.8515625
vt 0.6796875 0.8515625
vt 0.6796875 0.8515625
vt 0.6796875 0.8515625
vt 0.6796875 0.8515625
vt 0.6796875 0.8515625
vt 0.6796875 0.8515625
vt 0.6796875 0.8515625
vt 0.6796875 0.8515625
vt 0.6796875 0.8515625
vt 0.6796875 0.8515625
vt 0.6796875 0.8515625
vt 0.6796875 0.8515625
vt 0.6796875 0.8515625
vt 0.6796875 0.8515625
vt 0.6796875 0.8515625
vt 0.6796875 0.8515625
vt 0.6796875 0.8515625
vt 0.6796875 0.8515625
vt 0.6796875 0.8515625
vt 0.6796875 0.8515625
vt 0.6796875 0.8515625
vt 0.6796875 0.8515625
vt 0.6796875 0.8515625
vt 0.6796875 0.8515625
vt 0.6796875 0.8515625
vt 0.6796875 0.8515625
vt 0.6796875 0.8515625
vt 0.6796875 0.8515625
vt 0.6796875 0.8515625
vt 0.6796875 0.8515625
vt 0.6796875 0.8515625
vt 0.6796875 0.8515625
vt 0.6796875 0.8515625
vt 0.6796875 0.8515625
vt 0.6796875 0.8515625
vt 0.6796875 0.859375
vt 0.6796875 0.8515625
vt 0.6796875 0.8515625
vt 0.6796875 0.8515625
vt 0.6796875 0.8515625
vt 0.6796875 0.8515625
vt 0.6796875 0.8515625
vt 0.6796875 0.859375
vt 0.671875 0.859375
vt 0.671875 0.8515625
vt 0.6796875 0.8515625
vn 0.3826834910622171 0 0.9238795081981384
vn 0.6087614812692829 0 0.7933533001902928
vn 0.7933533402912352 0 0.6087614290087207
vn 0.9238795073027797 0 0.38268349322380435
vn 0.9914448530810469 0 0.13052625520982866
vn 0.9914448613738104 0 -0.13052619222005157
vn 0.9238795081981384 0 -0.3826834910622171
vn 0.7933533001902928 0 -0.6087614812692829
vn 0.6087614290087207 0 -0.7933533402912352
vn 0.38268349322380424 0 -0.9238795073027797
vn 0.13052625520982866 0 -0.9914448530810469
vn -0.13052619222005157 0 -0.9914448613738104
vn -0.3826834910622171 0 -0.9238795081981384
vn -0.6087614812692829 0 -0.7933533001902928
vn -0.7933533402912352 0 -0.6087614290087207
vn -0.9238795073027797 0 -0.38268349322380424
vn -0.9914448530810469 0 -0.13052625520982866
vn -0.9914448613738104 0 0.13052619222005157
vn -0.9238795081981386 0 0.3826834910622171
vn -0.7933533001902928 0 0.6087614812692829
vn -0.6087614290087207 0 0.7933533402912352
vn -0.38268349322380424 0 0.9238795073027797
vn -0.13052625520982866 0 0.9914448530810469
vn 0.13052619222005157 0 0.9914448613738104
vn 0 -1 0
vn 0 -1 0
vn 0 -1 0
vn -0.2029515775141455 -0.9139160867411186 0.3515224652569454
vn 0 -1 0
vn 0 -1 0
vn 0 -1 0
vn 0 -1 0
vn 0 -1 0
vn 0 -1 0
vn 0 -1 0
vn 0 -1 0
vn 0 -1 0
vn 0 -1 0
vn 0 -1 0
vn 0 -1 0
vn 0 -1 0
vn 0 -1 0
vn 0.10505552816146212 -0.9139161163988552 0.39207227419080587
vn 0 -1 0
vn 0 -1 0
vn 0 -1 0
vn 0 -1 0
vn 0 -1 0
vn -0.13023008281843168 -0.06732026452761106 -0.9891956871686396
vn 0.1302297208585977 -0.06732017363055859 -0.9891957410075335
vn 0.38181534876895495 -0.06732113766710819 -0.9217835450189201
vn 0.6073803758455508 -0.06732094124658106 -0.7915535167677497
vn 0.7915534455705544 -0.06732119067659362 -0.6073804409851122
vn 0.9331088259282165 -0.06701812181270497 -0.35329377340049894
vn 0.9891956871686396 -0.06732026452761106 -0.13023008281843168
vn 0.9891957410075335 -0.06732017363055859 0.1302297208585977
vn 0.9217835450189201 -0.06732113766710819 0.38181534876895495
vn 0.7915535167677497 -0.06732094124658106 0.6073803758455508
vn 0.6073804409851122 -0.06732119067659362 0.7915534455705544
vn 0.38181492243546855 -0.0673211572973356 0.921783720178299
vn 0.13023008281843168 -0.06732026452761106 0.9891956871686396
vn -0.1302297208585977 -0.06732017363055859 0.9891957410075335
vn -0.38181534876895495 -0.06732113766710819 0.9217835450189201
vn -0.6073803758455508 -0.06732094124658106 0.7915535167677497
vn -0.7915534455705544 -0.06732119067659362 0.6073804409851122
vn -0.921783720178299 -0.0673211572973356 0.38181492243546855
vn -0.9891956871686396 -0.06732026452761106 0.13023008281843168
vn -0.9891957410075335 -0.06732017363055859 -0.1302297208585977
vn -0.9331629870461015 -0.06756246092769218 -0.353046956481134
vn -0.7915535167677497 -0.06732094124658106 -0.6073803758455508
vn -0.6073804409851122 -0.06732119067659362 -0.7915534455705544
vn -0.38181492243546855 -0.0673211572973356 -0.921783720178299
vn -0.30002914236493133 -0.6207435627562425 -0.7243341376936826
vn -0.1023342660859987 -0.6207440703205804 -0.7773059224954346
vn 0.10233435154301791 -0.6207442967443322 -0.7773057304263585
vn 0.3000290274233848 -0.6207437524645573 -0.7243340227268069
vn 0.4772774322428564 -0.6207432468822557 -0.6220000595833899
vn 0.6220000191707864 -0.6207432650878968 -0.4772774612314714
vn 0.8102002997896441 -0.5833184301948132 -0.057576759337685995
vn 0.7773059224954346 -0.6207440703205804 -0.1023342660859987
vn 0.7773057304263584 -0.6207442967443322 0.10233435154301787
vn 0.7243340227268069 -0.6207437524645573 0.3000290274233848
vn 0.62200005958339 -0.6207432468822558 0.4772774322428565
vn 0.4772774612314714 -0.6207432650878968 0.6220000191707864
vn 0.30002914236493133 -0.6207435627562425 0.7243341376936826
vn 0.1023342660859987 -0.6207440703205804 0.7773059224954346
vn -0.10233435154301791 -0.6207442967443322 0.7773057304263585
vn -0.3000290274233848 -0.6207437524645573 0.7243340227268069
vn -0.4772774322428564 -0.6207432468822557 0.6220000595833899
vn -0.6220000191707864 -0.6207432650878968 0.4772774612314714
vn -0.7243341376936826 -0.6207435627562425 0.30002914236493133
vn -0.7773059224954346 -0.6207440703205804 0.1023342660859987
vn -0.7773057304263584 -0.6207442967443322 -0.10233435154301787
vn -0.788011438551451 -0.614753776782726 -0.0334030933215372
vn -0.62200005958339 -0.6207432468822558 -0.4772774322428565
vn -0.4772774612314714 -0.6207432650878968 -0.6220000191707864
vn 0.1522741452151193 -0.9092059774827258 0.3875010647839387
vn -0.06789706433867412 -0.9976522872149306 0.008938818099038555
vn -0.06789715956470307 -0.9976522808487776 -0.00893880530479923
vn -0.06327061026489779 -0.9976522410632362 -0.026207551930882776
vn -0.05433130832056796 -0.9976522755505807 -0.04168987916657765
vn -0.04168993023591274 -0.9976522703754339 -0.05433136416166164
vn -0.02620754138598453 -0.9976522377118232 -0.0632706674778603
vn -0.008938818099038555 -0.9976522872149306 -0.06789706433867412
vn 0.00893880530479923 -0.9976522808487776 -0.06789715956470307
vn 0.026207551930882776 -0.9976522410632362 -0.06327061026489779
vn 0.04168987916657765 -0.9976522755505807 -0.05433130832056796
vn 0.05433136416166164 -0.9976522703754339 -0.04168993023591274
vn 0.0632706674778603 -0.9976522377118232 -0.02620754138598453
vn 0.06789706433867412 -0.9976522872149306 -0.008938818099038555
vn 0.06789715956470307 -0.9976522808487776 0.00893880530479923
vn -0.050664320143617964 -0.9030494615460278 0.42653815382192284
vn 0.054331308320562294 -0.9976522755505811 0.041689879166573296
vn 0.041689930235908404 -0.9976522703754344 0.05433136416165597
vn 0.026207541385981796 -0.9976522377118237 0.06327066747785369
vn 0.008938818099037623 -0.997652287214931 0.06789706433866705
vn -0.008938805304798302 -0.9976522808487782 0.067897159564696
vn -0.026207551930880042 -0.9976522410632367 0.0632706102648912
vn -0.041689879166573296 -0.9976522755505811 0.054331308320562294
vn -0.05433136416165597 -0.9976522703754344 0.041689930235908404
vn 0.008186528751126621 0.999946758799532 0.00628174444860515
vn 0.006281748192861619 0.999946758730717 0.008186534283483676
vn 0.003948864275085754 0.9999467589636851 0.009533399653787203
vn 0.0013468843510192822 0.9999467589217585 0.01023060234861986
vn -0.0013468880742194015 0.9999467586884465 0.010230624662519165
vn -0.003948869374923086 0.9999467587968608 0.009533415039348998
vn -0.00628174444860515 0.999946758799532 0.008186528751126621
vn -0.008186534283483676 0.999946758730717 0.006281748192861619
vn -0.009533399653787203 0.9999467589636851 0.003948864275085754
vn -0.01023060234861986 0.9999467589217585 0.0013468843510192822
vn -0.010230624662519165 0.9999467586884465 -0.0013468880742194015
vn 0.1934159288329086 0.9151306235178944 -0.3537318481186744
vn -0.008186528751126621 0.999946758799532 -0.00628174444860515
vn -0.006281748192861619 0.999946758730717 -0.008186534283483676
vn -0.003948864275085754 0.9999467589636851 -0.009533399653787203
vn -0.0013468843510192822 0.9999467589217585 -0.01023060234861986
vn 0.0013468880742194015 0.9999467586884465 -0.010230624662519165
vn 0.003948869374923086 0.9999467587968608 -0.009533415039348998
vn 0.00628174444860515 0.999946758799532 -0.008186528751126621
vn 0.008186534283483676 0.999946758730717 -0.006281748192861619
vn -0.0958160658375797 0.9142199634337914 -0.3937272405949652
vn 0.01023060234861986 0.9999467589217585 -0.0013468843510192822
vn 0.010230624662519165 0.9999467586884465 0.0013468880742194015
vn 0.009533415039348998 0.9999467587968608 0.003948869374923086
vn 0.00213108131530449 0.9999976898859778 -0.00028056217772166875
vn 0.004958680864270141 0.9999874925750731 -0.0006528227205199906
vn -0.1030727309361781 0.9140874404965379 -0.3921991372553577
vn -0.20151835871499574 0.9116847887645558 -0.3580798752180043
vn 0.00170528914138754 0.9999976898855216 -0.001308515404723915
vn 0.0039679385752783925 0.9999874925330782 -0.003044707025313097
vn 0.0013085129156544077 0.9999976898920342 -0.0017052872323712488
vn 0.0030447068670575853 0.9999874925309143 -0.003967939242013301
vn 0.0008225663388191711 0.9999976898921356 -0.00198584868776813
vn 0.0019139830991337212 0.9999874925327777 -0.004620762567374834
vn 0.00028056228242035364 0.9999976898852095 -0.002131081662036951
vn 0.0006528232426057709 0.9999874925654287 -0.004958682740467596
vn -0.00028056217772166875 0.9999976898859778 -0.00213108131530449
vn -0.0006528227205194443 0.9999874925750731 -0.004958680864265991
vn -0.000822566738363797 0.9999976898859785 -0.0019858516227286506
vn -0.0019139839231495526 0.9999874925188844 -0.004620765232762079
vn -0.001308515404723915 0.9999976898855216 -0.00170528914138754
vn -0.003044707025313097 0.9999874925330782 -0.0039679385752783925
vn -0.0017052872323712483 0.999997689892034 -0.0013085129156544075
vn -0.003967939242013301 0.9999874925309143 -0.0030447068670575853
vn 0.20085452322723887 0.9142775275384545 -0.3517869570312826
vn 0.10223189082722542 0.9112386478178587 -0.3989896831009178
vn -0.002131081662036951 0.9999976898852095 -0.00028056228242035364
vn -0.004958682740471746 0.9999874925654287 -0.0006528232426063174
vn -0.00213108131530449 0.9999976898859778 0.00028056217772166875
vn -0.004958680864270141 0.9999874925750731 0.0006528227205199906
vn -0.0019858516227286506 0.9999976898859785 0.000822566738363797
vn -0.004620765232765947 0.9999874925188844 0.0019139839231511544
vn -0.00170528914138754 0.9999976898855216 0.001308515404723915
vn -0.003967938575281714 0.9999874925330782 0.0030447070253156443
vn -0.0013085129156544077 0.9999976898920342 0.0017052872323712488
vn -0.003044706867060134 0.9999874925309145 0.003967939242016622
vn -0.0008225663388191711 0.9999976898921356 0.00198584868776813
vn -0.001913983099135323 0.9999874925327777 0.004620762567378702
vn -0.00028056228242035364 0.9999976898852095 0.002131081662036951
vn -0.0006528232426063174 0.9999874925654287 0.004958682740471746
vn 0.00028056217772166875 0.9999976898859778 0.00213108131530449
vn 0.0006528227205199906 0.9999874925750731 0.004958680864270141
vn 0.000822566738363797 0.9999976898859785 0.0019858516227286506
vn 0.0019139839231511544 0.9999874925188844 0.004620765232765947
vn 0.001308515404723915 0.9999976898855216 0.00170528914138754
vn 0.0030447070253156443 0.9999874925330782 0.003967938575281714
vn 0.0017052872323712483 0.999997689892034 0.0013085129156544075
vn 0.003967939242016622 0.9999874925309145 0.003044706867060134
vn 0.00198584868776813 0.9999976898921356 0.0008225663388191711
vn 0.004620762567378702 0.9999874925327777 0.001913983099135323
vn 0.002131081662036951 0.9999976898852095 0.00028056228242035364
vn 0.004958682740471746 0.9999874925654287 0.0006528232426063174
vn 0.13052608731538085 0.0012678371951351836 0.9914440645437262
vn -0.13052608731538087 -0.0012678371951351823 -0.9914440645437264
vn 0.3826829253569185 0.001267848632447216 0.9238788725802299
vn -0.38268301811319017 -0.0012673522979551612 -0.923878834840334
vn 0.6087611759460803 0.0012670219208146128 0.7933525227263086
vn -0.6087609589970431 -0.001267215995351167 -0.7933526888872449
vn 0.7933527038574752 0.001266654551232511 0.6087609406559206
vn -0.7933527032394291 -0.001267269431096394 -0.608760940181677
vn 0.9240916272893742 0.0012666884648287983 0.38216888920215564
vn -0.9240957061720934 -0.001267550971312495 -0.38215902337748786
vn 0.9914440936125483 0.001267127219738248 0.1305258734098415
vn -0.9914440796353868 -0.001267848615736913 -0.13052597257185464
vn 0.9914440645437262 0.0012678371951351836 -0.13052608731538085
vn -0.9914440645437261 -0.0012678371951351827 0.13052608731538085
vn 0.9238788725802299 0.001267848632447216 -0.3826829253569185
vn -0.923878834840334 -0.001267352297955162 0.38268301811319017
vn 0.7933525227263086 0.0012670219208146128 -0.6087611759460803
vn -0.793352688887245 -0.001267215995351168 0.6087609589970431
vn 0.6087609406559206 0.001266654551232511 -0.7933527038574752
vn -0.608760940181677 -0.0012672694310963946 0.7933527032394291
vn 0.3826833996434037 0.0012667812550527624 -0.9238786775884695
vn -0.38268314684766613 -0.0012674567522467917 0.9238787813734815
vn 0.1305258734098415 0.001267127219738248 -0.9914440936125483
vn -0.13052597257185464 -0.001267848615736913 0.9914440796353868
vn -0.13052608731538085 0.0012678371951351836 -0.9914440645437262
vn 0.13052608731538087 -0.001267837195135183 0.9914440645437264
vn -0.3826829253569185 0.001267848632447216 -0.9238788725802299
vn 0.38268301811319017 -0.001267352297955162 0.923878834840334
vn -0.6087611759460803 0.0012670219208146128 -0.7933525227263086
vn 0.6087609589970431 -0.001267215995351168 0.7933526888872451
vn -0.7933527038574752 0.001266654551232511 -0.6087609406559206
vn 0.7933527032394291 -0.0012672694310963946 0.608760940181677
vn -0.9238786775884695 0.0012667812550527624 -0.3826833996434037
vn 0.9238787813734815 -0.0012674567522467917 0.38268314684766613
vn -0.9914440936125483 0.001267127219738248 -0.1305258734098415
vn 0.9914440796353868 -0.001267848615736913 0.13052597257185464
vn -0.9914440645437262 0.0012678371951351836 0.13052608731538085
vn 0.9914440645437261 -0.0012678371951351827 -0.13052608731538085
vn -0.9240920323127173 0.0012679414475150587 0.3821679056915133
vn 0.924095709564481 -0.0012672572431079892 -0.38215901614851183
vn -0.7933525227263086 0.0012670219208146128 0.6087611759460803
vn 0.7933526888872449 -0.001267215995351167 -0.6087609589970431
vn -0.6087609406559206 0.001266654551232511 0.7933527038574752
vn 0.608760940181677 -0.001267269431096394 -0.7933527032394291
vn -0.3826833996434037 0.0012667812550527624 0.9238786775884695
vn 0.38268314684766613 -0.0012674567522467908 -0.9238787813734815
vn -0.1305258734098415 0.001267127219738248 0.9914440936125483
vn 0.13052597257185458 -0.001267848615736912 -0.9914440796353867
vn 0.11742002704692096 -0.43673590228891424 0.8918936533579485
vn -0.11605925518319589 -0.4575877064491974 -0.8815575648775781
vn 0.3442581286744989 -0.4367362603130175 0.8311123749345407
vn -0.34026867260281124 -0.45758634460385933 -0.8214815686777147
vn 0.5476381320394496 -0.43672711623986715 0.713695945257609
vn -0.5412891549022083 -0.45758744122778094 -0.7054217067937911
vn 0.7136928827908552 -0.43673503243550993 0.5476358100939281
vn -0.7054219986161886 -0.45758677540859644 -0.5412893374522584
vn 0.7376399202139803 -0.4385117102474006 0.5134148693625973
vn -0.8774088148427003 -0.4587647827429354 -0.14031623480964459
vn 0.891897413623531 -0.4367280621223375 0.11742062564355563
vn -0.8815579885849333 -0.45758690777532 -0.11605918574032602
vn 0.8918936533579485 -0.43673590228891424 -0.11742002704692096
vn -0.8815575648775781 -0.4575877064491974 0.11605925518319589
vn 0.8311123749345407 -0.4367362603130175 -0.3442581286744989
vn -0.8214815686777147 -0.45758634460385933 0.34026867260281124
vn 0.713695945257609 -0.4367271162398672 -0.5476381320394496
vn -0.7054217067937911 -0.45758744122778094 0.5412891549022083
vn 0.5476358100939281 -0.43673503243550993 -0.7136928827908552
vn -0.5412893374522584 -0.45758677540859644 0.7054219986161886
vn 0.344258227790685 -0.4367351059612765 -0.8311129404716364
vn -0.34026866316034066 -0.4575871289629928 0.8214811356802297
vn 0.11742062564355563 -0.4367280621223375 -0.891897413623531
vn -0.11605918574032602 -0.45758690777532 0.8815579885849333
vn -0.11742002704692096 -0.43673590228891424 -0.8918936533579485
vn 0.11605925518319589 -0.4575877064491974 0.8815575648775781
vn -0.3442581286744989 -0.4367362603130175 -0.8311123749345407
vn 0.34026867260281124 -0.45758634460385933 0.8214815686777147
vn -0.5476381320394496 -0.43672711623986715 -0.713695945257609
vn 0.5412891549022083 -0.45758744122778094 0.7054217067937911
vn -0.7136928827908552 -0.43673503243550993 -0.5476358100939281
vn 0.7054219986161886 -0.45758677540859644 0.5412893374522584
vn -0.8311129404716364 -0.4367351059612765 -0.344258227790685
vn 0.8214811356802297 -0.4575871289629928 0.34026866316034066
vn -0.891897413623531 -0.4367280621223375 -0.11742062564355563
vn 0.8815579885849333 -0.45758690777532 0.11605918574032602
vn -0.8918936533579485 -0.43673590228891424 0.11742002704692096
vn 0.8815575648775781 -0.4575877064491974 -0.11605925518319589
vn -0.7508131095163714 -0.4197593493998159 0.5099821204412961
vn 0.8856893677958115 -0.43805800956034946 -0.15381652717923586
vn -0.713695945257609 -0.4367271162398672 0.5476381320394496
vn 0.7054217067937911 -0.45758744122778094 -0.5412891549022083
vn -0.5476358100939281 -0.43673503243550993 0.7136928827908552
vn 0.5412893374522584 -0.45758677540859644 -0.7054219986161886
vn -0.344258227790685 -0.4367351059612765 0.8311129404716364
vn 0.34026866316034066 -0.4575871289629928 -0.8214811356802297
vn -0.11742062564355563 -0.4367280621223375 0.891897413623531
vn 0.11605918574032602 -0.45758690777532 -0.8815579885849333
vn -0.13051955658890654 0.010139967319131114 0.9913938805593882
vn 0.13051930225554462 -0.01014129119335834 -0.99139390050154
vn 0.13051948174105585 0.010139985691961804 0.9913938902253803
vn -0.1305194817410558 -0.010139985691976012 -0.9913938902253799
vn 0.38266382289544215 0.010141290854507394 0.9238319938532386
vn -0.3826635926652029 -0.0101399669800782 -0.9238321037494869
vn 0.6087301079815957 0.01013892591975721 0.793312585188152
vn -0.608730159478422 -0.010138451906966033 -0.7933125517312236
vn 0.7933125539353114 0.010139896943452714 0.6087301325370791
vn -0.7933125539353116 -0.010139896943440967 -0.6087301325370792
vn 0.9255213491518781 0.010132403951886085 0.3785598587465966
vn -0.9255669318791901 -0.010144923581886718 -0.3784480613469444
vn 0.9913938805593882 0.010139967319131114 0.13051955658890654
vn -0.99139390050154 -0.01014129119335834 -0.13051930225554462
vn 0.9913938902253803 0.010139985691961804 -0.13051948174105585
vn -0.9913938902253799 -0.010139985691976012 0.1305194817410558
vn 0.9238319938532386 0.010141290854507394 -0.38266382289544215
vn -0.9238321037494869 -0.0101399669800782 0.3826635926652029
vn 0.793312585188152 0.01013892591975721 -0.6087301079815957
vn -0.7933125517312236 -0.010138451906966033 0.608730159478422
vn 0.6087301325370791 0.010139896943452714 -0.7933125539353114
vn -0.6087301325370792 -0.010139896943440967 0.7933125539353116
vn 0.38266372861248577 0.010138451824919176 -0.9238320640673735
vn -0.38266378333544904 -0.010138925837794924 0.9238320361982779
vn 0.13051955658890654 0.010139967319131114 -0.9913938805593882
vn -0.13051930225554462 -0.01014129119335834 0.99139390050154
vn -0.13051948174105585 0.010139985691961804 -0.9913938902253803
vn 0.1305194817410558 -0.010139985691976012 0.9913938902253799
vn -0.38266382289544215 0.010141290854507394 -0.9238319938532386
vn 0.3826635926652029 -0.0101399669800782 0.9238321037494869
vn -0.6087301079815957 0.01013892591975721 -0.793312585188152
vn 0.608730159478422 -0.010138451906966033 0.7933125517312236
vn -0.7933125539353114 0.010139896943452714 -0.6087301325370791
vn 0.7933125539353116 -0.010139896943440967 0.6087301325370792
vn -0.9238320640673735 0.010138451824919176 -0.38266372861248577
vn 0.9238320361982779 -0.010138925837794924 0.38266378333544904
vn -0.9913938805593882 0.010139967319131114 -0.13051955658890654
vn 0.99139390050154 -0.01014129119335834 0.13051930225554462
vn -0.9913938902253803 0.010139985691961804 0.13051948174105585
vn 0.9913938902253799 -0.010139985691976012 -0.1305194817410558
vn -0.9255236051753163 0.010147101787383452 0.37855394937657433
vn 0.9255652209610018 -0.010133801451883546 -0.3784525436769395
vn -0.793312585188152 0.01013892591975721 0.6087301079815957
vn 0.7933125517312236 -0.010138451906966033 -0.608730159478422
vn -0.6087301325370791 0.010139896943452714 0.7933125539353114
vn 0.6087301325370792 -0.010139896943440967 -0.7933125539353116
vn -0.38266372861248577 0.010138451824919176 0.9238320640673735
vn 0.38266378333544904 -0.010138925837794924 -0.9238320361982779
usemtl m_2b2838a1-613f-47c3-8674-742b57c63691
f 747/2833/721 749/2834/721 750/2835/721 748/2836/721
f 749/2837/722 751/2838/722 752/2839/722 750/2840/722
f 751/2841/723 753/2842/723 754/2843/723 752/2844/723
f 753/2845/724 755/2846/724 756/2847/724 754/2848/724
f 755/2849/725 757/2850/725 758/2851/725 756/2852/725
f 757/2853/726 759/2854/726 760/2855/726 758/2856/726
f 759/2857/727 761/2858/727 762/2859/727 760/2860/727
f 761/2861/728 763/2862/728 764/2863/728 762/2864/728
f 763/2865/729 765/2866/729 766/2867/729 764/2868/729
f 765/2869/730 767/2870/730 768/2871/730 766/2872/730
f 767/2873/731 769/2874/731 770/2875/731 768/2876/731
f 769/2877/732 771/2878/732 772/2879/732 770/2880/732
f 771/2881/733 773/2882/733 774/2883/733 772/2884/733
f 773/2885/734 775/2886/734 776/2887/734 774/2888/734
f 775/2889/735 777/2890/735 778/2891/735 776/2892/735
f 777/2893/736 779/2894/736 780/2895/736 778/2896/736
f 779/2897/737 781/2898/737 782/2899/737 780/2900/737
f 781/2901/738 783/2902/738 784/2903/738 782/2904/738
f 783/2905/739 785/2906/739 786/2907/739 784/2908/739
f 785/2909/740 787/2910/740 788/2911/740 786/2912/740
f 787/2913/741 789/2914/741 790/2915/741 788/2916/741
f 789/2917/742 791/2918/742 792/2919/742 790/2920/742
f 791/2921/743 793/2922/743 794/2923/743 792/2924/743
f 793/2925/744 747/2926/744 748/2927/744 794/2928/744
f 747/2929/745 820/2930/745 819/2931/745 749/2932/745
f 749/2933/746 819/2934/746 842/2935/746 751/2936/746
f 751/2937/747 842/2938/747 841/2939/747 753/2940/747
f 753/2941/748 841/2942/748 840/2943/748 755/2944/748
f 755/2945/749 840/2946/749 839/2947/749 757/2948/749
f 757/2949/750 839/2950/750 838/2951/750 759/2952/750
f 759/2953/751 838/2954/751 837/2955/751 761/2956/751
f 761/2957/752 837/2958/752 836/2959/752 763/2960/752
f 763/2961/753 836/2962/753 835/2963/753 765/2964/753
f 765/2965/754 835/2966/754 834/2967/754 767/2968/754
f 767/2969/755 834/2970/755 833/2971/755 769/2972/755
f 769/2973/756 833/2974/756 832/2975/756 771/2976/756
f 771/2977/757 832/2978/757 831/2979/757 773/2980/757
f 773/2981/758 831/2982/758 830/2983/758 775/2984/758
f 775/2985/759 830/2986/759 829/2987/759 777/2988/759
f 777/2989/760 829/2990/760 828/2991/760 779/2992/760
f 779/2993/761 828/2994/761 827/2995/761 781/2996/761
f 781/2997/762 827/2998/762 826/2999/762 783/3000/762
f 783/3001/763 826/3002/763 825/3003/763 785/3004/763
f 785/3005/764 825/3006/764 824/3007/764 787/3008/764
f 787/3009/765 824/3010/765 823/3011/765 789/3012/765
f 789/3013/766 823/3014/766 822/3015/766 791/3016/766
f 791/3017/767 822/3018/767 821/3019/767 793/3020/767
f 793/3021/768 821/3022/768 820/3023/768 747/3024/768
f 882/3025/769 881/3026/769 883/3027/769 884/3028/769
f 884/3029/770 883/3030/770 885/3031/770 886/3032/770
f 886/3033/771 885/3034/771 887/3035/771 888/3036/771
f 888/3037/772 887/3038/772 889/3039/772 890/3040/772
f 890/3041/773 889/3042/773 844/3043/773 843/3044/773
f 843/3045/774 844/3046/774 845/3047/774 846/3048/774
f 846/3049/775 845/3050/775 847/3051/775 848/3052/775
f 848/3053/776 847/3054/776 849/3055/776 850/3056/776
f 850/3057/777 849/3058/777 851/3059/777 852/3060/777
f 852/3061/778 851/3062/778 853/3063/778 854/3064/778
f 854/3065/779 853/3066/779 855/3067/779 856/3068/779
f 856/3069/780 855/3070/780 857/3071/780 858/3072/780
f 858/3073/781 857/3074/781 859/3075/781 860/3076/781
f 860/3077/782 859/3078/782 861/3079/782 862/3080/782
f 862/3081/783 861/3082/783 863/3083/783 864/3084/783
f 864/3085/784 863/3086/784 865/3087/784 866/3088/784
f 866/3089/785 865/3090/785 867/3091/785 868/3092/785
f 868/3093/786 867/3094/786 869/3095/786 870/3096/786
f 870/3097/787 869/3098/787 871/3099/787 872/3100/787
f 872/3101/788 871/3102/788 873/3103/788 874/3104/788
f 874/3105/789 873/3106/789 875/3107/789 876/3108/789
f 876/3109/790 875/3110/790 877/3111/790 878/3112/790
f 878/3113/791 877/3114/791 879/3115/791 880/3116/791
f 880/3117/792 879/3118/792 881/3119/792 882/3120/792
f 795/3121/793 819/3122/793 820/3123/793 796/3124/793
f 796/3125/794 820/3126/794 821/3127/794 818/3128/794
f 818/3129/795 821/3130/795 822/3131/795 817/3132/795
f 817/3133/796 822/3134/796 823/3135/796 816/3136/796
f 816/3137/797 823/3138/797 824/3139/797 815/3140/797
f 815/3141/798 824/3142/798 825/3143/798 814/3144/798
f 814/3145/799 825/3146/799 826/3147/799 813/3148/799
f 813/3149/800 826/3150/800 827/3151/800 812/3152/800
f 812/3153/801 827/3154/801 828/3155/801 811/3156/801
f 811/3157/802 828/3158/802 829/3159/802 810/3160/802
f 810/3161/803 829/3162/803 830/3163/803 809/3164/803
f 809/3165/804 830/3166/804 831/3167/804 808/3168/804
f 808/3169/805 831/3170/805 832/3171/805 807/3172/805
f 807/3173/806 832/3174/806 833/3175/806 806/3176/806
f 806/3177/807 833/3178/807 834/3179/807 805/3180/807
f 805/3181/808 834/3182/808 835/3183/808 804/3184/808
f 804/3185/809 835/3186/809 836/3187/809 803/3188/809
f 803/3189/810 836/3190/810 837/3191/810 802/3192/810
f 802/3193/811 837/3194/811 838/3195/811 801/3196/811
f 801/3197/812 838/3198/812 839/3199/812 800/3200/812
f 800/3201/813 839/3202/813 840/3203/813 799/3204/813
f 799/3205/814 840/3206/814 841/3207/814 798/3208/814
f 798/3209/815 841/3210/815 842/3211/815 797/3212/815
f 797/3213/816 842/3214/816 819/3215/816 795/3216/816
f 845/3217/817 844/3218/817 814/3219/817 813/3220/817
f 847/3221/818 845/3222/818 813/3223/818 812/3224/818
f 849/3225/819 847/3226/819 812/3227/819 811/3228/819
f 851/3229/820 849/3230/820 811/3231/820 810/3232/820
f 853/3233/821 851/3234/821 810/3235/821 809/3236/821
f 855/3237/822 853/3238/822 809/3239/822 808/3240/822
f 857/3241/823 855/3242/823 808/3243/823 807/3244/823
f 859/3245/824 857/3246/824 807/3247/824 806/3248/824
f 861/3249/825 859/3250/825 806/3251/825 805/3252/825
f 863/3253/826 861/3254/826 805/3255/826 804/3256/826
f 865/3257/827 863/3258/827 804/3259/827 803/3260/827
f 867/3261/828 865/3262/828 803/3263/828 802/3264/828
f 869/3265/829 867/3266/829 802/3267/829 801/3268/829
f 871/3269/830 869/3270/830 801/3271/830 800/3272/830
f 873/3273/831 871/3274/831 800/3275/831 799/3276/831
f 875/3277/832 873/3278/832 799/3279/832 798/3280/832
f 877/3281/833 875/3282/833 798/3283/833 797/3284/833
f 879/3285/834 877/3286/834 797/3287/834 795/3288/834
f 881/3289/835 879/3290/835 795/3291/835 796/3292/835
f 883/3293/836 881/3294/836 796/3295/836 818/3296/836
f 885/3297/837 883/3298/837 818/3299/837 817/3300/837
f 887/3301/838 885/3302/838 817/3303/838 816/3304/838
f 889/3305/839 887/3306/839 816/3307/839 815/3308/839
f 844/3309/840 889/3310/840 815/3311/840 814/3312/840
f 1068/3313/841 1067/3314/841 1069/3315/841 1070/3316/841
f 1066/3317/842 1065/3318/842 1067/3319/842 1068/3320/842
f 1064/3321/843 1063/3322/843 1065/3323/843 1066/3324/843
f 1062/3325/844 1061/3326/844 1063/3327/844 1064/3328/844
f 1060/3329/845 1059/3330/845 1061/3331/845 1062/3332/845
f 1058/3333/846 1057/3334/846 1059/3335/846 1060/3336/846
f 1056/3337/847 1055/3338/847 1057/3339/847 1058/3340/847
f 1054/3341/848 1053/3342/848 1055/3343/848 1056/3344/848
f 1052/3345/849 1051/3346/849 1053/3347/849 1054/3348/849
f 1050/3349/850 1049/3350/850 1051/3351/850 1052/3352/850
f 1048/3353/851 1047/3354/851 1049/3355/851 1050/3356/851
f 1046/3357/852 1045/3358/852 1047/3359/852 1048/3360/852
f 1044/3361/853 1043/3362/853 1045/3363/853 1046/3364/853
f 1042/3365/854 1041/3366/854 1043/3367/854 1044/3368/854
f 1040/3369/855 1039/3370/855 1041/3371/855 1042/3372/855
f 1038/3373/856 1036/3374/856 1039/3375/856 1040/3376/856
f 1037/3377/857 1035/3378/857 1036/3379/857 1038/3380/857
f 1082/3381/858 1081/3382/858 1035/3383/858 1037/3384/858
f 1080/3385/859 1079/3386/859 1081/3387/859 1082/3388/859
f 1078/3389/860 1077/3390/860 1079/3391/860 1080/3392/860
f 1076/3393/861 1075/3394/861 1077/3395/861 1078/3396/861
f 1074/3397/862 1073/3398/862 1075/3399/862 1076/3400/862
f 1072/3401/863 1071/3402/863 1073/3403/863 1074/3404/863
f 1070/3405/864 1069/3406/864 1071/3407/864 1072/3408/864
f 892/3409/865 891/3410/865 782/3411/865 784/3412/865
f 893/3413/866 894/3414/866 846/3415/866 848/3416/866
f 895/3417/867 892/3418/867 784/3419/867 786/3420/867
f 894/3421/868 896/3422/868 843/3423/868 846/3424/868
f 897/3425/869 895/3426/869 786/3427/869 788/3428/869
f 896/3429/870 898/3430/870 890/3431/870 843/3432/870
f 899/3433/871 897/3434/871 788/3435/871 790/3436/871
f 898/3437/872 900/3438/872 888/3439/872 890/3440/872
f 901/3441/873 899/3442/873 790/3443/873 792/3444/873
f 900/3445/874 902/3446/874 886/3447/874 888/3448/874
f 903/3449/875 901/3450/875 792/3451/875 794/3452/875
f 902/3453/876 904/3454/876 884/3455/876 886/3456/876
f 905/3457/877 903/3458/877 794/3459/877 748/3460/877
f 904/3461/878 906/3462/878 882/3463/878 884/3464/878
f 907/3465/879 905/3466/879 748/3467/879 750/3468/879
f 906/3469/880 908/3470/880 880/3471/880 882/3472/880
f 909/3473/881 907/3474/881 750/3475/881 752/3476/881
f 908/3477/882 910/3478/882 878/3479/882 880/3480/882
f 911/3481/883 909/3482/883 752/3483/883 754/3484/883
f 910/3485/884 912/3486/884 876/3487/884 878/3488/884
f 913/3489/885 911/3490/885 754/3491/885 756/3492/885
f 912/3493/886 914/3494/886 874/3495/886 876/3496/886
f 915/3497/887 913/3498/887 756/3499/887 758/3500/887
f 914/3501/888 916/3502/888 872/3503/888 874/3504/888
f 917/3505/889 915/3506/889 758/3507/889 760/3508/889
f 916/3509/890 918/3510/890 870/3511/890 872/3512/890
f 919/3513/891 917/3514/891 760/3515/891 762/3516/891
f 918/3517/892 920/3518/892 868/3519/892 870/3520/892
f 921/3521/893 919/3522/893 762/3523/893 764/3524/893
f 920/3525/894 922/3526/894 866/3527/894 868/3528/894
f 923/3529/895 921/3530/895 764/3531/895 766/3532/895
f 922/3533/896 924/3534/896 864/3535/896 866/3536/896
f 925/3537/897 923/3538/897 766/3539/897 768/3540/897
f 924/3541/898 926/3542/898 862/3543/898 864/3544/898
f 927/3545/899 925/3546/899 768/3547/899 770/3548/899
f 926/3549/900 928/3550/900 860/3551/900 862/3552/900
f 929/3553/901 927/3554/901 770/3555/901 772/3556/901
f 928/3557/902 930/3558/902 858/3559/902 860/3560/902
f 931/3561/903 929/3562/903 772/3563/903 774/3564/903
f 930/3565/904 932/3566/904 856/3567/904 858/3568/904
f 933/3569/905 931/3570/905 774/3571/905 776/3572/905
f 932/3573/906 934/3574/906 854/3575/906 856/3576/906
f 935/3577/907 933/3578/907 776/3579/907 778/3580/907
f 934/3581/908 936/3582/908 852/3583/908 854/3584/908
f 937/3585/909 935/3586/909 778/3587/909 780/3588/909
f 936/3589/910 938/3590/910 850/3591/910 852/3592/910
f 891/3593/911 937/3594/911 780/3595/911 782/3596/911
f 938/3597/912 893/3598/912 848/3599/912 850/3600/912
f 940/3601/913 939/3602/913 903/3603/913 905/3604/913
f 941/3605/914 942/3606/914 906/3607/914 904/3608/914
f 943/3609/915 940/3610/915 905/3611/915 907/3612/915
f 942/3613/916 944/3614/916 908/3615/916 906/3616/916
f 945/3617/917 943/3618/917 907/3619/917 909/3620/917
f 944/3621/918 946/3622/918 910/3623/918 908/3624/918
f 947/3625/919 945/3626/919 909/3627/919 911/3628/919
f 946/3629/920 948/3630/920 912/3631/920 910/3632/920
f 949/3633/921 947/3634/921 911/3635/921 913/3636/921
f 948/3637/922 950/3638/922 914/3639/922 912/3640/922
f 951/3641/923 949/3642/923 913/3643/923 915/3644/923
f 950/3645/924 952/3646/924 916/3647/924 914/3648/924
f 953/3649/925 951/3650/925 915/3651/925 917/3652/925
f 952/3653/926 954/3654/926 918/3655/926 916/3656/926
f 955/3657/927 953/3658/927 917/3659/927 919/3660/927
f 954/3661/928 956/3662/928 920/3663/928 918/3664/928
f 957/3665/929 955/3666/929 919/3667/929 921/3668/929
f 956/3669/930 958/3670/930 922/3671/930 920/3672/930
f 959/3673/931 957/3674/931 921/3675/931 923/3676/931
f 958/3677/932 960/3678/932 924/3679/932 922/3680/932
f 961/3681/933 959/3682/933 923/3683/933 925/3684/933
f 960/3685/934 962/3686/934 926/3687/934 924/3688/934
f 963/3689/935 961/3690/935 925/3691/935 927/3692/935
f 962/3693/936 964/3694/936 928/3695/936 926/3696/936
f 965/3697/937 963/3698/937 927/3699/937 929/3700/937
f 964/3701/938 966/3702/938 930/3703/938 928/3704/938
f 967/3705/939 965/3706/939 929/3707/939 931/3708/939
f 966/3709/940 968/3710/940 932/3711/940 930/3712/940
f 969/3713/941 967/3714/941 931/3715/941 933/3716/941
f 968/3717/942 970/3718/942 934/3719/942 932/3720/942
f 971/3721/943 969/3722/943 933/3723/943 935/3724/943
f 970/3725/944 972/3726/944 936/3727/944 934/3728/944
f 973/3729/945 971/3730/945 935/3731/945 937/3732/945
f 972/3733/946 974/3734/946 938/3735/946 936/3736/946
f 975/3737/947 973/3738/947 937/3739/947 891/3740/947
f 974/3741/948 976/3742/948 893/3743/948 938/3744/948
f 977/3745/949 975/3746/949 891/3747/949 892/3748/949
f 976/3749/950 978/3750/950 894/3751/950 893/3752/950
f 979/3753/951 977/3754/951 892/3755/951 895/3756/951
f 978/3757/952 980/3758/952 896/3759/952 894/3760/952
f 981/3761/953 979/3762/953 895/3763/953 897/3764/953
f 980/3765/954 982/3766/954 898/3767/954 896/3768/954
f 983/3769/955 981/3770/955 897/3771/955 899/3772/955
f 982/3773/956 984/3774/956 900/3775/956 898/3776/956
f 985/3777/957 983/3778/957 899/3779/957 901/3780/957
f 984/3781/958 986/3782/958 902/3783/958 900/3784/958
f 939/3785/959 985/3786/959 901/3787/959 903/3788/959
f 986/3789/960 941/3790/960 904/3791/960 902/3792/960
f 988/3793/961 987/3794/961 939/3795/961 940/3796/961
f 989/3797/962 990/3798/962 942/3799/962 941/3800/962
f 991/3801/963 988/3802/963 940/3803/963 943/3804/963
f 990/3805/964 992/3806/964 944/3807/964 942/3808/964
f 993/3809/965 991/3810/965 943/3811/965 945/3812/965
f 992/3813/966 994/3814/966 946/3815/966 944/3816/966
f 995/3817/967 993/3818/967 945/3819/967 947/3820/967
f 994/3821/968 996/3822/968 948/3823/968 946/3824/968
f 997/3825/969 995/3826/969 947/3827/969 949/3828/969
f 996/3829/970 998/3830/970 950/3831/970 948/3832/970
f 999/3833/971 997/3834/971 949/3835/971 951/3836/971
f 998/3837/972 1000/3838/972 952/3839/972 950/3840/972
f 1001/3841/973 999/3842/973 951/3843/973 953/3844/973
f 1000/3845/974 1002/3846/974 954/3847/974 952/3848/974
f 1003/3849/975 1001/3850/975 953/3851/975 955/3852/975
f 1002/3853/976 1004/3854/976 956/3855/976 954/3856/976
f 1005/3857/977 1003/3858/977 955/3859/977 957/3860/977
f 1004/3861/978 1006/3862/978 958/3863/978 956/3864/978
f 1007/3865/979 1005/3866/979 957/3867/979 959/3868/979
f 1006/3869/980 1008/3870/980 960/3871/980 958/3872/980
f 1009/3873/981 1007/3874/981 959/3875/981 961/3876/981
f 1008/3877/982 1010/3878/982 962/3879/982 960/3880/982
f 1011/3881/983 1009/3882/983 961/3883/983 963/3884/983
f 1010/3885/984 1012/3886/984 964/3887/984 962/3888/984
f 1013/3889/985 1011/3890/985 963/3891/985 965/3892/985
f 1012/3893/986 1014/3894/986 966/3895/986 964/3896/986
f 1015/3897/987 1013/3898/987 965/3899/987 967/3900/987
f 1014/3901/988 1016/3902/988 968/3903/988 966/3904/988
f 1017/3905/989 1015/3906/989 967/3907/989 969/3908/989
f 1016/3909/990 1018/3910/990 970/3911/990 968/3912/990
f 1019/3913/991 1017/3914/991 969/3915/991 971/3916/991
f 1018/3917/992 1020/3918/992 972/3919/992 970/3920/992
f 1021/3921/993 1019/3922/993 971/3923/993 973/3924/993
f 1020/3925/994 1022/3926/994 974/3927/994 972/3928/994
f 1023/3929/995 1021/3930/995 973/3931/995 975/3932/995
f 1022/3933/996 1024/3934/996 976/3935/996 974/3936/996
f 1025/3937/997 1023/3938/997 975/3939/997 977/3940/997
f 1024/3941/998 1026/3942/998 978/3943/998 976/3944/998
f 1027/3945/999 1025/3946/999 977/3947/999 979/3948/999
f 1026/3949/1000 1028/3950/1000 980/3951/1000 978/3952/1000
f 1029/3953/1001 1027/3954/1001 979/3955/1001 981/3956/1001
f 1028/3957/1002 1030/3958/1002 982/3959/1002 980/3960/1002
f 1031/3961/1003 1029/3962/1003 981/3963/1003 983/3964/1003
f 1030/3965/1004 1032/3966/1004 984/3967/1004 982/3968/1004
f 1033/3969/1005 1031/3970/1005 983/3971/1005 985/3972/1005
f 1032/3973/1006 1034/3974/1006 986/3975/1006 984/3976/1006
f 987/3977/1007 1033/3978/1007 985/3979/1007 939/3980/1007
f 1034/3981/1008 989/3982/1008 941/3983/1008 986/3984/1008
f 1036/3985/1009 1035/3986/1009 1033/3987/1009 987/3988/1009
f 1037/3989/1010 1038/3990/1010 989/3991/1010 1034/3992/1010
f 1039/3993/1011 1036/3994/1011 987/3995/1011 988/3996/1011
f 1038/3997/1012 1040/3998/1012 990/3999/1012 989/4000/1012
f 1041/4001/1013 1039/4002/1013 988/4003/1013 991/4004/1013
f 1040/4005/1014 1042/4006/1014 992/4007/1014 990/4008/1014
f 1043/4009/1015 1041/4010/1015 991/4011/1015 993/4012/1015
f 1042/4013/1016 1044/4014/1016 994/4015/1016 992/4016/1016
f 1045/4017/1017 1043/4018/1017 993/4019/1017 995/4020/1017
f 1044/4021/1018 1046/4022/1018 996/4023/1018 994/4024/1018
f 1047/4025/1019 1045/4026/1019 995/4027/1019 997/4028/1019
f 1046/4029/1020 1048/4030/1020 998/4031/1020 996/4032/1020
f 1049/4033/1021 1047/4034/1021 997/4035/1021 999/4036/1021
f 1048/4037/1022 1050/4038/1022 1000/4039/1022 998/4040/1022
f 1051/4041/1023 1049/4042/1023 999/4043/1023 1001/4044/1023
f 1050/4045/1024 1052/4046/1024 1002/4047/1024 1000/4048/1024
f 1053/4049/1025 1051/4050/1025 1001/4051/1025 1003/4052/1025
f 1052/4053/1026 1054/4054/1026 1004/4055/1026 1002/4056/1026
f 1055/4057/1027 1053/4058/1027 1003/4059/1027 1005/4060/1027
f 1054/4061/1028 1056/4062/1028 1006/4063/1028 1004/4064/1028
f 1057/4065/1029 1055/4066/1029 1005/4067/1029 1007/4068/1029
f 1056/4069/1030 1058/4070/1030 1008/4071/1030 1006/4072/1030
f 1059/4073/1031 1057/4074/1031 1007/4075/1031 1009/4076/1031
f 1058/4077/1032 1060/4078/1032 1010/4079/1032 1008/4080/1032
f 1061/4081/1033 1059/4082/1033 1009/4083/1033 1011/4084/1033
f 1060/4085/1034 1062/4086/1034 1012/4087/1034 1010/4088/1034
f 1063/4089/1035 1061/4090/1035 1011/4091/1035 1013/4092/1035
f 1062/4093/1036 1064/4094/1036 1014/4095/1036 1012/4096/1036
f 1065/4097/1037 1063/4098/1037 1013/4099/1037 1015/4100/1037
f 1064/4101/1038 1066/4102/1038 1016/4103/1038 1014/4104/1038
f 1067/4105/1039 1065/4106/1039 1015/4107/1039 1017/4108/1039
f 1066/4109/1040 1068/4110/1040 1018/4111/1040 1016/4112/1040
f 1069/4113/1041 1067/4114/1041 1017/4115/1041 1019/4116/1041
f 1068/4117/1042 1070/4118/1042 1020/4119/1042 1018/4120/1042
f 1071/4121/1043 1069/4122/1043 1019/4123/1043 1021/4124/1043
f 1070/4125/1044 1072/4126/1044 1022/4127/1044 1020/4128/1044
f 1073/4129/1045 1071/4130/1045 1021/4131/1045 1023/4132/1045
f 1072/4133/1046 1074/4134/1046 1024/4135/1046 1022/4136/1046
f 1075/4137/1047 1073/4138/1047 1023/4139/1047 1025/4140/1047
f 1074/4141/1048 1076/4142/1048 1026/4143/1048 1024/4144/1048
f 1077/4145/1049 1075/4146/1049 1025/4147/1049 1027/4148/1049
f 1076/4149/1050 1078/4150/1050 1028/4151/1050 1026/4152/1050
f 1079/4153/1051 1077/4154/1051 1027/4155/1051 1029/4156/1051
f 1078/4157/1052 1080/4158/1052 1030/4159/1052 1028/4160/1052
f 1081/4161/1053 1079/4162/1053 1029/4163/1053 1031/4164/1053
f 1080/4165/1054 1082/4166/1054 1032/4167/1054 1030/4168/1054
f 1035/4169/1055 1081/4170/1055 1031/4171/1055 1033/4172/1055
f 1082/4173/1056 1037/4174/1056 1034/4175/1056 1032/4176/1056
o SkyBorder
v 2.2434190267947067 9.5 8.372553411973078
v 2.2434190267947067 10.28125 8.372553411973078
v 4.3339526097042365 9.5 7.5066258937289465
v 4.3339526097042365 10.28125 7.5066258937289465
v 6.129134402103633 9.5 6.129134268211568
v 6.129134402103633 10.28125 6.129134268211568
v 7.506625795716375 9.5 4.33395253318505
v 7.506625795716375 10.28125 4.33395253318505
v 8.372553295006277 9.5 2.243419009869447
v 8.372553295006277 10.28125 2.243419009869447
v 8.667905142889287 9.5 9.80125705041246e-8
v 8.667905142889287 10.28125 9.80125705041246e-8
v 8.372553411973078 9.5 -2.2434190267947067
v 8.372553411973078 10.28125 -2.2434190267947067
v 7.5066258937289465 9.5 -4.3339526097042365
v 7.5066258937289465 10.28125 -4.3339526097042365
v 6.129134268211568 9.5 -6.129134402103633
v 6.129134268211568 10.28125 -6.129134402103633
v 4.33395253318505 9.5 -7.506625795716375
v 4.33395253318505 10.28125 -7.506625795716375
v 2.243419009869447 9.5 -8.372553295006277
v 2.243419009869447 10.28125 -8.372553295006277
v 9.80125705041246e-8 9.5 -8.667905142889287
v 9.80125705041246e-8 10.28125 -8.667905142889287
v -2.2434190267947067 9.5 -8.372553411973078
v -2.2434190267947067 10.28125 -8.372553411973078
v -4.3339526097042365 9.5 -7.5066258937289465
v -4.3339526097042365 10.28125 -7.5066258937289465
v -6.129134402103633 9.5 -6.129134268211568
v -6.129134402103633 10.28125 -6.129134268211568
v -7.506625795716375 9.5 -4.33395253318505
v -7.506625795716375 10.28125 -4.33395253318505
v -8.372553295006277 9.5 -2.243419009869447
v -8.372553295006277 10.28125 -2.243419009869447
v -8.667905142889287 9.5 -9.80125705041246e-8
v -8.667905142889287 10.28125 -9.80125705041246e-8
v -8.372553411973078 9.5 2.2434190267947067
v -8.372553411973078 10.28125 2.2434190267947067
v -7.5066258937289465 9.5 4.3339526097042365
v -7.5066258937289465 10.28125 4.3339526097042365
v -6.129134268211568 9.5 6.129134402103633
v -6.129134268211568 10.28125 6.129134402103633
v -4.33395253318505 9.5 7.506625795716375
v -4.33395253318505 10.28125 7.506625795716375
v -2.243419009869447 9.5 8.372553295006277
v -2.243419009869447 10.28125 8.372553295006277
v -9.80125705041246e-8 9.5 8.667905142889287
v -9.80125705041246e-8 10.28125 8.667905142889287
v 3.2407000009745275 9.875 5.59454084119155
v 1.6757556581530837 9.875 6.240911860974539
v 1.7851968175336241 10.28125 6.66244507323488
v 3.44873577428443 10.28125 5.973385290638637
v 4.584796295136685 9.875 4.56691080250004
v 4.8772486174120955 10.28125 4.877248723401796
v 5.616446205923486 9.875 3.228053104735768
v 5.973385333055371 10.28125 3.4487355434726537
v 6.265343940235724 9.875 1.6692094558227666
v 6.662445622514291 10.28125 1.7851970754758226
v 6.487269038097003 9.875 -0.0033887668197534193
v 6.897470698104045 10.28125 3.9162135534454023e-8
v 6.267097783375701 9.875 -1.6757554803729433
v 6.66244507323488 10.28125 -1.7851968175336241
v 5.619834325025252 9.875 -3.2339228587158066
v 5.973385290638637 10.28125 -3.44873577428443
v 4.589588820156807 9.875 -4.571703106383682
v 4.877248723401796 10.28125 -4.8772486174120955
v 3.246569656775515 9.875 -5.597929689590174
v 3.4487355434726537 10.28125 -5.973385333055371
v 1.6823021078920546 9.875 -6.2426663644518525
v 1.7851970754758226 10.28125 -6.662445622514291
v 0.0033888203336729372 9.875 -6.461975425377406
v 3.9162135534454023e-8 10.28125 -6.897470698104045
v -1.6757556581530837 9.875 -6.240911860974539
v -1.7851968175336241 10.28125 -6.66244507323488
v -3.2407000009745275 9.875 -5.59454084119155
v -3.44873577428443 10.28125 -5.973385290638637
v -4.584796295136685 9.875 -4.56691080250004
v -4.8772486174120955 10.28125 -4.877248723401796
v -5.616446205923486 9.875 -3.228053104735768
v -5.973385333055371 10.28125 -3.4487355434726537
v -6.265343940235724 9.875 -1.6692094558227666
v -6.662445622514291 10.28125 -1.7851970754758226
v -6.487269038097003 9.875 0.0033887668197534193
v -6.897470698104045 10.28125 -3.9162135534454023e-8
v -6.267097783375701 9.875 1.6757554803729433
v -6.66244507323488 10.28125 1.7851968175336241
v -5.619834325025252 9.875 3.2339228587158066
v -5.973385290638637 10.28125 3.44873577428443
v -4.589588820156807 9.875 4.571703106383682
v -4.877248723401796 10.28125 4.8772486174120955
v -3.246569656775515 9.875 5.597929689590174
v -3.4487355434726537 10.28125 5.973385333055371
v -1.6823021078920546 9.875 6.2426663644518525
v -1.7851970754758226 10.28125 6.662445622514291
v -0.0033888203336729372 9.875 6.461975425377406
v -3.9162135534454023e-8 10.28125 6.897470698104045
v -0.012857243026013654 10.28125 -6.4598365905601405
v 3.170799804129968 10.28125 -5.587953768854458
v 4.49084339057613 10.28125 -4.5587030239540445
v 5.504843533316795 10.28125 -3.218783403394736
v 6.14369759870481 10.28125 -1.6595095378582747
v 6.363868853426112 10.28125 0.01285717569491529
v 6.150352985369527 10.28125 1.6843476718377608
v 5.517700776342808 10.28125 3.2410531871654045
v 4.509026279333398 10.28125 4.5768854839296775
v 3.193069049296144 10.28125 5.600810944549374
v 1.659509594793397 10.28125 6.243050695791805
v 0.012857243026013654 10.28125 6.4598365905601405
v -1.6346713193714115 10.28125 6.236395021787954
v -3.170799804129968 10.28125 5.587953768854458
v -4.49084339057613 10.28125 4.5587030239540445
v -5.504843533316795 10.28125 3.218783403394736
v -6.14369759870481 10.28125 1.6595095378582747
v -6.363868853426112 10.28125 -0.01285717569491529
v -6.150352985369527 10.28125 -1.6843476718377608
v -5.517700776342808 10.28125 -3.2410531871654045
v -4.509026279333398 10.28125 -4.5768854839296775
v -1.659509594793397 10.28125 -6.243050695791805
v -3.193069049296144 10.28125 -5.600810944549374
v 1.6346713193714115 10.28125 -6.236395021787954
v 3.7195731519698203 9.5 6.4424890416383676
v 1.9253923156936326 9.5 7.18566271313467
v 1.98375309290455e-7 9.5 7.439145394214712
v -1.9253929084187869 9.5 7.18566292228461
v -3.7195729434768015 9.5 6.442488701939508
v -5.260269905359069 9.5 5.2602703427900535
v -6.4424890416383676 9.5 3.7195731519698203
v -7.18566271313467 9.5 1.9253923156936326
v -7.439145394214712 9.5 1.98375309290455e-7
v -7.18566292228461 9.5 -1.9253929084187869
v -6.442488701939508 9.5 -3.7195729434768015
v -5.2602703427900535 9.5 -5.260269905359069
v -3.7195731519698203 9.5 -6.4424890416383676
v -1.9253923156936326 9.5 -7.18566271313467
v -1.98375309290455e-7 9.5 -7.439145394214712
v 1.9253929084187869 9.5 -7.18566292228461
v 3.7195729434768015 9.5 -6.442488701939508
v 5.260269905359069 9.5 -5.2602703427900535
v 6.4424890416383676 9.5 -3.7195731519698203
v 7.18566271313467 9.5 -1.9253923156936326
v 7.439145394214712 9.5 -1.98375309290455e-7
v 7.18566292228461 9.5 1.9253929084187869
v 6.442488701939508 9.5 3.7195729434768015
v 5.2602703427900535 9.5 5.260269905359069
v -4.180133761564482 10.272834375 -4.24294831817828
v -5.1160790378707475 10.268230625000001 -3.0050311420864726
v -5.20852941223474 9.861980625000001 -2.9928598193985634
v -4.251073500354893 9.866584375 -4.233608924388325
v -5.703625810132012 10.264713125 -1.5619173606988928
v -5.811286889207463 9.858463125 -1.547744141138756
v -5.902174934413555 10.263081249999999 -0.011897111431917184
v -6.0177092434155215 9.856831249999999 0.0033132689052256525
v -5.697837325880174 10.26364375 1.5390279827786766
v -5.8133710152291025 9.85739375 1.5542382815369495
v -5.104694858452625 10.266295625 2.984704694740843
v -5.212355855949208 9.860045625 2.9988785339540183
v -4.163698057114684 10.2704875 4.2264923811726725
v -4.256148431478677 9.8642375 4.238663703860582
v -2.939402547943217 10.27517625 5.180057633128007
v -3.0103422867336285 9.86892625 5.189397026917962
v -1.5152594078511403 10.279033125 5.780756211485888
v -1.5598538964838258 9.872783125 5.786627817686115
v 0.011913434589819194 10.28091625 5.987722657133683
v -0.0032965688897317325 9.87466625 5.9897250920800795
v 1.5382324607088111 10.28027125 5.78678524916096
v 1.553442464188362 9.87402125 5.784782814214564
v 2.9598469559837906 10.277283125 5.19166914653121
v 3.0044416077742166 9.871033125 5.185798779637062
v 4.180133761564482 10.272834375 4.24294831817828
v 4.251073500354893 9.866584375 4.233608924388325
v 5.1160790378707475 10.268230625000001 3.0050311420864726
v 5.20852941223474 9.861980625000001 2.9928598193985634
v 5.703625810132012 10.264713125 1.5619173606988928
v 5.811286889207463 9.858463125 1.547744141138756
v 5.902174934413555 10.263081249999999 0.011897111431917184
v 6.0177092434155215 9.856831249999999 -0.0033132689052256525
v 5.697837325880174 10.26364375 -1.5390279827786766
v 5.8133710152291025 9.85739375 -1.5542382815369495
v 5.104694858452625 10.266295625 -2.984704694740843
v 5.212355855949208 9.860045625 -2.9988785339540183
v 4.163698057114684 10.2704875 -4.2264923811726725
v 4.256148431478677 9.8642375 -4.238663703860582
v 2.939402547943217 10.27517625 -5.180057633128007
v 3.0103422867336285 9.86892625 -5.189397026917962
v 1.5152594078511403 10.279033125 -5.780756211485888
v 1.5598538964838258 9.872783125 -5.786627817686115
v -0.011913434589819194 10.28091625 -5.987722657133683
v 0.0032965688897317325 9.87466625 -5.9897250920800795
v -1.5382324607088111 10.28027125 -5.78678524916096
v -1.553442464188362 9.87402125 -5.784782814214564
v -2.9598469559837906 10.277283125 -5.19166914653121
v -3.0044416077742166 9.871033125 -5.185798779637062
v -7.5066258937289465 9.28125 4.3339526097042365
v -5.260269905359069 9.28125 5.2602703427900535
v -6.4424890416383676 9.28125 3.7195731519698203
v -6.129134268211568 9.28125 6.129134402103633
v -3.7195729434768015 9.28125 6.442488701939508
v -4.33395253318505 9.28125 7.506625795716375
v -1.9253929084187869 9.28125 7.18566292228461
v -2.243419009869447 9.28125 8.372553295006277
v 1.98375309290455e-7 9.28125 7.439145394214712
v -9.80125705041246e-8 9.28125 8.667905142889287
v 1.9253923156936326 9.28125 7.18566271313467
v 2.2434190267947067 9.28125 8.372553411973078
v 3.7195731519698203 9.28125 6.4424890416383676
v 4.3339526097042365 9.28125 7.5066258937289465
v 5.2602703427900535 9.28125 5.260269905359069
v 6.129134402103633 9.28125 6.129134268211568
v 6.442488701939508 9.28125 3.7195729434768015
v 7.506625795716375 9.28125 4.33395253318505
v 7.18566292228461 9.28125 1.9253929084187869
v 8.372553295006277 9.28125 2.243419009869447
v 7.439145394214712 9.28125 -1.98375309290455e-7
v 8.667905142889287 9.28125 9.80125705041246e-8
v 7.18566271313467 9.28125 -1.9253923156936326
v 8.372553411973078 9.28125 -2.2434190267947067
v 6.4424890416383676 9.28125 -3.7195731519698203
v 7.5066258937289465 9.28125 -4.3339526097042365
v 5.260269905359069 9.28125 -5.2602703427900535
v 6.129134268211568 9.28125 -6.129134402103633
v 3.7195729434768015 9.28125 -6.442488701939508
v 4.33395253318505 9.28125 -7.506625795716375
v 1.9253929084187869 9.28125 -7.18566292228461
v 2.243419009869447 9.28125 -8.372553295006277
v -1.98375309290455e-7 9.28125 -7.439145394214712
v 9.80125705041246e-8 9.28125 -8.667905142889287
v -1.9253923156936326 9.28125 -7.18566271313467
v -2.2434190267947067 9.28125 -8.372553411973078
v -3.7195731519698203 9.28125 -6.4424890416383676
v -4.3339526097042365 9.28125 -7.5066258937289465
v -5.2602703427900535 9.28125 -5.260269905359069
v -6.129134402103633 9.28125 -6.129134268211568
v -6.442488701939508 9.28125 -3.7195729434768015
v -7.506625795716375 9.28125 -4.33395253318505
v -7.18566292228461 9.28125 -1.9253929084187869
v -8.372553295006277 9.28125 -2.243419009869447
v -7.439145394214712 9.28125 1.98375309290455e-7
v -8.667905142889287 9.28125 -9.80125705041246e-8
v -7.18566271313467 9.28125 1.9253923156936326
v -8.372553411973078 9.28125 2.2434190267947067
vt 0.1328125 0.9140625
vt 0.1328125 0.9140625
vt 0.1328125 0.9140625
vt 0.1328125 0.9140625
vt 0.3828125 0.8671875
vt 0.3828125 0.8671875
vt 0.3828125 0.8671875
vt 0.3828125 0.8671875
vt 0.3828125 0.8671875
vt 0.3828125 0.8671875
vt 0.3828125 0.8671875
vt 0.3828125 0.8671875
vt 0.1328125 0.9140625
vt 0.1328125 0.9140625
vt 0.1328125 0.9140625
vt 0.1328125 0.9140625
vt 0.1328125 0.9140625
vt 0.1328125 0.9140625
vt 0.1328125 0.9140625
vt 0.1328125 0.9140625
vt 0.3828125 0.8671875
vt 0.3828125 0.8671875
vt 0.3828125 0.8671875
vt 0.3828125 0.8671875
vt 0.3828125 0.8671875
vt 0.3828125 0.8671875
vt 0.3828125 0.8671875
vt 0.3828125 0.8671875
vt 0.1328125 0.9140625
vt 0.1328125 0.9140625
vt 0.1328125 0.9140625
vt 0.1328125 0.9140625
vt 0.1328125 0.9140625
vt 0.1328125 0.9140625
vt 0.1328125 0.9140625
vt 0.1328125 0.9140625
vt 0.3828125 0.8671875
vt 0.3828125 0.8671875
vt 0.3828125 0.8671875
vt 0.3828125 0.8671875
vt 0.3828125 0.8671875
vt 0.3671875 0.8828125
vt 0.3828125 0.8671875
vt 0.3828125 0.8671875
vt 0.1328125 0.9140625
vt 0.1328125 0.9140625
vt 0.1328125 0.9140625
vt 0.1328125 0.9140625
vt 0.1328125 0.9140625
vt 0.1328125 0.9140625
vt 0.1328125 0.9140625
vt 0.1328125 0.9140625
vt 0.3828125 0.8671875
vt 0.3828125 0.8671875
vt 0.3828125 0.8671875
vt 0.3828125 0.8671875
vt 0.3828125 0.8671875
vt 0.3828125 0.8671875
vt 0.3828125 0.8671875
vt 0.3828125 0.8671875
vt 0.1328125 0.9140625
vt 0.1328125 0.9140625
vt 0.1328125 0.9140625
vt 0.1328125 0.9140625
vt 0.1328125 0.9140625
vt 0.1328125 0.9140625
vt 0.1328125 0.9140625
vt 0.1328125 0.9140625
vt 0.3828125 0.8671875
vt 0.3828125 0.8671875
vt 0.3828125 0.8671875
vt 0.3828125 0.8671875
vt 0.3828125 0.8671875
vt 0.375 0.8671875
vt 0.3828125 0.8671875
vt 0.3828125 0.8671875
vt 0.125 0.9140625
vt 0.1328125 0.9140625
vt 0.1328125 0.9140625
vt 0.1328125 0.9140625
vt 0.1328125 0.9140625
vt 0.1328125 0.9140625
vt 0.1328125 0.9140625
vt 0.1328125 0.9140625
vt 0.1328125 0.9140625
vt 0.1328125 0.9140625
vt 0.1328125 0.9140625
vt 0.1328125 0.9140625
vt 0.1328125 0.9140625
vt 0.1328125 0.9140625
vt 0.1328125 0.9140625
vt 0.1328125 0.9140625
vt 0.1328125 0.9140625
vt 0.1328125 0.9140625
vt 0.1328125 0.9140625
vt 0.1328125 0.9140625
vt 0.1328125 0.9140625
vt 0.1328125 0.9140625
vt 0.1328125 0.9140625
vt 0.1328125 0.9140625
vt 0.1328125 0.9140625
vt 0.1328125 0.9140625
vt 0.1328125 0.9140625
vt 0.1328125 0.9140625
vt 0.3828125 0.8671875
vt 0.3828125 0.8671875
vt 0.3828125 0.8671875
vt 0.3828125 0.8671875
vt 0.3828125 0.8671875
vt 0.3828125 0.8671875
vt 0.3828125 0.8671875
vt 0.3828125 0.8671875
vt 0.3828125 0.8671875
vt 0.3828125 0.8671875
vt 0.3828125 0.8671875
vt 0.3828125 0.8671875
vt 0.3828125 0.8671875
vt 0.3828125 0.8671875
vt 0.3828125 0.8671875
vt 0.3828125 0.8671875
vt 0.1328125 0.9140625
vt 0.1328125 0.9140625
vt 0.1328125 0.9140625
vt 0.1328125 0.9140625
vt 0.1328125 0.9140625
vt 0.1328125 0.9140625
vt 0.1328125 0.9140625
vt 0.1328125 0.9140625
vt 0.1328125 0.9140625
vt 0.1328125 0.9140625
vt 0.1328125 0.9140625
vt 0.1328125 0.9140625
vt 0.1328125 0.9140625
vt 0.1328125 0.9140625
vt 0.1328125 0.9140625
vt 0.1328125 0.9140625
vt 0.3828125 0.8671875
vt 0.3828125 0.8671875
vt 0.3828125 0.8671875
vt 0.3828125 0.8671875
vt 0.3828125 0.8671875
vt 0.3828125 0.8671875
vt 0.3828125 0.8671875
vt 0.3828125 0.8671875
vt 0.3828125 0.8671875
vt 0.3828125 0.8671875
vt 0.3828125 0.8671875
vt 0.3828125 0.8671875
vt 0.3828125 0.8671875
vt 0.3828125 0.8671875
vt 0.3828125 0.8671875
vt 0.3828125 0.8671875
vt 0.1328125 0.9140625
vt 0.1328125 0.9140625
vt 0.1328125 0.9140625
vt 0.1328125 0.9140625
vt 0.1328125 0.9140625
vt 0.1328125 0.9140625
vt 0.1328125 0.9140625
vt 0.1328125 0.9140625
vt 0.1328125 0.9140625
vt 0.1328125 0.9140625
vt 0.1328125 0.9140625
vt 0.1328125 0.9140625
vt 0.1328125 0.9140625
vt 0.1328125 0.9140625
vt 0.1328125 0.9140625
vt 0.1328125 0.9140625
vt 0.3828125 0.8671875
vt 0.3828125 0.8671875
vt 0.3828125 0.8671875
vt 0.3828125 0.8671875
vt 0.3828125 0.8671875
vt 0.3828125 0.8671875
vt 0.3828125 0.8671875
vt 0.3828125 0.8671875
vt 0.3828125 0.8671875
vt 0.3828125 0.8671875
vt 0.3828125 0.8671875
vt 0.3828125 0.8671875
vt 0.3828125 0.8671875
vt 0.3828125 0.8671875
vt 0.3828125 0.8671875
vt 0.3828125 0.8671875
vt 0.1328125 0.9140625
vt 0.1328125 0.9140625
vt 0.1328125 0.9140625
vt 0.1328125 0.9140625
vt 0.1328125 0.9140625
vt 0.1328125 0.9140625
vt 0.1328125 0.9140625
vt 0.1328125 0.9140625
vt 0.1328125 0.9140625
vt 0.1328125 0.9140625
vt 0.1328125 0.9140625
vt 0.1328125 0.9140625
vt 0.1328125 0.9140625
vt 0.1328125 0.9140625
vt 0.1328125 0.9140625
vt 0.1328125 0.9140625
vt 0.3828125 0.8671875
vt 0.3828125 0.8671875
vt 0.3828125 0.8671875
vt 0.3828125 0.8671875
vt 0.3828125 0.8671875
vt 0.3828125 0.8671875
vt 0.3828125 0.8671875
vt 0.3828125 0.8671875
vt 0.3828125 0.8671875
vt 0.3828125 0.8671875
vt 0.3828125 0.8671875
vt 0.3828125 0.8671875
vt 0.3828125 0.8671875
vt 0.3828125 0.8671875
vt 0.3828125 0.8671875
vt 0.3828125 0.8671875
vt 0.1328125 0.9140625
vt 0.1328125 0.9140625
vt 0.1328125 0.9140625
vt 0.1328125 0.9140625
vt 0.1328125 0.9140625
vt 0.1328125 0.9140625
vt 0.1328125 0.9140625
vt 0.1328125 0.9140625
vt 0.1328125 0.9140625
vt 0.1328125 0.9140625
vt 0.1328125 0.9140625
vt 0.1328125 0.9140625
vt 0.1328125 0.9140625
vt 0.1328125 0.9140625
vt 0.1328125 0.9140625
vt 0.1328125 0.9140625
vt 0.3828125 0.8671875
vt 0.3828125 0.8671875
vt 0.3828125 0.8671875
vt 0.3828125 0.875
vt 0.3828125 0.8671875
vt 0.3828125 0.8671875
vt 0.3828125 0.8671875
vt 0.3828125 0.8671875
vt 0.3828125 0.875
vt 0.3828125 0.8671875
vt 0.3828125 0.8671875
vt 0.375 0.875
vt 0.3828125 0.8671875
vt 0.3828125 0.8671875
vt 0.3828125 0.8671875
vt 0.3828125 0.8671875
vt 0.125 0.921875
vt 0.1328125 0.9140625
vt 0.1328125 0.9140625
vt 0.1328125 0.9140625
vt 0.1328125 0.9140625
vt 0.1328125 0.9140625
vt 0.1328125 0.9140625
vt 0.1328125 0.9140625
vt 0.1328125 0.9140625
vt 0.1328125 0.9140625
vt 0.1328125 0.9140625
vt 0.1328125 0.9140625
vt 0.1328125 0.9140625
vt 0.1328125 0.9140625
vt 0.1328125 0.9140625
vt 0.1328125 0.9140625
vt 0.3828125 0.8671875
vt 0.3828125 0.8671875
vt 0.3828125 0.8671875
vt 0.3828125 0.8671875
vt 0.3828125 0.8671875
vt 0.3828125 0.8671875
vt 0.3828125 0.8671875
vt 0.3828125 0.8671875
vt 0.3828125 0.8671875
vt 0.3828125 0.8671875
vt 0.3828125 0.8671875
vt 0.3828125 0.8671875
vt 0.3828125 0.8671875
vt 0.3828125 0.8671875
vt 0.3828125 0.8671875
vt 0.3828125 0.8671875
vt 0.1328125 0.9140625
vt 0.1328125 0.9140625
vt 0.1328125 0.9140625
vt 0.1328125 0.9140625
vt 0.1328125 0.9140625
vt 0.1328125 0.9140625
vt 0.1328125 0.9140625
vt 0.1328125 0.9140625
vt 0.359375 0.90625
vt 0.359375 0.90625
vt 0.359375 0.90625
vt 0.359375 0.90625
vt 0.1328125 0.9140625
vt 0.1328125 0.9140625
vt 0.1328125 0.9140625
vt 0.1328125 0.9140625
vt 0.1328125 0.9140625
vt 0.1328125 0.9140625
vt 0.1328125 0.9140625
vt 0.1328125 0.9140625
vt 0.1328125 0.9140625
vt 0.1328125 0.9140625
vt 0.1328125 0.9140625
vt 0.1328125 0.9140625
vt 0.359375 0.90625
vt 0.359375 0.90625
vt 0.359375 0.90625
vt 0.359375 0.90625
vt 0.1328125 0.9140625
vt 0.1328125 0.9140625
vt 0.1328125 0.9140625
vt 0.1328125 0.9140625
vt 0.1328125 0.9140625
vt 0.1328125 0.9140625
vt 0.1328125 0.9140625
vt 0.1328125 0.9140625
vt 0.1328125 0.9140625
vt 0.1328125 0.9140625
vt 0.1328125 0.9140625
vt 0.1328125 0.9140625
vt 0.359375 0.90625
vt 0.359375 0.90625
vt 0.359375 0.90625
vt 0.359375 0.90625
vt 0.1328125 0.9140625
vt 0.1328125 0.9140625
vt 0.1328125 0.9140625
vt 0.1328125 0.9140625
vt 0.1328125 0.9140625
vt 0.1328125 0.9140625
vt 0.1328125 0.9140625
vt 0.1328125 0.9140625
vt 0.1328125 0.9140625
vt 0.1328125 0.9140625
vt 0.1328125 0.9140625
vt 0.1328125 0.9140625
vt 0.359375 0.90625
vt 0.359375 0.90625
vt 0.359375 0.90625
vt 0.359375 0.90625
vt 0.1328125 0.9140625
vt 0.1328125 0.9140625
vt 0.1328125 0.9140625
vt 0.1328125 0.9140625
vt 0.1328125 0.9140625
vt 0.1328125 0.9140625
vt 0.1328125 0.9140625
vt 0.1328125 0.9140625
vt 0.1328125 0.9140625
vt 0.1328125 0.9140625
vt 0.1328125 0.9140625
vt 0.1328125 0.9140625
vt 0.359375 0.90625
vt 0.359375 0.90625
vt 0.359375 0.90625
vt 0.359375 0.90625
vt 0.1328125 0.9140625
vt 0.1328125 0.9140625
vt 0.1328125 0.9140625
vt 0.1328125 0.9140625
vt 0.1328125 0.9140625
vt 0.1328125 0.9140625
vt 0.1328125 0.9140625
vt 0.1328125 0.9140625
vt 0.1328125 0.9140625
vt 0.1328125 0.9140625
vt 0.1328125 0.9140625
vt 0.1328125 0.9140625
vt 0.359375 0.90625
vt 0.359375 0.90625
vt 0.359375 0.90625
vt 0.359375 0.90625
vt 0.1328125 0.9140625
vt 0.1328125 0.9140625
vt 0.1328125 0.9140625
vt 0.1328125 0.9140625
vt 0.1328125 0.9140625
vt 0.1328125 0.9140625
vt 0.1328125 0.9140625
vt 0.1328125 0.9140625
vt 0.1328125 0.9140625
vt 0.1328125 0.9140625
vt 0.1328125 0.9140625
vt 0.1328125 0.9140625
vt 0.359375 0.90625
vt 0.359375 0.90625
vt 0.359375 0.90625
vt 0.359375 0.90625
vt 0.1328125 0.9140625
vt 0.1328125 0.9140625
vt 0.1328125 0.9140625
vt 0.1328125 0.9140625
vt 0.1328125 0.9140625
vt 0.1328125 0.9140625
vt 0.1328125 0.9140625
vt 0.1328125 0.9140625
vt 0.1328125 0.9140625
vt 0.1328125 0.9140625
vt 0.1328125 0.9140625
vt 0.1328125 0.9140625
vt 0.359375 0.90625
vt 0.359375 0.90625
vt 0.359375 0.90625
vt 0.359375 0.90625
vt 0.1328125 0.9140625
vt 0.1328125 0.9140625
vt 0.1328125 0.9140625
vt 0.1328125 0.9140625
vt 0.1328125 0.9140625
vt 0.1328125 0.9140625
vt 0.1328125 0.9140625
vt 0.1328125 0.9140625
vt 0.1328125 0.9140625
vt 0.1328125 0.9140625
vt 0.1328125 0.9140625
vt 0.1328125 0.9140625
vt 0.359375 0.90625
vt 0.359375 0.90625
vt 0.359375 0.90625
vt 0.359375 0.90625
vt 0.1328125 0.9140625
vt 0.1328125 0.9140625
vt 0.1328125 0.9140625
vt 0.1328125 0.9140625
vt 0.1328125 0.9140625
vt 0.1328125 0.9140625
vt 0.1328125 0.9140625
vt 0.1328125 0.9140625
vt 0.1328125 0.9140625
vt 0.1328125 0.9140625
vt 0.1328125 0.9140625
vt 0.1328125 0.9140625
vt 0.359375 0.90625
vt 0.359375 0.90625
vt 0.359375 0.90625
vt 0.359375 0.90625
vt 0.1328125 0.9140625
vt 0.1328125 0.9140625
vt 0.1328125 0.9140625
vt 0.1328125 0.9140625
vt 0.1328125 0.9140625
vt 0.1328125 0.9140625
vt 0.1328125 0.9140625
vt 0.1328125 0.9140625
vt 0.1328125 0.9140625
vt 0.1328125 0.9140625
vt 0.1328125 0.9140625
vt 0.1328125 0.9140625
vt 0.359375 0.90625
vt 0.359375 0.90625
vt 0.359375 0.90625
vt 0.359375 0.90625
vt 0.1328125 0.9140625
vt 0.1328125 0.9140625
vt 0.1328125 0.9140625
vt 0.1328125 0.9140625
vt 0.1328125 0.9140625
vt 0.1328125 0.9140625
vt 0.1328125 0.9140625
vt 0.1328125 0.9140625
vt 0.1328125 0.9140625
vt 0.1328125 0.9140625
vt 0.1328125 0.9140625
vt 0.1328125 0.9140625
vt 0.359375 0.90625
vt 0.359375 0.90625
vt 0.359375 0.90625
vt 0.359375 0.90625
vt 0.1328125 0.9140625
vt 0.1328125 0.9140625
vt 0.1328125 0.9140625
vt 0.1328125 0.9140625
vt 0.1328125 0.9140625
vt 0.1328125 0.9140625
vt 0.1328125 0.9140625
vt 0.1328125 0.9140625
vt 0.1328125 0.9140625
vt 0.1328125 0.9140625
vt 0.1328125 0.9140625
vt 0.1328125 0.9140625
vt 0.078125 0.359375
vt 0.078125 0.359375
vt 0.078125 0.359375
vt 0.078125 0.359375
vt 0.078125 0.359375
vt 0.078125 0.359375
vt 0.078125 0.359375
vt 0.078125 0.359375
vt 0.078125 0.359375
vt 0.078125 0.359375
vt 0.078125 0.359375
vt 0.078125 0.359375
vt 0.078125 0.359375
vt 0.078125 0.359375
vt 0.078125 0.359375
vt 0.078125 0.359375
vt 0.078125 0.359375
vt 0.078125 0.359375
vt 0.078125 0.359375
vt 0.078125 0.359375
vt 0.078125 0.359375
vt 0.078125 0.359375
vt 0.078125 0.359375
vt 0.078125 0.359375
vt 0.078125 0.359375
vt 0.078125 0.359375
vt 0.078125 0.359375
vt 0.078125 0.359375
vt 0.078125 0.359375
vt 0.078125 0.359375
vt 0.078125 0.359375
vt 0.078125 0.359375
vt 0.078125 0.359375
vt 0.078125 0.359375
vt 0.078125 0.359375
vt 0.078125 0.359375
vt 0.078125 0.359375
vt 0.078125 0.359375
vt 0.078125 0.359375
vt 0.078125 0.359375
vt 0.078125 0.359375
vt 0.078125 0.359375
vt 0.078125 0.359375
vt 0.078125 0.359375
vt 0.078125 0.359375
vt 0.078125 0.359375
vt 0.078125 0.359375
vt 0.078125 0.359375
vt 0.078125 0.359375
vt 0.078125 0.359375
vt 0.078125 0.359375
vt 0.078125 0.359375
vt 0.078125 0.359375
vt 0.078125 0.359375
vt 0.078125 0.359375
vt 0.078125 0.359375
vt 0.078125 0.359375
vt 0.078125 0.359375
vt 0.078125 0.359375
vt 0.078125 0.359375
vt 0.078125 0.359375
vt 0.078125 0.359375
vt 0.078125 0.359375
vt 0.078125 0.359375
vt 0.078125 0.359375
vt 0.078125 0.359375
vt 0.078125 0.359375
vt 0.078125 0.359375
vt 0.078125 0.359375
vt 0.078125 0.359375
vt 0.078125 0.359375
vt 0.078125 0.359375
vt 0.078125 0.359375
vt 0.078125 0.359375
vt 0.078125 0.359375
vt 0.078125 0.359375
vt 0.078125 0.359375
vt 0.078125 0.359375
vt 0.078125 0.359375
vt 0.078125 0.359375
vt 0.078125 0.359375
vt 0.078125 0.359375
vt 0.078125 0.359375
vt 0.078125 0.359375
vt 0.078125 0.359375
vt 0.078125 0.359375
vt 0.078125 0.359375
vt 0.078125 0.359375
vt 0.078125 0.359375
vt 0.078125 0.359375
vt 0.078125 0.359375
vt 0.078125 0.359375
vt 0.078125 0.359375
vt 0.078125 0.359375
vt 0.078125 0.359375
vt 0.078125 0.359375
vt 0.375 0.890625
vt 0.375 0.890625
vt 0.375 0.890625
vt 0.375 0.890625
vt 0.359375 0.90625
vt 0.359375 0.90625
vt 0.359375 0.90625
vt 0.359375 0.90625
vt 0.1328125 0.9140625
vt 0.1328125 0.9140625
vt 0.1328125 0.9140625
vt 0.1328125 0.9140625
vt 0.1328125 0.9140625
vt 0.1328125 0.9140625
vt 0.1328125 0.9140625
vt 0.1328125 0.9140625
vt 0.375 0.890625
vt 0.375 0.890625
vt 0.375 0.890625
vt 0.375 0.890625
vt 0.359375 0.90625
vt 0.359375 0.90625
vt 0.359375 0.90625
vt 0.359375 0.90625
vt 0.1328125 0.9140625
vt 0.1328125 0.9140625
vt 0.1328125 0.9140625
vt 0.1328125 0.9140625
vt 0.1328125 0.9140625
vt 0.1328125 0.9140625
vt 0.1328125 0.9140625
vt 0.1328125 0.9140625
vt 0.375 0.890625
vt 0.375 0.890625
vt 0.375 0.890625
vt 0.375 0.890625
vt 0.359375 0.90625
vt 0.359375 0.90625
vt 0.359375 0.90625
vt 0.359375 0.90625
vt 0.1328125 0.9140625
vt 0.1328125 0.9140625
vt 0.1328125 0.9140625
vt 0.1328125 0.9140625
vt 0.1328125 0.9140625
vt 0.1328125 0.9140625
vt 0.1328125 0.9140625
vt 0.1328125 0.9140625
vt 0.375 0.890625
vt 0.375 0.890625
vt 0.375 0.890625
vt 0.375 0.890625
vt 0.359375 0.90625
vt 0.359375 0.90625
vt 0.359375 0.90625
vt 0.359375 0.90625
vt 0.1328125 0.9140625
vt 0.1328125 0.9140625
vt 0.1328125 0.9140625
vt 0.1328125 0.9140625
vt 0.1328125 0.9140625
vt 0.1328125 0.9140625
vt 0.1328125 0.9140625
vt 0.1328125 0.9140625
vt 0.375 0.890625
vt 0.375 0.890625
vt 0.375 0.890625
vt 0.375 0.890625
vt 0.359375 0.90625
vt 0.359375 0.90625
vt 0.359375 0.90625
vt 0.359375 0.90625
vt 0.1328125 0.9140625
vt 0.1328125 0.9140625
vt 0.1328125 0.9140625
vt 0.1328125 0.9140625
vt 0.1328125 0.9140625
vt 0.1328125 0.9140625
vt 0.1328125 0.9140625
vt 0.1328125 0.9140625
vt 0.375 0.890625
vt 0.375 0.890625
vt 0.375 0.890625
vt 0.375 0.890625
vt 0.359375 0.90625
vt 0.359375 0.90625
vt 0.359375 0.90625
vt 0.359375 0.90625
vt 0.1328125 0.9140625
vt 0.1328125 0.9140625
vt 0.1328125 0.9140625
vt 0.1328125 0.9140625
vt 0.1328125 0.9140625
vt 0.1328125 0.9140625
vt 0.1328125 0.9140625
vt 0.1328125 0.9140625
vt 0.375 0.890625
vt 0.375 0.890625
vt 0.375 0.890625
vt 0.375 0.890625
vt 0.359375 0.90625
vt 0.359375 0.90625
vt 0.359375 0.90625
vt 0.359375 0.90625
vt 0.1328125 0.9140625
vt 0.1328125 0.9140625
vt 0.1328125 0.9140625
vt 0.1328125 0.9140625
vt 0.1328125 0.9140625
vt 0.1328125 0.9140625
vt 0.1328125 0.9140625
vt 0.1328125 0.9140625
vt 0.375 0.890625
vt 0.375 0.890625
vt 0.375 0.890625
vt 0.375 0.890625
vt 0.359375 0.90625
vt 0.359375 0.90625
vt 0.359375 0.90625
vt 0.359375 0.90625
vt 0.1328125 0.9140625
vt 0.1328125 0.9140625
vt 0.1328125 0.9140625
vt 0.1328125 0.9140625
vt 0.1328125 0.9140625
vt 0.1328125 0.9140625
vt 0.1328125 0.9140625
vt 0.1328125 0.9140625
vt 0.375 0.890625
vt 0.375 0.890625
vt 0.375 0.890625
vt 0.375 0.890625
vt 0.359375 0.90625
vt 0.359375 0.90625
vt 0.359375 0.90625
vt 0.359375 0.90625
vt 0.1328125 0.9140625
vt 0.1328125 0.9140625
vt 0.1328125 0.9140625
vt 0.1328125 0.9140625
vt 0.1328125 0.9140625
vt 0.1328125 0.9140625
vt 0.1328125 0.9140625
vt 0.1328125 0.9140625
vt 0.375 0.890625
vt 0.375 0.890625
vt 0.375 0.890625
vt 0.375 0.890625
vt 0.359375 0.90625
vt 0.359375 0.90625
vt 0.359375 0.90625
vt 0.359375 0.90625
vt 0.1328125 0.9140625
vt 0.1328125 0.9140625
vt 0.1328125 0.9140625
vt 0.1328125 0.9140625
vt 0.1328125 0.9140625
vt 0.1328125 0.9140625
vt 0.1328125 0.9140625
vt 0.1328125 0.9140625
vt 0.375 0.890625
vt 0.375 0.890625
vt 0.375 0.890625
vt 0.375 0.890625
vt 0.359375 0.90625
vt 0.359375 0.90625
vt 0.359375 0.90625
vt 0.359375 0.90625
vt 0.1328125 0.9140625
vt 0.1328125 0.9140625
vt 0.1328125 0.9140625
vt 0.1328125 0.9140625
vt 0.1328125 0.9140625
vt 0.1328125 0.9140625
vt 0.1328125 0.9140625
vt 0.1328125 0.9140625
vt 0.375 0.890625
vt 0.375 0.890625
vt 0.375 0.890625
vt 0.375 0.890625
vt 0.359375 0.90625
vt 0.359375 0.90625
vt 0.359375 0.90625
vt 0.359375 0.90625
vt 0.1328125 0.9140625
vt 0.1328125 0.9140625
vt 0.1328125 0.9140625
vt 0.1328125 0.9140625
vt 0.1328125 0.9140625
vt 0.1328125 0.9140625
vt 0.1328125 0.9140625
vt 0.1328125 0.9140625
vt 0.1328125 0.9140625
vt 0.1328125 0.9140625
vt 0.1328125 0.9140625
vt 0.1328125 0.9140625
vt 0.125 0.921875
vt 0.1328125 0.9140625
vt 0.1328125 0.9140625
vt 0.125 0.9140625
vt 0.1328125 0.9140625
vt 0.1328125 0.9140625
vt 0.1328125 0.9140625
vt 0.1328125 0.9140625
vt 0.1328125 0.9140625
vt 0.1328125 0.9140625
vt 0.1328125 0.9140625
vt 0.1328125 0.9140625
vt 0.3828125 0.8671875
vt 0.3828125 0.8671875
vt 0.3828125 0.8671875
vt 0.3828125 0.8671875
vt 0.1328125 0.9140625
vt 0.1328125 0.9140625
vt 0.1328125 0.9140625
vt 0.1328125 0.9140625
vt 0.3828125 0.8671875
vt 0.3828125 0.8671875
vt 0.3828125 0.8671875
vt 0.3828125 0.8671875
vt 0.1328125 0.9140625
vt 0.1328125 0.9140625
vt 0.1328125 0.9140625
vt 0.1328125 0.9140625
vt 0.1328125 0.9140625
vt 0.1328125 0.9140625
vt 0.1328125 0.9140625
vt 0.1328125 0.9140625
vt 0.1328125 0.9140625
vt 0.1328125 0.9140625
vt 0.1328125 0.9140625
vt 0.1328125 0.9140625
vt 0.1328125 0.9140625
vt 0.1328125 0.9140625
vt 0.1328125 0.9140625
vt 0.1328125 0.9140625
vt 0.1328125 0.9140625
vt 0.1328125 0.9140625
vt 0.1328125 0.9140625
vt 0.1328125 0.9140625
vt 0.3828125 0.8671875
vt 0.3828125 0.8671875
vt 0.3828125 0.8671875
vt 0.3828125 0.8671875
vt 0.3828125 0.8671875
vt 0.3828125 0.8671875
vt 0.3828125 0.8671875
vt 0.3828125 0.8671875
vt 0.3828125 0.8671875
vt 0.3828125 0.8671875
vt 0.3828125 0.8671875
vt 0.3828125 0.8671875
vt 0.3828125 0.8671875
vt 0.3828125 0.8671875
vt 0.3828125 0.8671875
vt 0.3828125 0.8671875
vt 0.1328125 0.9140625
vt 0.1328125 0.9140625
vt 0.1328125 0.9140625
vt 0.1328125 0.9140625
vt 0.1328125 0.9140625
vt 0.1328125 0.9140625
vt 0.1328125 0.9140625
vt 0.1328125 0.9140625
vt 0.1328125 0.9140625
vt 0.1328125 0.9140625
vt 0.1328125 0.9140625
vt 0.1328125 0.9140625
vt 0.1328125 0.9140625
vt 0.1328125 0.9140625
vt 0.1328125 0.9140625
vt 0.1328125 0.9140625
vt 0.3828125 0.8671875
vt 0.3828125 0.8671875
vt 0.3828125 0.8671875
vt 0.3828125 0.8671875
vt 0.3828125 0.8671875
vt 0.3828125 0.8671875
vt 0.3828125 0.8671875
vt 0.3828125 0.8671875
vt 0.3828125 0.8671875
vt 0.3828125 0.8671875
vt 0.3828125 0.8671875
vt 0.3828125 0.8671875
vt 0.3828125 0.8671875
vt 0.3828125 0.8671875
vt 0.3828125 0.8671875
vt 0.3828125 0.8671875
vt 0.1328125 0.9140625
vt 0.1328125 0.9140625
vt 0.1328125 0.9140625
vt 0.1328125 0.9140625
vt 0.1328125 0.9140625
vt 0.1328125 0.9140625
vt 0.1328125 0.9140625
vt 0.1328125 0.9140625
vt 0.1328125 0.9140625
vt 0.1328125 0.9140625
vt 0.1328125 0.9140625
vt 0.1328125 0.9140625
vt 0.1328125 0.9140625
vt 0.1328125 0.9140625
vt 0.1328125 0.9140625
vt 0.1328125 0.9140625
vt 0.3828125 0.8671875
vt 0.3828125 0.8671875
vt 0.3828125 0.8671875
vt 0.3828125 0.8671875
vt 0.3828125 0.8671875
vt 0.3828125 0.8671875
vt 0.3828125 0.8671875
vt 0.3828125 0.8671875
vt 0.3828125 0.8671875
vt 0.3828125 0.8671875
vt 0.3828125 0.8671875
vt 0.3828125 0.8671875
vt 0.3828125 0.8671875
vt 0.3828125 0.8671875
vt 0.3671875 0.8828125
vt 0.3828125 0.8671875
vt 0.1328125 0.9140625
vt 0.1328125 0.9140625
vt 0.1328125 0.9140625
vt 0.1328125 0.9140625
vt 0.1328125 0.9140625
vt 0.1328125 0.9140625
vt 0.1328125 0.9140625
vt 0.1328125 0.9140625
vt 0.1328125 0.9140625
vt 0.1328125 0.9140625
vt 0.1328125 0.9140625
vt 0.1328125 0.9140625
vt 0.1328125 0.9140625
vt 0.1328125 0.9140625
vt 0.1328125 0.9140625
vt 0.1328125 0.9140625
vt 0.3828125 0.8671875
vt 0.3828125 0.8671875
vt 0.3828125 0.8671875
vt 0.3828125 0.8671875
vt 0.3828125 0.8671875
vt 0.3828125 0.8671875
vt 0.3828125 0.8671875
vt 0.3828125 0.8671875
vt 0.3828125 0.8671875
vt 0.3828125 0.8671875
vt 0.3828125 0.8671875
vt 0.3828125 0.8671875
vt 0.3828125 0.8671875
vt 0.3828125 0.8671875
vt 0.3828125 0.8671875
vt 0.3828125 0.8671875
vt 0.1328125 0.9140625
vt 0.1328125 0.9140625
vt 0.1328125 0.9140625
vt 0.1328125 0.9140625
vt 0.1328125 0.9140625
vt 0.1328125 0.9140625
vt 0.1328125 0.9140625
vt 0.1328125 0.9140625
vt 0.1328125 0.9140625
vt 0.1328125 0.9140625
vt 0.1328125 0.9140625
vt 0.1328125 0.9140625
vt 0.1328125 0.9140625
vt 0.1328125 0.9140625
vt 0.1328125 0.9140625
vt 0.1328125 0.9140625
vt 0.3828125 0.8671875
vt 0.3828125 0.8671875
vt 0.3828125 0.8671875
vt 0.3828125 0.8671875
vt 0.3828125 0.8671875
vt 0.3828125 0.875
vt 0.3828125 0.8671875
vt 0.3828125 0.8671875
vt 0.3828125 0.8671875
vt 0.3828125 0.8671875
vt 0.3828125 0.8671875
vt 0.3828125 0.8671875
vt 0.3828125 0.875
vt 0.375 0.875
vt 0.375 0.8671875
vt 0.3828125 0.8671875
vn 0.3826834910622171 0 0.9238795081981384
vn 0.6087614812692829 0 0.7933533001902928
vn 0.7933533402912352 0 0.6087614290087207
vn 0.9238795073027797 0 0.38268349322380424
vn 0.9914448530810469 0 0.13052625520982866
vn 0.9914448613738104 0 -0.13052619222005157
vn 0.9238795081981384 0 -0.3826834910622171
vn 0.7933533001902928 0 -0.6087614812692829
vn 0.6087614290087207 0 -0.7933533402912352
vn 0.38268349322380424 0 -0.9238795073027797
vn 0.13052625520982866 0 -0.9914448530810469
vn -0.13052619222005157 0 -0.9914448613738104
vn -0.3826834910622171 0 -0.9238795081981384
vn -0.6087614812692829 0 -0.7933533001902928
vn -0.7933533402912352 0 -0.6087614290087207
vn -0.9238795073027797 0 -0.38268349322380424
vn -0.9914448530810469 0 -0.13052625520982866
vn -0.9914448613738104 0 0.13052619222005157
vn -0.9238795081981384 0 0.3826834910622171
vn -0.7933533001902928 0 0.6087614812692829
vn -0.6087614290087207 0 0.7933533402912352
vn -0.38268349322380424 0 0.9238795073027797
vn -0.13052625520982866 0 0.9914448530810469
vn 0.13052619222005157 0 0.9914448613738104
vn 0 -1 0
vn 0 1 0
vn 0 -1 0
vn 0 1 0
vn 0 -1 0
vn 0 1 0
vn 0 -1 0
vn 0 1 0
vn 0 -1 0
vn 0 1 0
vn 0 -1 0
vn 0 1 0
vn 0 -1 0
vn 0 1 0
vn 0 -1 0
vn 0 1 0
vn 0 -1 0
vn 0 1 0
vn 0 -1 0
vn 0 1 0
vn 0 -1 0
vn 0 1 0
vn 0 -1 0
vn 0 1 0
vn 0 -1 0
vn 0 1 0
vn 0 -1 0
vn 0 1 0
vn 0 -1 0
vn 0 1 0
vn 0 -1 0
vn 0 1 0
vn 0 -1 0
vn 0 1 0
vn 0 -1 0
vn 0 1 0
vn 0 -1 0
vn 0 1 0
vn 0 -1 0
vn 0 1 0
vn 0 -1 0
vn 0 1 0
vn 0 -1 0
vn 0 1 0
vn 0 -1 0
vn 0 1 0
vn 0 -1 0
vn 0 1 0
vn -0.13430036723642422 -0.00991237908568387 0.9908910919475579
vn 0 1 0
vn -0.38815984815955756 -0.05590412466108752 0.9198949185220162
vn 0 1 0
vn -0.609991919051003 -0.12450793363180172 0.7825647788874819
vn 0 1 0
vn -0.7819258833790124 -0.19567534565319403 0.591864065479105
vn 0 1 0
vn -0.8958874004618064 -0.2502289669371945 0.3671120126055962
vn 0 1 0
vn -0.9530135680792693 -0.27572549096095345 0.1254615187663575
vn 0 1 0
vn -0.9558495186678845 -0.2672623955779454 -0.12215772416147756
vn 0 1 0
vn -0.9023377362172494 -0.22633248026734626 -0.36682450596213023
vn 0 1 0
vn -0.7875034919811943 -0.16139187765260865 -0.5948032548206091
vn 0 1 0
vn -0.6115642436033816 -0.08871761045328813 -0.7862050378503578
vn 0 1 0
vn -0.386039007679143 -0.029052679292164364 -0.9220248512789933
vn 0 1 0
vn -0.13052216709802147 1.5331256239287703e-7 -0.9914453912828547
vn 0 1 0
vn 0.13430036723642422 -0.00991237908568387 -0.9908910919475579
vn 0 1 0
vn 0.38815984815955756 -0.05590412466108752 -0.9198949185220162
vn 0 1 0
vn 0.609991919051003 -0.12450793363180172 -0.7825647788874819
vn 0 1 0
vn 0.7819258833790124 -0.19567534565319403 -0.591864065479105
vn 0 1 0
vn 0.8958874004618064 -0.2502289669371945 -0.3671120126055962
vn 0 1 0
vn 0.9530135680792693 -0.27572549096095345 -0.1254615187663575
vn 0 1 0
vn 0.9558495186678845 -0.2672623955779454 0.12215772416147756
vn 0 1 0
vn 0.9023377362172494 -0.22633248026734626 0.36682450596213023
vn 0 1 0
vn 0.7875034919811943 -0.16139187765260865 0.5948032548206091
vn 0 1 0
vn 0.6115642436033816 -0.08871761045328813 0.7862050378503578
vn 0 1 0
vn 0.386039007679143 -0.029052679292164364 0.9220248512789933
vn 0 1 0
vn 0.13052216709802147 1.5331256239287703e-7 0.9914453912828547
vn 0 1 0
vn -0.13840620607490556 -0.9323050161140671 -0.334142303590102
vn -0.04709793840494002 -0.9326310940335817 -0.35774435934019894
vn 0.047135295550541044 -0.9325201281893961 -0.3580285944376446
vn 0.13870772263248943 -0.9319991217754984 -0.3348698324600294
vn 0.2219032433194595 -0.9311971493387665 -0.2891899370096754
vn 0.29095875663618315 -0.9303212872553479 -0.2232606199406397
vn 0.3404936045268583 -0.929608880105797 -0.14103699977223635
vn 0.36626230972490337 -0.9292614352097851 -0.04821934784741188
vn 0.36596593531149396 -0.929380221580812 0.04818026490155594
vn 0.33974323888200947 -0.9299304407441364 0.14072635507032208
vn 0.2900872033477337 -0.930753636436312 0.2225917399960567
vn 0.22124201174939484 -0.9316216528378423 0.2883280565619095
vn 0.13840620607490556 -0.9323050161140671 0.334142303590102
vn 0.04709793840494002 -0.9326310940335817 0.35774435934019894
vn -0.047135295550541044 -0.9325201281893961 0.3580285944376446
vn -0.13870772263248943 -0.9319991217754984 0.3348698324600294
vn -0.2219032433194595 -0.9311971493387665 0.2891899370096754
vn -0.29095875663618315 -0.9303212872553479 0.2232606199406397
vn -0.3404936045268583 -0.929608880105797 0.14103699977223635
vn -0.36626230972490337 -0.9292614352097851 0.04821934784741188
vn -0.36596593531149396 -0.929380221580812 -0.04818026490155594
vn -0.33974323888200947 -0.9299304407441364 -0.14072635507032208
vn -0.2900872033477337 -0.930753636436312 -0.2225917399960567
vn -0.22124201174939484 -0.9316216528378423 -0.2883280565619095
vn 0.012337352128080452 0.9998387804276722 0.01304618317259692
vn -0.020599909288493624 -0.999595554060509 -0.019605408431596954
vn 0.024992617287654298 0.9996080773231619 0.012611932104346324
vn -0.03215797689585417 -0.999357184410329 -0.015845582647079134
vn 0.03546075763534628 0.99935541059775 0.005594459485047581
vn -0.03866447521284716 -0.9992330339244226 -0.006196956568240803
vn 0.039332842147105467 0.9992107811234332 -0.005544584324312194
vn -0.037360634290360455 -0.9992878734643591 0.005284785000487324
vn 0.03507475908393058 0.9992529974337028 -0.01622369855996747
vn -0.028728608239382048 -0.9994921676994833 0.01378672462973166
vn 0.024512291117137583 0.9994585550698772 -0.021948673805536844
vn -0.016320320971336448 -0.9997393074486189 0.015967600494396307
vn 0.012109216045193376 0.9997172789228197 -0.020462871497524293
vn -0.005260349403167715 -0.9999162541072597 0.01182427571831193
vn 0.002882470492129701 0.9999080091383241 -0.013253853209365734
vn 0.0005920053041414544 -0.9999872242282676 0.005020050793037759
vn -0.0005540199809083316 0.99998729361843 -0.005010555213607279
vn 0.001117559674309832 -0.9999991256474926 0.0007069403262191094
vn 0.0003294327490764334 0.9999996953985965 -0.0007075851740326912
vn -0.00012734394211210575 -0.9999976158696272 0.002179917104352331
vn 0.0010833759089929921 0.9999964531766449 -0.002433090785468985
vn 0.0015718449281104598 -0.9999600777577652 0.008796146554397992
vn -0.0026969141478852083 0.9999630867655407 -0.008157926232243658
vn 0.00890442358543755 -0.9998270189247564 0.016329221311682383
vn -0.012337352128080452 0.9998387804276722 -0.01304618317259692
vn 0.020599909288493624 -0.999595554060509 0.019605408431596954
vn -0.024992617287654298 0.9996080773231619 -0.012611932104346324
vn 0.03215797689585417 -0.999357184410329 0.015845582647079134
vn -0.03546075763534628 0.99935541059775 -0.005594459485047581
vn 0.03866447521284716 -0.9992330339244226 0.006196956568240803
vn -0.039332842147105467 0.9992107811234332 0.005544584324312194
vn 0.037360634290360455 -0.9992878734643591 -0.005284785000487324
vn -0.03507475908393058 0.9992529974337028 0.01622369855996747
vn 0.028728608239382048 -0.9994921676994833 -0.01378672462973166
vn -0.024512291117137583 0.9994585550698772 0.021948673805536844
vn 0.016320320971336448 -0.9997393074486189 -0.015967600494396307
vn -0.012109216045193376 0.9997172789228197 0.020462871497524293
vn 0.005260349403167715 -0.9999162541072597 -0.01182427571831193
vn -0.002882470492129701 0.9999080091383241 0.013253853209365734
vn -0.0005920053041414544 -0.9999872242282676 -0.005020050793037759
vn 0.0005540199809083316 0.99998729361843 0.005010555213607279
vn -0.001117559674309832 -0.9999991256474926 -0.0007069403262191094
vn -0.0003294327490764334 0.9999996953985965 0.0007075851740326912
vn 0.00012734394211210575 -0.9999976158696272 -0.002179917104352331
vn -0.0010833759089929921 0.9999964531766449 0.002433090785468985
vn -0.0015718449281104598 -0.9999600777577652 -0.008796146554397992
vn 0.0026969141478852083 0.9999630867655407 0.008157926232243658
vn -0.00890442358543755 -0.9998270189247564 -0.016329221311682383
vn 0.7933531907125989 0 -0.6087616239433451
vn -0.7933533001902928 0 0.6087614812692829
vn 0.6087614290087207 0 -0.7933533402912353
vn -0.6087614290087207 0 0.7933533402912352
vn 0.3826836593712778 0 -0.9238794384822123
vn -0.38268349322380424 0 0.9238795073027797
vn 0.13052602042139705 0 -0.9914448839915174
vn -0.13052625520982866 0 0.9914448530810469
vn -0.13052619222005157 0 -0.9914448613738104
vn 0.13052619222005157 0 0.9914448613738104
vn -0.3826832722742257 0 -0.9238795988230778
vn 0.3826834910622171 0 0.9238795081981384
vn -0.6087616239433451 0 -0.7933531907125989
vn 0.6087614812692829 0 0.7933533001902928
vn -0.7933533402912353 0 -0.6087614290087207
vn 0.7933533402912352 0 0.6087614290087207
vn -0.9238794384822123 0 -0.3826836593712778
vn 0.9238795073027797 0 0.38268349322380424
vn -0.9914448839915174 0 -0.13052602042139705
vn 0.9914448530810469 0 0.13052625520982866
vn -0.9914448613738104 0 0.13052619222005157
vn 0.9914448613738104 0 -0.13052619222005157
vn -0.9238795988230778 0 0.3826832722742257
vn 0.9238795081981384 0 -0.3826834910622171
vn -0.7933531907125989 0 0.6087616239433451
vn 0.7933533001902928 0 -0.6087614812692829
vn -0.6087614290087207 0 0.7933533402912353
vn 0.6087614290087207 0 -0.7933533402912352
vn -0.3826836593712778 0 0.9238794384822123
vn 0.38268349322380424 0 -0.9238795073027797
vn -0.13052602042139705 0 0.9914448839915174
vn 0.13052625520982866 0 -0.9914448530810469
vn 0.13052619222005157 0 0.9914448613738104
vn -0.13052619222005157 0 -0.9914448613738104
vn 0.3826832722742257 0 0.9238795988230778
vn -0.3826834910622171 0 -0.9238795081981384
vn 0.6087616239433451 0 0.7933531907125989
vn -0.6087614812692829 0 -0.7933533001902928
vn 0.7933533402912353 0 0.6087614290087207
vn -0.7933533402912352 0 -0.6087614290087207
vn 0.9238794384822123 0 0.3826836593712778
vn -0.9238795073027797 0 -0.38268349322380424
vn 0.9914448839915174 0 0.13052602042139705
vn -0.9914448530810469 0 -0.13052625520982866
vn 0.9914448613738104 0 -0.13052619222005157
vn -0.9914448613738104 0 0.13052619222005157
vn 0.9238795988230778 0 -0.3826832722742257
vn -0.9238795081981384 0 0.3826834910622171
usemtl m_2b2838a1-613f-47c3-8674-742b57c63691
f 1083/4177/1057 1085/4178/1057 1086/4179/1057 1084/4180/1057
f 1085/4181/1058 1087/4182/1058 1088/4183/1058 1086/4184/1058
f 1087/4185/1059 1089/4186/1059 1090/4187/1059 1088/4188/1059
f 1089/4189/1060 1091/4190/1060 1092/4191/1060 1090/4192/1060
f 1091/4193/1061 1093/4194/1061 1094/4195/1061 1092/4196/1061
f 1093/4197/1062 1095/4198/1062 1096/4199/1062 1094/4200/1062
f 1095/4201/1063 1097/4202/1063 1098/4203/1063 1096/4204/1063
f 1097/4205/1064 1099/4206/1064 1100/4207/1064 1098/4208/1064
f 1099/4209/1065 1101/4210/1065 1102/4211/1065 1100/4212/1065
f 1101/4213/1066 1103/4214/1066 1104/4215/1066 1102/4216/1066
f 1103/4217/1067 1105/4218/1067 1106/4219/1067 1104/4220/1067
f 1105/4221/1068 1107/4222/1068 1108/4223/1068 1106/4224/1068
f 1107/4225/1069 1109/4226/1069 1110/4227/1069 1108/4228/1069
f 1109/4229/1070 1111/4230/1070 1112/4231/1070 1110/4232/1070
f 1111/4233/1071 1113/4234/1071 1114/4235/1071 1112/4236/1071
f 1113/4237/1072 1115/4238/1072 1116/4239/1072 1114/4240/1072
f 1115/4241/1073 1117/4242/1073 1118/4243/1073 1116/4244/1073
f 1117/4245/1074 1119/4246/1074 1120/4247/1074 1118/4248/1074
f 1119/4249/1075 1121/4250/1075 1122/4251/1075 1120/4252/1075
f 1121/4253/1076 1123/4254/1076 1124/4255/1076 1122/4256/1076
f 1123/4257/1077 1125/4258/1077 1126/4259/1077 1124/4260/1077
f 1125/4261/1078 1127/4262/1078 1128/4263/1078 1126/4264/1078
f 1127/4265/1079 1129/4266/1079 1130/4267/1079 1128/4268/1079
f 1129/4269/1080 1083/4270/1080 1084/4271/1080 1130/4272/1080
f 1286/4273/1081 1285/4274/1081 1287/4275/1081 1288/4276/1081
f 1134/4277/1082 1133/4278/1082 1084/4279/1082 1086/4280/1082
f 1288/4281/1083 1287/4282/1083 1289/4283/1083 1290/4284/1083
f 1136/4285/1084 1134/4286/1084 1086/4287/1084 1088/4288/1084
f 1290/4289/1085 1289/4290/1085 1291/4291/1085 1292/4292/1085
f 1138/4293/1086 1136/4294/1086 1088/4295/1086 1090/4296/1086
f 1292/4297/1087 1291/4298/1087 1293/4299/1087 1294/4300/1087
f 1140/4301/1088 1138/4302/1088 1090/4303/1088 1092/4304/1088
f 1294/4305/1089 1293/4306/1089 1295/4307/1089 1296/4308/1089
f 1142/4309/1090 1140/4310/1090 1092/4311/1090 1094/4312/1090
f 1296/4313/1091 1295/4314/1091 1297/4315/1091 1298/4316/1091
f 1144/4317/1092 1142/4318/1092 1094/4319/1092 1096/4320/1092
f 1298/4321/1093 1297/4322/1093 1299/4323/1093 1300/4324/1093
f 1146/4325/1094 1144/4326/1094 1096/4327/1094 1098/4328/1094
f 1300/4329/1095 1299/4330/1095 1301/4331/1095 1302/4332/1095
f 1148/4333/1096 1146/4334/1096 1098/4335/1096 1100/4336/1096
f 1302/4337/1097 1301/4338/1097 1303/4339/1097 1304/4340/1097
f 1150/4341/1098 1148/4342/1098 1100/4343/1098 1102/4344/1098
f 1304/4345/1099 1303/4346/1099 1305/4347/1099 1306/4348/1099
f 1152/4349/1100 1150/4350/1100 1102/4351/1100 1104/4352/1100
f 1306/4353/1101 1305/4354/1101 1307/4355/1101 1308/4356/1101
f 1154/4357/1102 1152/4358/1102 1104/4359/1102 1106/4360/1102
f 1308/4361/1103 1307/4362/1103 1309/4363/1103 1310/4364/1103
f 1156/4365/1104 1154/4366/1104 1106/4367/1104 1108/4368/1104
f 1310/4369/1105 1309/4370/1105 1311/4371/1105 1312/4372/1105
f 1158/4373/1106 1156/4374/1106 1108/4375/1106 1110/4376/1106
f 1312/4377/1107 1311/4378/1107 1313/4379/1107 1314/4380/1107
f 1160/4381/1108 1158/4382/1108 1110/4383/1108 1112/4384/1108
f 1314/4385/1109 1313/4386/1109 1315/4387/1109 1316/4388/1109
f 1162/4389/1110 1160/4390/1110 1112/4391/1110 1114/4392/1110
f 1316/4393/1111 1315/4394/1111 1317/4395/1111 1318/4396/1111
f 1164/4397/1112 1162/4398/1112 1114/4399/1112 1116/4400/1112
f 1318/4401/1113 1317/4402/1113 1319/4403/1113 1320/4404/1113
f 1166/4405/1114 1164/4406/1114 1116/4407/1114 1118/4408/1114
f 1320/4409/1115 1319/4410/1115 1321/4411/1115 1322/4412/1115
f 1168/4413/1116 1166/4414/1116 1118/4415/1116 1120/4416/1116
f 1322/4417/1117 1321/4418/1117 1277/4419/1117 1275/4420/1117
f 1170/4421/1118 1168/4422/1118 1120/4423/1118 1122/4424/1118
f 1275/4425/1119 1277/4426/1119 1276/4427/1119 1278/4428/1119
f 1172/4429/1120 1170/4430/1120 1122/4431/1120 1124/4432/1120
f 1278/4433/1121 1276/4434/1121 1279/4435/1121 1280/4436/1121
f 1174/4437/1122 1172/4438/1122 1124/4439/1122 1126/4440/1122
f 1280/4441/1123 1279/4442/1123 1281/4443/1123 1282/4444/1123
f 1176/4445/1124 1174/4446/1124 1126/4447/1124 1128/4448/1124
f 1282/4449/1125 1281/4450/1125 1283/4451/1125 1284/4452/1125
f 1178/4453/1126 1176/4454/1126 1128/4455/1126 1130/4456/1126
f 1284/4457/1127 1283/4458/1127 1285/4459/1127 1286/4460/1127
f 1133/4461/1128 1178/4462/1128 1130/4463/1128 1084/4464/1128
f 1267/4465/1129 1269/4466/1129 1270/4467/1129 1268/4468/1129
f 1179/4469/1130 1202/4470/1130 1152/4471/1130 1154/4472/1130
f 1265/4473/1131 1267/4474/1131 1268/4475/1131 1266/4476/1131
f 1202/4477/1132 1180/4478/1132 1150/4479/1132 1152/4480/1132
f 1263/4481/1133 1265/4482/1133 1266/4483/1133 1264/4484/1133
f 1180/4485/1134 1181/4486/1134 1148/4487/1134 1150/4488/1134
f 1261/4489/1135 1263/4490/1135 1264/4491/1135 1262/4492/1135
f 1181/4493/1136 1182/4494/1136 1146/4495/1136 1148/4496/1136
f 1259/4497/1137 1261/4498/1137 1262/4499/1137 1260/4500/1137
f 1182/4501/1138 1183/4502/1138 1144/4503/1138 1146/4504/1138
f 1257/4505/1139 1259/4506/1139 1260/4507/1139 1258/4508/1139
f 1183/4509/1140 1184/4510/1140 1142/4511/1140 1144/4512/1140
f 1255/4513/1141 1257/4514/1141 1258/4515/1141 1256/4516/1141
f 1184/4517/1142 1185/4518/1142 1140/4519/1142 1142/4520/1142
f 1253/4521/1143 1255/4522/1143 1256/4523/1143 1254/4524/1143
f 1185/4525/1144 1186/4526/1144 1138/4527/1144 1140/4528/1144
f 1251/4529/1145 1253/4530/1145 1254/4531/1145 1252/4532/1145
f 1186/4533/1146 1187/4534/1146 1136/4535/1146 1138/4536/1146
f 1249/4537/1147 1251/4538/1147 1252/4539/1147 1250/4540/1147
f 1187/4541/1148 1188/4542/1148 1134/4543/1148 1136/4544/1148
f 1247/4545/1149 1249/4546/1149 1250/4547/1149 1248/4548/1149
f 1188/4549/1150 1189/4550/1150 1133/4551/1150 1134/4552/1150
f 1245/4553/1151 1247/4554/1151 1248/4555/1151 1246/4556/1151
f 1189/4557/1152 1190/4558/1152 1178/4559/1152 1133/4560/1152
f 1243/4561/1153 1245/4562/1153 1246/4563/1153 1244/4564/1153
f 1190/4565/1154 1191/4566/1154 1176/4567/1154 1178/4568/1154
f 1241/4569/1155 1243/4570/1155 1244/4571/1155 1242/4572/1155
f 1191/4573/1156 1192/4574/1156 1174/4575/1156 1176/4576/1156
f 1239/4577/1157 1241/4578/1157 1242/4579/1157 1240/4580/1157
f 1192/4581/1158 1193/4582/1158 1172/4583/1158 1174/4584/1158
f 1237/4585/1159 1239/4586/1159 1240/4587/1159 1238/4588/1159
f 1193/4589/1160 1194/4590/1160 1170/4591/1160 1172/4592/1160
f 1235/4593/1161 1237/4594/1161 1238/4595/1161 1236/4596/1161
f 1194/4597/1162 1195/4598/1162 1168/4599/1162 1170/4600/1162
f 1233/4601/1163 1235/4602/1163 1236/4603/1163 1234/4604/1163
f 1195/4605/1164 1196/4606/1164 1166/4607/1164 1168/4608/1164
f 1231/4609/1165 1233/4610/1165 1234/4611/1165 1232/4612/1165
f 1196/4613/1166 1197/4614/1166 1164/4615/1166 1166/4616/1166
f 1228/4617/1167 1231/4618/1167 1232/4619/1167 1229/4620/1167
f 1197/4621/1168 1198/4622/1168 1162/4623/1168 1164/4624/1168
f 1227/4625/1169 1228/4626/1169 1229/4627/1169 1230/4628/1169
f 1198/4629/1170 1199/4630/1170 1160/4631/1170 1162/4632/1170
f 1273/4633/1171 1227/4634/1171 1230/4635/1171 1274/4636/1171
f 1199/4637/1172 1201/4638/1172 1158/4639/1172 1160/4640/1172
f 1271/4641/1173 1273/4642/1173 1274/4643/1173 1272/4644/1173
f 1201/4645/1174 1200/4646/1174 1156/4647/1174 1158/4648/1174
f 1269/4649/1175 1271/4650/1175 1272/4651/1175 1270/4652/1175
f 1200/4653/1176 1179/4654/1176 1154/4655/1176 1156/4656/1176
f 1131/4657/1177 1203/4658/1177 1204/4659/1177 1132/4660/1177
f 1132/4661/1178 1204/4662/1178 1205/4663/1178 1177/4664/1178
f 1177/4665/1179 1205/4666/1179 1206/4667/1179 1175/4668/1179
f 1175/4669/1180 1206/4670/1180 1207/4671/1180 1173/4672/1180
f 1173/4673/1181 1207/4674/1181 1208/4675/1181 1171/4676/1181
f 1171/4677/1182 1208/4678/1182 1209/4679/1182 1169/4680/1182
f 1169/4681/1183 1209/4682/1183 1210/4683/1183 1167/4684/1183
f 1167/4685/1184 1210/4686/1184 1211/4687/1184 1165/4688/1184
f 1165/4689/1185 1211/4690/1185 1212/4691/1185 1163/4692/1185
f 1163/4693/1186 1212/4694/1186 1213/4695/1186 1161/4696/1186
f 1161/4697/1187 1213/4698/1187 1214/4699/1187 1159/4700/1187
f 1159/4701/1188 1214/4702/1188 1215/4703/1188 1157/4704/1188
f 1157/4705/1189 1215/4706/1189 1216/4707/1189 1155/4708/1189
f 1155/4709/1190 1216/4710/1190 1217/4711/1190 1153/4712/1190
f 1153/4713/1191 1217/4714/1191 1218/4715/1191 1151/4716/1191
f 1151/4717/1192 1218/4718/1192 1219/4719/1192 1149/4720/1192
f 1149/4721/1193 1219/4722/1193 1220/4723/1193 1147/4724/1193
f 1147/4725/1194 1220/4726/1194 1221/4727/1194 1145/4728/1194
f 1145/4729/1195 1221/4730/1195 1222/4731/1195 1143/4732/1195
f 1143/4733/1196 1222/4734/1196 1223/4735/1196 1141/4736/1196
f 1141/4737/1197 1223/4738/1197 1224/4739/1197 1139/4740/1197
f 1139/4741/1198 1224/4742/1198 1225/4743/1198 1137/4744/1198
f 1137/4745/1199 1225/4746/1199 1226/4747/1199 1135/4748/1199
f 1135/4749/1200 1226/4750/1200 1203/4751/1200 1131/4752/1200
f 1228/4753/1201 1227/4754/1201 1199/4755/1201 1198/4756/1201
f 1230/4757/1202 1229/4758/1202 1161/4759/1202 1159/4760/1202
f 1231/4761/1203 1228/4762/1203 1198/4763/1203 1197/4764/1203
f 1229/4765/1204 1232/4766/1204 1163/4767/1204 1161/4768/1204
f 1233/4769/1205 1231/4770/1205 1197/4771/1205 1196/4772/1205
f 1232/4773/1206 1234/4774/1206 1165/4775/1206 1163/4776/1206
f 1235/4777/1207 1233/4778/1207 1196/4779/1207 1195/4780/1207
f 1234/4781/1208 1236/4782/1208 1167/4783/1208 1165/4784/1208
f 1237/4785/1209 1235/4786/1209 1195/4787/1209 1194/4788/1209
f 1236/4789/1210 1238/4790/1210 1169/4791/1210 1167/4792/1210
f 1239/4793/1211 1237/4794/1211 1194/4795/1211 1193/4796/1211
f 1238/4797/1212 1240/4798/1212 1171/4799/1212 1169/4800/1212
f 1241/4801/1213 1239/4802/1213 1193/4803/1213 1192/4804/1213
f 1240/4805/1214 1242/4806/1214 1173/4807/1214 1171/4808/1214
f 1243/4809/1215 1241/4810/1215 1192/4811/1215 1191/4812/1215
f 1242/4813/1216 1244/4814/1216 1175/4815/1216 1173/4816/1216
f 1245/4817/1217 1243/4818/1217 1191/4819/1217 1190/4820/1217
f 1244/4821/1218 1246/4822/1218 1177/4823/1218 1175/4824/1218
f 1247/4825/1219 1245/4826/1219 1190/4827/1219 1189/4828/1219
f 1246/4829/1220 1248/4830/1220 1132/4831/1220 1177/4832/1220
f 1249/4833/1221 1247/4834/1221 1189/4835/1221 1188/4836/1221
f 1248/4837/1222 1250/4838/1222 1131/4839/1222 1132/4840/1222
f 1251/4841/1223 1249/4842/1223 1188/4843/1223 1187/4844/1223
f 1250/4845/1224 1252/4846/1224 1135/4847/1224 1131/4848/1224
f 1253/4849/1225 1251/4850/1225 1187/4851/1225 1186/4852/1225
f 1252/4853/1226 1254/4854/1226 1137/4855/1226 1135/4856/1226
f 1255/4857/1227 1253/4858/1227 1186/4859/1227 1185/4860/1227
f 1254/4861/1228 1256/4862/1228 1139/4863/1228 1137/4864/1228
f 1257/4865/1229 1255/4866/1229 1185/4867/1229 1184/4868/1229
f 1256/4869/1230 1258/4870/1230 1141/4871/1230 1139/4872/1230
f 1259/4873/1231 1257/4874/1231 1184/4875/1231 1183/4876/1231
f 1258/4877/1232 1260/4878/1232 1143/4879/1232 1141/4880/1232
f 1261/4881/1233 1259/4882/1233 1183/4883/1233 1182/4884/1233
f 1260/4885/1234 1262/4886/1234 1145/4887/1234 1143/4888/1234
f 1263/4889/1235 1261/4890/1235 1182/4891/1235 1181/4892/1235
f 1262/4893/1236 1264/4894/1236 1147/4895/1236 1145/4896/1236
f 1265/4897/1237 1263/4898/1237 1181/4899/1237 1180/4900/1237
f 1264/4901/1238 1266/4902/1238 1149/4903/1238 1147/4904/1238
f 1267/4905/1239 1265/4906/1239 1180/4907/1239 1202/4908/1239
f 1266/4909/1240 1268/4910/1240 1151/4911/1240 1149/4912/1240
f 1269/4913/1241 1267/4914/1241 1202/4915/1241 1179/4916/1241
f 1268/4917/1242 1270/4918/1242 1153/4919/1242 1151/4920/1242
f 1271/4921/1243 1269/4922/1243 1179/4923/1243 1200/4924/1243
f 1270/4925/1244 1272/4926/1244 1155/4927/1244 1153/4928/1244
f 1273/4929/1245 1271/4930/1245 1200/4931/1245 1201/4932/1245
f 1272/4933/1246 1274/4934/1246 1157/4935/1246 1155/4936/1246
f 1227/4937/1247 1273/4938/1247 1201/4939/1247 1199/4940/1247
f 1274/4941/1248 1230/4942/1248 1159/4943/1248 1157/4944/1248
f 1276/4945/1249 1277/4946/1249 1209/4947/1249 1208/4948/1249
f 1275/4949/1250 1278/4950/1250 1123/4951/1250 1121/4952/1250
f 1279/4953/1251 1276/4954/1251 1208/4955/1251 1207/4956/1251
f 1278/4957/1252 1280/4958/1252 1125/4959/1252 1123/4960/1252
f 1281/4961/1253 1279/4962/1253 1207/4963/1253 1206/4964/1253
f 1280/4965/1254 1282/4966/1254 1127/4967/1254 1125/4968/1254
f 1283/4969/1255 1281/4970/1255 1206/4971/1255 1205/4972/1255
f 1282/4973/1256 1284/4974/1256 1129/4975/1256 1127/4976/1256
f 1285/4977/1257 1283/4978/1257 1205/4979/1257 1204/4980/1257
f 1284/4981/1258 1286/4982/1258 1083/4983/1258 1129/4984/1258
f 1287/4985/1259 1285/4986/1259 1204/4987/1259 1203/4988/1259
f 1286/4989/1260 1288/4990/1260 1085/4991/1260 1083/4992/1260
f 1289/4993/1261 1287/4994/1261 1203/4995/1261 1226/4996/1261
f 1288/4997/1262 1290/4998/1262 1087/4999/1262 1085/5000/1262
f 1291/5001/1263 1289/5002/1263 1226/5003/1263 1225/5004/1263
f 1290/5005/1264 1292/5006/1264 1089/5007/1264 1087/5008/1264
f 1293/5009/1265 1291/5010/1265 1225/5011/1265 1224/5012/1265
f 1292/5013/1266 1294/5014/1266 1091/5015/1266 1089/5016/1266
f 1295/5017/1267 1293/5018/1267 1224/5019/1267 1223/5020/1267
f 1294/5021/1268 1296/5022/1268 1093/5023/1268 1091/5024/1268
f 1297/5025/1269 1295/5026/1269 1223/5027/1269 1222/5028/1269
f 1296/5029/1270 1298/5030/1270 1095/5031/1270 1093/5032/1270
f 1299/5033/1271 1297/5034/1271 1222/5035/1271 1221/5036/1271
f 1298/5037/1272 1300/5038/1272 1097/5039/1272 1095/5040/1272
f 1301/5041/1273 1299/5042/1273 1221/5043/1273 1220/5044/1273
f 1300/5045/1274 1302/5046/1274 1099/5047/1274 1097/5048/1274
f 1303/5049/1275 1301/5050/1275 1220/5051/1275 1219/5052/1275
f 1302/5053/1276 1304/5054/1276 1101/5055/1276 1099/5056/1276
f 1305/5057/1277 1303/5058/1277 1219/5059/1277 1218/5060/1277
f 1304/5061/1278 1306/5062/1278 1103/5063/1278 1101/5064/1278
f 1307/5065/1279 1305/5066/1279 1218/5067/1279 1217/5068/1279
f 1306/5069/1280 1308/5070/1280 1105/5071/1280 1103/5072/1280
f 1309/5073/1281 1307/5074/1281 1217/5075/1281 1216/5076/1281
f 1308/5077/1282 1310/5078/1282 1107/5079/1282 1105/5080/1282
f 1311/5081/1283 1309/5082/1283 1216/5083/1283 1215/5084/1283
f 1310/5085/1284 1312/5086/1284 1109/5087/1284 1107/5088/1284
f 1313/5089/1285 1311/5090/1285 1215/5091/1285 1214/5092/1285
f 1312/5093/1286 1314/5094/1286 1111/5095/1286 1109/5096/1286
f 1315/5097/1287 1313/5098/1287 1214/5099/1287 1213/5100/1287
f 1314/5101/1288 1316/5102/1288 1113/5103/1288 1111/5104/1288
f 1317/5105/1289 1315/5106/1289 1213/5107/1289 1212/5108/1289
f 1316/5109/1290 1318/5110/1290 1115/5111/1290 1113/5112/1290
f 1319/5113/1291 1317/5114/1291 1212/5115/1291 1211/5116/1291
f 1318/5117/1292 1320/5118/1292 1117/5119/1292 1115/5120/1292
f 1321/5121/1293 1319/5122/1293 1211/5123/1293 1210/5124/1293
f 1320/5125/1294 1322/5126/1294 1119/5127/1294 1117/5128/1294
f 1277/5129/1295 1321/5130/1295 1210/5131/1295 1209/5132/1295
f 1322/5133/1296 1275/5134/1296 1121/5135/1296 1119/5136/1296
o Wall
v 3.0592074258183977 1.09375 11.417118333551764
v 3.0592074258183977 4.75 11.417118333551764
v 5.909935362036891 1.09375 10.23630792423892
v 5.909935362036891 4.75 10.23630792423892
v 8.357910577988179 1.09375 8.357910591071427
v 8.357910577988179 4.75 8.357910591071427
v 10.236308128577981 1.09375 5.909935242860025
v 10.236308128577981 4.75 5.909935242860025
v 11.417118016889825 1.09375 3.059207755563585
v 11.417118016889825 4.75 3.059207755563585
v 11.819870604896918 1.09375 -2.043390612271878e-7
v 11.819870604896918 4.75 -2.043390612271878e-7
v 11.417118333551764 1.09375 -3.0592074258183977
v 11.417118333551764 4.75 -3.0592074258183977
v 10.23630792423892 1.09375 -5.909935362036891
v 10.23630792423892 4.75 -5.909935362036891
v 8.357910591071427 1.09375 -8.357910577988179
v 8.357910591071427 4.75 -8.357910577988179
v 5.909935242860025 1.09375 -10.236308128577981
v 5.909935242860025 4.75 -10.236308128577981
v 3.059207755563585 1.09375 -11.417118016889825
v 3.059207755563585 4.75 -11.417118016889825
v -2.043390612271878e-7 1.09375 -11.819870604896918
v -2.043390612271878e-7 4.75 -11.819870604896918
v -3.0592074258183977 1.09375 -11.417118333551764
v -3.0592074258183977 4.75 -11.417118333551764
v -5.909935362036891 1.09375 -10.23630792423892
v -5.909935362036891 4.75 -10.23630792423892
v -8.357910577988179 1.09375 -8.357910591071427
v -8.357910577988179 4.75 -8.357910591071427
v -10.236308128577981 1.09375 -5.909935242860025
v -10.236308128577981 4.75 -5.909935242860025
v -11.417118016889825 1.09375 -3.059207755563585
v -11.417118016889825 4.75 -3.059207755563585
v -11.819870604896918 1.09375 2.043390612271878e-7
v -11.819870604896918 4.75 2.043390612271878e-7
v -11.417118333551764 1.09375 3.0592074258183977
v -11.417118333551764 4.75 3.0592074258183977
v -10.23630792423892 1.09375 5.909935362036891
v -10.23630792423892 4.75 5.909935362036891
v -8.357910591071427 1.09375 8.357910577988179
v -8.357910591071427 4.75 8.357910577988179
v -5.909935242860025 1.09375 10.236308128577981
v -5.909935242860025 4.75 10.236308128577981
v -3.059207755563585 1.09375 11.417118016889825
v -3.059207755563585 4.75 11.417118016889825
v 2.043390612271878e-7 1.09375 11.819870604896918
v 2.043390612271878e-7 4.75 11.819870604896918
v 4.130600023879592 1.09375 7.154409219964225
v 2.1381560512388393 1.09375 7.979706502585458
v 2.1381560512388393 5.65625 7.979706502585458
v 4.130600023879592 5.65625 7.154409219964225
v 5.8415506240337285 1.09375 5.8415505400462
v 5.8415506240337285 5.65625 5.8415505400462
v 7.1544090866339225 1.09375 4.13060008063633
v 7.1544090866339225 5.65625 4.13060008063633
v 7.979706591285038 1.09375 2.1381558785517285
v 7.979706591285038 4.75 2.1381558785517285
v 8.261200104515922 1.09375 1.3333030368656296e-7
v 8.261200104515922 4.75 1.3333030368656296e-7
v 7.979706502585458 1.09375 -2.1381560512388393
v 7.979706502585458 4.75 -2.1381560512388393
v 7.154409219964225 1.09375 -4.130600023879592
v 7.154409219964225 4.75 -4.130600023879592
v 5.8415505400462 1.09375 -5.8415506240337285
v 5.8415505400462 4.75 -5.8415506240337285
v 4.13060008063633 1.09375 -7.1544090866339225
v 4.13060008063633 4.75 -7.1544090866339225
v 2.1381558785517285 1.09375 -7.979706591285038
v 2.1381558785517285 4.75 -7.979706591285038
v 1.3333030368656296e-7 1.09375 -8.261200104515922
v 1.3333030368656296e-7 4.75 -8.261200104515922
v -2.1381560512388393 1.09375 -7.979706502585458
v -2.1381560512388393 4.75 -7.979706502585458
v -4.130600023879592 1.09375 -7.154409219964225
v -4.130600023879592 4.75 -7.154409219964225
v -5.8415506240337285 1.09375 -5.8415505400462
v -5.8415506240337285 4.75 -5.8415505400462
v -7.1544090866339225 1.09375 -4.13060008063633
v -7.1544090866339225 4.75 -4.13060008063633
v -7.979706591285038 1.09375 -2.1381558785517285
v -7.979706591285038 4.75 -2.1381558785517285
v -8.261200104515922 1.09375 -1.3333030368656296e-7
v -8.261200104515922 4.75 -1.3333030368656296e-7
v -7.979706502585458 1.09375 2.1381560512388393
v -7.979706502585458 4.75 2.1381560512388393
v -7.154409219964225 1.09375 4.130600023879592
v -7.154409219964225 5.65625 4.130600023879592
v -5.8415505400462 1.09375 5.8415506240337285
v -5.8415505400462 5.65625 5.8415506240337285
v -4.13060008063633 1.09375 7.1544090866339225
v -4.13060008063633 5.65625 7.1544090866339225
v -2.1381558785517285 1.09375 7.979706591285038
v -2.1381558785517285 5.65625 7.979706591285038
v -1.3333030368656296e-7 1.09375 8.261200104515922
v -1.3333030368656296e-7 5.65625 8.261200104515922
v 2.979129390544743 5.65625 11.11826198206017
v 5.755235927339366 5.65625 9.96836105477587
v 8.139132652890607 5.65625 8.139132665091104
v 9.968360985988365 5.65625 5.755235888678081
v 11.118262055635848 4.75 2.979129329169562
v 11.510471816017448 4.75 6.87875068017263e-8
v 11.11826198206017 4.75 -2.979129390544743
v 9.96836105477587 4.75 -5.755235927339366
v 8.139132665091104 4.75 -8.139132652890607
v 5.755235888678081 4.75 -9.968360985988365
v 2.979129329169562 4.75 -11.118262055635848
v 6.87875068017263e-8 4.75 -11.510471816017448
v -2.979129390544743 4.75 -11.11826198206017
v -5.755235927339366 4.75 -9.96836105477587
v -8.139132652890607 4.75 -8.139132665091104
v -9.968360985988365 4.75 -5.755235888678081
v -11.118262055635848 4.75 -2.979129329169562
v -11.510471816017448 4.75 -6.87875068017263e-8
v -11.11826198206017 4.75 2.979129390544743
v -9.96836105477587 5.65625 5.755235927339366
v -8.139132665091104 5.65625 8.139132652890607
v -5.755235888678081 5.65625 9.968360985988365
v -2.979129329169562 5.65625 11.118262055635848
v -6.87875068017263e-8 5.65625 11.510471816017448
v 2.979129390544743 10.625 11.11826198206017
v 5.755235927339366 10.625 9.96836105477587
v 8.139132652890607 10.625 8.139132665091104
v 9.968360985988365 10.625 5.755235888678081
v 11.118262055635848 10.625 2.979129329169562
v 11.510471816017448 10.625 6.87875068017263e-8
v 11.11826198206017 10.625 -2.979129390544743
v 9.96836105477587 10.625 -5.755235927339366
v 8.139132665091104 10.625 -8.139132652890607
v 5.755235888678081 10.625 -9.968360985988365
v 2.979129329169562 10.625 -11.118262055635848
v 6.87875068017263e-8 10.625 -11.510471816017448
v -2.979129390544743 10.625 -11.11826198206017
v -5.755235927339366 10.625 -9.96836105477587
v -8.139132652890607 10.625 -8.139132665091104
v -9.968360985988365 10.625 -5.755235888678081
v -11.118262055635848 10.625 -2.979129329169562
v -11.510471816017448 10.625 -6.87875068017263e-8
v -11.11826198206017 10.625 2.979129390544743
v -9.96836105477587 10.625 5.755235927339366
v -8.139132665091104 10.625 8.139132652890607
v -5.755235888678081 10.625 9.968360985988365
v -2.979129329169562 10.625 11.118262055635848
v -6.87875068017263e-8 10.625 11.510471816017448
v 8.357910591071427 10.625 -8.357910577988179
v 10.23630792423892 10.625 -5.909935362036891
v 11.417118333551764 10.625 -3.0592074258183977
v 11.819870604896918 10.625 -2.043390612271878e-7
v 11.417118016889825 10.625 3.059207755563585
v 10.236308128577981 10.625 5.909935242860025
v 8.357910577988179 10.625 8.357910591071427
v 5.909935362036891 10.625 10.23630792423892
v 3.0592074258183977 10.625 11.417118333551764
v 2.043390612271878e-7 10.625 11.819870604896918
v -3.059207755563585 10.625 11.417118016889825
v -5.909935242860025 10.625 10.236308128577981
v -8.357910591071427 10.625 8.357910577988179
v -10.23630792423892 10.625 5.909935362036891
v -11.417118333551764 10.625 3.0592074258183977
v -11.819870604896918 10.625 2.043390612271878e-7
v -11.417118016889825 10.625 -3.059207755563585
v -10.236308128577981 10.625 -5.909935242860025
v -8.357910577988179 10.625 -8.357910591071427
v -5.909935362036891 10.625 -10.23630792423892
v -3.0592074258183977 10.625 -11.417118333551764
v -2.043390612271878e-7 10.625 -11.819870604896918
v 3.059207755563585 10.625 -11.417118016889825
v 5.909935242860025 10.625 -10.236308128577981
v 7.979706591285038 3.5859375 2.1381558785517285
v 7.979706591285038 2.4453125 2.1381558785517285
v 7.1544090866339225 2.4453125 4.13060008063633
v 7.1544090866339225 3.5859375 4.13060008063633
v -7.154409219964225 2.4453125 4.130600023879592
v -7.154409219964225 3.5859375 4.130600023879592
v -7.979706502585458 2.4453125 2.1381560512388393
v -7.979706502585458 3.5859375 2.1381560512388393
v -8.261200104515922 2.4453125 -1.3333030368656296e-7
v -8.261200104515922 3.5859375 -1.3333030368656296e-7
v -7.979706591285038 2.4453125 -2.1381558785517285
v -7.979706591285038 3.5859375 -2.1381558785517285
v -7.1544090866339225 2.4453125 -4.13060008063633
v -7.1544090866339225 3.5859375 -4.13060008063633
v -5.8415506240337285 2.4453125 -5.8415505400462
v -5.8415506240337285 3.5859375 -5.8415505400462
v -4.130600023879592 2.4453125 -7.154409219964225
v -4.130600023879592 3.5859375 -7.154409219964225
v -2.1381560512388393 2.4453125 -7.979706502585458
v -2.1381560512388393 3.5859375 -7.979706502585458
v 1.3333030368656296e-7 2.4453125 -8.261200104515922
v 1.3333030368656296e-7 3.5859375 -8.261200104515922
v 2.1381558785517285 2.4453125 -7.979706591285038
v 2.1381558785517285 3.5859375 -7.979706591285038
v 4.13060008063633 2.4453125 -7.1544090866339225
v 4.13060008063633 3.5859375 -7.1544090866339225
v 5.8415505400462 2.4453125 -5.8415506240337285
v 5.8415505400462 3.5859375 -5.8415506240337285
v 7.154409219964225 2.4453125 -4.130600023879592
v 7.154409219964225 3.5859375 -4.130600023879592
v 7.979706502585458 2.4453125 -2.1381560512388393
v 7.979706502585458 3.5859375 -2.1381560512388393
v 8.261200104515922 2.4453125 1.3333030368656296e-7
v 8.261200104515922 3.5859375 1.3333030368656296e-7
v 7.857924210488134 3.30078125 2.1055243769770895
v 7.857924210488134 2.73046875 2.1055243769770895
v 7.045221684385506 2.73046875 4.067560710943587
v 7.045221684385506 3.30078125 4.067560710943587
v -7.045222127243335 2.73046875 4.067560814249888
v -7.045222127243335 3.30078125 4.067560814249888
v -7.857923948143323 2.73046875 2.105524193058312
v -7.857923948143323 3.30078125 2.105524193058312
v -8.135121443614606 2.73046875 1.7679521091551464e-7
v -8.135121443614606 3.30078125 1.7679521091551464e-7
v -7.857924210488134 2.73046875 -2.1055243769770895
v -7.857924210488134 3.30078125 -2.1055243769770895
v -7.045221684385506 2.73046875 -4.067560710943587
v -7.045221684385506 3.30078125 -4.067560710943587
v -5.752399489587363 2.73046875 -5.752399397776783
v -5.752399489587363 3.30078125 -5.752399397776783
v -4.067560814249888 2.73046875 -7.045222127243335
v -4.067560814249888 3.30078125 -7.045222127243335
v -2.105524193058312 2.73046875 -7.857923948143323
v -2.105524193058312 3.30078125 -7.857923948143323
v -1.7679521091551464e-7 2.73046875 -8.135121443614606
v -1.7679521091551464e-7 3.30078125 -8.135121443614606
v 2.1055243769770895 2.73046875 -7.857924210488134
v 2.1055243769770895 3.30078125 -7.857924210488134
v 4.067560710943587 2.73046875 -7.045221684385506
v 4.067560710943587 3.30078125 -7.045221684385506
v 5.752399397776783 2.73046875 -5.752399489587363
v 5.752399397776783 3.30078125 -5.752399489587363
v 7.045222127243335 2.73046875 -4.067560814249888
v 7.045222127243335 3.30078125 -4.067560814249888
v 7.857923948143323 2.73046875 -2.105524193058312
v 7.857923948143323 3.30078125 -2.105524193058312
v 8.135121443614606 2.73046875 -1.7679521091551464e-7
v 8.135121443614606 3.30078125 -1.7679521091551464e-7
v 8.010152475916067 3.283203125 2.146313558242694
v 8.010152475916067 2.748046875 2.146313558242694
v 7.181705957590743 2.748046875 4.146360077972776
v 7.181705957590743 3.283203125 4.146360077972776
v -7.1817063233656855 2.748046875 4.146359712163193
v -7.1817063233656855 3.283203125 4.146359712163193
v -8.010152120801274 2.748046875 2.146314170697231
v -8.010152120801274 3.283203125 2.146314170697231
v -8.29271979013597 2.748046875 -3.6577494189060644e-7
v -8.29271979013597 3.283203125 -3.6577494189060644e-7
v -8.010152475916067 2.748046875 -2.146313558242694
v -8.010152475916067 3.283203125 -2.146313558242694
v -7.181705957590743 2.748046875 -4.146360077972776
v -7.181705957590743 3.283203125 -4.146360077972776
v -5.8638385625585805 2.748046875 -5.863838305218835
v -5.8638385625585805 3.283203125 -5.863838305218835
v -4.146359712163193 2.748046875 -7.1817063233656855
v -4.146359712163193 3.283203125 -7.1817063233656855
v -2.146314170697231 2.748046875 -8.010152120801274
v -2.146314170697231 3.283203125 -8.010152120801274
v 3.6577494189060644e-7 2.748046875 -8.29271979013597
v 3.6577494189060644e-7 3.283203125 -8.29271979013597
v 2.146313558242694 2.748046875 -8.010152475916067
v 2.146313558242694 3.283203125 -8.010152475916067
v 4.146360077972776 2.748046875 -7.181705957590743
v 4.146360077972776 3.283203125 -7.181705957590743
v 5.863838305218835 2.748046875 -5.8638385625585805
v 5.863838305218835 3.283203125 -5.8638385625585805
v 7.1817063233656855 2.748046875 -4.146359712163193
v 7.1817063233656855 3.283203125 -4.146359712163193
v 8.010152120801274 2.748046875 -2.146314170697231
v 8.010152120801274 3.283203125 -2.146314170697231
v 8.29271979013597 2.748046875 3.6577494189060644e-7
v 8.29271979013597 3.283203125 3.6577494189060644e-7
v 2.146313558242694 3.086914375 -8.010152475916067
v 2.146313558242694 2.94433625 -8.010152475916067
v 4.146360077972776 2.94433625 -7.181705957590743
v 4.146360077972776 3.086914375 -7.181705957590743
v 5.863838305218835 2.94433625 -5.8638385625585805
v 5.863838305218835 3.086914375 -5.8638385625585805
v 7.1817063233656855 2.94433625 -4.146359712163193
v 7.1817063233656855 3.086914375 -4.146359712163193
v 8.010152120801274 2.94433625 -2.146314170697231
v 8.010152120801274 3.086914375 -2.146314170697231
v 8.29271979013597 2.94433625 3.6577494189060644e-7
v 8.29271979013597 3.086914375 3.6577494189060644e-7
v 8.010152475916067 2.94433625 2.146313558242694
v 8.010152475916067 3.086914375 2.146313558242694
v 7.181705957590743 2.94433625 4.146360077972776
v 7.181705957590743 3.086914375 4.146360077972776
v -7.1817063233656855 2.94433625 4.146359712163193
v -7.1817063233656855 3.086914375 4.146359712163193
v -8.010152120801274 2.94433625 2.146314170697231
v -8.010152120801274 3.086914375 2.146314170697231
v -8.29271979013597 2.94433625 -3.6577494189060644e-7
v -8.29271979013597 3.086914375 -3.6577494189060644e-7
v -8.010152475916067 2.94433625 -2.146313558242694
v -8.010152475916067 3.086914375 -2.146313558242694
v -7.181705957590743 2.94433625 -4.146360077972776
v -7.181705957590743 3.086914375 -4.146360077972776
v -5.8638385625585805 2.94433625 -5.863838305218835
v -5.8638385625585805 3.086914375 -5.863838305218835
v -4.146359712163193 2.94433625 -7.1817063233656855
v -4.146359712163193 3.086914375 -7.1817063233656855
v -2.146314170697231 2.94433625 -8.010152120801274
v -2.146314170697231 3.086914375 -8.010152120801274
v 3.6577494189060644e-7 2.94433625 -8.29271979013597
v 3.6577494189060644e-7 3.086914375 -8.29271979013597
v 2.0975061644292827 3.086914375 -7.827999110355822
v 2.0975061644292827 2.94433625 -7.827999110355822
v 4.052070769579274 2.94433625 -7.018392186245654
v 4.052070769579274 3.086914375 -7.018392186245654
v 5.730493184449729 2.94433625 -5.730493370086734
v 5.730493184449729 3.086914375 -5.730493370086734
v 7.018391966286302 2.94433625 -4.052070629828445
v 7.018391966286302 3.086914375 -4.052070629828445
v 7.827999452937146 2.94433625 -2.0975065455591304
v 7.827999452937146 3.086914375 -2.0975065455591304
v 8.104141480986588 2.94433625 3.996936859262945e-7
v 8.104141480986588 3.086914375 3.996936859262945e-7
v 7.827999110355822 2.94433625 2.0975061644292827
v 7.827999110355822 3.086914375 2.0975061644292827
v 7.018392186245654 2.94433625 4.052070769579274
v 7.018392186245654 3.086914375 4.052070769579274
v -7.018391966286302 2.94433625 4.052070629828445
v -7.018391966286302 3.086914375 4.052070629828445
v -7.827999452937146 2.94433625 2.0975065455591304
v -7.827999452937146 3.086914375 2.0975065455591304
v -8.104141480986588 2.94433625 -3.996936859262945e-7
v -8.104141480986588 3.086914375 -3.996936859262945e-7
v -7.827999110355822 2.94433625 -2.0975061644292827
v -7.827999110355822 3.086914375 -2.0975061644292827
v -7.018392186245654 2.94433625 -4.052070769579274
v -7.018392186245654 3.086914375 -4.052070769579274
v -5.730493370086734 2.94433625 -5.730493184449729
v -5.730493370086734 3.086914375 -5.730493184449729
v -4.052070629828445 2.94433625 -7.018391966286302
v -4.052070629828445 3.086914375 -7.018391966286302
v -2.0975065455591304 2.94433625 -7.827999452937146
v -2.0975065455591304 3.086914375 -7.827999452937146
v 3.996936859262945e-7 2.94433625 -8.104141480986588
v 3.996936859262945e-7 3.086914375 -8.104141480986588
vt 0.078125 0.890625
vt 0.078125 0.890625
vt 0.078125 0.890625
vt 0.078125 0.890625
vt 0.34375 0.890625
vt 0.34375 0.890625
vt 0.34375 0.890625
vt 0.34375 0.890625
vt 0.34375 0.890625
vt 0.34375 0.890625
vt 0.34375 0.890625
vt 0.34375 0.890625
vt 0.078125 0.890625
vt 0.078125 0.890625
vt 0.078125 0.890625
vt 0.078125 0.890625
vt 0.078125 0.890625
vt 0.078125 0.890625
vt 0.078125 0.890625
vt 0.078125 0.890625
vt 0.34375 0.890625
vt 0.34375 0.890625
vt 0.34375 0.890625
vt 0.34375 0.890625
vt 0.34375 0.890625
vt 0.34375 0.890625
vt 0.34375 0.890625
vt 0.34375 0.890625
vt 0.078125 0.890625
vt 0.078125 0.890625
vt 0.078125 0.890625
vt 0.078125 0.890625
vt 0.078125 0.890625
vt 0.078125 0.890625
vt 0.078125 0.890625
vt 0.078125 0.890625
vt 0.34375 0.890625
vt 0.34375 0.890625
vt 0.34375 0.890625
vt 0.34375 0.890625
vt 0.34375 0.890625
vt 0.34375 0.890625
vt 0.34375 0.890625
vt 0.34375 0.890625
vt 0.078125 0.890625
vt 0.078125 0.890625
vt 0.078125 0.890625
vt 0.078125 0.890625
vt 0.078125 0.890625
vt 0.078125 0.890625
vt 0.078125 0.890625
vt 0.078125 0.890625
vt 0.34375 0.890625
vt 0.34375 0.890625
vt 0.34375 0.890625
vt 0.34375 0.890625
vt 0.34375 0.890625
vt 0.34375 0.890625
vt 0.34375 0.890625
vt 0.34375 0.890625
vt 0.078125 0.890625
vt 0.078125 0.890625
vt 0.078125 0.890625
vt 0.078125 0.890625
vt 0.078125 0.890625
vt 0.078125 0.890625
vt 0.078125 0.890625
vt 0.078125 0.890625
vt 0.34375 0.890625
vt 0.34375 0.890625
vt 0.34375 0.890625
vt 0.34375 0.890625
vt 0.34375 0.890625
vt 0.34375 0.890625
vt 0.34375 0.890625
vt 0.34375 0.890625
vt 0.078125 0.890625
vt 0.078125 0.890625
vt 0.078125 0.890625
vt 0.078125 0.890625
vt 0.078125 0.890625
vt 0.078125 0.890625
vt 0.078125 0.890625
vt 0.078125 0.890625
vt 0.34375 0.890625
vt 0.34375 0.890625
vt 0.34375 0.890625
vt 0.34375 0.890625
vt 0.34375 0.890625
vt 0.34375 0.890625
vt 0.34375 0.890625
vt 0.34375 0.890625
vt 0.078125 0.890625
vt 0.078125 0.890625
vt 0.078125 0.890625
vt 0.078125 0.890625
vt 0.078125 0.890625
vt 0.078125 0.890625
vt 0.078125 0.890625
vt 0.078125 0.890625
vt 0.078125 0.890625
vt 0.078125 0.890625
vt 0.078125 0.890625
vt 0.078125 0.890625
vt 0.34375 0.890625
vt 0.34375 0.890625
vt 0.34375 0.890625
vt 0.34375 0.890625
vt 0.34375 0.890625
vt 0.34375 0.890625
vt 0.34375 0.890625
vt 0.34375 0.890625
vt 0.34375 0.890625
vt 0.34375 0.890625
vt 0.34375 0.890625
vt 0.34375 0.890625
vt 0.34375 0.890625
vt 0.34375 0.890625
vt 0.34375 0.890625
vt 0.34375 0.890625
vt 0.078125 0.890625
vt 0.078125 0.890625
vt 0.078125 0.890625
vt 0.078125 0.890625
vt 0.078125 0.890625
vt 0.078125 0.890625
vt 0.078125 0.890625
vt 0.078125 0.890625
vt 0.078125 0.890625
vt 0.078125 0.890625
vt 0.078125 0.890625
vt 0.078125 0.890625
vt 0.078125 0.890625
vt 0.078125 0.890625
vt 0.078125 0.890625
vt 0.078125 0.890625
vt 0.34375 0.890625
vt 0.34375 0.890625
vt 0.34375 0.890625
vt 0.34375 0.890625
vt 0.34375 0.890625
vt 0.34375 0.890625
vt 0.34375 0.890625
vt 0.34375 0.890625
vt 0.34375 0.890625
vt 0.34375 0.890625
vt 0.34375 0.890625
vt 0.34375 0.890625
vt 0.34375 0.890625
vt 0.34375 0.890625
vt 0.34375 0.890625
vt 0.34375 0.890625
vt 0.078125 0.890625
vt 0.078125 0.890625
vt 0.078125 0.890625
vt 0.078125 0.890625
vt 0.078125 0.890625
vt 0.078125 0.890625
vt 0.078125 0.890625
vt 0.078125 0.890625
vt 0.078125 0.890625
vt 0.078125 0.890625
vt 0.078125 0.890625
vt 0.078125 0.890625
vt 0.078125 0.890625
vt 0.078125 0.890625
vt 0.078125 0.890625
vt 0.078125 0.890625
vt 0.34375 0.890625
vt 0.34375 0.890625
vt 0.34375 0.890625
vt 0.34375 0.890625
vt 0.34375 0.890625
vt 0.34375 0.890625
vt 0.34375 0.890625
vt 0.34375 0.890625
vt 0.34375 0.890625
vt 0.34375 0.890625
vt 0.34375 0.890625
vt 0.34375 0.890625
vt 0.34375 0.890625
vt 0.34375 0.890625
vt 0.34375 0.890625
vt 0.34375 0.890625
vt 0.078125 0.890625
vt 0.078125 0.890625
vt 0.078125 0.890625
vt 0.078125 0.890625
vt 0.078125 0.890625
vt 0.078125 0.890625
vt 0.078125 0.890625
vt 0.078125 0.890625
vt 0.078125 0.890625
vt 0.078125 0.890625
vt 0.078125 0.890625
vt 0.078125 0.890625
vt 0.078125 0.890625
vt 0.078125 0.890625
vt 0.078125 0.890625
vt 0.078125 0.890625
vt 0.34375 0.890625
vt 0.34375 0.890625
vt 0.34375 0.890625
vt 0.34375 0.890625
vt 0.34375 0.890625
vt 0.34375 0.890625
vt 0.34375 0.890625
vt 0.34375 0.890625
vt 0.34375 0.890625
vt 0.34375 0.890625
vt 0.34375 0.890625
vt 0.34375 0.890625
vt 0.34375 0.890625
vt 0.34375 0.890625
vt 0.34375 0.890625
vt 0.34375 0.890625
vt 0.078125 0.890625
vt 0.078125 0.890625
vt 0.078125 0.890625
vt 0.078125 0.890625
vt 0.078125 0.890625
vt 0.078125 0.890625
vt 0.078125 0.890625
vt 0.078125 0.890625
vt 0.078125 0.890625
vt 0.078125 0.890625
vt 0.078125 0.890625
vt 0.078125 0.890625
vt 0.078125 0.890625
vt 0.078125 0.890625
vt 0.078125 0.890625
vt 0.078125 0.890625
vt 0.34375 0.890625
vt 0.34375 0.890625
vt 0.34375 0.890625
vt 0.34375 0.890625
vt 0.34375 0.890625
vt 0.34375 0.890625
vt 0.34375 0.890625
vt 0.34375 0.890625
vt 0.34375 0.890625
vt 0.34375 0.890625
vt 0.34375 0.890625
vt 0.34375 0.890625
vt 0.34375 0.890625
vt 0.34375 0.890625
vt 0.34375 0.890625
vt 0.34375 0.890625
vt 0.078125 0.890625
vt 0.078125 0.890625
vt 0.078125 0.890625
vt 0.078125 0.890625
vt 0.078125 0.890625
vt 0.078125 0.890625
vt 0.078125 0.890625
vt 0.078125 0.890625
vt 0.078125 0.890625
vt 0.078125 0.890625
vt 0.078125 0.890625
vt 0.078125 0.890625
vt 0.34375 0.890625
vt 0.34375 0.890625
vt 0.34375 0.890625
vt 0.34375 0.890625
vt 0.34375 0.890625
vt 0.34375 0.890625
vt 0.34375 0.890625
vt 0.34375 0.890625
vt 0.34375 0.890625
vt 0.34375 0.890625
vt 0.34375 0.890625
vt 0.34375 0.890625
vt 0.34375 0.890625
vt 0.34375 0.890625
vt 0.34375 0.890625
vt 0.34375 0.890625
vt 0.078125 0.890625
vt 0.078125 0.890625
vt 0.078125 0.890625
vt 0.078125 0.890625
vt 0.078125 0.890625
vt 0.078125 0.890625
vt 0.078125 0.890625
vt 0.078125 0.890625
vt 0.65625 0.875
vt 0.65625 0.875
vt 0.65625 0.875
vt 0.65625 0.875
vt 0.65625 0.875
vt 0.65625 0.875
vt 0.65625 0.875
vt 0.65625 0.875
vt 0.65625 0.875
vt 0.65625 0.875
vt 0.65625 0.875
vt 0.65625 0.875
vt 0.65625 0.875
vt 0.65625 0.875
vt 0.65625 0.875
vt 0.65625 0.875
vt 0.65625 0.875
vt 0.65625 0.875
vt 0.65625 0.875
vt 0.65625 0.875
vt 0.65625 0.875
vt 0.65625 0.875
vt 0.65625 0.875
vt 0.65625 0.875
vt 0.65625 0.875
vt 0.65625 0.875
vt 0.65625 0.875
vt 0.65625 0.875
vt 0.65625 0.875
vt 0.65625 0.875
vt 0.65625 0.875
vt 0.65625 0.875
vt 0.65625 0.875
vt 0.65625 0.875
vt 0.65625 0.875
vt 0.65625 0.875
vt 0.65625 0.875
vt 0.65625 0.875
vt 0.65625 0.875
vt 0.65625 0.875
vt 0.65625 0.875
vt 0.65625 0.875
vt 0.65625 0.875
vt 0.65625 0.875
vt 0.65625 0.875
vt 0.65625 0.875
vt 0.65625 0.875
vt 0.65625 0.875
vt 0.65625 0.875
vt 0.65625 0.875
vt 0.65625 0.875
vt 0.65625 0.875
vt 0.65625 0.875
vt 0.65625 0.875
vt 0.65625 0.875
vt 0.65625 0.875
vt 0.65625 0.875
vt 0.65625 0.875
vt 0.65625 0.875
vt 0.65625 0.875
vt 0.65625 0.875
vt 0.65625 0.875
vt 0.65625 0.875
vt 0.65625 0.875
vt 0.078125 0.890625
vt 0.078125 0.890625
vt 0.078125 0.890625
vt 0.078125 0.890625
vt 0.34375 0.890625
vt 0.34375 0.890625
vt 0.34375 0.890625
vt 0.34375 0.890625
vt 0.34375 0.890625
vt 0.34375 0.890625
vt 0.34375 0.890625
vt 0.34375 0.890625
vt 0.078125 0.890625
vt 0.078125 0.890625
vt 0.078125 0.890625
vt 0.078125 0.890625
vt 0.078125 0.890625
vt 0.078125 0.890625
vt 0.078125 0.890625
vt 0.078125 0.890625
vt 0.34375 0.890625
vt 0.34375 0.890625
vt 0.34375 0.890625
vt 0.34375 0.890625
vt 0.34375 0.890625
vt 0.34375 0.890625
vt 0.34375 0.890625
vt 0.34375 0.890625
vt 0.078125 0.890625
vt 0.078125 0.890625
vt 0.078125 0.890625
vt 0.078125 0.890625
vt 0.078125 0.890625
vt 0.078125 0.890625
vt 0.078125 0.890625
vt 0.078125 0.890625
vt 0.34375 0.890625
vt 0.34375 0.890625
vt 0.34375 0.890625
vt 0.34375 0.890625
vt 0.34375 0.890625
vt 0.34375 0.890625
vt 0.34375 0.890625
vt 0.34375 0.890625
vt 0.078125 0.890625
vt 0.078125 0.890625
vt 0.078125 0.890625
vt 0.078125 0.890625
vt 0.078125 0.890625
vt 0.078125 0.890625
vt 0.078125 0.890625
vt 0.078125 0.890625
vt 0.34375 0.890625
vt 0.34375 0.890625
vt 0.34375 0.890625
vt 0.34375 0.890625
vt 0.34375 0.890625
vt 0.34375 0.890625
vt 0.34375 0.890625
vt 0.34375 0.890625
vt 0.078125 0.890625
vt 0.078125 0.890625
vt 0.078125 0.890625
vt 0.078125 0.890625
vt 0.078125 0.890625
vt 0.078125 0.890625
vt 0.078125 0.890625
vt 0.078125 0.890625
vt 0.34375 0.890625
vt 0.34375 0.890625
vt 0.34375 0.890625
vt 0.34375 0.890625
vt 0.34375 0.890625
vt 0.34375 0.890625
vt 0.34375 0.890625
vt 0.34375 0.890625
vt 0.078125 0.890625
vt 0.078125 0.890625
vt 0.078125 0.890625
vt 0.078125 0.890625
vt 0.078125 0.890625
vt 0.078125 0.890625
vt 0.078125 0.890625
vt 0.078125 0.890625
vt 0.34375 0.890625
vt 0.34375 0.890625
vt 0.34375 0.890625
vt 0.34375 0.890625
vt 0.34375 0.890625
vt 0.34375 0.890625
vt 0.34375 0.890625
vt 0.34375 0.890625
vt 0.078125 0.890625
vt 0.078125 0.890625
vt 0.078125 0.890625
vt 0.078125 0.890625
vt 0.078125 0.890625
vt 0.078125 0.890625
vt 0.078125 0.890625
vt 0.078125 0.890625
vt 0.078125 0.890625
vt 0.078125 0.890625
vt 0.078125 0.890625
vt 0.078125 0.890625
vt 0.34375 0.890625
vt 0.34375 0.890625
vt 0.34375 0.890625
vt 0.34375 0.890625
vt 0.34375 0.890625
vt 0.34375 0.890625
vt 0.34375 0.890625
vt 0.34375 0.890625
vt 0.34375 0.890625
vt 0.34375 0.890625
vt 0.34375 0.890625
vt 0.34375 0.890625
vt 0.34375 0.890625
vt 0.34375 0.890625
vt 0.34375 0.890625
vt 0.34375 0.890625
vt 0.078125 0.890625
vt 0.078125 0.890625
vt 0.078125 0.890625
vt 0.078125 0.890625
vt 0.078125 0.890625
vt 0.078125 0.890625
vt 0.078125 0.890625
vt 0.078125 0.890625
vt 0.078125 0.890625
vt 0.078125 0.890625
vt 0.078125 0.890625
vt 0.078125 0.890625
vt 0.078125 0.890625
vt 0.078125 0.890625
vt 0.078125 0.890625
vt 0.078125 0.890625
vt 0.34375 0.890625
vt 0.34375 0.890625
vt 0.34375 0.890625
vt 0.34375 0.890625
vt 0.34375 0.890625
vt 0.34375 0.890625
vt 0.34375 0.890625
vt 0.34375 0.890625
vt 0.34375 0.890625
vt 0.34375 0.890625
vt 0.34375 0.890625
vt 0.34375 0.890625
vt 0.34375 0.890625
vt 0.34375 0.890625
vt 0.34375 0.890625
vt 0.34375 0.890625
vt 0.078125 0.890625
vt 0.078125 0.890625
vt 0.078125 0.890625
vt 0.078125 0.890625
vt 0.078125 0.890625
vt 0.078125 0.890625
vt 0.078125 0.890625
vt 0.078125 0.890625
vt 0.078125 0.890625
vt 0.078125 0.890625
vt 0.078125 0.890625
vt 0.078125 0.890625
vt 0.078125 0.890625
vt 0.078125 0.890625
vt 0.078125 0.890625
vt 0.078125 0.890625
vt 0.34375 0.890625
vt 0.34375 0.890625
vt 0.34375 0.890625
vt 0.34375 0.890625
vt 0.34375 0.890625
vt 0.34375 0.890625
vt 0.34375 0.890625
vt 0.34375 0.890625
vt 0.34375 0.890625
vt 0.34375 0.890625
vt 0.34375 0.890625
vt 0.34375 0.890625
vt 0.34375 0.890625
vt 0.34375 0.890625
vt 0.34375 0.890625
vt 0.34375 0.890625
vt 0.078125 0.890625
vt 0.078125 0.890625
vt 0.078125 0.890625
vt 0.078125 0.890625
vt 0.078125 0.890625
vt 0.078125 0.890625
vt 0.078125 0.890625
vt 0.078125 0.890625
vt 0.078125 0.890625
vt 0.078125 0.890625
vt 0.078125 0.890625
vt 0.078125 0.890625
vt 0.078125 0.890625
vt 0.078125 0.890625
vt 0.078125 0.890625
vt 0.078125 0.890625
vt 0.34375 0.890625
vt 0.34375 0.890625
vt 0.34375 0.890625
vt 0.34375 0.890625
vt 0.34375 0.890625
vt 0.34375 0.890625
vt 0.34375 0.890625
vt 0.34375 0.890625
vt 0.078125 0.890625
vt 0.078125 0.890625
vt 0.078125 0.890625
vt 0.078125 0.890625
vt 0.078125 0.890625
vt 0.078125 0.890625
vt 0.078125 0.890625
vt 0.078125 0.890625
vt 0.078125 0.890625
vt 0.078125 0.890625
vt 0.078125 0.890625
vt 0.078125 0.890625
vt 0.078125 0.890625
vt 0.078125 0.890625
vt 0.078125 0.890625
vt 0.078125 0.890625
vt 0.34375 0.890625
vt 0.34375 0.890625
vt 0.34375 0.890625
vt 0.34375 0.890625
vt 0.34375 0.890625
vt 0.34375 0.890625
vt 0.34375 0.890625
vt 0.34375 0.890625
vt 0.34375 0.890625
vt 0.34375 0.890625
vt 0.34375 0.890625
vt 0.34375 0.890625
vt 0.34375 0.890625
vt 0.34375 0.890625
vt 0.34375 0.890625
vt 0.34375 0.890625
vt 0.078125 0.890625
vt 0.078125 0.890625
vt 0.078125 0.890625
vt 0.078125 0.890625
vt 0.078125 0.890625
vt 0.078125 0.890625
vt 0.078125 0.890625
vt 0.078125 0.890625
vt 0.078125 0.890625
vt 0.078125 0.890625
vt 0.078125 0.890625
vt 0.078125 0.890625
vt 0.078125 0.890625
vt 0.078125 0.890625
vt 0.078125 0.890625
vt 0.078125 0.890625
vt 0.34375 0.890625
vt 0.34375 0.890625
vt 0.34375 0.890625
vt 0.34375 0.890625
vt 0.34375 0.890625
vt 0.34375 0.890625
vt 0.34375 0.890625
vt 0.34375 0.890625
vt 0.34375 0.890625
vt 0.34375 0.890625
vt 0.34375 0.890625
vt 0.34375 0.890625
vt 0.34375 0.890625
vt 0.34375 0.890625
vt 0.34375 0.890625
vt 0.34375 0.890625
vt 0.078125 0.890625
vt 0.078125 0.890625
vt 0.078125 0.890625
vt 0.078125 0.890625
vt 0.078125 0.890625
vt 0.078125 0.890625
vt 0.078125 0.890625
vt 0.078125 0.890625
vt 0.84375 0.84375
vt 0.84375 0.84375
vt 0.84375 0.84375
vt 0.84375 0.84375
vt 0.84375 0.84375
vt 0.84375 0.84375
vt 0.84375 0.84375
vt 0.84375 0.84375
vt 0.84375 0.84375
vt 0.84375 0.84375
vt 0.84375 0.84375
vt 0.84375 0.84375
vt 0.84375 0.84375
vt 0.84375 0.84375
vt 0.84375 0.84375
vt 0.84375 0.84375
vt 0.84375 0.84375
vt 0.84375 0.84375
vt 0.84375 0.84375
vt 0.84375 0.84375
vt 0.84375 0.84375
vt 0.84375 0.84375
vt 0.84375 0.84375
vt 0.84375 0.84375
vt 0.84375 0.84375
vt 0.84375 0.84375
vt 0.84375 0.84375
vt 0.84375 0.84375
vt 0.84375 0.84375
vt 0.84375 0.84375
vt 0.84375 0.84375
vt 0.84375 0.84375
vt 0.84375 0.84375
vt 0.84375 0.84375
vt 0.84375 0.84375
vt 0.84375 0.84375
vt 0.84375 0.84375
vt 0.84375 0.84375
vt 0.84375 0.84375
vt 0.84375 0.84375
vt 0.84375 0.84375
vt 0.84375 0.84375
vt 0.84375 0.84375
vt 0.84375 0.84375
vt 0.84375 0.84375
vt 0.84375 0.84375
vt 0.84375 0.84375
vt 0.84375 0.84375
vt 0.84375 0.84375
vt 0.84375 0.84375
vt 0.84375 0.84375
vt 0.84375 0.84375
vt 0.84375 0.84375
vt 0.84375 0.84375
vt 0.84375 0.84375
vt 0.84375 0.84375
vt 0.84375 0.84375
vt 0.84375 0.84375
vt 0.84375 0.84375
vt 0.84375 0.84375
vt 0.84375 0.84375
vt 0.84375 0.84375
vt 0.84375 0.84375
vt 0.84375 0.84375
vt 0.84375 0.84375
vt 0.84375 0.84375
vt 0.84375 0.84375
vt 0.84375 0.84375
vt 0.84375 0.84375
vt 0.84375 0.84375
vt 0.84375 0.84375
vt 0.84375 0.84375
vt 0.84375 0.84375
vt 0.84375 0.84375
vt 0.84375 0.84375
vt 0.84375 0.84375
vt 0.84375 0.84375
vt 0.84375 0.84375
vt 0.84375 0.84375
vt 0.84375 0.84375
vt 0.84375 0.84375
vt 0.84375 0.84375
vt 0.84375 0.84375
vt 0.84375 0.84375
vt 0.84375 0.84375
vt 0.84375 0.84375
vt 0.84375 0.84375
vt 0.84375 0.84375
vt 0.84375 0.84375
vt 0.84375 0.84375
vt 0.84375 0.84375
vt 0.84375 0.84375
vt 0.84375 0.84375
vt 0.84375 0.84375
vt 0.84375 0.84375
vt 0.84375 0.84375
vt 0.84375 0.84375
vt 0.84375 0.84375
vt 0.84375 0.84375
vt 0.84375 0.84375
vt 0.84375 0.84375
vt 0.84375 0.84375
vt 0.84375 0.84375
vt 0.84375 0.84375
vt 0.84375 0.84375
vt 0.84375 0.84375
vt 0.84375 0.84375
vt 0.84375 0.84375
vt 0.84375 0.84375
vt 0.84375 0.84375
vt 0.84375 0.84375
vt 0.84375 0.84375
vt 0.84375 0.84375
vt 0.84375 0.84375
vt 0.84375 0.84375
vt 0.84375 0.84375
vt 0.84375 0.84375
vt 0.84375 0.84375
vt 0.84375 0.84375
vt 0.84375 0.84375
vt 0.84375 0.84375
vt 0.84375 0.84375
vt 0.84375 0.84375
vt 0.84375 0.84375
vt 0.84375 0.84375
vt 0.84375 0.84375
vt 0.84375 0.84375
vt 0.84375 0.84375
vt 0.65625 0.875
vt 0.65625 0.875
vt 0.65625 0.875
vt 0.65625 0.875
vt 0.65625 0.875
vt 0.65625 0.875
vt 0.65625 0.875
vt 0.65625 0.875
vt 0.65625 0.875
vt 0.65625 0.875
vt 0.65625 0.875
vt 0.65625 0.875
vt 0.65625 0.875
vt 0.65625 0.875
vt 0.65625 0.875
vt 0.65625 0.875
vt 0.65625 0.875
vt 0.65625 0.875
vt 0.65625 0.875
vt 0.65625 0.875
vt 0.65625 0.875
vt 0.65625 0.875
vt 0.65625 0.875
vt 0.65625 0.875
vt 0.65625 0.875
vt 0.65625 0.875
vt 0.65625 0.875
vt 0.65625 0.875
vt 0.65625 0.875
vt 0.65625 0.875
vt 0.65625 0.875
vt 0.65625 0.875
vt 0.65625 0.875
vt 0.65625 0.875
vt 0.65625 0.875
vt 0.65625 0.875
vt 0.65625 0.875
vt 0.65625 0.875
vt 0.65625 0.875
vt 0.65625 0.875
vt 0.65625 0.875
vt 0.65625 0.875
vt 0.65625 0.875
vt 0.65625 0.875
vt 0.65625 0.875
vt 0.65625 0.875
vt 0.65625 0.875
vt 0.65625 0.875
vt 0.65625 0.875
vt 0.65625 0.875
vt 0.65625 0.875
vt 0.65625 0.875
vt 0.65625 0.875
vt 0.65625 0.875
vt 0.65625 0.875
vt 0.65625 0.875
vt 0.65625 0.875
vt 0.65625 0.875
vt 0.65625 0.875
vt 0.65625 0.875
vt 0.65625 0.875
vt 0.65625 0.875
vt 0.65625 0.875
vt 0.65625 0.875
vt 0.65625 0.875
vt 0.65625 0.875
vt 0.65625 0.875
vt 0.65625 0.875
vt 0.65625 0.875
vt 0.65625 0.875
vt 0.65625 0.875
vt 0.65625 0.875
vt 0.65625 0.875
vt 0.65625 0.875
vt 0.65625 0.875
vt 0.65625 0.875
vt 0.65625 0.875
vt 0.65625 0.875
vt 0.65625 0.875
vt 0.65625 0.875
vt 0.65625 0.875
vt 0.65625 0.875
vt 0.65625 0.875
vt 0.65625 0.875
vt 0.65625 0.875
vt 0.65625 0.875
vt 0.65625 0.875
vt 0.65625 0.875
vt 0.65625 0.875
vt 0.65625 0.875
vt 0.65625 0.875
vt 0.65625 0.875
vt 0.65625 0.875
vt 0.65625 0.875
vt 0.65625 0.875
vt 0.65625 0.875
vt 0.65625 0.875
vt 0.65625 0.875
vt 0.65625 0.875
vt 0.65625 0.875
vt 0.65625 0.875
vt 0.65625 0.875
vt 0.65625 0.875
vt 0.65625 0.875
vt 0.65625 0.875
vt 0.65625 0.875
vt 0.65625 0.875
vt 0.65625 0.875
vt 0.65625 0.875
vt 0.65625 0.875
vt 0.65625 0.875
vt 0.65625 0.875
vt 0.65625 0.875
vt 0.65625 0.875
vt 0.65625 0.875
vt 0.65625 0.875
vt 0.65625 0.875
vt 0.65625 0.875
vt 0.65625 0.875
vt 0.65625 0.875
vt 0.65625 0.875
vt 0.65625 0.875
vt 0.65625 0.875
vt 0.65625 0.875
vt 0.65625 0.875
vt 0.65625 0.875
vt 0.65625 0.875
vt 0.65625 0.875
vt 0.65625 0.875
vt 0.65625 0.875
vt 0.65625 0.875
vt 0.65625 0.875
vt 0.65625 0.875
vt 0.65625 0.875
vt 0.65625 0.875
vt 0.65625 0.875
vt 0.65625 0.875
vt 0.65625 0.875
vt 0.65625 0.875
vt 0.65625 0.875
vt 0.65625 0.875
vt 0.65625 0.875
vt 0.65625 0.875
vt 0.65625 0.875
vt 0.65625 0.875
vt 0.65625 0.875
vt 0.65625 0.875
vt 0.65625 0.875
vt 0.65625 0.875
vt 0.65625 0.875
vt 0.65625 0.875
vt 0.65625 0.875
vt 0.65625 0.875
vt 0.65625 0.875
vt 0.65625 0.875
vt 0.65625 0.875
vt 0.65625 0.875
vt 0.65625 0.875
vt 0.65625 0.875
vt 0.65625 0.875
vt 0.65625 0.875
vt 0.65625 0.875
vt 0.65625 0.875
vt 0.65625 0.875
vt 0.65625 0.875
vt 0.65625 0.875
vt 0.65625 0.875
vt 0.65625 0.875
vt 0.65625 0.875
vt 0.65625 0.875
vt 0.65625 0.875
vt 0.65625 0.875
vt 0.65625 0.875
vt 0.65625 0.875
vt 0.65625 0.875
vt 0.65625 0.875
vt 0.65625 0.875
vt 0.65625 0.875
vt 0.65625 0.875
vt 0.65625 0.875
vt 0.65625 0.875
vt 0.65625 0.875
vt 0.65625 0.875
vt 0.65625 0.875
vt 0.65625 0.875
vt 0.65625 0.875
vt 0.65625 0.875
vt 0.65625 0.875
vt 0.65625 0.875
vt 0.65625 0.875
vt 0.65625 0.875
vt 0.65625 0.875
vt 0.65625 0.875
vt 0.65625 0.875
vt 0.65625 0.875
vt 0.65625 0.875
vt 0.65625 0.875
vt 0.65625 0.875
vt 0.65625 0.875
vt 0.65625 0.875
vt 0.65625 0.875
vt 0.65625 0.875
vt 0.65625 0.875
vt 0.65625 0.875
vt 0.65625 0.875
vt 0.65625 0.875
vt 0.65625 0.875
vt 0.65625 0.875
vt 0.65625 0.875
vt 0.65625 0.875
vt 0.65625 0.875
vt 0.65625 0.875
vt 0.65625 0.875
vt 0.65625 0.875
vt 0.65625 0.875
vt 0.65625 0.875
vt 0.65625 0.875
vt 0.65625 0.875
vt 0.65625 0.875
vt 0.65625 0.875
vt 0.65625 0.875
vt 0.65625 0.875
vt 0.65625 0.875
vt 0.65625 0.875
vt 0.65625 0.875
vt 0.65625 0.875
vt 0.65625 0.875
vt 0.65625 0.875
vt 0.65625 0.875
vt 0.65625 0.875
vt 0.65625 0.875
vt 0.65625 0.875
vt 0.65625 0.875
vt 0.65625 0.875
vt 0.65625 0.875
vt 0.65625 0.875
vt 0.65625 0.875
vt 0.65625 0.875
vt 0.65625 0.875
vt 0.65625 0.875
vt 0.65625 0.875
vt 0.65625 0.875
vt 0.65625 0.875
vt 0.65625 0.875
vt 0.65625 0.875
vt 0.65625 0.875
vt 0.65625 0.875
vt 0.65625 0.875
vt 0.65625 0.875
vt 0.65625 0.875
vt 0.65625 0.875
vt 0.65625 0.875
vt 0.65625 0.875
vt 0.65625 0.875
vt 0.65625 0.875
vt 0.65625 0.875
vt 0.109375 0.375
vt 0.109375 0.375
vt 0.109375 0.375
vt 0.109375 0.375
vt 0.109375 0.375
vt 0.109375 0.375
vt 0.109375 0.375
vt 0.109375 0.375
vt 0.109375 0.375
vt 0.109375 0.375
vt 0.109375 0.375
vt 0.109375 0.375
vt 0.109375 0.375
vt 0.109375 0.375
vt 0.109375 0.375
vt 0.109375 0.375
vt 0.109375 0.375
vt 0.109375 0.375
vt 0.109375 0.375
vt 0.109375 0.375
vt 0.109375 0.375
vt 0.109375 0.375
vt 0.109375 0.375
vt 0.109375 0.375
vt 0.109375 0.375
vt 0.109375 0.375
vt 0.109375 0.375
vt 0.109375 0.375
vt 0.109375 0.375
vt 0.109375 0.375
vt 0.109375 0.375
vt 0.109375 0.375
vt 0.109375 0.375
vt 0.109375 0.375
vt 0.109375 0.375
vt 0.109375 0.375
vt 0.109375 0.375
vt 0.109375 0.375
vt 0.109375 0.375
vt 0.109375 0.375
vt 0.109375 0.375
vt 0.109375 0.375
vt 0.109375 0.375
vt 0.109375 0.375
vt 0.109375 0.375
vt 0.109375 0.375
vt 0.109375 0.375
vt 0.109375 0.375
vt 0.109375 0.375
vt 0.109375 0.375
vt 0.109375 0.375
vt 0.109375 0.375
vt 0.109375 0.375
vt 0.109375 0.375
vt 0.109375 0.375
vt 0.109375 0.375
vt 0.109375 0.375
vt 0.109375 0.375
vt 0.109375 0.375
vt 0.109375 0.375
vt 0.109375 0.375
vt 0.109375 0.375
vt 0.109375 0.375
vt 0.109375 0.375
vt 0.109375 0.375
vt 0.109375 0.375
vt 0.109375 0.375
vt 0.109375 0.375
vt 0.109375 0.375
vt 0.109375 0.375
vt 0.109375 0.375
vt 0.109375 0.375
vt 0.109375 0.375
vt 0.109375 0.375
vt 0.109375 0.375
vt 0.109375 0.375
vt 0.109375 0.375
vt 0.109375 0.375
vt 0.109375 0.375
vt 0.109375 0.375
vt 0.109375 0.375
vt 0.109375 0.375
vt 0.109375 0.375
vt 0.109375 0.375
vt 0.109375 0.375
vt 0.109375 0.375
vt 0.109375 0.375
vt 0.109375 0.375
vt 0.109375 0.375
vt 0.109375 0.375
vt 0.109375 0.375
vt 0.109375 0.375
vt 0.109375 0.375
vt 0.109375 0.375
vt 0.109375 0.375
vt 0.109375 0.375
vt 0.109375 0.375
vt 0.109375 0.375
vt 0.109375 0.375
vt 0.109375 0.375
vt 0.109375 0.375
vt 0.109375 0.375
vt 0.109375 0.375
vt 0.109375 0.375
vt 0.109375 0.375
vt 0.109375 0.375
vt 0.109375 0.375
vt 0.109375 0.375
vt 0.109375 0.375
vt 0.109375 0.375
vt 0.109375 0.375
vt 0.109375 0.375
vt 0.109375 0.375
vt 0.109375 0.375
vt 0.109375 0.375
vt 0.109375 0.375
vt 0.109375 0.375
vt 0.109375 0.375
vt 0.109375 0.375
vt 0.109375 0.375
vt 0.109375 0.375
vt 0.109375 0.375
vt 0.109375 0.375
vt 0.109375 0.375
vt 0.109375 0.375
vt 0.109375 0.375
vt 0.109375 0.375
vt 0.109375 0.375
vt 0.65625 0.890625
vt 0.65625 0.890625
vt 0.65625 0.890625
vt 0.65625 0.890625
vt 0.65625 0.890625
vt 0.65625 0.890625
vt 0.65625 0.890625
vt 0.65625 0.890625
vt 0.65625 0.890625
vt 0.65625 0.890625
vt 0.65625 0.890625
vt 0.65625 0.890625
vt 0.65625 0.890625
vt 0.65625 0.890625
vt 0.65625 0.890625
vt 0.65625 0.890625
vt 0.65625 0.890625
vt 0.65625 0.890625
vt 0.65625 0.890625
vt 0.65625 0.890625
vt 0.65625 0.890625
vt 0.65625 0.890625
vt 0.65625 0.890625
vt 0.65625 0.890625
vt 0.65625 0.890625
vt 0.65625 0.890625
vt 0.65625 0.890625
vt 0.65625 0.890625
vt 0.65625 0.890625
vt 0.65625 0.890625
vt 0.65625 0.890625
vt 0.65625 0.890625
vt 0.65625 0.890625
vt 0.65625 0.890625
vt 0.65625 0.890625
vt 0.65625 0.890625
vt 0.65625 0.890625
vt 0.65625 0.890625
vt 0.65625 0.890625
vt 0.65625 0.890625
vt 0.65625 0.890625
vt 0.65625 0.890625
vt 0.65625 0.890625
vt 0.65625 0.890625
vt 0.65625 0.890625
vt 0.65625 0.890625
vt 0.65625 0.890625
vt 0.65625 0.890625
vt 0.65625 0.890625
vt 0.65625 0.890625
vt 0.65625 0.890625
vt 0.65625 0.890625
vt 0.65625 0.890625
vt 0.65625 0.890625
vt 0.65625 0.890625
vt 0.65625 0.890625
vt 0.65625 0.890625
vt 0.65625 0.890625
vt 0.65625 0.890625
vt 0.65625 0.890625
vt 0.65625 0.890625
vt 0.65625 0.890625
vt 0.65625 0.890625
vt 0.65625 0.890625
vt 0.65625 0.890625
vt 0.65625 0.890625
vt 0.65625 0.890625
vt 0.65625 0.890625
vt 0.65625 0.890625
vt 0.65625 0.890625
vt 0.65625 0.890625
vt 0.65625 0.890625
vt 0.65625 0.890625
vt 0.65625 0.890625
vt 0.65625 0.890625
vt 0.65625 0.890625
vt 0.65625 0.890625
vt 0.65625 0.890625
vt 0.65625 0.890625
vt 0.65625 0.890625
vt 0.65625 0.890625
vt 0.65625 0.890625
vt 0.65625 0.890625
vt 0.65625 0.890625
vt 0.65625 0.890625
vt 0.65625 0.890625
vt 0.65625 0.890625
vt 0.65625 0.890625
vt 0.65625 0.890625
vt 0.65625 0.890625
vt 0.65625 0.890625
vt 0.65625 0.890625
vt 0.65625 0.890625
vt 0.65625 0.890625
vt 0.65625 0.890625
vt 0.65625 0.890625
vt 0.65625 0.890625
vt 0.65625 0.890625
vt 0.65625 0.890625
vt 0.65625 0.890625
vt 0.65625 0.890625
vt 0.65625 0.890625
vt 0.65625 0.890625
vt 0.65625 0.890625
vt 0.65625 0.890625
vt 0.65625 0.890625
vt 0.65625 0.890625
vt 0.65625 0.890625
vt 0.65625 0.890625
vt 0.65625 0.890625
vt 0.65625 0.890625
vt 0.65625 0.890625
vt 0.65625 0.890625
vt 0.65625 0.890625
vt 0.65625 0.890625
vt 0.65625 0.890625
vt 0.65625 0.890625
vt 0.65625 0.890625
vt 0.65625 0.890625
vt 0.65625 0.890625
vt 0.65625 0.890625
vt 0.65625 0.890625
vt 0.65625 0.890625
vt 0.65625 0.890625
vt 0.65625 0.890625
vt 0.65625 0.890625
vt 0.65625 0.890625
vt 0.65625 0.890625
vt 0.34375 0.890625
vt 0.34375 0.890625
vt 0.34375 0.890625
vt 0.34375 0.890625
vt 0.34375 0.890625
vt 0.34375 0.890625
vt 0.34375 0.890625
vt 0.34375 0.890625
vn -0.38268349750879493 0 -0.9238795055278779
vn -0.6087614053598938 0 -0.7933533584376177
vn -0.7933533402912352 0 -0.6087614290087207
vn 0.9238795439185795 0 0.3826834048254478
vn 0.9914448521702706 0 0.13052626212785892
vn 0.9914448613738104 0 -0.13052619222005157
vn 0.9238795055278779 0 -0.38268349750879493
vn 0.7933533584376177 0 -0.6087614053598938
vn 0.6087614290087207 0 -0.7933533402912352
vn 0.3826834048254478 0 -0.9238795439185795
vn 0.13052626212785892 0 -0.9914448521702706
vn -0.13052619222005157 0 -0.9914448613738104
vn -0.38268349750879493 0 -0.9238795055278779
vn -0.6087614053598938 0 -0.7933533584376177
vn -0.7933533402912352 0 -0.6087614290087207
vn -0.9238795439185795 0 -0.3826834048254478
vn -0.9914448521702706 0 -0.13052626212785892
vn -0.9914448613738104 0 0.13052619222005157
vn -0.9238795055278779 0 0.38268349750879493
vn 0.7933533584376177 0 -0.6087614053598938
vn 0.6087614290087207 0 -0.7933533402912352
vn 0.3826834048254478 0 -0.9238795439185795
vn 0.13052626212785892 0 -0.9914448521702706
vn -0.13052619222005157 0 -0.9914448613738104
vn 0 -1 0
vn 0 1 0
vn 0 -1 0
vn 0 1 0
vn 0 -1 0
vn 0 1 0
vn 0 -1 0
vn 0 1 0
vn 0 -1 0
vn 0 1 0
vn 0 -1 0
vn 0 1 0
vn 0 -1 0
vn 0 1 0
vn 0 -1 0
vn 0 1 0
vn 0 -1 0
vn 0 1 0
vn 0 -1 0
vn 0 1 0
vn 0 -1 0
vn 0 1 0
vn 0 -1 0
vn 0 1 0
vn 0 -1 0
vn 0 1 0
vn 0 -1 0
vn 0 1 0
vn 0 -1 0
vn 0 1 0
vn 0 -1 0
vn 0 1 0
vn 0 -1 0
vn 0 1 0
vn 0 -1 0
vn 0 1 0
vn 0 -1 0
vn 0 1 0
vn 0 -1 0
vn 0 1 0
vn 0 1 0
vn 0 -1 0
vn 0 1 0
vn 0 -1 0
vn 0 1 0
vn 0 -1 0
vn 0 1 0
vn 0.9238794432007856 0 -0.3826836479796419
vn 0.9914448613738104 0 -0.13052619222005157
vn 0.9914448309116434 0 0.1305264236029746
vn 0.923879573267309 0 0.38268333397133336
vn 0.7933533402912353 0 0.6087614290087207
vn 0.608761344516085 0 0.7933534051247079
vn 0.3826836479796419 0 0.9238794432007856
vn 0.13052619222005157 0 0.9914448613738104
vn -0.1305264236029746 0 0.9914448309116434
vn -0.38268333397133336 0 0.923879573267309
vn -0.6087614290087207 0 0.7933533402912353
vn -0.7933534051247079 0 0.608761344516085
vn -0.9238794432007856 0 0.3826836479796419
vn -0.9914448613738104 0 0.13052619222005157
vn -0.9914448309116434 0 -0.1305264236029746
vn -0.923879573267309 0 -0.38268333397133336
vn 0 1 0
vn 0 1 0
vn 0 1 0
vn 0.14551591381026027 0.9567133683450426 -0.252040968213201
vn 0 1 0
vn 0 1 0
vn 0 1 0
vn 0 1 0
vn 0 1 0
vn 0 1 0
vn 0 1 0
vn 0 1 0
vn 0 1 0
vn 0 1 0
vn 0 1 0
vn 0 1 0
vn 0 1 0
vn 0 1 0
vn -0.07532457905518718 0.9567133657721849 -0.28111517842872963
vn 0 1 0
vn 0 1 0
vn 0 1 0
vn 0 1 0
vn 0 1 0
vn -0.7933533249232357 0 0.608761449036687
vn 0.7933533584376177 0 -0.6087614053598939
vn -0.9238795384942116 0 0.3826834179210312
vn 0.9238795055278781 0 -0.38268349750879493
vn -0.9914448613738104 0 0.13052619222005157
vn 0.9914448613738104 0 -0.13052619222005157
vn -0.9914448634144746 0 -0.1305261767196675
vn 0.9914448521702706 0 0.13052626212785887
vn -0.9238795228505584 0 -0.38268345568815076
vn 0.9238795439185795 0 0.3826834048254478
vn -0.7933533402912352 0 -0.6087614290087207
vn 0.7933533402912352 0 0.6087614290087207
vn -0.608761449036687 0 -0.7933533249232357
vn 0.6087614053598939 0 0.7933533584376177
vn -0.3826834179210312 0 -0.9238795384942116
vn 0.38268349750879493 0 0.9238795055278781
vn -0.13052619222005157 0 -0.9914448613738104
vn 0.13052619222005157 0 0.9914448613738104
vn 0.13052617671966757 0 -0.9914448634144746
vn -0.13052626212785887 0 0.9914448521702706
vn 0.38268345568815076 0 -0.9238795228505584
vn -0.3826834048254478 0 0.9238795439185795
vn 0.6087614290087207 0 -0.7933533402912352
vn -0.6087614290087207 0 0.7933533402912352
vn 0.7933533249232357 0 -0.608761449036687
vn -0.7933533584376177 0 0.6087614053598939
vn 0.9914448613738104 0 -0.13052619222005157
vn -0.9914448613738104 0 0.13052619222005157
vn 0.9914448634144746 0 0.1305261767196675
vn -0.9914448521702706 0 -0.13052626212785887
vn 0.9238795228505584 0 0.38268345568815076
vn -0.9238795439185795 0 -0.3826834048254478
vn 0.7933533402912352 0 0.6087614290087207
vn -0.7933533402912352 0 -0.6087614290087207
vn 0.608761449036687 0 0.7933533249232357
vn -0.6087614053598939 0 -0.7933533584376177
vn 0.3826834179210312 0 0.9238795384942116
vn -0.38268349750879493 0 -0.9238795055278781
vn 0.13052619222005157 0 0.9914448613738104
vn -0.13052619222005157 0 -0.9914448613738104
vn -0.1305261767196675 0 0.9914448634144746
vn 0.13052626212785887 0 -0.9914448521702706
vn -0.38268345568815076 0 0.9238795228505584
vn 0.3826834048254478 0 -0.9238795439185795
vn -0.6087614290087207 0 0.7933533402912352
vn 0.6087614290087207 0 -0.7933533402912352
vn -0.9238795171212756 0 -0.38268346951986143
vn -0.9238795171212756 0 -0.3826834695198613
vn 0.9238795379401666 0 -0.3826834192586141
vn 0.9238795379401666 0 -0.3826834192586141
vn 0.9914448613738104 0 -0.13052619222005157
vn 0.9914448613738104 0 -0.13052619222005157
vn 0.9914448632255003 0 0.1305261781550708
vn 0.9914448632255003 0 0.1305261781550708
vn 0.9238795171212756 0 0.38268346951986143
vn 0.9238795171212756 0 0.38268346951986143
vn 0.7933533402912352 0 0.6087614290087207
vn 0.7933533402912353 0 0.6087614290087207
vn 0.6087614609142461 0 0.7933533158092635
vn 0.6087614609142461 0 0.7933533158092635
vn 0.3826834192586141 0 0.9238795379401666
vn 0.3826834192586141 0 0.9238795379401666
vn 0.13052619222005157 0 0.9914448613738104
vn 0.13052619222005157 0 0.9914448613738104
vn -0.1305261781550708 0 0.9914448632255003
vn -0.1305261781550708 0 0.9914448632255003
vn -0.38268346951986143 0 0.9238795171212756
vn -0.38268346951986143 0 0.9238795171212756
vn -0.6087614290087207 0 0.7933533402912352
vn -0.6087614290087207 0 0.7933533402912353
vn -0.7933533158092635 0 0.6087614609142461
vn -0.7933533158092635 0 0.6087614609142461
vn -0.9238795379401666 0 0.3826834192586141
vn -0.9238795379401666 0 0.3826834192586141
vn -0.9914448613738104 0 0.13052619222005157
vn -0.9914448613738104 0 0.13052619222005157
vn -0.9914448632255003 0 -0.1305261781550708
vn -0.9914448632255003 0 -0.1305261781550708
vn -0.846152933932439 -0.4014762986680189 -0.3504882223489875
vn -0.8461525508171983 0.40147724465934226 -0.3504880636573678
vn 0.8461530617677866 -0.4014762933104272 -0.3504879198641805
vn 0.8461527292222648 0.40147711443462586 -0.3504877821193758
vn 0.9080337664282677 -0.40147688942650955 -0.11954491324397147
vn 0.9080337664282677 0.40147688942650955 -0.11954491324397147
vn 0.9080336872290036 -0.40147711443462586 0.11954475915968266
vn 0.9080340440942904 0.40147629331042733 0.11954480614183254
vn 0.846152933932439 -0.4014762986680189 0.3504882223489875
vn 0.8461525508171983 0.40147724465934226 0.3504880636573678
vn 0.7266077335426279 -0.4014772317671847 0.5575457236214837
vn 0.7266077335426279 0.4014772317671847 0.5575457236214837
vn 0.557545867706268 -0.40147724465934226 0.7266076158590737
vn 0.5575461201481228 0.40147629866801904 0.7266079448475656
vn 0.3504879198641805 -0.4014762933104272 0.8461530617677866
vn 0.3504877821193758 0.40147711443462586 0.8461527292222648
vn 0.11954491324397147 -0.40147688942650955 0.9080337664282677
vn 0.11954491324397147 0.40147688942650955 0.9080337664282677
vn -0.11954475915968266 -0.40147711443462586 0.9080336872290036
vn -0.11954480614183251 0.4014762933104272 0.9080340440942902
vn -0.3504882223489875 -0.4014762986680189 0.846152933932439
vn -0.35048806365736784 0.40147724465934237 0.8461525508171985
vn -0.5575457236214837 -0.4014772317671847 0.7266077335426279
vn -0.5575457236214837 0.4014772317671847 0.7266077335426279
vn -0.7266076158590737 -0.40147724465934226 0.557545867706268
vn -0.7266079448475656 0.40147629866801904 0.5575461201481228
vn -0.8461530617677866 -0.4014762933104272 0.3504879198641805
vn -0.8461527292222648 0.40147711443462586 0.3504877821193758
vn -0.9080337664282677 -0.40147688942650955 0.11954491324397147
vn -0.9080337664282677 0.40147688942650955 0.11954491324397147
vn -0.9080336872290036 -0.40147711443462586 -0.11954475915968266
vn -0.9080340440942904 0.40147629331042733 -0.11954480614183254
vn -0.10328495165099424 0.9937313099187994 -0.042782034190991296
vn -0.10328474383544947 -0.9937313352243032 -0.04278194811096125
vn 0.10328491508019048 0.9937313150738314 -0.04278200274077698
vn 0.10328481261785119 -0.9937313275505749 -0.042781960299496206
vn 0.11083835328658621 0.9937313161588018 -0.01459214603865322
vn 0.11083835328658621 -0.9937313161588018 -0.01459214603865322
vn 0.11083825408333906 0.9937313275505749 0.014592123777211967
vn 0.11083836403897056 -0.9937313150738314 0.014592138253136351
vn 0.10328495165099424 0.9937313099187994 0.042782034190991296
vn 0.10328474383544947 -0.9937313352243032 0.04278194811096125
vn 0.08869260567502682 0.9937313375661614 0.06805622996862398
vn 0.08869260567502682 -0.9937313375661614 0.06805622996862398
vn 0.06805624735248579 0.9937313352243035 0.08869261857460671
vn 0.0680563842860308 -0.9937313099187994 0.08869279702985731
vn 0.04278200274077698 0.9937313150738314 0.10328491508019048
vn 0.042781960299496206 -0.9937313275505749 0.10328481261785119
vn 0.01459214603865322 0.9937313161588018 0.11083835328658621
vn 0.01459214603865322 -0.9937313161588018 0.11083835328658621
vn -0.014592123777211967 0.9937313275505749 0.11083825408333906
vn -0.014592138253136351 -0.9937313150738314 0.11083836403897056
vn -0.042782034190991296 0.9937313099187994 0.10328495165099424
vn -0.04278194811096125 -0.9937313352243032 0.10328474383544947
vn -0.06805622996862398 0.9937313375661614 0.08869260567502682
vn -0.06805622996862398 -0.9937313375661614 0.08869260567502682
vn -0.08869261857460671 0.9937313352243035 0.06805624735248579
vn -0.08869279702985731 -0.9937313099187994 0.0680563842860308
vn -0.10328491508019048 0.9937313150738314 0.04278200274077698
vn -0.10328481261785119 -0.9937313275505749 0.042781960299496206
vn -0.11083835328658621 0.9937313161588018 0.01459214603865322
vn -0.11083835328658621 -0.9937313161588018 0.01459214603865322
vn -0.11083825408333906 0.9937313275505749 -0.014592123777211967
vn -0.11083836403897056 -0.9937313150738314 -0.014592138253136351
vn -0.38268348144362624 0 0.9238795121822899
vn -0.38268348144362624 0 0.9238795121822899
vn -0.6087614290087207 0 0.7933533402912352
vn -0.6087614290087207 0 0.7933533402912353
vn -0.7933533079524723 0 0.608761471153415
vn -0.7933533079524723 0 0.608761471153415
vn -0.9238795637379925 0 0.38268335697714495
vn -0.9238795637379925 0 0.38268335697714506
vn -0.9914448613738104 0 0.13052619222005157
vn -0.9914448613738104 0 0.13052619222005157
vn -0.9914448720246559 0 -0.1305261113188225
vn -0.9914448720246559 0 -0.13052611131882255
vn -0.9238795121822899 0 -0.38268348144362624
vn -0.9238795121822899 0 -0.38268348144362624
vn 0.9238795637379925 0 -0.38268335697714495
vn 0.9238795637379925 0 -0.38268335697714506
vn 0.9914448613738104 0 -0.13052619222005157
vn 0.9914448613738104 0 -0.13052619222005157
vn 0.9914448720246559 0 0.1305261113188225
vn 0.9914448720246559 0 0.13052611131882255
vn 0.9238795121822899 0 0.38268348144362624
vn 0.9238795121822899 0 0.38268348144362624
vn 0.7933533402912352 0 0.6087614290087207
vn 0.7933533402912353 0 0.6087614290087207
vn 0.608761471153415 0 0.7933533079524723
vn 0.608761471153415 0 0.7933533079524723
vn 0.38268335697714495 0 0.9238795637379925
vn 0.38268335697714506 0 0.9238795637379925
vn 0.13052619222005157 0 0.9914448613738104
vn 0.13052619222005157 0 0.9914448613738104
vn -0.1305261113188225 0 0.9914448720246559
vn -0.13052611131882255 0 0.9914448720246559
vn 0 -1 0
vn 0 1 0
vn 0 -1 0
vn 0 1 0
vn 0 -1 0
vn 0 1 0
vn 0 -1 0
vn 0 1 0
vn 0 -1 0
vn 0 1 0
vn 0 -1 0
vn 0 1 0
vn 0 -1 0
vn 0 1 0
vn 0 -1 0
vn 0 1 0
vn 0 -1 0
vn 0 1 0
vn 0 -1 0
vn 0 1 0
vn 0 -1 0
vn 0 1 0
vn 0 -1 0
vn 0 1 0
vn 0 -1 0
vn 0 1 0
vn 0 -1 0
vn 0 1 0
vn 0 -1 0
vn 0 1 0
vn 0 -1 0
vn 0 1 0
vn 0.9238795384942116 0 -0.3826834179210312
vn -0.9238795055278781 0 0.38268349750879493
usemtl m_2b2838a1-613f-47c3-8674-742b57c63691
f 1326/5137/1297 1325/5138/1297 1323/5139/1297 1324/5140/1297
f 1328/5141/1298 1327/5142/1298 1325/5143/1298 1326/5144/1298
f 1330/5145/1299 1329/5146/1299 1327/5147/1299 1328/5148/1299
f 1329/5149/1300 1331/5150/1300 1332/5151/1300 1330/5152/1300
f 1331/5153/1301 1333/5154/1301 1334/5155/1301 1332/5156/1301
f 1333/5157/1302 1335/5158/1302 1336/5159/1302 1334/5160/1302
f 1335/5161/1303 1337/5162/1303 1338/5163/1303 1336/5164/1303
f 1337/5165/1304 1339/5166/1304 1340/5167/1304 1338/5168/1304
f 1339/5169/1305 1341/5170/1305 1342/5171/1305 1340/5172/1305
f 1341/5173/1306 1343/5174/1306 1344/5175/1306 1342/5176/1306
f 1343/5177/1307 1345/5178/1307 1346/5179/1307 1344/5180/1307
f 1345/5181/1308 1347/5182/1308 1348/5183/1308 1346/5184/1308
f 1347/5185/1309 1349/5186/1309 1350/5187/1309 1348/5188/1309
f 1349/5189/1310 1351/5190/1310 1352/5191/1310 1350/5192/1310
f 1351/5193/1311 1353/5194/1311 1354/5195/1311 1352/5196/1311
f 1353/5197/1312 1355/5198/1312 1356/5199/1312 1354/5200/1312
f 1355/5201/1313 1357/5202/1313 1358/5203/1313 1356/5204/1313
f 1357/5205/1314 1359/5206/1314 1360/5207/1314 1358/5208/1314
f 1359/5209/1315 1361/5210/1315 1362/5211/1315 1360/5212/1315
f 1364/5213/1316 1363/5214/1316 1361/5215/1316 1362/5216/1316
f 1366/5217/1317 1365/5218/1317 1363/5219/1317 1364/5220/1317
f 1368/5221/1318 1367/5222/1318 1365/5223/1318 1366/5224/1318
f 1370/5225/1319 1369/5226/1319 1367/5227/1319 1368/5228/1319
f 1324/5229/1320 1323/5230/1320 1369/5231/1320 1370/5232/1320
f 1372/5233/1321 1371/5234/1321 1325/5235/1321 1323/5236/1321
f 1474/5237/1322 1444/5238/1322 1443/5239/1322 1475/5240/1322
f 1371/5241/1323 1375/5242/1323 1327/5243/1323 1325/5244/1323
f 1473/5245/1324 1445/5246/1324 1444/5247/1324 1474/5248/1324
f 1375/5249/1325 1377/5250/1325 1329/5251/1325 1327/5252/1325
f 1472/5253/1326 1446/5254/1326 1445/5255/1326 1473/5256/1326
f 1377/5257/1327 1379/5258/1327 1331/5259/1327 1329/5260/1327
f 1471/5261/1328 1447/5262/1328 1446/5263/1328 1472/5264/1328
f 1379/5265/1329 1381/5266/1329 1333/5267/1329 1331/5268/1329
f 1470/5269/1330 1448/5270/1330 1447/5271/1330 1471/5272/1330
f 1381/5273/1331 1383/5274/1331 1335/5275/1331 1333/5276/1331
f 1469/5277/1332 1449/5278/1332 1448/5279/1332 1470/5280/1332
f 1383/5281/1333 1385/5282/1333 1337/5283/1333 1335/5284/1333
f 1468/5285/1334 1450/5286/1334 1449/5287/1334 1469/5288/1334
f 1385/5289/1335 1387/5290/1335 1339/5291/1335 1337/5292/1335
f 1467/5293/1336 1451/5294/1336 1450/5295/1336 1468/5296/1336
f 1387/5297/1337 1389/5298/1337 1341/5299/1337 1339/5300/1337
f 1490/5301/1338 1452/5302/1338 1451/5303/1338 1467/5304/1338
f 1389/5305/1339 1391/5306/1339 1343/5307/1339 1341/5308/1339
f 1489/5309/1340 1453/5310/1340 1452/5311/1340 1490/5312/1340
f 1391/5313/1341 1393/5314/1341 1345/5315/1341 1343/5316/1341
f 1488/5317/1342 1454/5318/1342 1453/5319/1342 1489/5320/1342
f 1393/5321/1343 1395/5322/1343 1347/5323/1343 1345/5324/1343
f 1487/5325/1344 1455/5326/1344 1454/5327/1344 1488/5328/1344
f 1395/5329/1345 1397/5330/1345 1349/5331/1345 1347/5332/1345
f 1486/5333/1346 1456/5334/1346 1455/5335/1346 1487/5336/1346
f 1397/5337/1347 1399/5338/1347 1351/5339/1347 1349/5340/1347
f 1485/5341/1348 1457/5342/1348 1456/5343/1348 1486/5344/1348
f 1399/5345/1349 1401/5346/1349 1353/5347/1349 1351/5348/1349
f 1484/5349/1350 1458/5350/1350 1457/5351/1350 1485/5352/1350
f 1401/5353/1351 1403/5354/1351 1355/5355/1351 1353/5356/1351
f 1483/5357/1352 1459/5358/1352 1458/5359/1352 1484/5360/1352
f 1403/5361/1353 1405/5362/1353 1357/5363/1353 1355/5364/1353
f 1482/5365/1354 1460/5366/1354 1459/5367/1354 1483/5368/1354
f 1405/5369/1355 1407/5370/1355 1359/5371/1355 1357/5372/1355
f 1481/5373/1356 1461/5374/1356 1460/5375/1356 1482/5376/1356
f 1407/5377/1357 1409/5378/1357 1361/5379/1357 1359/5380/1357
f 1480/5381/1358 1462/5382/1358 1461/5383/1358 1481/5384/1358
f 1409/5385/1359 1411/5386/1359 1363/5387/1359 1361/5388/1359
f 1479/5389/1360 1463/5390/1360 1462/5391/1360 1480/5392/1360
f 1478/5393/1361 1464/5394/1361 1463/5395/1361 1479/5396/1361
f 1413/5397/1362 1415/5398/1362 1367/5399/1362 1365/5400/1362
f 1477/5401/1363 1465/5402/1363 1464/5403/1363 1478/5404/1363
f 1415/5405/1364 1417/5406/1364 1369/5407/1364 1367/5408/1364
f 1476/5409/1365 1466/5410/1365 1465/5411/1365 1477/5412/1365
f 1417/5413/1366 1372/5414/1366 1323/5415/1366 1369/5416/1366
f 1475/5417/1367 1443/5418/1367 1466/5419/1367 1476/5420/1367
f 1644/5421/1368 1643/5422/1368 1645/5423/1368 1646/5424/1368
f 1646/5425/1369 1645/5426/1369 1647/5427/1369 1648/5428/1369
f 1648/5429/1370 1647/5430/1370 1649/5431/1370 1650/5432/1370
f 1650/5433/1371 1649/5434/1371 1651/5435/1371 1652/5436/1371
f 1652/5437/1372 1651/5438/1372 1653/5439/1372 1654/5440/1372
f 1654/5441/1373 1653/5442/1373 1655/5443/1373 1656/5444/1373
f 1656/5445/1374 1655/5446/1374 1657/5447/1374 1658/5448/1374
f 1658/5449/1375 1657/5450/1375 1659/5451/1375 1660/5452/1375
f 1660/5453/1376 1659/5454/1376 1628/5455/1376 1627/5456/1376
f 1627/5457/1377 1628/5458/1377 1629/5459/1377 1630/5460/1377
f 1630/5461/1378 1629/5462/1378 1631/5463/1378 1632/5464/1378
f 1632/5465/1379 1631/5466/1379 1633/5467/1379 1634/5468/1379
f 1634/5469/1380 1633/5470/1380 1635/5471/1380 1636/5472/1380
f 1636/5473/1381 1635/5474/1381 1637/5475/1381 1638/5476/1381
f 1638/5477/1382 1637/5478/1382 1639/5479/1382 1640/5480/1382
f 1640/5481/1383 1639/5482/1383 1641/5483/1383 1642/5484/1383
f 1373/5485/1384 1419/5486/1384 1420/5487/1384 1374/5488/1384
f 1374/5489/1385 1420/5490/1385 1421/5491/1385 1376/5492/1385
f 1376/5493/1386 1421/5494/1386 1422/5495/1386 1378/5496/1386
f 1378/5497/1387 1422/5498/1387 1423/5499/1387 1380/5500/1387
f 1380/5501/1388 1423/5502/1388 1424/5503/1388 1382/5504/1388
f 1382/5505/1389 1424/5506/1389 1425/5507/1389 1384/5508/1389
f 1384/5509/1390 1425/5510/1390 1426/5511/1390 1386/5512/1390
f 1386/5513/1391 1426/5514/1391 1427/5515/1391 1388/5516/1391
f 1388/5517/1392 1427/5518/1392 1428/5519/1392 1390/5520/1392
f 1390/5521/1393 1428/5522/1393 1429/5523/1393 1392/5524/1393
f 1392/5525/1394 1429/5526/1394 1430/5527/1394 1394/5528/1394
f 1394/5529/1395 1430/5530/1395 1431/5531/1395 1396/5532/1395
f 1396/5533/1396 1431/5534/1396 1432/5535/1396 1398/5536/1396
f 1398/5537/1397 1432/5538/1397 1433/5539/1397 1400/5540/1397
f 1400/5541/1398 1433/5542/1398 1434/5543/1398 1402/5544/1398
f 1402/5545/1399 1434/5546/1399 1435/5547/1399 1404/5548/1399
f 1404/5549/1400 1435/5550/1400 1436/5551/1400 1406/5552/1400
f 1406/5553/1401 1436/5554/1401 1437/5555/1401 1408/5556/1401
f 1408/5557/1402 1437/5558/1402 1438/5559/1402 1410/5560/1402
f 1410/5561/1403 1438/5562/1403 1439/5563/1403 1412/5564/1403
f 1412/5565/1404 1439/5566/1404 1440/5567/1404 1414/5568/1404
f 1414/5569/1405 1440/5570/1405 1441/5571/1405 1416/5572/1405
f 1416/5573/1406 1441/5574/1406 1442/5575/1406 1418/5576/1406
f 1418/5577/1407 1442/5578/1407 1419/5579/1407 1373/5580/1407
f 1450/5581/1408 1451/5582/1408 1427/5583/1408 1426/5584/1408
f 1467/5585/1409 1468/5586/1409 1338/5587/1409 1340/5588/1409
f 1449/5589/1410 1450/5590/1410 1426/5591/1410 1425/5592/1410
f 1468/5593/1411 1469/5594/1411 1336/5595/1411 1338/5596/1411
f 1448/5597/1412 1449/5598/1412 1425/5599/1412 1424/5600/1412
f 1469/5601/1413 1470/5602/1413 1334/5603/1413 1336/5604/1413
f 1447/5605/1414 1448/5606/1414 1424/5607/1414 1423/5608/1414
f 1470/5609/1415 1471/5610/1415 1332/5611/1415 1334/5612/1415
f 1446/5613/1416 1447/5614/1416 1423/5615/1416 1422/5616/1416
f 1471/5617/1417 1472/5618/1417 1330/5619/1417 1332/5620/1417
f 1445/5621/1418 1446/5622/1418 1422/5623/1418 1421/5624/1418
f 1472/5625/1419 1473/5626/1419 1328/5627/1419 1330/5628/1419
f 1444/5629/1420 1445/5630/1420 1421/5631/1420 1420/5632/1420
f 1473/5633/1421 1474/5634/1421 1326/5635/1421 1328/5636/1421
f 1443/5637/1422 1444/5638/1422 1420/5639/1422 1419/5640/1422
f 1474/5641/1423 1475/5642/1423 1324/5643/1423 1326/5644/1423
f 1466/5645/1424 1443/5646/1424 1419/5647/1424 1442/5648/1424
f 1475/5649/1425 1476/5650/1425 1370/5651/1425 1324/5652/1425
f 1465/5653/1426 1466/5654/1426 1442/5655/1426 1441/5656/1426
f 1476/5657/1427 1477/5658/1427 1368/5659/1427 1370/5660/1427
f 1464/5661/1428 1465/5662/1428 1441/5663/1428 1440/5664/1428
f 1477/5665/1429 1478/5666/1429 1366/5667/1429 1368/5668/1429
f 1463/5669/1430 1464/5670/1430 1440/5671/1430 1439/5672/1430
f 1478/5673/1431 1479/5674/1431 1364/5675/1431 1366/5676/1431
f 1462/5677/1432 1463/5678/1432 1439/5679/1432 1438/5680/1432
f 1479/5681/1433 1480/5682/1433 1362/5683/1433 1364/5684/1433
f 1460/5685/1434 1461/5686/1434 1437/5687/1434 1436/5688/1434
f 1481/5689/1435 1482/5690/1435 1358/5691/1435 1360/5692/1435
f 1459/5693/1436 1460/5694/1436 1436/5695/1436 1435/5696/1436
f 1482/5697/1437 1483/5698/1437 1356/5699/1437 1358/5700/1437
f 1458/5701/1438 1459/5702/1438 1435/5703/1438 1434/5704/1438
f 1483/5705/1439 1484/5706/1439 1354/5707/1439 1356/5708/1439
f 1457/5709/1440 1458/5710/1440 1434/5711/1440 1433/5712/1440
f 1484/5713/1441 1485/5714/1441 1352/5715/1441 1354/5716/1441
f 1456/5717/1442 1457/5718/1442 1433/5719/1442 1432/5720/1442
f 1485/5721/1443 1486/5722/1443 1350/5723/1443 1352/5724/1443
f 1455/5725/1444 1456/5726/1444 1432/5727/1444 1431/5728/1444
f 1486/5729/1445 1487/5730/1445 1348/5731/1445 1350/5732/1445
f 1454/5733/1446 1455/5734/1446 1431/5735/1446 1430/5736/1446
f 1487/5737/1447 1488/5738/1447 1346/5739/1447 1348/5740/1447
f 1453/5741/1448 1454/5742/1448 1430/5743/1448 1429/5744/1448
f 1488/5745/1449 1489/5746/1449 1344/5747/1449 1346/5748/1449
f 1452/5749/1450 1453/5750/1450 1429/5751/1450 1428/5752/1450
f 1489/5753/1451 1490/5754/1451 1342/5755/1451 1344/5756/1451
f 1451/5757/1452 1452/5758/1452 1428/5759/1452 1427/5760/1452
f 1490/5761/1453 1467/5762/1453 1340/5763/1453 1342/5764/1453
f 1493/5765/1454 1492/5766/1454 1379/5767/1454 1377/5768/1454
f 1491/5769/1455 1494/5770/1455 1378/5771/1455 1380/5772/1455
f 1497/5773/1456 1495/5774/1456 1409/5775/1456 1407/5776/1456
f 1496/5777/1457 1498/5778/1457 1408/5779/1457 1410/5780/1457
f 1499/5781/1458 1497/5782/1458 1407/5783/1458 1405/5784/1458
f 1498/5785/1459 1500/5786/1459 1406/5787/1459 1408/5788/1459
f 1501/5789/1460 1499/5790/1460 1405/5791/1460 1403/5792/1460
f 1500/5793/1461 1502/5794/1461 1404/5795/1461 1406/5796/1461
f 1503/5797/1462 1501/5798/1462 1403/5799/1462 1401/5800/1462
f 1502/5801/1463 1504/5802/1463 1402/5803/1463 1404/5804/1463
f 1505/5805/1464 1503/5806/1464 1401/5807/1464 1399/5808/1464
f 1504/5809/1465 1506/5810/1465 1400/5811/1465 1402/5812/1465
f 1507/5813/1466 1505/5814/1466 1399/5815/1466 1397/5816/1466
f 1506/5817/1467 1508/5818/1467 1398/5819/1467 1400/5820/1467
f 1509/5821/1468 1507/5822/1468 1397/5823/1468 1395/5824/1468
f 1508/5825/1469 1510/5826/1469 1396/5827/1469 1398/5828/1469
f 1511/5829/1470 1509/5830/1470 1395/5831/1470 1393/5832/1470
f 1510/5833/1471 1512/5834/1471 1394/5835/1471 1396/5836/1471
f 1513/5837/1472 1511/5838/1472 1393/5839/1472 1391/5840/1472
f 1512/5841/1473 1514/5842/1473 1392/5843/1473 1394/5844/1473
f 1515/5845/1474 1513/5846/1474 1391/5847/1474 1389/5848/1474
f 1514/5849/1475 1516/5850/1475 1390/5851/1475 1392/5852/1475
f 1517/5853/1476 1515/5854/1476 1389/5855/1476 1387/5856/1476
f 1516/5857/1477 1518/5858/1477 1388/5859/1477 1390/5860/1477
f 1519/5861/1478 1517/5862/1478 1387/5863/1478 1385/5864/1478
f 1518/5865/1479 1520/5866/1479 1386/5867/1479 1388/5868/1479
f 1521/5869/1480 1519/5870/1480 1385/5871/1480 1383/5872/1480
f 1520/5873/1481 1522/5874/1481 1384/5875/1481 1386/5876/1481
f 1523/5877/1482 1521/5878/1482 1383/5879/1482 1381/5880/1482
f 1522/5881/1483 1524/5882/1483 1382/5883/1483 1384/5884/1483
f 1492/5885/1484 1523/5886/1484 1381/5887/1484 1379/5888/1484
f 1524/5889/1485 1491/5890/1485 1380/5891/1485 1382/5892/1485
f 1527/5893/1486 1526/5894/1486 1492/5895/1486 1493/5896/1486
f 1525/5897/1487 1528/5898/1487 1494/5899/1487 1491/5900/1487
f 1531/5901/1488 1529/5902/1488 1495/5903/1488 1497/5904/1488
f 1530/5905/1489 1532/5906/1489 1498/5907/1489 1496/5908/1489
f 1533/5909/1490 1531/5910/1490 1497/5911/1490 1499/5912/1490
f 1532/5913/1491 1534/5914/1491 1500/5915/1491 1498/5916/1491
f 1535/5917/1492 1533/5918/1492 1499/5919/1492 1501/5920/1492
f 1534/5921/1493 1536/5922/1493 1502/5923/1493 1500/5924/1493
f 1537/5925/1494 1535/5926/1494 1501/5927/1494 1503/5928/1494
f 1536/5929/1495 1538/5930/1495 1504/5931/1495 1502/5932/1495
f 1539/5933/1496 1537/5934/1496 1503/5935/1496 1505/5936/1496
f 1538/5937/1497 1540/5938/1497 1506/5939/1497 1504/5940/1497
f 1541/5941/1498 1539/5942/1498 1505/5943/1498 1507/5944/1498
f 1540/5945/1499 1542/5946/1499 1508/5947/1499 1506/5948/1499
f 1543/5949/1500 1541/5950/1500 1507/5951/1500 1509/5952/1500
f 1542/5953/1501 1544/5954/1501 1510/5955/1501 1508/5956/1501
f 1545/5957/1502 1543/5958/1502 1509/5959/1502 1511/5960/1502
f 1544/5961/1503 1546/5962/1503 1512/5963/1503 1510/5964/1503
f 1547/5965/1504 1545/5966/1504 1511/5967/1504 1513/5968/1504
f 1546/5969/1505 1548/5970/1505 1514/5971/1505 1512/5972/1505
f 1549/5973/1506 1547/5974/1506 1513/5975/1506 1515/5976/1506
f 1548/5977/1507 1550/5978/1507 1516/5979/1507 1514/5980/1507
f 1551/5981/1508 1549/5982/1508 1515/5983/1508 1517/5984/1508
f 1550/5985/1509 1552/5986/1509 1518/5987/1509 1516/5988/1509
f 1553/5989/1510 1551/5990/1510 1517/5991/1510 1519/5992/1510
f 1552/5993/1511 1554/5994/1511 1520/5995/1511 1518/5996/1511
f 1555/5997/1512 1553/5998/1512 1519/5999/1512 1521/6000/1512
f 1554/6001/1513 1556/6002/1513 1522/6003/1513 1520/6004/1513
f 1557/6005/1514 1555/6006/1514 1521/6007/1514 1523/6008/1514
f 1556/6009/1515 1558/6010/1515 1524/6011/1515 1522/6012/1515
f 1526/6013/1516 1557/6014/1516 1523/6015/1516 1492/6016/1516
f 1558/6017/1517 1525/6018/1517 1491/6019/1517 1524/6020/1517
f 1561/6021/1518 1560/6022/1518 1526/6023/1518 1527/6024/1518
f 1559/6025/1519 1562/6026/1519 1528/6027/1519 1525/6028/1519
f 1565/6029/1520 1563/6030/1520 1529/6031/1520 1531/6032/1520
f 1564/6033/1521 1566/6034/1521 1532/6035/1521 1530/6036/1521
f 1567/6037/1522 1565/6038/1522 1531/6039/1522 1533/6040/1522
f 1566/6041/1523 1568/6042/1523 1534/6043/1523 1532/6044/1523
f 1569/6045/1524 1567/6046/1524 1533/6047/1524 1535/6048/1524
f 1568/6049/1525 1570/6050/1525 1536/6051/1525 1534/6052/1525
f 1571/6053/1526 1569/6054/1526 1535/6055/1526 1537/6056/1526
f 1570/6057/1527 1572/6058/1527 1538/6059/1527 1536/6060/1527
f 1573/6061/1528 1571/6062/1528 1537/6063/1528 1539/6064/1528
f 1572/6065/1529 1574/6066/1529 1540/6067/1529 1538/6068/1529
f 1575/6069/1530 1573/6070/1530 1539/6071/1530 1541/6072/1530
f 1574/6073/1531 1576/6074/1531 1542/6075/1531 1540/6076/1531
f 1577/6077/1532 1575/6078/1532 1541/6079/1532 1543/6080/1532
f 1576/6081/1533 1578/6082/1533 1544/6083/1533 1542/6084/1533
f 1579/6085/1534 1577/6086/1534 1543/6087/1534 1545/6088/1534
f 1578/6089/1535 1580/6090/1535 1546/6091/1535 1544/6092/1535
f 1581/6093/1536 1579/6094/1536 1545/6095/1536 1547/6096/1536
f 1580/6097/1537 1582/6098/1537 1548/6099/1537 1546/6100/1537
f 1583/6101/1538 1581/6102/1538 1547/6103/1538 1549/6104/1538
f 1582/6105/1539 1584/6106/1539 1550/6107/1539 1548/6108/1539
f 1585/6109/1540 1583/6110/1540 1549/6111/1540 1551/6112/1540
f 1584/6113/1541 1586/6114/1541 1552/6115/1541 1550/6116/1541
f 1587/6117/1542 1585/6118/1542 1551/6119/1542 1553/6120/1542
f 1586/6121/1543 1588/6122/1543 1554/6123/1543 1552/6124/1543
f 1589/6125/1544 1587/6126/1544 1553/6127/1544 1555/6128/1544
f 1588/6129/1545 1590/6130/1545 1556/6131/1545 1554/6132/1545
f 1591/6133/1546 1589/6134/1546 1555/6135/1546 1557/6136/1546
f 1590/6137/1547 1592/6138/1547 1558/6139/1547 1556/6140/1547
f 1560/6141/1548 1591/6142/1548 1557/6143/1548 1526/6144/1548
f 1592/6145/1549 1559/6146/1549 1525/6147/1549 1558/6148/1549
f 1595/6149/1550 1594/6150/1550 1581/6151/1550 1583/6152/1550
f 1593/6153/1551 1596/6154/1551 1584/6155/1551 1582/6156/1551
f 1597/6157/1552 1595/6158/1552 1583/6159/1552 1585/6160/1552
f 1596/6161/1553 1598/6162/1553 1586/6163/1553 1584/6164/1553
f 1599/6165/1554 1597/6166/1554 1585/6167/1554 1587/6168/1554
f 1598/6169/1555 1600/6170/1555 1588/6171/1555 1586/6172/1555
f 1601/6173/1556 1599/6174/1556 1587/6175/1556 1589/6176/1556
f 1600/6177/1557 1602/6178/1557 1590/6179/1557 1588/6180/1557
f 1603/6181/1558 1601/6182/1558 1589/6183/1558 1591/6184/1558
f 1602/6185/1559 1604/6186/1559 1592/6187/1559 1590/6188/1559
f 1605/6189/1560 1603/6190/1560 1591/6191/1560 1560/6192/1560
f 1604/6193/1561 1606/6194/1561 1559/6195/1561 1592/6196/1561
f 1607/6197/1562 1605/6198/1562 1560/6199/1562 1561/6200/1562
f 1606/6201/1563 1608/6202/1563 1562/6203/1563 1559/6204/1563
f 1611/6205/1564 1609/6206/1564 1563/6207/1564 1565/6208/1564
f 1610/6209/1565 1612/6210/1565 1566/6211/1565 1564/6212/1565
f 1613/6213/1566 1611/6214/1566 1565/6215/1566 1567/6216/1566
f 1612/6217/1567 1614/6218/1567 1568/6219/1567 1566/6220/1567
f 1615/6221/1568 1613/6222/1568 1567/6223/1568 1569/6224/1568
f 1614/6225/1569 1616/6226/1569 1570/6227/1569 1568/6228/1569
f 1617/6229/1570 1615/6230/1570 1569/6231/1570 1571/6232/1570
f 1616/6233/1571 1618/6234/1571 1572/6235/1571 1570/6236/1571
f 1619/6237/1572 1617/6238/1572 1571/6239/1572 1573/6240/1572
f 1618/6241/1573 1620/6242/1573 1574/6243/1573 1572/6244/1573
f 1621/6245/1574 1619/6246/1574 1573/6247/1574 1575/6248/1574
f 1620/6249/1575 1622/6250/1575 1576/6251/1575 1574/6252/1575
f 1623/6253/1576 1621/6254/1576 1575/6255/1576 1577/6256/1576
f 1622/6257/1577 1624/6258/1577 1578/6259/1577 1576/6260/1577
f 1625/6261/1578 1623/6262/1578 1577/6263/1578 1579/6264/1578
f 1624/6265/1579 1626/6266/1579 1580/6267/1579 1578/6268/1579
f 1594/6269/1580 1625/6270/1580 1579/6271/1580 1581/6272/1580
f 1626/6273/1581 1593/6274/1581 1582/6275/1581 1580/6276/1581
f 1629/6277/1582 1628/6278/1582 1594/6279/1582 1595/6280/1582
f 1627/6281/1583 1630/6282/1583 1596/6283/1583 1593/6284/1583
f 1631/6285/1584 1629/6286/1584 1595/6287/1584 1597/6288/1584
f 1630/6289/1585 1632/6290/1585 1598/6291/1585 1596/6292/1585
f 1633/6293/1586 1631/6294/1586 1597/6295/1586 1599/6296/1586
f 1632/6297/1587 1634/6298/1587 1600/6299/1587 1598/6300/1587
f 1635/6301/1588 1633/6302/1588 1599/6303/1588 1601/6304/1588
f 1634/6305/1589 1636/6306/1589 1602/6307/1589 1600/6308/1589
f 1637/6309/1590 1635/6310/1590 1601/6311/1590 1603/6312/1590
f 1636/6313/1591 1638/6314/1591 1604/6315/1591 1602/6316/1591
f 1639/6317/1592 1637/6318/1592 1603/6319/1592 1605/6320/1592
f 1638/6321/1593 1640/6322/1593 1606/6323/1593 1604/6324/1593
f 1641/6325/1594 1639/6326/1594 1605/6327/1594 1607/6328/1594
f 1640/6329/1595 1642/6330/1595 1608/6331/1595 1606/6332/1595
f 1645/6333/1596 1643/6334/1596 1609/6335/1596 1611/6336/1596
f 1644/6337/1597 1646/6338/1597 1612/6339/1597 1610/6340/1597
f 1647/6341/1598 1645/6342/1598 1611/6343/1598 1613/6344/1598
f 1646/6345/1599 1648/6346/1599 1614/6347/1599 1612/6348/1599
f 1649/6349/1600 1647/6350/1600 1613/6351/1600 1615/6352/1600
f 1648/6353/1601 1650/6354/1601 1616/6355/1601 1614/6356/1601
f 1651/6357/1602 1649/6358/1602 1615/6359/1602 1617/6360/1602
f 1650/6361/1603 1652/6362/1603 1618/6363/1603 1616/6364/1603
f 1653/6365/1604 1651/6366/1604 1617/6367/1604 1619/6368/1604
f 1652/6369/1605 1654/6370/1605 1620/6371/1605 1618/6372/1605
f 1655/6373/1606 1653/6374/1606 1619/6375/1606 1621/6376/1606
f 1654/6377/1607 1656/6378/1607 1622/6379/1607 1620/6380/1607
f 1657/6381/1608 1655/6382/1608 1621/6383/1608 1623/6384/1608
f 1656/6385/1609 1658/6386/1609 1624/6387/1609 1622/6388/1609
f 1659/6389/1610 1657/6390/1610 1623/6391/1610 1625/6392/1610
f 1658/6393/1611 1660/6394/1611 1626/6395/1611 1624/6396/1611
f 1628/6397/1612 1659/6398/1612 1625/6399/1612 1594/6400/1612
f 1660/6401/1613 1627/6402/1613 1593/6403/1613 1626/6404/1613
f 1461/6405/1614 1462/6406/1614 1438/6407/1614 1437/6408/1614
f 1360/6409/1615 1362/6410/1615 1480/6411/1615 1481/6412/1615