# Made in Blockbench 5.1.4
mtllib Mo_Arena.mtl

o mesh
v 7.65625 5.9375 0.375
v 7.65625 5.9375 -0.375
v 7.65625 -0.5625 0.375
v 7.65625 -0.5625 -0.375
v 8.40625 5.9375 0.375
v 8.40625 5.9375 -0.375
v 8.40625 -0.5625 0.375
v 8.40625 -0.5625 -0.375
v 7.75 6.0625 -0.28125
v 7.75 6.0625 0.28125
v 8.3125 6.0625 0.28125
v 8.3125 6.0625 -0.28125
v 7.75 8.65625 -0.28125
v 7.75 8.65625 0.28125
v 8.3125 8.65625 0.28125
v 8.3125 8.65625 -0.28125
v 7.6875 8.78125 -0.34375
v 7.6875 8.78125 0.34375
v 8.375 8.78125 0.34375
v 8.375 8.78125 -0.34375
v 7.6875 9.34375 -0.34375
v 7.6875 9.34375 0.34375
v 8.375 9.34375 0.34375
v 8.375 9.34375 -0.34375
vt 0.546875 0.78125
vt 0.546875 0.78125
vt 0.546875 0.78125
vt 0.546875 0.78125
vt 0.546875 0.78125
vt 0.546875 0.78125
vt 0.546875 0.78125
vt 0.546875 0.78125
vt 0.546875 0.796875
vt 0.546875 0.78125
vt 0.546875 0.78125
vt 0.53125 0.796875
vt 0.546875 0.78125
vt 0.546875 0.78125
vt 0.546875 0.78125
vt 0.546875 0.78125
vt 0.546875 0.78125
vt 0.546875 0.78125
vt 0.546875 0.78125
vt 0.546875 0.78125
vt 0.546875 0.78125
vt 0.546875 0.78125
vt 0.546875 0.78125
vt 0.546875 0.78125
vt 0.546875 0.78125
vt 0.546875 0.78125
vt 0.546875 0.78125
vt 0.546875 0.78125
vt 0.546875 0.78125
vt 0.546875 0.78125
vt 0.546875 0.78125
vt 0.546875 0.78125
vt 0.546875 0.78125
vt 0.546875 0.78125
vt 0.546875 0.78125
vt 0.546875 0.78125
vt 0.546875 0.78125
vt 0.546875 0.78125
vt 0.546875 0.78125
vt 0.546875 0.78125
vt 0.0625 0.328125
vt 0.0625 0.328125
vt 0.0625 0.328125
vt 0.0625 0.328125
vt 0.0625 0.328125
vt 0.0625 0.328125
vt 0.0625 0.328125
vt 0.0625 0.328125
vt 0.0625 0.328125
vt 0.0625 0.328125
vt 0.0625 0.328125
vt 0.0625 0.328125
vt 0.0625 0.328125
vt 0.0625 0.328125
vt 0.0625 0.328125
vt 0.0625 0.328125
vt 0.546875 0.78125
vt 0.546875 0.78125
vt 0.546875 0.78125
vt 0.546875 0.78125
vt 0.546875 0.78125
vt 0.546875 0.78125
vt 0.546875 0.78125
vt 0.546875 0.78125
vt 0.53125 0.78125
vt 0.546875 0.78125
vt 0.546875 0.78125
vt 0.546875 0.78125
vt 0.546875 0.78125
vt 0.53125 0.78125
vt 0.546875 0.78125
vt 0.546875 0.78125
vt 0.546875 0.78125
vt 0.546875 0.796875
vt 0.546875 0.78125
vt 0.546875 0.78125
vt 0.546875 0.78125
vt 0.546875 0.78125
vt 0.546875 0.78125
vt 0.546875 0.78125
vt 0.53125 0.796875
vt 0.546875 0.78125
vt 0.546875 0.78125
vt 0.53125 0.78125
vt 0.546875 0.796875
vt 0.53125 0.796875
vt 0.53125 0.78125
vt 0.546875 0.78125
vn -1 0 0
vn 1 0 0
vn 0 1 0
vn 0 -1 0
vn 0 0 1
vn 0 0 -1
vn -0.8 0.6 0
vn 0 0.6 0.8
vn 0.8 0.6 0
vn 0 0.6 -0.8
vn -1 0 0
vn 0 0 1
vn 1 0 0
vn 0 0 -1
vn -0.8944271909999161 -0.44721359549995804 0
vn 0 -0.44721359549995804 0.8944271909999161
vn 0.8944271909999161 -0.44721359549995804 0
vn 0 -0.44721359549995804 -0.8944271909999161
vn -1 0 0
vn 0 0 1
vn 1 0 0
vn 0 0 -1
usemtl m_ac30d9ed-7ab4-5fc0-6276-16d234bb48f3
f 3/1/1 1/2/1 2/3/1 4/4/1
f 6/5/2 5/6/2 7/7/2 8/8/2
f 21/9/3 22/10/3 23/11/3 24/12/3
f 7/13/4 3/14/4 4/15/4 8/16/4
f 5/17/5 1/18/5 3/19/5 7/20/5
f 4/21/6 2/22/6 6/23/6 8/24/6
f 10/25/7 9/26/7 2/27/7 1/28/7
f 11/29/8 10/30/8 1/31/8 5/32/8
f 12/33/9 11/34/9 5/35/9 6/36/9
f 9/37/10 12/38/10 6/39/10 2/40/10
f 14/41/11 13/42/11 9/43/11 10/44/11
f 15/45/12 14/46/12 10/47/12 11/48/12
f 16/49/13 15/50/13 11/51/13 12/52/13
f 13/53/14 16/54/14 12/55/14 9/56/14
f 18/57/15 17/58/15 13/59/15 14/60/15
f 19/61/16 18/62/16 14/63/16 15/64/16
f 20/65/17 19/66/17 15/67/17 16/68/17
f 17/69/18 20/70/18 16/71/18 13/72/18
f 22/73/19 21/74/19 17/75/19 18/76/19
f 23/77/20 22/78/20 18/79/20 19/80/20
f 24/81/21 23/82/21 19/83/21 20/84/21
f 21/85/22 24/86/22 20/87/22 17/88/22
o mesh
v 6.4564904735808355 5.9375 4.1372595264191645
v 6.8314904735808355 5.9375 3.4877404735808355
v 6.4564904735808355 -0.5625 4.1372595264191645
v 6.8314904735808355 -0.5625 3.4877404735808355
v 7.1060095264191645 5.9375 4.5122595264191645
v 7.4810095264191645 5.9375 3.8627404735808355
v 7.1060095264191645 -0.5625 4.5122595264191645
v 7.4810095264191645 -0.5625 3.8627404735808355
v 6.865805355185627 6.0625 3.6158053551856266
v 6.584555355185627 6.0625 4.102944644814373
v 7.071694644814373 6.0625 4.384194644814373
v 7.352944644814373 6.0625 3.8970553551856266
v 6.865805355185627 8.65625 3.6158053551856266
v 6.584555355185627 8.65625 4.102944644814373
v 7.071694644814373 8.65625 4.384194644814373
v 7.352944644814373 8.65625 3.8970553551856266
v 6.8429287674490995 8.78125 3.530428767449099
v 6.4991787674490995 8.78125 4.1258212325509005
v 7.0945712325509005 8.78125 4.4695712325509005
v 7.4383212325509005 8.78125 3.874178767449099
v 6.8429287674490995 9.34375 3.530428767449099
v 6.4991787674490995 9.34375 4.1258212325509005
v 7.0945712325509005 9.34375 4.4695712325509005
v 7.4383212325509005 9.34375 3.874178767449099
vt 0.640625 0.78125
vt 0.640625 0.78125
vt 0.640625 0.78125
vt 0.640625 0.78125
vt 0.640625 0.78125
vt 0.640625 0.78125
vt 0.640625 0.78125
vt 0.640625 0.78125
vt 0.640625 0.796875
vt 0.640625 0.78125
vt 0.640625 0.78125
vt 0.625 0.796875
vt 0.640625 0.78125
vt 0.640625 0.78125
vt 0.640625 0.78125
vt 0.640625 0.78125
vt 0.640625 0.78125
vt 0.640625 0.78125
vt 0.640625 0.78125
vt 0.640625 0.78125
vt 0.640625 0.78125
vt 0.640625 0.78125
vt 0.640625 0.78125
vt 0.640625 0.78125
vt 0.640625 0.78125
vt 0.640625 0.78125
vt 0.640625 0.78125
vt 0.640625 0.78125
vt 0.640625 0.78125
vt 0.640625 0.78125
vt 0.640625 0.78125
vt 0.640625 0.78125
vt 0.640625 0.78125
vt 0.640625 0.78125
vt 0.640625 0.78125
vt 0.640625 0.78125
vt 0.640625 0.78125
vt 0.640625 0.78125
vt 0.640625 0.78125
vt 0.640625 0.78125
vt 0.078125 0.34375
vt 0.078125 0.34375
vt 0.078125 0.34375
vt 0.078125 0.34375
vt 0.078125 0.34375
vt 0.078125 0.34375
vt 0.078125 0.34375
vt 0.078125 0.34375
vt 0.078125 0.34375
vt 0.078125 0.34375
vt 0.078125 0.34375
vt 0.078125 0.34375
vt 0.078125 0.34375
vt 0.078125 0.34375
vt 0.078125 0.34375
vt 0.078125 0.34375
vt 0.640625 0.78125
vt 0.640625 0.78125
vt 0.640625 0.78125
vt 0.640625 0.78125
vt 0.640625 0.78125
vt 0.640625 0.78125
vt 0.640625 0.78125
vt 0.640625 0.78125
vt 0.625 0.78125
vt 0.640625 0.78125
vt 0.640625 0.78125
vt 0.640625 0.78125
vt 0.640625 0.78125
vt 0.625 0.78125
vt 0.640625 0.78125
vt 0.640625 0.78125
vt 0.640625 0.78125
vt 0.640625 0.796875
vt 0.640625 0.78125
vt 0.640625 0.78125
vt 0.640625 0.78125
vt 0.640625 0.78125
vt 0.640625 0.78125
vt 0.640625 0.78125
vt 0.625 0.796875
vt 0.640625 0.78125
vt 0.640625 0.78125
vt 0.625 0.78125
vt 0.640625 0.796875
vt 0.625 0.796875
vt 0.625 0.78125
vt 0.640625 0.78125
vn -0.8660254037844387 0 -0.49999999999999994
vn 0.8660254037844387 0 0.49999999999999994
vn 0 1 0
vn 0 -1 0
vn -0.49999999999999994 0 0.8660254037844387
vn 0.49999999999999994 0 -0.8660254037844387
vn -0.692820323027551 0.6 -0.39999999999999997
vn -0.39999999999999997 0.6 0.692820323027551
vn 0.692820323027551 0.6 0.39999999999999997
vn 0.39999999999999997 0.6 -0.692820323027551
vn -0.8660254037844387 0 -0.49999999999999994
vn -0.49999999999999994 0 0.8660254037844387
vn 0.8660254037844387 0 0.49999999999999994
vn 0.49999999999999994 0 -0.8660254037844387
vn -0.7745966692414834 -0.4472135954999579 -0.44721359549995787
vn -0.44721359549995787 -0.4472135954999579 0.7745966692414834
vn 0.7745966692414834 -0.4472135954999579 0.44721359549995787
vn 0.44721359549995787 -0.4472135954999579 -0.7745966692414834
vn -0.8660254037844387 0 -0.49999999999999994
vn -0.49999999999999994 0 0.8660254037844387
vn 0.8660254037844387 0 0.49999999999999994
vn 0.49999999999999994 0 -0.8660254037844387
usemtl m_ac30d9ed-7ab4-5fc0-6276-16d234bb48f3
f 27/89/23 25/90/23 26/91/23 28/92/23
f 30/93/24 29/94/24 31/95/24 32/96/24
f 45/97/25 46/98/25 47/99/25 48/100/25
f 31/101/26 27/102/26 28/103/26 32/104/26
f 29/105/27 25/106/27 27/107/27 31/108/27
f 28/109/28 26/110/28 30/111/28 32/112/28
f 34/113/29 33/114/29 26/115/29 25/116/29
f 35/117/30 34/118/30 25/119/30 29/120/30
f 36/121/31 35/122/31 29/123/31 30/124/31
f 33/125/32 36/126/32 30/127/32 26/128/32
f 38/129/33 37/130/33 33/131/33 34/132/33
f 39/133/34 38/134/34 34/135/34 35/136/34
f 40/137/35 39/138/35 35/139/35 36/140/35
f 37/141/36 40/142/36 36/143/36 33/144/36
f 42/145/37 41/146/37 37/147/37 38/148/37
f 43/149/38 42/150/38 38/151/38 39/152/38
f 44/153/39 43/154/39 39/155/39 40/156/39
f 41/157/40 44/158/40 40/159/40 37/160/40
f 46/161/41 45/162/41 41/163/41 42/164/41
f 47/165/42 46/166/42 42/167/42 43/168/42
f 48/169/43 47/170/43 43/171/43 44/172/43
f 45/173/44 48/174/44 44/175/44 41/176/44
o mesh
v 3.4877404735808355 5.9375 6.8314904735808355
v 4.1372595264191645 5.9375 6.4564904735808355
v 3.4877404735808355 -0.5625 6.8314904735808355
v 4.1372595264191645 -0.5625 6.4564904735808355
v 3.8627404735808355 5.9375 7.4810095264191645
v 4.5122595264191645 5.9375 7.1060095264191645
v 3.8627404735808355 -0.5625 7.4810095264191645
v 4.5122595264191645 -0.5625 7.1060095264191645
v 4.102944644814373 6.0625 6.584555355185627
v 3.6158053551856266 6.0625 6.865805355185627
v 3.8970553551856266 6.0625 7.352944644814373
v 4.384194644814373 6.0625 7.071694644814373
v 4.102944644814373 8.65625 6.584555355185627
v 3.6158053551856266 8.65625 6.865805355185627
v 3.8970553551856266 8.65625 7.352944644814373
v 4.384194644814373 8.65625 7.071694644814373
v 4.1258212325509005 8.78125 6.4991787674490995
v 3.530428767449099 8.78125 6.8429287674490995
v 3.874178767449099 8.78125 7.4383212325509005
v 4.4695712325509005 8.78125 7.0945712325509005
v 4.1258212325509005 9.34375 6.4991787674490995
v 3.530428767449099 9.34375 6.8429287674490995
v 3.874178767449099 9.34375 7.4383212325509005
v 4.4695712325509005 9.34375 7.0945712325509005
vt 0.6484375 0.78125
vt 0.6484375 0.78125
vt 0.6484375 0.78125
vt 0.6484375 0.78125
vt 0.6484375 0.78125
vt 0.6484375 0.78125
vt 0.6484375 0.78125
vt 0.6484375 0.78125
vt 0.6484375 0.796875
vt 0.6484375 0.78125
vt 0.6484375 0.78125
vt 0.6328125 0.796875
vt 0.6484375 0.78125
vt 0.6484375 0.78125
vt 0.6484375 0.78125
vt 0.6484375 0.78125
vt 0.6484375 0.78125
vt 0.6484375 0.78125
vt 0.6484375 0.78125
vt 0.6484375 0.78125
vt 0.6484375 0.78125
vt 0.6484375 0.78125
vt 0.6484375 0.78125
vt 0.6484375 0.78125
vt 0.6484375 0.78125
vt 0.6484375 0.78125
vt 0.6484375 0.78125
vt 0.6484375 0.78125
vt 0.6484375 0.78125
vt 0.6484375 0.78125
vt 0.6484375 0.78125
vt 0.6484375 0.78125
vt 0.6484375 0.78125
vt 0.6484375 0.78125
vt 0.6484375 0.78125
vt 0.6484375 0.78125
vt 0.6484375 0.78125
vt 0.6484375 0.78125
vt 0.6484375 0.78125
vt 0.6484375 0.78125
vt 0.109375 0.375
vt 0.109375 0.375
vt 0.109375 0.375
vt 0.109375 0.375
vt 0.109375 0.375
vt 0.109375 0.375
vt 0.109375 0.375
vt 0.109375 0.375
vt 0.109375 0.375
vt 0.109375 0.375
vt 0.109375 0.375
vt 0.109375 0.375
vt 0.109375 0.375
vt 0.109375 0.375
vt 0.109375 0.375
vt 0.109375 0.375
vt 0.6484375 0.78125
vt 0.6484375 0.78125
vt 0.6484375 0.78125
vt 0.6484375 0.78125
vt 0.6484375 0.78125
vt 0.6484375 0.78125
vt 0.6484375 0.78125
vt 0.6484375 0.78125
vt 0.6328125 0.78125
vt 0.6484375 0.78125
vt 0.6484375 0.78125
vt 0.6484375 0.78125
vt 0.6484375 0.78125
vt 0.6328125 0.78125
vt 0.6484375 0.78125
vt 0.6484375 0.78125
vt 0.6484375 0.78125
vt 0.6484375 0.796875
vt 0.6484375 0.78125
vt 0.6484375 0.78125
vt 0.6484375 0.78125
vt 0.6484375 0.78125
vt 0.6484375 0.78125
vt 0.6484375 0.78125
vt 0.6328125 0.796875
vt 0.6484375 0.78125
vt 0.6484375 0.78125
vt 0.6328125 0.78125
vt 0.6484375 0.796875
vt 0.6328125 0.796875
vt 0.6328125 0.78125
vt 0.6484375 0.78125
vn -0.5000000000000001 0 -0.8660254037844386
vn 0.5000000000000001 0 0.8660254037844386
vn 0 1 0
vn 0 -1 0
vn -0.8660254037844386 0 0.5000000000000001
vn 0.8660254037844386 0 -0.5000000000000001
vn -0.40000000000000013 0.6 -0.6928203230275509
vn -0.6928203230275509 0.6 0.40000000000000013
vn 0.40000000000000013 0.6 0.6928203230275509
vn 0.6928203230275509 0.6 -0.40000000000000013
vn -0.5000000000000001 0 -0.8660254037844386
vn -0.8660254037844386 0 0.5000000000000001
vn 0.5000000000000001 0 0.8660254037844386
vn 0.8660254037844386 0 -0.5000000000000001
vn -0.44721359549995804 -0.4472135954999579 -0.7745966692414833
vn -0.7745966692414835 -0.44721359549995804 0.44721359549995815
vn 0.44721359549995804 -0.4472135954999579 0.7745966692414833
vn 0.7745966692414835 -0.44721359549995804 -0.44721359549995815
vn -0.5000000000000001 0 -0.8660254037844386
vn -0.8660254037844386 0 0.5000000000000001
vn 0.5000000000000001 0 0.8660254037844386
vn 0.8660254037844386 0 -0.5000000000000001
usemtl m_ac30d9ed-7ab4-5fc0-6276-16d234bb48f3
f 51/177/45 49/178/45 50/179/45 52/180/45
f 54/181/46 53/182/46 55/183/46 56/184/46
f 69/185/47 70/186/47 71/187/47 72/188/47
f 55/189/48 51/190/48 52/191/48 56/192/48
f 53/193/49 49/194/49 51/195/49 55/196/49
f 52/197/50 50/198/50 54/199/50 56/200/50
f 58/201/51 57/202/51 50/203/51 49/204/51
f 59/205/52 58/206/52 49/207/52 53/208/52
f 60/209/53 59/210/53 53/211/53 54/212/53
f 57/213/54 60/214/54 54/215/54 50/216/54
f 62/217/55 61/218/55 57/219/55 58/220/55
f 63/221/56 62/222/56 58/223/56 59/224/56
f 64/225/57 63/226/57 59/227/57 60/228/57
f 61/229/58 64/230/58 60/231/58 57/232/58
f 66/233/59 65/234/59 61/235/59 62/236/59
f 67/237/60 66/238/60 62/239/60 63/240/60
f 68/241/61 67/242/61 63/243/61 64/244/61
f 65/245/62 68/246/62 64/247/62 61/248/62
f 70/249/63 69/250/63 65/251/63 66/252/63
f 71/253/64 70/254/64 66/255/64 67/256/64
f 72/257/65 71/258/65 67/259/65 68/260/65
f 69/261/66 72/262/66 68/263/66 65/264/66
o mesh
v -0.3750000000000001 5.9375 7.65625
v 0.3749999999999999 5.9375 7.65625
v -0.3750000000000001 -0.5625 7.65625
v 0.3749999999999999 -0.5625 7.65625
v -0.3749999999999999 5.9375 8.40625
v 0.3750000000000001 5.9375 8.40625
v -0.3749999999999999 -0.5625 8.40625
v 0.3750000000000001 -0.5625 8.40625
v 0.28124999999999994 6.0625 7.75
v -0.28125000000000006 6.0625 7.75
v -0.28124999999999994 6.0625 8.3125
v 0.28125000000000006 6.0625 8.3125
v 0.28124999999999994 8.65625 7.75
v -0.28125000000000006 8.65625 7.75
v -0.28124999999999994 8.65625 8.3125
v 0.28125000000000006 8.65625 8.3125
v 0.34374999999999994 8.78125 7.6875
v -0.34375000000000006 8.78125 7.6875
v -0.34374999999999994 8.78125 8.375
v 0.34375000000000006 8.78125 8.375
v 0.34374999999999994 9.34375 7.6875
v -0.34375000000000006 9.34375 7.6875
v -0.34374999999999994 9.34375 8.375
v 0.34375000000000006 9.34375 8.375
vt 0.671875 0.78125
vt 0.671875 0.78125
vt 0.671875 0.78125
vt 0.671875 0.78125
vt 0.671875 0.78125
vt 0.671875 0.78125
vt 0.671875 0.78125
vt 0.671875 0.78125
vt 0.671875 0.796875
vt 0.671875 0.78125
vt 0.671875 0.78125
vt 0.65625 0.796875
vt 0.671875 0.78125
vt 0.671875 0.78125
vt 0.671875 0.78125
vt 0.671875 0.78125
vt 0.671875 0.78125
vt 0.671875 0.78125
vt 0.671875 0.78125
vt 0.671875 0.78125
vt 0.671875 0.78125
vt 0.671875 0.78125
vt 0.671875 0.78125
vt 0.671875 0.78125
vt 0.671875 0.78125
vt 0.671875 0.78125
vt 0.671875 0.78125
vt 0.671875 0.78125
vt 0.671875 0.78125
vt 0.671875 0.78125
vt 0.671875 0.78125
vt 0.671875 0.78125
vt 0.671875 0.78125
vt 0.671875 0.78125
vt 0.671875 0.78125
vt 0.671875 0.78125
vt 0.671875 0.78125
vt 0.671875 0.78125
vt 0.671875 0.78125
vt 0.671875 0.78125
vt 0.078125 0.390625
vt 0.078125 0.390625
vt 0.078125 0.390625
vt 0.078125 0.390625
vt 0.078125 0.390625
vt 0.078125 0.390625
vt 0.078125 0.390625
vt 0.078125 0.390625
vt 0.078125 0.390625
vt 0.078125 0.390625
vt 0.078125 0.390625
vt 0.078125 0.390625
vt 0.078125 0.390625
vt 0.078125 0.390625
vt 0.078125 0.390625
vt 0.078125 0.390625
vt 0.671875 0.78125
vt 0.671875 0.78125
vt 0.671875 0.78125
vt 0.671875 0.78125
vt 0.671875 0.78125
vt 0.671875 0.78125
vt 0.671875 0.78125
vt 0.671875 0.78125
vt 0.65625 0.78125
vt 0.671875 0.78125
vt 0.671875 0.78125
vt 0.671875 0.78125
vt 0.671875 0.78125
vt 0.65625 0.78125
vt 0.671875 0.78125
vt 0.671875 0.78125
vt 0.671875 0.78125
vt 0.671875 0.796875
vt 0.671875 0.78125
vt 0.671875 0.78125
vt 0.671875 0.78125
vt 0.671875 0.78125
vt 0.671875 0.78125
vt 0.671875 0.78125
vt 0.65625 0.796875
vt 0.671875 0.78125
vt 0.671875 0.78125
vt 0.65625 0.78125
vt 0.671875 0.796875
vt 0.65625 0.796875
vt 0.65625 0.78125
vt 0.671875 0.78125
vn -2.220446049250313e-16 0 -1
vn 2.220446049250313e-16 0 1
vn 0 1 0
vn 0 -1 0
vn -1 0 2.220446049250313e-16
vn 1 0 -2.220446049250313e-16
vn -1.7763568394002506e-16 0.6 -0.8
vn -0.8 0.6 1.7763568394002506e-16
vn 1.7763568394002506e-16 0.6 0.8
vn 0.8 0.6 -1.7763568394002506e-16
vn -2.220446049250313e-16 0 -1
vn -1 0 2.220446049250313e-16
vn 2.220446049250313e-16 0 1
vn 1 0 -2.220446049250313e-16
vn -1.9860273225978188e-16 -0.44721359549995804 -0.8944271909999161
vn -0.8944271909999161 -0.44721359549995804 1.9860273225978188e-16
vn 1.9860273225978188e-16 -0.44721359549995804 0.8944271909999161
vn 0.8944271909999161 -0.44721359549995804 -1.9860273225978188e-16
vn -2.220446049250313e-16 0 -1
vn -1 0 2.220446049250313e-16
vn 2.220446049250313e-16 0 1
vn 1 0 -2.220446049250313e-16
usemtl m_ac30d9ed-7ab4-5fc0-6276-16d234bb48f3
f 75/265/67 73/266/67 74/267/67 76/268/67
f 78/269/68 77/270/68 79/271/68 80/272/68
f 93/273/69 94/274/69 95/275/69 96/276/69
f 79/277/70 75/278/70 76/279/70 80/280/70
f 77/281/71 73/282/71 75/283/71 79/284/71
f 76/285/72 74/286/72 78/287/72 80/288/72
f 82/289/73 81/290/73 74/291/73 73/292/73
f 83/293/74 82/294/74 73/295/74 77/296/74
f 84/297/75 83/298/75 77/299/75 78/300/75
f 81/301/76 84/302/76 78/303/76 74/304/76
f 86/305/77 85/306/77 81/307/77 82/308/77
f 87/309/78 86/310/78 82/311/78 83/312/78
f 88/313/79 87/314/79 83/315/79 84/316/79
f 85/317/80 88/318/80 84/319/80 81/320/80
f 90/321/81 89/322/81 85/323/81 86/324/81
f 91/325/82 90/326/82 86/327/82 87/328/82
f 92/329/83 91/330/83 87/331/83 88/332/83
f 89/333/84 92/334/84 88/335/84 85/336/84
f 94/337/85 93/338/85 89/339/85 90/340/85
f 95/341/86 94/342/86 90/343/86 91/344/86
f 96/345/87 95/346/87 91/347/87 92/348/87
f 93/349/88 96/350/88 92/351/88 89/352/88
o mesh
v -3.8627404735808355 5.9375 7.4810095264191645
v -4.5122595264191645 5.9375 7.1060095264191645
v -3.8627404735808355 -0.5625 7.4810095264191645
v -4.5122595264191645 -0.5625 7.1060095264191645
v -3.4877404735808355 5.9375 6.8314904735808355
v -4.1372595264191645 5.9375 6.4564904735808355
v -3.4877404735808355 -0.5625 6.8314904735808355
v -4.1372595264191645 -0.5625 6.4564904735808355
v -4.384194644814373 6.0625 7.071694644814373
v -3.8970553551856266 6.0625 7.352944644814373
v -3.6158053551856266 6.0625 6.865805355185627
v -4.102944644814373 6.0625 6.584555355185627
v -4.384194644814373 8.65625 7.071694644814373
v -3.8970553551856266 8.65625 7.352944644814373
v -3.6158053551856266 8.65625 6.865805355185627
v -4.102944644814373 8.65625 6.584555355185627
v -4.4695712325509005 8.78125 7.0945712325509005
v -3.874178767449099 8.78125 7.4383212325509005
v -3.530428767449099 8.78125 6.8429287674490995
v -4.1258212325509005 8.78125 6.4991787674490995
v -4.4695712325509005 9.34375 7.0945712325509005
v -3.874178767449099 9.34375 7.4383212325509005
v -3.530428767449099 9.34375 6.8429287674490995
v -4.1258212325509005 9.34375 6.4991787674490995
vt 0.6875 0.78125
vt 0.6875 0.78125
vt 0.6875 0.78125
vt 0.6875 0.78125
vt 0.6875 0.78125
vt 0.6875 0.78125
vt 0.6875 0.78125
vt 0.6875 0.78125
vt 0.6875 0.796875
vt 0.6875 0.78125
vt 0.6875 0.78125
vt 0.671875 0.796875
vt 0.6875 0.78125
vt 0.6875 0.78125
vt 0.6875 0.78125
vt 0.6875 0.78125
vt 0.6875 0.78125
vt 0.6875 0.78125
vt 0.6875 0.78125
vt 0.6875 0.78125
vt 0.6875 0.78125
vt 0.6875 0.78125
vt 0.6875 0.78125
vt 0.6875 0.78125
vt 0.6875 0.78125
vt 0.6875 0.78125
vt 0.6875 0.78125
vt 0.6875 0.78125
vt 0.6875 0.78125
vt 0.6875 0.78125
vt 0.6875 0.78125
vt 0.6875 0.78125
vt 0.6875 0.78125
vt 0.6875 0.78125
vt 0.6875 0.78125
vt 0.6875 0.78125
vt 0.6875 0.78125
vt 0.6875 0.78125
vt 0.6875 0.78125
vt 0.6875 0.78125
vt 0.140625 0.328125
vt 0.140625 0.328125
vt 0.140625 0.328125
vt 0.140625 0.328125
vt 0.140625 0.328125
vt 0.140625 0.328125
vt 0.140625 0.328125
vt 0.140625 0.328125
vt 0.140625 0.328125
vt 0.140625 0.328125
vt 0.140625 0.328125
vt 0.140625 0.328125
vt 0.140625 0.328125
vt 0.140625 0.328125
vt 0.140625 0.328125
vt 0.140625 0.328125
vt 0.6875 0.78125
vt 0.6875 0.78125
vt 0.6875 0.78125
vt 0.6875 0.78125
vt 0.6875 0.78125
vt 0.6875 0.78125
vt 0.6875 0.78125
vt 0.6875 0.78125
vt 0.671875 0.78125
vt 0.6875 0.78125
vt 0.6875 0.78125
vt 0.6875 0.78125
vt 0.6875 0.78125
vt 0.671875 0.78125
vt 0.6875 0.78125
vt 0.6875 0.78125
vt 0.6875 0.78125
vt 0.6875 0.796875
vt 0.6875 0.78125
vt 0.6875 0.78125
vt 0.6875 0.78125
vt 0.6875 0.78125
vt 0.6875 0.78125
vt 0.6875 0.78125
vt 0.671875 0.796875
vt 0.6875 0.78125
vt 0.6875 0.78125
vt 0.671875 0.78125
vt 0.6875 0.796875
vt 0.671875 0.796875
vt 0.671875 0.78125
vt 0.6875 0.78125
vn -0.5000000000000001 0 0.8660254037844386
vn 0.5000000000000001 0 -0.8660254037844386
vn 0 1 0
vn 0 -1 0
vn 0.8660254037844386 0 0.5000000000000001
vn -0.8660254037844386 0 -0.5000000000000001
vn -0.40000000000000013 0.6 0.6928203230275509
vn 0.6928203230275509 0.6 0.40000000000000013
vn 0.40000000000000013 0.6 -0.6928203230275509
vn -0.6928203230275509 0.6 -0.40000000000000013
vn -0.5000000000000001 0 0.8660254037844386
vn 0.8660254037844386 0 0.5000000000000001
vn 0.5000000000000001 0 -0.8660254037844386
vn -0.8660254037844386 0 -0.5000000000000001
vn -0.44721359549995804 -0.4472135954999579 0.7745966692414833
vn 0.7745966692414835 -0.44721359549995804 0.44721359549995815
vn 0.44721359549995804 -0.4472135954999579 -0.7745966692414833
vn -0.7745966692414835 -0.44721359549995804 -0.44721359549995815
vn -0.5000000000000001 0 0.8660254037844386
vn 0.8660254037844386 0 0.5000000000000001
vn 0.5000000000000001 0 -0.8660254037844386
vn -0.8660254037844386 0 -0.5000000000000001
usemtl m_ac30d9ed-7ab4-5fc0-6276-16d234bb48f3
f 99/353/89 97/354/89 98/355/89 100/356/89
f 102/357/90 101/358/90 103/359/90 104/360/90
f 117/361/91 118/362/91 119/363/91 120/364/91
f 103/365/92 99/366/92 100/367/92 104/368/92
f 101/369/93 97/370/93 99/371/93 103/372/93
f 100/373/94 98/374/94 102/375/94 104/376/94
f 106/377/95 105/378/95 98/379/95 97/380/95
f 107/381/96 106/382/96 97/383/96 101/384/96
f 108/385/97 107/386/97 101/387/97 102/388/97
f 105/389/98 108/390/98 102/391/98 98/392/98
f 110/393/99 109/394/99 105/395/99 106/396/99
f 111/397/100 110/398/100 106/399/100 107/400/100
f 112/401/101 111/402/101 107/403/101 108/404/101
f 109/405/102 112/406/102 108/407/102 105/408/102
f 114/409/103 113/410/103 109/411/103 110/412/103
f 115/413/104 114/414/104 110/415/104 111/416/104
f 116/417/105 115/418/105 111/419/105 112/420/105
f 113/421/106 116/422/106 112/423/106 109/424/106
f 118/425/107 117/426/107 113/427/107 114/428/107
f 119/429/108 118/430/108 114/431/108 115/432/108
f 120/433/109 119/434/109 115/435/109 116/436/109
f 117/437/110 120/438/110 116/439/110 113/440/110
o mesh
v -7.1060095264191645 5.9375 4.5122595264191645
v -7.4810095264191645 5.9375 3.8627404735808355
v -7.1060095264191645 -0.5625 4.5122595264191645
v -7.4810095264191645 -0.5625 3.8627404735808355
v -6.4564904735808355 5.9375 4.1372595264191645
v -6.8314904735808355 5.9375 3.4877404735808355
v -6.4564904735808355 -0.5625 4.1372595264191645
v -6.8314904735808355 -0.5625 3.4877404735808355
v -7.352944644814373 6.0625 3.8970553551856266
v -7.071694644814373 6.0625 4.384194644814373
v -6.584555355185627 6.0625 4.102944644814373
v -6.865805355185627 6.0625 3.6158053551856266
v -7.352944644814373 8.65625 3.8970553551856266
v -7.071694644814373 8.65625 4.384194644814373
v -6.584555355185627 8.65625 4.102944644814373
v -6.865805355185627 8.65625 3.6158053551856266
v -7.4383212325509005 8.78125 3.874178767449099
v -7.0945712325509005 8.78125 4.4695712325509005
v -6.4991787674490995 8.78125 4.1258212325509005
v -6.8429287674490995 8.78125 3.530428767449099
v -7.4383212325509005 9.34375 3.874178767449099
v -7.0945712325509005 9.34375 4.4695712325509005
v -6.4991787674490995 9.34375 4.1258212325509005
v -6.8429287674490995 9.34375 3.530428767449099
vt 0.59375 0.78125
vt 0.59375 0.78125
vt 0.59375 0.78125
vt 0.59375 0.78125
vt 0.59375 0.78125
vt 0.59375 0.78125
vt 0.59375 0.78125
vt 0.59375 0.78125
vt 0.59375 0.796875
vt 0.59375 0.78125
vt 0.59375 0.78125
vt 0.578125 0.796875
vt 0.59375 0.78125
vt 0.59375 0.78125
vt 0.59375 0.78125
vt 0.59375 0.78125
vt 0.59375 0.78125
vt 0.59375 0.78125
vt 0.59375 0.78125
vt 0.59375 0.78125
vt 0.59375 0.78125
vt 0.59375 0.78125
vt 0.59375 0.78125
vt 0.59375 0.78125
vt 0.59375 0.78125
vt 0.59375 0.78125
vt 0.59375 0.78125
vt 0.59375 0.78125
vt 0.59375 0.78125
vt 0.59375 0.78125
vt 0.59375 0.78125
vt 0.59375 0.78125
vt 0.59375 0.78125
vt 0.59375 0.78125
vt 0.59375 0.78125
vt 0.59375 0.78125
vt 0.59375 0.78125
vt 0.59375 0.78125
vt 0.59375 0.78125
vt 0.59375 0.78125
vt 0.109375 0.4375
vt 0.109375 0.4375
vt 0.109375 0.4375
vt 0.109375 0.4375
vt 0.109375 0.4375
vt 0.109375 0.4375
vt 0.109375 0.4375
vt 0.109375 0.4375
vt 0.109375 0.4375
vt 0.109375 0.4375
vt 0.109375 0.4375
vt 0.109375 0.4375
vt 0.109375 0.4375
vt 0.109375 0.4375
vt 0.109375 0.4375
vt 0.109375 0.4375
vt 0.59375 0.78125
vt 0.59375 0.78125
vt 0.59375 0.78125
vt 0.59375 0.78125
vt 0.59375 0.78125
vt 0.59375 0.78125
vt 0.59375 0.78125
vt 0.59375 0.78125
vt 0.578125 0.78125
vt 0.59375 0.78125
vt 0.59375 0.78125
vt 0.59375 0.78125
vt 0.59375 0.78125
vt 0.578125 0.78125
vt 0.59375 0.78125
vt 0.59375 0.78125
vt 0.59375 0.78125
vt 0.59375 0.796875
vt 0.59375 0.78125
vt 0.59375 0.78125
vt 0.59375 0.78125
vt 0.59375 0.78125
vt 0.59375 0.78125
vt 0.59375 0.78125
vt 0.578125 0.796875
vt 0.59375 0.78125
vt 0.59375 0.78125
vt 0.578125 0.78125
vt 0.59375 0.796875
vt 0.578125 0.796875
vt 0.578125 0.78125
vt 0.59375 0.78125
vn -0.8660254037844387 0 0.49999999999999994
vn 0.8660254037844387 0 -0.49999999999999994
vn 0 1 0
vn 0 -1 0
vn 0.49999999999999994 0 0.8660254037844387
vn -0.49999999999999994 0 -0.8660254037844387
vn -0.692820323027551 0.6 0.39999999999999997
vn 0.39999999999999997 0.6 0.692820323027551
vn 0.692820323027551 0.6 -0.39999999999999997
vn -0.39999999999999997 0.6 -0.692820323027551
vn -0.8660254037844387 0 0.49999999999999994
vn 0.49999999999999994 0 0.8660254037844387
vn 0.8660254037844387 0 -0.49999999999999994
vn -0.49999999999999994 0 -0.8660254037844387
vn -0.7745966692414834 -0.4472135954999579 0.44721359549995787
vn 0.44721359549995787 -0.4472135954999579 0.7745966692414834
vn 0.7745966692414834 -0.4472135954999579 -0.44721359549995787
vn -0.44721359549995787 -0.4472135954999579 -0.7745966692414834
vn -0.8660254037844387 0 0.49999999999999994
vn 0.49999999999999994 0 0.8660254037844387
vn 0.8660254037844387 0 -0.49999999999999994
vn -0.49999999999999994 0 -0.8660254037844387
usemtl m_ac30d9ed-7ab4-5fc0-6276-16d234bb48f3
f 123/441/111 121/442/111 122/443/111 124/444/111
f 126/445/112 125/446/112 127/447/112 128/448/112
f 141/449/113 142/450/113 143/451/113 144/452/113
f 127/453/114 123/454/114 124/455/114 128/456/114
f 125/457/115 121/458/115 123/459/115 127/460/115
f 124/461/116 122/462/116 126/463/116 128/464/116
f 130/465/117 129/466/117 122/467/117 121/468/117
f 131/469/118 130/470/118 121/471/118 125/472/118
f 132/473/119 131/474/119 125/475/119 126/476/119
f 129/477/120 132/478/120 126/479/120 122/480/120
f 134/481/121 133/482/121 129/483/121 130/484/121
f 135/485/122 134/486/122 130/487/122 131/488/122
f 136/489/123 135/490/123 131/491/123 132/492/123
f 133/493/124 136/494/124 132/495/124 129/496/124
f 138/497/125 137/498/125 133/499/125 134/500/125
f 139/501/126 138/502/126 134/503/126 135/504/126
f 140/505/127 139/506/127 135/507/127 136/508/127
f 137/509/128 140/510/128 136/511/128 133/512/128
f 142/513/129 141/514/129 137/515/129 138/516/129
f 143/517/130 142/518/130 138/519/130 139/520/130
f 144/521/131 143/522/131 139/523/131 140/524/131
f 141/525/132 144/526/132 140/527/132 137/528/132
o mesh
v -8.40625 5.9375 0.375
v -8.40625 5.9375 -0.375
v -8.40625 -0.5625 0.375
v -8.40625 -0.5625 -0.375
v -7.65625 5.9375 0.375
v -7.65625 5.9375 -0.375
v -7.65625 -0.5625 0.375
v -7.65625 -0.5625 -0.375
v -8.3125 6.0625 -0.28125
v -8.3125 6.0625 0.28125
v -7.75 6.0625 0.28125
v -7.75 6.0625 -0.28125
v -8.3125 8.65625 -0.28125
v -8.3125 8.65625 0.28125
v -7.75 8.65625 0.28125
v -7.75 8.65625 -0.28125
v -8.375 8.78125 -0.34375
v -8.375 8.78125 0.34375
v -7.6875 8.78125 0.34375
v -7.6875 8.78125 -0.34375
v -8.375 9.34375 -0.34375
v -8.375 9.34375 0.34375
v -7.6875 9.34375 0.34375
v -7.6875 9.34375 -0.34375
vt 0.671875 0.796875
vt 0.671875 0.796875
vt 0.671875 0.796875
vt 0.671875 0.796875
vt 0.671875 0.796875
vt 0.671875 0.796875
vt 0.671875 0.796875
vt 0.671875 0.796875
vt 0.671875 0.8125
vt 0.671875 0.796875
vt 0.671875 0.796875
vt 0.65625 0.8125
vt 0.671875 0.796875
vt 0.671875 0.796875
vt 0.671875 0.796875
vt 0.671875 0.796875
vt 0.671875 0.796875
vt 0.671875 0.796875
vt 0.671875 0.796875
vt 0.671875 0.796875
vt 0.671875 0.796875
vt 0.671875 0.796875
vt 0.671875 0.796875
vt 0.671875 0.796875
vt 0.671875 0.796875
vt 0.671875 0.796875
vt 0.671875 0.796875
vt 0.671875 0.796875
vt 0.671875 0.796875
vt 0.671875 0.796875
vt 0.671875 0.796875
vt 0.671875 0.796875
vt 0.671875 0.796875
vt 0.671875 0.796875
vt 0.671875 0.796875
vt 0.671875 0.796875
vt 0.671875 0.796875
vt 0.671875 0.796875
vt 0.671875 0.796875
vt 0.671875 0.796875
vt 0.140625 0.375
vt 0.140625 0.375
vt 0.140625 0.375
vt 0.140625 0.375
vt 0.140625 0.375
vt 0.140625 0.375
vt 0.140625 0.375
vt 0.140625 0.375
vt 0.140625 0.375
vt 0.140625 0.375
vt 0.140625 0.375
vt 0.140625 0.375
vt 0.140625 0.375
vt 0.140625 0.375
vt 0.140625 0.375
vt 0.140625 0.375
vt 0.671875 0.796875
vt 0.671875 0.796875
vt 0.671875 0.796875
vt 0.671875 0.796875
vt 0.671875 0.796875
vt 0.671875 0.796875
vt 0.671875 0.796875
vt 0.671875 0.796875
vt 0.65625 0.796875
vt 0.671875 0.796875
vt 0.671875 0.796875
vt 0.671875 0.796875
vt 0.671875 0.796875
vt 0.65625 0.796875
vt 0.671875 0.796875
vt 0.671875 0.796875
vt 0.671875 0.796875
vt 0.671875 0.8125
vt 0.671875 0.796875
vt 0.671875 0.796875
vt 0.671875 0.796875
vt 0.671875 0.796875
vt 0.671875 0.796875
vt 0.671875 0.796875
vt 0.65625 0.8125
vt 0.671875 0.796875
vt 0.671875 0.796875
vt 0.65625 0.796875
vt 0.671875 0.8125
vt 0.65625 0.8125
vt 0.65625 0.796875
vt 0.671875 0.796875
vn -1 0 0
vn 1 0 0
vn 0 1 0
vn 0 -1 0
vn 0 0 1
vn 0 0 -1
vn -0.8 0.6 0
vn 0 0.6 0.8
vn 0.8 0.6 0
vn 0 0.6 -0.8
vn -1 0 0
vn 0 0 1
vn 1 0 0
vn 0 0 -1
vn -0.8944271909999161 -0.44721359549995804 0
vn 0 -0.44721359549995804 0.8944271909999161
vn 0.8944271909999161 -0.44721359549995804 0
vn 0 -0.44721359549995804 -0.8944271909999161
vn -1 0 0
vn 0 0 1
vn 1 0 0
vn 0 0 -1
usemtl m_ac30d9ed-7ab4-5fc0-6276-16d234bb48f3
f 147/529/133 145/530/133 146/531/133 148/532/133
f 150/533/134 149/534/134 151/535/134 152/536/134
f 165/537/135 166/538/135 167/539/135 168/540/135
f 151/541/136 147/542/136 148/543/136 152/544/136
f 149/545/137 145/546/137 147/547/137 151/548/137
f 148/549/138 146/550/138 150/551/138 152/552/138
f 154/553/139 153/554/139 146/555/139 145/556/139
f 155/557/140 154/558/140 145/559/140 149/560/140
f 156/561/141 155/562/141 149/563/141 150/564/141
f 153/565/142 156/566/142 150/567/142 146/568/142
f 158/569/143 157/570/143 153/571/143 154/572/143
f 159/573/144 158/574/144 154/575/144 155/576/144
f 160/577/145 159/578/145 155/579/145 156/580/145
f 157/581/146 160/582/146 156/583/146 153/584/146
f 162/585/147 161/586/147 157/587/147 158/588/147
f 163/589/148 162/590/148 158/591/148 159/592/148
f 164/593/149 163/594/149 159/595/149 160/596/149
f 161/597/150 164/598/150 160/599/150 157/600/150
f 166/601/151 165/602/151 161/603/151 162/604/151
f 167/605/152 166/606/152 162/607/152 163/608/152
f 168/609/153 167/610/153 163/611/153 164/612/153
f 165/613/154 168/614/154 164/615/154 161/616/154
o mesh
v -7.4810095264191645 5.9375 -3.8627404735808355
v -7.1060095264191645 5.9375 -4.5122595264191645
v -7.4810095264191645 -0.5625 -3.8627404735808355
v -7.1060095264191645 -0.5625 -4.5122595264191645
v -6.8314904735808355 5.9375 -3.4877404735808355
v -6.4564904735808355 5.9375 -4.1372595264191645
v -6.8314904735808355 -0.5625 -3.4877404735808355
v -6.4564904735808355 -0.5625 -4.1372595264191645
v -7.071694644814373 6.0625 -4.384194644814373
v -7.352944644814373 6.0625 -3.8970553551856266
v -6.865805355185627 6.0625 -3.6158053551856266
v -6.584555355185627 6.0625 -4.102944644814373
v -7.071694644814373 8.65625 -4.384194644814373
v -7.352944644814373 8.65625 -3.8970553551856266
v -6.865805355185627 8.65625 -3.6158053551856266
v -6.584555355185627 8.65625 -4.102944644814373
v -7.0945712325509005 8.78125 -4.4695712325509005
v -7.4383212325509005 8.78125 -3.874178767449099
v -6.8429287674490995 8.78125 -3.530428767449099
v -6.4991787674490995 8.78125 -4.1258212325509005
v -7.0945712325509005 9.34375 -4.4695712325509005
v -7.4383212325509005 9.34375 -3.874178767449099
v -6.8429287674490995 9.34375 -3.530428767449099
v -6.4991787674490995 9.34375 -4.1258212325509005
vt 0.59375 0.78125
vt 0.59375 0.78125
vt 0.59375 0.78125
vt 0.59375 0.78125
vt 0.59375 0.78125
vt 0.59375 0.78125
vt 0.59375 0.78125
vt 0.59375 0.78125
vt 0.59375 0.796875
vt 0.59375 0.78125
vt 0.59375 0.78125
vt 0.578125 0.796875
vt 0.59375 0.78125
vt 0.59375 0.78125
vt 0.59375 0.78125
vt 0.59375 0.78125
vt 0.59375 0.78125
vt 0.59375 0.78125
vt 0.59375 0.78125
vt 0.59375 0.78125
vt 0.59375 0.78125
vt 0.59375 0.78125
vt 0.59375 0.78125
vt 0.59375 0.78125
vt 0.59375 0.78125
vt 0.59375 0.78125
vt 0.59375 0.78125
vt 0.59375 0.78125
vt 0.59375 0.78125
vt 0.59375 0.78125
vt 0.59375 0.78125
vt 0.59375 0.78125
vt 0.59375 0.78125
vt 0.59375 0.78125
vt 0.59375 0.78125
vt 0.59375 0.78125
vt 0.59375 0.78125
vt 0.59375 0.78125
vt 0.59375 0.78125
vt 0.59375 0.78125
vt 0.03125 0.421875
vt 0.03125 0.421875
vt 0.03125 0.421875
vt 0.03125 0.421875
vt 0.03125 0.421875
vt 0.03125 0.421875
vt 0.03125 0.421875
vt 0.03125 0.421875
vt 0.03125 0.421875
vt 0.03125 0.421875
vt 0.03125 0.421875
vt 0.03125 0.421875
vt 0.03125 0.421875
vt 0.03125 0.421875
vt 0.03125 0.421875
vt 0.03125 0.421875
vt 0.59375 0.78125
vt 0.59375 0.78125
vt 0.59375 0.78125
vt 0.59375 0.78125
vt 0.59375 0.78125
vt 0.59375 0.78125
vt 0.59375 0.78125
vt 0.59375 0.78125
vt 0.578125 0.78125
vt 0.59375 0.78125
vt 0.59375 0.78125
vt 0.59375 0.78125
vt 0.59375 0.78125
vt 0.578125 0.78125
vt 0.59375 0.78125
vt 0.59375 0.78125
vt 0.59375 0.78125
vt 0.59375 0.796875
vt 0.59375 0.78125
vt 0.59375 0.78125
vt 0.59375 0.78125
vt 0.59375 0.78125
vt 0.59375 0.78125
vt 0.59375 0.78125
vt 0.578125 0.796875
vt 0.59375 0.78125
vt 0.59375 0.78125
vt 0.578125 0.78125
vt 0.59375 0.796875
vt 0.578125 0.796875
vt 0.578125 0.78125
vt 0.59375 0.78125
vn -0.8660254037844387 0 -0.49999999999999994
vn 0.8660254037844387 0 0.49999999999999994
vn 0 1 0
vn 0 -1 0
vn -0.49999999999999994 0 0.8660254037844387
vn 0.49999999999999994 0 -0.8660254037844387
vn -0.692820323027551 0.6 -0.39999999999999997
vn -0.39999999999999997 0.6 0.692820323027551
vn 0.692820323027551 0.6 0.39999999999999997
vn 0.39999999999999997 0.6 -0.692820323027551
vn -0.8660254037844387 0 -0.49999999999999994
vn -0.49999999999999994 0 0.8660254037844387
vn 0.8660254037844387 0 0.49999999999999994
vn 0.49999999999999994 0 -0.8660254037844387
vn -0.7745966692414834 -0.4472135954999579 -0.44721359549995787
vn -0.44721359549995787 -0.4472135954999579 0.7745966692414834
vn 0.7745966692414834 -0.4472135954999579 0.44721359549995787
vn 0.44721359549995787 -0.4472135954999579 -0.7745966692414834
vn -0.8660254037844387 0 -0.49999999999999994
vn -0.49999999999999994 0 0.8660254037844387
vn 0.8660254037844387 0 0.49999999999999994
vn 0.49999999999999994 0 -0.8660254037844387
usemtl m_ac30d9ed-7ab4-5fc0-6276-16d234bb48f3
f 171/617/155 169/618/155 170/619/155 172/620/155
f 174/621/156 173/622/156 175/623/156 176/624/156
f 189/625/157 190/626/157 191/627/157 192/628/157
f 175/629/158 171/630/158 172/631/158 176/632/158
f 173/633/159 169/634/159 171/635/159 175/636/159
f 172/637/160 170/638/160 174/639/160 176/640/160
f 178/641/161 177/642/161 170/643/161 169/644/161
f 179/645/162 178/646/162 169/647/162 173/648/162
f 180/649/163 179/650/163 173/651/163 174/652/163
f 177/653/164 180/654/164 174/655/164 170/656/164
f 182/657/165 181/658/165 177/659/165 178/660/165
f 183/661/166 182/662/166 178/663/166 179/664/166
f 184/665/167 183/666/167 179/667/167 180/668/167
f 181/669/168 184/670/168 180/671/168 177/672/168
f 186/673/169 185/674/169 181/675/169 182/676/169
f 187/677/170 186/678/170 182/679/170 183/680/170
f 188/681/171 187/682/171 183/683/171 184/684/171
f 185/685/172 188/686/172 184/687/172 181/688/172
f 190/689/173 189/690/173 185/691/173 186/692/173
f 191/693/174 190/694/174 186/695/174 187/696/174
f 192/697/175 191/698/175 187/699/175 188/700/175
f 189/701/176 192/702/176 188/703/176 185/704/176
o mesh
v -4.5122595264191645 5.9375 -7.1060095264191645
v -3.8627404735808355 5.9375 -7.4810095264191645
v -4.5122595264191645 -0.5625 -7.1060095264191645
v -3.8627404735808355 -0.5625 -7.4810095264191645
v -4.1372595264191645 5.9375 -6.4564904735808355
v -3.4877404735808355 5.9375 -6.8314904735808355
v -4.1372595264191645 -0.5625 -6.4564904735808355
v -3.4877404735808355 -0.5625 -6.8314904735808355
v -3.8970553551856266 6.0625 -7.352944644814373
v -4.384194644814373 6.0625 -7.071694644814373
v -4.102944644814373 6.0625 -6.584555355185627
v -3.6158053551856266 6.0625 -6.865805355185627
v -3.8970553551856266 8.65625 -7.352944644814373
v -4.384194644814373 8.65625 -7.071694644814373
v -4.102944644814373 8.65625 -6.584555355185627
v -3.6158053551856266 8.65625 -6.865805355185627
v -3.874178767449099 8.78125 -7.4383212325509005
v -4.4695712325509005 8.78125 -7.0945712325509005
v -4.1258212325509005 8.78125 -6.4991787674490995
v -3.530428767449099 8.78125 -6.8429287674490995
v -3.874178767449099 9.34375 -7.4383212325509005
v -4.4695712325509005 9.34375 -7.0945712325509005
v -4.1258212325509005 9.34375 -6.4991787674490995
v -3.530428767449099 9.34375 -6.8429287674490995
vt 0.5625 0.78125
vt 0.5625 0.78125
vt 0.5625 0.78125
vt 0.5625 0.78125
vt 0.5625 0.78125
vt 0.5625 0.78125
vt 0.5625 0.78125
vt 0.5625 0.78125
vt 0.5625 0.796875
vt 0.5625 0.78125
vt 0.5625 0.78125
vt 0.546875 0.796875
vt 0.5625 0.78125
vt 0.5625 0.78125
vt 0.5625 0.78125
vt 0.5625 0.78125
vt 0.5625 0.78125
vt 0.5625 0.78125
vt 0.5625 0.78125
vt 0.5625 0.78125
vt 0.5625 0.78125
vt 0.5625 0.78125
vt 0.5625 0.78125
vt 0.5625 0.78125
vt 0.5625 0.78125
vt 0.5625 0.78125
vt 0.5625 0.78125
vt 0.5625 0.78125
vt 0.5625 0.78125
vt 0.5625 0.78125
vt 0.5625 0.78125
vt 0.5625 0.78125
vt 0.5625 0.78125
vt 0.5625 0.78125
vt 0.5625 0.78125
vt 0.5625 0.78125
vt 0.5625 0.78125
vt 0.5625 0.78125
vt 0.5625 0.78125
vt 0.5625 0.78125
vt 0.078125 0.421875
vt 0.078125 0.421875
vt 0.078125 0.421875
vt 0.078125 0.421875
vt 0.078125 0.421875
vt 0.078125 0.421875
vt 0.078125 0.421875
vt 0.078125 0.421875
vt 0.078125 0.421875
vt 0.078125 0.421875
vt 0.078125 0.421875
vt 0.078125 0.421875
vt 0.078125 0.421875
vt 0.078125 0.421875
vt 0.078125 0.421875
vt 0.078125 0.421875
vt 0.5625 0.78125
vt 0.5625 0.78125
vt 0.5625 0.78125
vt 0.5625 0.78125
vt 0.5625 0.78125
vt 0.5625 0.78125
vt 0.5625 0.78125
vt 0.5625 0.78125
vt 0.546875 0.78125
vt 0.5625 0.78125
vt 0.5625 0.78125
vt 0.5625 0.78125
vt 0.5625 0.78125
vt 0.546875 0.78125
vt 0.5625 0.78125
vt 0.5625 0.78125
vt 0.5625 0.78125
vt 0.5625 0.796875
vt 0.5625 0.78125
vt 0.5625 0.78125
vt 0.5625 0.78125
vt 0.5625 0.78125
vt 0.5625 0.78125
vt 0.5625 0.78125
vt 0.546875 0.796875
vt 0.5625 0.78125
vt 0.5625 0.78125
vt 0.546875 0.78125
vt 0.5625 0.796875
vt 0.546875 0.796875
vt 0.546875 0.78125
vt 0.5625 0.78125
vn -0.5000000000000001 0 -0.8660254037844386
vn 0.5000000000000001 0 0.8660254037844386
vn 0 1 0
vn 0 -1 0
vn -0.8660254037844386 0 0.5000000000000001
vn 0.8660254037844386 0 -0.5000000000000001
vn -0.40000000000000013 0.6 -0.6928203230275509
vn -0.6928203230275509 0.6 0.40000000000000013
vn 0.40000000000000013 0.6 0.6928203230275509
vn 0.6928203230275509 0.6 -0.40000000000000013
vn -0.5000000000000001 0 -0.8660254037844386
vn -0.8660254037844386 0 0.5000000000000001
vn 0.5000000000000001 0 0.8660254037844386
vn 0.8660254037844386 0 -0.5000000000000001
vn -0.44721359549995804 -0.4472135954999579 -0.7745966692414833
vn -0.7745966692414835 -0.44721359549995804 0.44721359549995815
vn 0.44721359549995804 -0.4472135954999579 0.7745966692414833
vn 0.7745966692414835 -0.44721359549995804 -0.44721359549995815
vn -0.5000000000000001 0 -0.8660254037844386
vn -0.8660254037844386 0 0.5000000000000001
vn 0.5000000000000001 0 0.8660254037844386
vn 0.8660254037844386 0 -0.5000000000000001
usemtl m_ac30d9ed-7ab4-5fc0-6276-16d234bb48f3
f 195/705/177 193/706/177 194/707/177 196/708/177
f 198/709/178 197/710/178 199/711/178 200/712/178
f 213/713/179 214/714/179 215/715/179 216/716/179
f 199/717/180 195/718/180 196/719/180 200/720/180
f 197/721/181 193/722/181 195/723/181 199/724/181
f 196/725/182 194/726/182 198/727/182 200/728/182
f 202/729/183 201/730/183 194/731/183 193/732/183
f 203/733/184 202/734/184 193/735/184 197/736/184
f 204/737/185 203/738/185 197/739/185 198/740/185
f 201/741/186 204/742/186 198/743/186 194/744/186
f 206/745/187 205/746/187 201/747/187 202/748/187
f 207/749/188 206/750/188 202/751/188 203/752/188
f 208/753/189 207/754/189 203/755/189 204/756/189
f 205/757/190 208/758/190 204/759/190 201/760/190
f 210/761/191 209/762/191 205/763/191 206/764/191
f 211/765/192 210/766/192 206/767/192 207/768/192
f 212/769/193 211/770/193 207/771/193 208/772/193
f 209/773/194 212/774/194 208/775/194 205/776/194
f 214/777/195 213/778/195 209/779/195 210/780/195
f 215/781/196 214/782/196 210/783/196 211/784/196
f 216/785/197 215/786/197 211/787/197 212/788/197
f 213/789/198 216/790/198 212/791/198 209/792/198
o mesh
v -0.375 5.9375 -7.65625
v -0.375 5.9375 -8.40625
v -0.375 -0.5625 -7.65625
v -0.375 -0.5625 -8.40625
v 0.375 5.9375 -7.65625
v 0.375 5.9375 -8.40625
v 0.375 -0.5625 -7.65625
v 0.375 -0.5625 -8.40625
v -0.28125 6.0625 -8.3125
v -0.28125 6.0625 -7.75
v 0.28125 6.0625 -7.75
v 0.28125 6.0625 -8.3125
v -0.28125 8.65625 -8.3125
v -0.28125 8.65625 -7.75
v 0.28125 8.65625 -7.75
v 0.28125 8.65625 -8.3125
v -0.34375 8.78125 -8.375
v -0.34375 8.78125 -7.6875
v 0.34375 8.78125 -7.6875
v 0.34375 8.78125 -8.375
v -0.34375 9.34375 -8.375
v -0.34375 9.34375 -7.6875
v 0.34375 9.34375 -7.6875
v 0.34375 9.34375 -8.375
vt 0.59375 0.78125
vt 0.59375 0.78125
vt 0.59375 0.78125
vt 0.59375 0.78125
vt 0.59375 0.78125
vt 0.59375 0.78125
vt 0.59375 0.78125
vt 0.59375 0.78125
vt 0.59375 0.796875
vt 0.59375 0.78125
vt 0.59375 0.78125
vt 0.578125 0.796875
vt 0.59375 0.78125
vt 0.59375 0.78125
vt 0.59375 0.78125
vt 0.59375 0.78125
vt 0.59375 0.78125
vt 0.59375 0.78125
vt 0.59375 0.78125
vt 0.59375 0.78125
vt 0.59375 0.78125
vt 0.59375 0.78125
vt 0.59375 0.78125
vt 0.59375 0.78125
vt 0.59375 0.78125
vt 0.59375 0.78125
vt 0.59375 0.78125
vt 0.59375 0.78125
vt 0.59375 0.78125
vt 0.59375 0.78125
vt 0.59375 0.78125
vt 0.59375 0.78125
vt 0.59375 0.78125
vt 0.59375 0.78125
vt 0.59375 0.78125
vt 0.59375 0.78125
vt 0.59375 0.78125
vt 0.59375 0.78125
vt 0.59375 0.78125
vt 0.59375 0.78125
vt 0.125 0.375
vt 0.125 0.375
vt 0.125 0.375
vt 0.125 0.375
vt 0.125 0.375
vt 0.125 0.375
vt 0.125 0.375
vt 0.125 0.375
vt 0.125 0.375
vt 0.125 0.375
vt 0.125 0.375
vt 0.125 0.375
vt 0.125 0.375
vt 0.125 0.375
vt 0.125 0.375
vt 0.125 0.375
vt 0.59375 0.78125
vt 0.59375 0.78125
vt 0.59375 0.78125
vt 0.59375 0.78125
vt 0.59375 0.78125
vt 0.59375 0.78125
vt 0.59375 0.78125
vt 0.59375 0.78125
vt 0.578125 0.78125
vt 0.59375 0.78125
vt 0.59375 0.78125
vt 0.59375 0.78125
vt 0.59375 0.78125
vt 0.578125 0.78125
vt 0.59375 0.78125
vt 0.59375 0.78125
vt 0.59375 0.78125
vt 0.59375 0.796875
vt 0.59375 0.78125
vt 0.59375 0.78125
vt 0.59375 0.78125
vt 0.59375 0.78125
vt 0.59375 0.78125
vt 0.59375 0.78125
vt 0.578125 0.796875
vt 0.59375 0.78125
vt 0.59375 0.78125
vt 0.578125 0.78125
vt 0.59375 0.796875
vt 0.578125 0.796875
vt 0.578125 0.78125
vt 0.59375 0.78125
vn -1 0 0
vn 1 0 0
vn 0 1 0
vn 0 -1 0
vn 0 0 1
vn 0 0 -1
vn -0.8 0.6 0
vn 0 0.6 0.8
vn 0.8 0.6 0
vn 0 0.6 -0.8
vn -1 0 0
vn 0 0 1
vn 1 0 0
vn 0 0 -1
vn -0.8944271909999161 -0.44721359549995804 0
vn 0 -0.44721359549995804 0.8944271909999161
vn 0.8944271909999161 -0.44721359549995804 0
vn 0 -0.44721359549995804 -0.8944271909999161
vn -1 0 0
vn 0 0 1
vn 1 0 0
vn 0 0 -1
usemtl m_ac30d9ed-7ab4-5fc0-6276-16d234bb48f3
f 219/793/199 217/794/199 218/795/199 220/796/199
f 222/797/200 221/798/200 223/799/200 224/800/200
f 237/801/201 238/802/201 239/803/201 240/804/201
f 223/805/202 219/806/202 220/807/202 224/808/202
f 221/809/203 217/810/203 219/811/203 223/812/203
f 220/813/204 218/814/204 222/815/204 224/816/204
f 226/817/205 225/818/205 218/819/205 217/820/205
f 227/821/206 226/822/206 217/823/206 221/824/206
f 228/825/207 227/826/207 221/827/207 222/828/207
f 225/829/208 228/830/208 222/831/208 218/832/208
f 230/833/209 229/834/209 225/835/209 226/836/209
f 231/837/210 230/838/210 226/839/210 227/840/210
f 232/841/211 231/842/211 227/843/211 228/844/211
f 229/845/212 232/846/212 228/847/212 225/848/212
f 234/849/213 233/850/213 229/851/213 230/852/213
f 235/853/214 234/854/214 230/855/214 231/856/214
f 236/857/215 235/858/215 231/859/215 232/860/215
f 233/861/216 236/862/216 232/863/216 229/864/216
f 238/865/217 237/866/217 233/867/217 234/868/217
f 239/869/218 238/870/218 234/871/218 235/872/218
f 240/873/219 239/874/219 235/875/219 236/876/219
f 237/877/220 240/878/220 236/879/220 233/880/220
o mesh
v 4.1372595264191645 5.9375 -6.4564904735808355
v 3.4877404735808355 5.9375 -6.8314904735808355
v 4.1372595264191645 -0.5625 -6.4564904735808355
v 3.4877404735808355 -0.5625 -6.8314904735808355
v 4.5122595264191645 5.9375 -7.1060095264191645
v 3.8627404735808355 5.9375 -7.4810095264191645
v 4.5122595264191645 -0.5625 -7.1060095264191645
v 3.8627404735808355 -0.5625 -7.4810095264191645
v 3.6158053551856266 6.0625 -6.865805355185627
v 4.102944644814373 6.0625 -6.584555355185627
v 4.384194644814373 6.0625 -7.071694644814373
v 3.8970553551856266 6.0625 -7.352944644814373
v 3.6158053551856266 8.65625 -6.865805355185627
v 4.102944644814373 8.65625 -6.584555355185627
v 4.384194644814373 8.65625 -7.071694644814373
v 3.8970553551856266 8.65625 -7.352944644814373
v 3.530428767449099 8.78125 -6.8429287674490995
v 4.1258212325509005 8.78125 -6.4991787674490995
v 4.4695712325509005 8.78125 -7.0945712325509005
v 3.874178767449099 8.78125 -7.4383212325509005
v 3.530428767449099 9.34375 -6.8429287674490995
v 4.1258212325509005 9.34375 -6.4991787674490995
v 4.4695712325509005 9.34375 -7.0945712325509005
v 3.874178767449099 9.34375 -7.4383212325509005
vt 0.65625 0.796875
vt 0.65625 0.796875
vt 0.65625 0.796875
vt 0.65625 0.796875
vt 0.65625 0.796875
vt 0.65625 0.796875
vt 0.65625 0.796875
vt 0.65625 0.796875
vt 0.65625 0.8125
vt 0.65625 0.796875
vt 0.65625 0.796875
vt 0.640625 0.8125
vt 0.65625 0.796875
vt 0.65625 0.796875
vt 0.65625 0.796875
vt 0.65625 0.796875
vt 0.65625 0.796875
vt 0.65625 0.796875
vt 0.65625 0.796875
vt 0.65625 0.796875
vt 0.65625 0.796875
vt 0.65625 0.796875
vt 0.65625 0.796875
vt 0.65625 0.796875
vt 0.65625 0.796875
vt 0.65625 0.796875
vt 0.65625 0.796875
vt 0.65625 0.796875
vt 0.65625 0.796875
vt 0.65625 0.796875
vt 0.65625 0.796875
vt 0.65625 0.796875
vt 0.65625 0.796875
vt 0.65625 0.796875
vt 0.65625 0.796875
vt 0.65625 0.796875
vt 0.65625 0.796875
vt 0.65625 0.796875
vt 0.65625 0.796875
vt 0.65625 0.796875
vt 0.140625 0.421875
vt 0.140625 0.421875
vt 0.140625 0.421875
vt 0.140625 0.421875
vt 0.140625 0.421875
vt 0.140625 0.421875
vt 0.140625 0.421875
vt 0.140625 0.421875
vt 0.140625 0.421875
vt 0.140625 0.421875
vt 0.140625 0.421875
vt 0.140625 0.421875
vt 0.140625 0.421875
vt 0.140625 0.421875
vt 0.140625 0.421875
vt 0.140625 0.421875
vt 0.65625 0.796875
vt 0.65625 0.796875
vt 0.65625 0.796875
vt 0.65625 0.796875
vt 0.65625 0.796875
vt 0.65625 0.796875
vt 0.65625 0.796875
vt 0.65625 0.796875
vt 0.640625 0.796875
vt 0.65625 0.796875
vt 0.65625 0.796875
vt 0.65625 0.796875
vt 0.65625 0.796875
vt 0.640625 0.796875
vt 0.65625 0.796875
vt 0.65625 0.796875
vt 0.65625 0.796875
vt 0.65625 0.8125
vt 0.65625 0.796875
vt 0.65625 0.796875
vt 0.65625 0.796875
vt 0.65625 0.796875
vt 0.65625 0.796875
vt 0.65625 0.796875
vt 0.640625 0.8125
vt 0.65625 0.796875
vt 0.65625 0.796875
vt 0.640625 0.796875
vt 0.65625 0.8125
vt 0.640625 0.8125
vt 0.640625 0.796875
vt 0.65625 0.796875
vn -0.5000000000000001 0 0.8660254037844386
vn 0.5000000000000001 0 -0.8660254037844386
vn 0 1 0
vn 0 -1 0
vn 0.8660254037844386 0 0.5000000000000001
vn -0.8660254037844386 0 -0.5000000000000001
vn -0.40000000000000013 0.6 0.6928203230275509
vn 0.6928203230275509 0.6 0.40000000000000013
vn 0.40000000000000013 0.6 -0.6928203230275509
vn -0.6928203230275509 0.6 -0.40000000000000013
vn -0.5000000000000001 0 0.8660254037844386
vn 0.8660254037844386 0 0.5000000000000001
vn 0.5000000000000001 0 -0.8660254037844386
vn -0.8660254037844386 0 -0.5000000000000001
vn -0.44721359549995804 -0.4472135954999579 0.7745966692414833
vn 0.7745966692414835 -0.44721359549995804 0.44721359549995815
vn 0.44721359549995804 -0.4472135954999579 -0.7745966692414833
vn -0.7745966692414835 -0.44721359549995804 -0.44721359549995815
vn -0.5000000000000001 0 0.8660254037844386
vn 0.8660254037844386 0 0.5000000000000001
vn 0.5000000000000001 0 -0.8660254037844386
vn -0.8660254037844386 0 -0.5000000000000001
usemtl m_ac30d9ed-7ab4-5fc0-6276-16d234bb48f3
f 243/881/221 241/882/221 242/883/221 244/884/221
f 246/885/222 245/886/222 247/887/222 248/888/222
f 261/889/223 262/890/223 263/891/223 264/892/223
f 247/893/224 243/894/224 244/895/224 248/896/224
f 245/897/225 241/898/225 243/899/225 247/900/225
f 244/901/226 242/902/226 246/903/226 248/904/226
f 250/905/227 249/906/227 242/907/227 241/908/227
f 251/909/228 250/910/228 241/911/228 245/912/228
f 252/913/229 251/914/229 245/915/229 246/916/229
f 249/917/230 252/918/230 246/919/230 242/920/230
f 254/921/231 253/922/231 249/923/231 250/924/231
f 255/925/232 254/926/232 250/927/232 251/928/232
f 256/929/233 255/930/233 251/931/233 252/932/233
f 253/933/234 256/934/234 252/935/234 249/936/234
f 258/937/235 257/938/235 253/939/235 254/940/235
f 259/941/236 258/942/236 254/943/236 255/944/236
f 260/945/237 259/946/237 255/947/237 256/948/237
f 257/949/238 260/950/238 256/951/238 253/952/238
f 262/953/239 261/954/239 257/955/239 258/956/239
f 263/957/240 262/958/240 258/959/240 259/960/240
f 264/961/241 263/962/241 259/963/241 260/964/241
f 261/965/242 264/966/242 260/967/242 257/968/242
o mesh
v 6.8314904735808355 5.9375 -3.4877404735808355
v 6.4564904735808355 5.9375 -4.1372595264191645
v 6.8314904735808355 -0.5625 -3.4877404735808355
v 6.4564904735808355 -0.5625 -4.1372595264191645
v 7.4810095264191645 5.9375 -3.8627404735808355
v 7.1060095264191645 5.9375 -4.5122595264191645
v 7.4810095264191645 -0.5625 -3.8627404735808355
v 7.1060095264191645 -0.5625 -4.5122595264191645
v 6.584555355185627 6.0625 -4.102944644814373
v 6.865805355185627 6.0625 -3.6158053551856266
v 7.352944644814373 6.0625 -3.8970553551856266
v 7.071694644814373 6.0625 -4.384194644814373
v 6.584555355185627 8.65625 -4.102944644814373
v 6.865805355185627 8.65625 -3.6158053551856266
v 7.352944644814373 8.65625 -3.8970553551856266
v 7.071694644814373 8.65625 -4.384194644814373
v 6.4991787674490995 8.78125 -4.1258212325509005
v 6.8429287674490995 8.78125 -3.530428767449099
v 7.4383212325509005 8.78125 -3.874178767449099
v 7.0945712325509005 8.78125 -4.4695712325509005
v 6.4991787674490995 9.34375 -4.1258212325509005
v 6.8429287674490995 9.34375 -3.530428767449099
v 7.4383212325509005 9.34375 -3.874178767449099
v 7.0945712325509005 9.34375 -4.4695712325509005
vt 0.59375 0.796875
vt 0.59375 0.796875
vt 0.59375 0.796875
vt 0.59375 0.796875
vt 0.59375 0.796875
vt 0.59375 0.796875
vt 0.59375 0.796875
vt 0.59375 0.796875
vt 0.59375 0.8125
vt 0.59375 0.796875
vt 0.59375 0.796875
vt 0.578125 0.8125
vt 0.59375 0.796875
vt 0.59375 0.796875
vt 0.59375 0.796875
vt 0.59375 0.796875
vt 0.59375 0.796875
vt 0.59375 0.796875
vt 0.59375 0.796875
vt 0.59375 0.796875
vt 0.59375 0.796875
vt 0.59375 0.796875
vt 0.59375 0.796875
vt 0.59375 0.796875
vt 0.59375 0.796875
vt 0.59375 0.796875
vt 0.59375 0.796875
vt 0.59375 0.796875
vt 0.59375 0.796875
vt 0.59375 0.796875
vt 0.59375 0.796875
vt 0.59375 0.796875
vt 0.59375 0.796875
vt 0.59375 0.796875
vt 0.59375 0.796875
vt 0.59375 0.796875
vt 0.59375 0.796875
vt 0.59375 0.796875
vt 0.59375 0.796875
vt 0.59375 0.796875
vt 0.0625 0.375
vt 0.0625 0.375
vt 0.0625 0.375
vt 0.0625 0.375
vt 0.0625 0.375
vt 0.0625 0.375
vt 0.0625 0.375
vt 0.0625 0.375
vt 0.0625 0.375
vt 0.0625 0.375
vt 0.0625 0.375
vt 0.0625 0.375
vt 0.0625 0.375
vt 0.0625 0.375
vt 0.0625 0.375
vt 0.0625 0.375
vt 0.59375 0.796875
vt 0.59375 0.796875
vt 0.59375 0.796875
vt 0.59375 0.796875
vt 0.59375 0.796875
vt 0.59375 0.796875
vt 0.59375 0.796875
vt 0.59375 0.796875
vt 0.578125 0.796875
vt 0.59375 0.796875
vt 0.59375 0.796875
vt 0.59375 0.796875
vt 0.59375 0.796875
vt 0.578125 0.796875
vt 0.59375 0.796875
vt 0.59375 0.796875
vt 0.59375 0.796875
vt 0.59375 0.8125
vt 0.59375 0.796875
vt 0.59375 0.796875
vt 0.59375 0.796875
vt 0.59375 0.796875
vt 0.59375 0.796875
vt 0.59375 0.796875
vt 0.578125 0.8125
vt 0.59375 0.796875
vt 0.59375 0.796875
vt 0.578125 0.796875
vt 0.59375 0.8125
vt 0.578125 0.8125
vt 0.578125 0.796875
vt 0.59375 0.796875
vn -0.8660254037844387 0 0.49999999999999994
vn 0.8660254037844387 0 -0.49999999999999994
vn 0 1 0
vn 0 -1 0
vn 0.49999999999999994 0 0.8660254037844387
vn -0.49999999999999994 0 -0.8660254037844387
vn -0.692820323027551 0.6 0.39999999999999997
vn 0.39999999999999997 0.6 0.692820323027551
vn 0.692820323027551 0.6 -0.39999999999999997
vn -0.39999999999999997 0.6 -0.692820323027551
vn -0.8660254037844387 0 0.49999999999999994
vn 0.49999999999999994 0 0.8660254037844387
vn 0.8660254037844387 0 -0.49999999999999994
vn -0.49999999999999994 0 -0.8660254037844387
vn -0.7745966692414834 -0.4472135954999579 0.44721359549995787
vn 0.44721359549995787 -0.4472135954999579 0.7745966692414834
vn 0.7745966692414834 -0.4472135954999579 -0.44721359549995787
vn -0.44721359549995787 -0.4472135954999579 -0.7745966692414834
vn -0.8660254037844387 0 0.49999999999999994
vn 0.49999999999999994 0 0.8660254037844387
vn 0.8660254037844387 0 -0.49999999999999994
vn -0.49999999999999994 0 -0.8660254037844387
usemtl m_ac30d9ed-7ab4-5fc0-6276-16d234bb48f3
f 267/969/243 265/970/243 266/971/243 268/972/243
f 270/973/244 269/974/244 271/975/244 272/976/244
f 285/977/245 286/978/245 287/979/245 288/980/245
f 271/981/246 267/982/246 268/983/246 272/984/246
f 269/985/247 265/986/247 267/987/247 271/988/247
f 268/989/248 266/990/248 270/991/248 272/992/248
f 274/993/249 273/994/249 266/995/249 265/996/249
f 275/997/250 274/998/250 265/999/250 269/1000/250
f 276/1001/251 275/1002/251 269/1003/251 270/1004/251
f 273/1005/252 276/1006/252 270/1007/252 266/1008/252
f 278/1009/253 277/1010/253 273/1011/253 274/1012/253
f 279/1013/254 278/1014/254 274/1015/254 275/1016/254
f 280/1017/255 279/1018/255 275/1019/255 276/1020/255
f 277/1021/256 280/1022/256 276/1023/256 273/1024/256
f 282/1025/257 281/1026/257 277/1027/257 278/1028/257
f 283/1029/258 282/1030/258 278/1031/258 279/1032/258
f 284/1033/259 283/1034/259 279/1035/259 280/1036/259
f 281/1037/260 284/1038/260 280/1039/260 277/1040/260
f 286/1041/261 285/1042/261 281/1043/261 282/1044/261
f 287/1045/262 286/1046/262 282/1047/262 283/1048/262
f 288/1049/263 287/1050/263 283/1051/263 284/1052/263
f 285/1053/264 288/1054/264 284/1055/264 281/1056/264
o Ground
v 0 -0.375 0
v 1.876946408018958 -0.375 7.004859375373465
v 1.8201249960025212 1.71875 6.606395394025402
v 3.625981795275535 -0.375 6.280385219381135
v 3.515937093392519 1.71875 5.903889434009762
v 5.127913219019035 -0.375 5.127913020237754
v 4.97215449657712 1.71875 4.786338833687302
v 6.280385223926725 -0.375 3.6259822619528794
v 6.089536435671478 1.71875 3.329902561966879
v 7.0048594282567125 -0.375 1.8769461563544296
v 6.791936479920094 1.71875 1.6338347383514216
v 7.251964057228415 -0.375 -4.54558934936955e-9
v 7.031487139564883 1.71875 -0.18628029553924996
v 7.004859375373465 -0.375 -1.876946408018958
v 6.791863084938325 1.71875 -2.0064056939767987
v 6.280385219381135 -0.375 -3.625981795275535
v 6.089394481034516 1.71875 -3.702501539045858
v 5.127913020237754 -0.375 -5.127913219019035
v 4.971953483370931 1.71875 -5.158982744281525
v 3.6259822619528794 -0.375 -6.280385223926725
v 3.5156919654713747 1.71875 -6.2765924269892395
v 1.8769461563544296 -0.375 -7.0048594282567125
v 1.8198505878145608 1.71875 -6.979166616271645
v -4.54558934936955e-9 -0.375 -7.251964057228415
v 4.481639481745958e-8 1.71875 -7.218826189620283
v -1.876946408018958 -0.375 -7.004859375373465
v -1.8198409970958083 1.71875 -6.979239571240493
v -3.625981795275535 -0.375 -6.280385219381135
v -3.5156531746401503 1.71875 -6.276734220057534
v -5.127913219019035 -0.375 -5.127913020237754
v -4.971870577824751 1.71875 -5.1591836197350744
v -6.280385223926725 -0.375 -3.6259822619528794
v -6.0892525169191085 1.71875 -3.7027473480146527
v -7.0048594282567125 -0.375 -1.8769461563544296
v -6.791652561167725 1.71875 -2.0066795243991953
v -7.251964057228415 -0.375 4.54558934936955e-9
v -7.031203220812513 1.71875 -0.18656449050852364
v -7.004859375373465 -0.375 1.876946408018958
v -6.791579166185955 1.71875 1.633560907929025
v -6.280385219381135 -0.375 3.625981795275535
v -6.089110562282147 1.71875 3.3296567529980843
v -5.127913020237754 -0.375 5.127913219019035
v -4.971669564618561 1.71875 4.786137958233752
v -3.6259822619528794 -0.375 6.280385223926725
v -3.5154080467190068 1.71875 5.903747640941466
v -1.8769461563544296 -0.375 7.0048594282567125
v 4.54558934936955e-9 -0.375 7.251964057228415
v 0.000283954090318006 1.71875 6.845982012405192
v 1.876946408018958 0.03515625 7.004859375373465
v 3.625981795275535 0.03515625 6.280385219381135
v 3.515663009820403 1.40234375 6.089307462042357
v 1.819841199060983 1.40234375 6.791739833631125
v 5.127913219019035 0.03515625 5.127913020237754
v 4.971898878577896 1.40234375 4.97189868584444
v 6.280385223926725 0.03515625 3.6259822619528794
v 6.0893074664496485 1.40234375 3.5156634622993104
v 7.0048594282567125 0.03515625 1.8769461563544296
v 6.791739884905424 1.40234375 1.8198409550532286
v 7.251964057228415 0.03515625 -4.54558934936955e-9
v 7.031326472119714 1.40234375 -4.4072918647941606e-9
v 7.004859375373465 0.03515625 -1.876946408018958
v 6.791739833631125 1.40234375 -1.819841199060983
v 6.280385219381135 0.03515625 -3.625981795275535
v 6.089307462042357 1.40234375 -3.515663009820403
v 5.127913020237754 0.03515625 -5.127913219019035
v 4.97189868584444 1.40234375 -4.971898878577896
v 3.6259822619528794 0.03515625 -6.280385223926725
v 3.5156634622993104 1.40234375 -6.0893074664496485
v 1.8769461563544296 0.03515625 -7.0048594282567125
v 1.8198409550532286 1.40234375 -6.791739884905424
v -4.54558934936955e-9 0.03515625 -7.251964057228415
v -4.4072918647941606e-9 1.40234375 -7.031326472119714
v -1.876946408018958 0.03515625 -7.004859375373465
v -1.819841199060983 1.40234375 -6.791739833631125
v -3.625981795275535 0.03515625 -6.280385219381135
v -3.515663009820403 1.40234375 -6.089307462042357
v -5.127913219019035 0.03515625 -5.127913020237754
v -4.971898878577896 1.40234375 -4.97189868584444
v -6.280385223926725 0.03515625 -3.6259822619528794
v -6.0893074664496485 1.40234375 -3.5156634622993104
v -7.0048594282567125 0.03515625 -1.8769461563544296
v -6.791739884905424 1.40234375 -1.8198409550532286
v -7.251964057228415 0.03515625 4.54558934936955e-9
v -7.031326472119714 1.40234375 4.4072918647941606e-9
v -7.004859375373465 0.03515625 1.876946408018958
v -6.791739833631125 1.40234375 1.819841199060983
v -6.280385219381135 0.03515625 3.625981795275535
v -6.089307462042357 1.40234375 3.515663009820403
v -5.127913020237754 0.03515625 5.127913219019035
v -4.97189868584444 1.40234375 4.971898878577896
v -3.6259822619528794 0.03515625 6.280385223926725
v -1.8769461563544296 0.03515625 7.0048594282567125
v 4.54558934936955e-9 0.03515625 7.251964057228415
v 4.4072918647941606e-9 1.40234375 7.031326472119714
v 2.0277948912857173 0.03515625 7.567834149486067
v 3.917399172029417 0.03515625 6.785134569508514
v 3.7913205530424725 1.40234375 6.566759990202868
v 1.9625318000726666 1.40234375 7.3242689582995
v 5.540039167511736 0.03515625 5.540039337239374
v 5.361737070456966 1.40234375 5.361737234722046
v 6.785134721662837 0.03515625 3.917399219457879
v 6.566760137460216 1.40234375 3.7913205989444836
v 7.567834228525092 0.03515625 2.0277949819743304
v 7.324269034794714 1.40234375 1.9625318878425326
v 7.834798391487296 0.03515625 -1.5215432314086286e-7
v 7.582641151986957 1.40234375 -1.4725734787113254e-7
v 7.567834149486067 0.03515625 -2.0277948912857173
v 7.3242689582995 1.40234375 -1.9625318000726666
v 6.785134569508514 0.03515625 -3.917399172029417
v 6.566759990202868 1.40234375 -3.7913205530424725
v 5.540039337239374 0.03515625 -5.540039167511736
v 5.361737234722046 1.40234375 -5.361737070456966
v 3.917399219457879 0.03515625 -6.785134721662837
v 3.7913205989444836 1.40234375 -6.566760137460216
v 2.0277949819743304 0.03515625 -7.567834228525092
v 1.9625318878425326 1.40234375 -7.324269034794714
v -1.5215432314086286e-7 0.03515625 -7.834798391487296
v -1.4725734787113254e-7 1.40234375 -7.582641151986957
v -2.0277948912857173 0.03515625 -7.567834149486067
v -1.9625318000726666 1.40234375 -7.3242689582995
v -3.917399172029417 0.03515625 -6.785134569508514
v -3.7913205530424725 1.40234375 -6.566759990202868
v -5.540039167511736 0.03515625 -5.540039337239374
v -5.361737070456966 1.40234375 -5.361737234722046
v -6.785134721662837 0.03515625 -3.917399219457879
v -6.566760137460216 1.40234375 -3.7913205989444836
v -7.567834228525092 0.03515625 -2.0277949819743304
v -7.324269034794714 1.40234375 -1.9625318878425326
v -7.834798391487296 0.03515625 1.5215432314086286e-7
v -7.582641151986957 1.40234375 1.4725734787113254e-7
v -7.567834149486067 0.03515625 2.0277948912857173
v -7.3242689582995 1.40234375 1.9625318000726666
v -6.785134569508514 0.03515625 3.917399172029417
v -6.566759990202868 1.40234375 3.7913205530424725
v -5.540039337239374 0.03515625 5.540039167511736
v -5.361737234722046 1.40234375 5.361737070456966
v -3.917399219457879 0.03515625 6.785134721662837
v -3.7913205989444836 1.40234375 6.566760137460216
v -2.0277949819743304 0.03515625 7.567834228525092
v -1.9625318878425326 1.40234375 7.324269034794714
v 1.5215432314086286e-7 0.03515625 7.834798391487296
v 1.4725734787113254e-7 1.40234375 7.582641151986957
v 3.026297183910472 0.03515625 11.294293826427909
v 5.846356525029835 0.03515625 10.126187028208046
v 5.846356525029835 1.40234375 10.126187028208046
v 3.026297183910472 1.40234375 11.294293826427909
v 8.267997126378319 0.03515625 8.267996801606142
v 8.267997126378319 1.40234375 8.267996801606142
v 10.126186763506407 0.03515625 5.846356918950222
v 10.126186763506407 1.40234375 5.846356918950222
v 11.294293985516616 0.03515625 3.02629670004959
v 11.294293985516616 1.40234375 3.02629670004959
v 11.692713443980056 0.03515625 2.6470163705383243e-7
v 11.692713443980056 1.40234375 2.6470163705383243e-7
v 11.294293826427909 0.03515625 -3.026297183910472
v 11.294293826427909 1.40234375 -3.026297183910472
v 10.126187028208046 0.03515625 -5.846356525029835
v 10.126187028208046 1.40234375 -5.846356525029835
v 8.267996801606142 0.03515625 -8.267997126378319
v 8.267996801606142 1.40234375 -8.267997126378319
v 5.846356918950222 0.03515625 -10.126186763506407
v 5.846356918950222 1.40234375 -10.126186763506407
v 3.02629670004959 0.03515625 -11.294293985516616
v 3.02629670004959 1.40234375 -11.294293985516616
v 2.6470163705383243e-7 0.03515625 -11.692713443980056
v 2.6470163705383243e-7 1.40234375 -11.692713443980056
v -3.026297183910472 0.03515625 -11.294293826427909
v -3.026297183910472 1.40234375 -11.294293826427909
v -5.846356525029835 0.03515625 -10.126187028208046
v -5.846356525029835 1.40234375 -10.126187028208046
v -8.267997126378319 0.03515625 -8.267996801606142
v -8.267997126378319 1.40234375 -8.267996801606142
v -10.126186763506407 0.03515625 -5.846356918950222
v -10.126186763506407 1.40234375 -5.846356918950222
v -11.294293985516616 0.03515625 -3.02629670004959
v -11.294293985516616 1.40234375 -3.02629670004959
v -11.692713443980056 0.03515625 -2.6470163705383243e-7
v -11.692713443980056 1.40234375 -2.6470163705383243e-7
v -11.294293826427909 0.03515625 3.026297183910472
v -11.294293826427909 1.40234375 3.026297183910472
v -10.126187028208046 0.03515625 5.846356525029835
v -10.126187028208046 1.40234375 5.846356525029835
v -8.267996801606142 0.03515625 8.267997126378319
v -8.267996801606142 1.40234375 8.267997126378319
v -5.846356918950222 0.03515625 10.126186763506407
v -5.846356918950222 1.40234375 10.126186763506407
v -3.02629670004959 0.03515625 11.294293985516616
v -3.02629670004959 1.40234375 11.294293985516616
v -2.6470163705383243e-7 0.03515625 11.692713443980056
v -2.6470163705383243e-7 1.40234375 11.692713443980056
v 5.846356525029835 1.8125 10.126187028208046
v 8.267997126378319 1.8125 8.267996801606142
v 5.361737070456966 1.8125 5.361737234722046
v 3.7913205530424725 1.8125 6.566759990202868
v 10.126186763506407 1.8125 5.846356918950222
v 6.566760137460216 1.8125 3.7913205989444836
v 11.294293985516616 1.8125 3.02629670004959
v 7.324269034794714 1.8125 1.9625318878425326
v 11.692713443980056 1.8125 2.6470163705383243e-7
v 7.582641151986957 1.8125 -1.4725734787113254e-7
v 11.294293826427909 1.8125 -3.026297183910472
v 7.3242689582995 1.8125 -1.9625318000726666
v 10.126187028208046 1.8125 -5.846356525029835
v 6.566759990202868 1.8125 -3.7913205530424725
v 8.267996801606142 1.8125 -8.267997126378319
v 5.361737234722046 1.8125 -5.361737070456966
v 5.846356918950222 1.8125 -10.126186763506407
v 3.7913205989444836 1.8125 -6.566760137460216
v 3.02629670004959 1.8125 -11.294293985516616
v 1.9625318878425326 1.8125 -7.324269034794714
v 2.6470163705383243e-7 1.8125 -11.692713443980056
v -1.4725734787113254e-7 1.8125 -7.582641151986957
v -3.026297183910472 1.8125 -11.294293826427909
v -1.9625318000726666 1.8125 -7.3242689582995
v -5.846356525029835 1.8125 -10.126187028208046
v -3.7913205530424725 1.8125 -6.566759990202868
v -8.267997126378319 1.8125 -8.267996801606142
v -5.361737070456966 1.8125 -5.361737234722046
v -10.126186763506407 1.8125 -5.846356918950222
v -6.566760137460216 1.8125 -3.7913205989444836
v -11.294293985516616 1.8125 -3.02629670004959
v -7.324269034794714 1.8125 -1.9625318878425326
v -11.692713443980056 1.8125 -2.6470163705383243e-7
v -7.582641151986957 1.8125 1.4725734787113254e-7
v -11.294293826427909 1.8125 3.026297183910472
v -7.3242689582995 1.8125 1.9625318000726666
v -10.126187028208046 1.8125 5.846356525029835
v -6.566759990202868 1.8125 3.7913205530424725
v -8.267996801606142 1.8125 8.267997126378319
v -5.361737234722046 1.8125 5.361737070456966
v -5.846356918950222 1.8125 10.126186763506407
v -3.7913205989444836 1.8125 6.566760137460216
v -3.02629670004959 1.8125 11.294293985516616
v -1.9625318878425326 1.8125 7.324269034794714
v -2.6470163705383243e-7 1.8125 11.692713443980056
v 1.4725734787113254e-7 1.8125 7.582641151986957
v 3.026297183910472 1.8125 11.294293826427909
v 1.9625318000726666 1.8125 7.3242689582995
v 10.126186763506407 -0.375 5.846356918950222
v 8.267997126378319 -0.375 8.267996801606142
v 5.540039167511736 -0.375 5.540039337239374
v 6.785134721662837 -0.375 3.917399219457879
v 5.846356525029835 -0.375 10.126187028208046
v 3.917399172029417 -0.375 6.785134569508514
v 3.026297183910472 -0.375 11.294293826427909
v 2.0277948912857173 -0.375 7.567834149486067
v -2.6470163705383243e-7 -0.375 11.692713443980056
v -3.02629670004959 -0.375 11.294293985516616
v -2.0277949819743304 -0.375 7.567834228525092
v 1.5215432314086286e-7 -0.375 7.834798391487296
v -5.846356918950222 -0.375 10.126186763506407
v -3.917399219457879 -0.375 6.785134721662837
v -8.267996801606142 -0.375 8.267997126378319
v -5.540039337239374 -0.375 5.540039167511736
v -10.126187028208046 -0.375 5.846356525029835
v -6.785134569508514 -0.375 3.917399172029417
v -11.294293826427909 -0.375 3.026297183910472
v -7.567834149486067 -0.375 2.0277948912857173
v -11.692713443980056 -0.375 -2.6470163705383243e-7
v -7.834798391487296 -0.375 1.5215432314086286e-7
v -11.294293985516616 -0.375 -3.02629670004959
v -7.567834228525092 -0.375 -2.0277949819743304
v -10.126186763506407 -0.375 -5.846356918950222
v -6.785134721662837 -0.375 -3.917399219457879
v -8.267997126378319 -0.375 -8.267996801606142
v -5.540039167511736 -0.375 -5.540039337239374
v -5.846356525029835 -0.375 -10.126187028208046
v -3.026297183910472 -0.375 -11.294293826427909
v -2.0277948912857173 -0.375 -7.567834149486067
v -3.917399172029417 -0.375 -6.785134569508514
v 2.6470163705383243e-7 -0.375 -11.692713443980056
v -1.5215432314086286e-7 -0.375 -7.834798391487296
v 3.02629670004959 -0.375 -11.294293985516616
v 2.0277949819743304 -0.375 -7.567834228525092
v 5.846356918950222 -0.375 -10.126186763506407
v 3.917399219457879 -0.375 -6.785134721662837
v 8.267996801606142 -0.375 -8.267997126378319
v 5.540039337239374 -0.375 -5.540039167511736
v 10.126187028208046 -0.375 -5.846356525029835
v 6.785134569508514 -0.375 -3.917399172029417
v 11.294293826427909 -0.375 -3.026297183910472
v 7.567834149486067 -0.375 -2.0277948912857173
v 11.692713443980056 -0.375 2.6470163705383243e-7
v 7.834798391487296 -0.375 -1.5215432314086286e-7
v 11.294293985516616 -0.375 3.02629670004959
v 7.567834228525092 -0.375 2.0277949819743304
v 0.000005307200446114102 1.875 -6.6575050875318516
v -1.7222317997338852 1.875 -6.430768270966256
v -3.32709085402887 1.875 -5.765937121203679
v -4.705204556851829 1.875 -4.708318172299971
v -5.762656202672635 1.875 -3.3299873813944316
v -6.427382910083067 1.875 -1.7248748007205297
v -6.654083850490283 1.875 -0.0023669680662850023
v -6.427310009756098 1.875 1.7201513653488765
v -5.762515884143566 1.875 3.3252916459747808
v -4.70500548461967 1.875 4.703667410083088
v -3.3268473707318984 1.875 5.761344092974756
v -1.7219598271747552 1.875 6.426243477486209
v 0.00028594425858174954 1.875 6.653052967206573
v 1.7225230511929128 1.875 6.426316150640978
v 3.3273821054878976 1.875 5.761485000878403
v 4.705495808310857 1.875 4.703866051974694
v 5.762947454131661 1.875 3.325535261069155
v 6.427674161542094 1.875 1.7204226803952527
v 6.654375101949311 1.875 -0.0020851522589919735
v 6.427601261215126 1.875 -1.7246034856741534
v 5.762807135602593 1.875 -3.3297437663000578
v 4.7052967360786955 1.875 -4.708119530408364
v 3.327138622190927 1.875 -5.765796213300033
v 1.722251078633783 1.875 -6.430695597811486
v 0 1.875 0
v -1.8195666690621919 1.71875 6.606321830223872
v -3.5156634622993104 1.40234375 6.0893074664496485
v -1.8198409550532286 1.40234375 6.791739884905424
vt 0.09375 0.921875
vt 0.09375 0.921875
vt 0.09375 0.921875
vt 0.09375 0.921875
vt 0.09375 0.921875
vt 0.09375 0.921875
vt 0.09375 0.921875
vt 0.09375 0.921875
vt 0.09375 0.921875
vt 0.09375 0.921875
vt 0.09375 0.921875
vt 0.09375 0.921875
vt 0.09375 0.921875
vt 0.09375 0.921875
vt 0.09375 0.921875
vt 0.09375 0.921875
vt 0.09375 0.921875
vt 0.09375 0.921875
vt 0.09375 0.921875
vt 0.09375 0.921875
vt 0.09375 0.921875
vt 0.09375 0.921875
vt 0.09375 0.921875
vt 0.09375 0.921875
vt 0.09375 0.921875
vt 0.09375 0.921875
vt 0.09375 0.921875
vt 0.09375 0.921875
vt 0.09375 0.921875
vt 0.09375 0.921875
vt 0.09375 0.921875
vt 0.09375 0.921875
vt 0.09375 0.921875
vt 0.09375 0.921875
vt 0.09375 0.921875
vt 0.09375 0.921875
vt 0.09375 0.921875
vt 0.09375 0.921875
vt 0.09375 0.921875
vt 0.09375 0.921875
vt 0.09375 0.921875
vt 0.09375 0.921875
vt 0.09375 0.921875
vt 0.09375 0.921875
vt 0.09375 0.921875
vt 0.09375 0.921875
vt 0.09375 0.921875
vt 0.09375 0.921875
vt 0.09375 0.921875
vt 0.09375 0.921875
vt 0.09375 0.921875
vt 0.09375 0.921875
vt 0.09375 0.921875
vt 0.09375 0.921875
vt 0.09375 0.921875
vt 0.09375 0.921875
vt 0.09375 0.921875
vt 0.09375 0.921875
vt 0.09375 0.921875
vt 0.09375 0.921875
vt 0.09375 0.921875
vt 0.09375 0.921875
vt 0.09375 0.921875
vt 0.09375 0.921875
vt 0.09375 0.921875
vt 0.09375 0.921875
vt 0.09375 0.921875
vt 0.09375 0.921875
vt 0.09375 0.921875
vt 0.09375 0.921875
vt 0.09375 0.921875
vt 0.09375 0.921875
vt 0.09375 0.921875
vt 0.09375 0.921875
vt 0.09375 0.921875
vt 0.09375 0.921875
vt 0.09375 0.921875
vt 0.09375 0.921875
vt 0.09375 0.921875
vt 0.09375 0.921875
vt 0.09375 0.921875
vt 0.09375 0.921875
vt 0.09375 0.921875
vt 0.09375 0.921875
vt 0.09375 0.921875
vt 0.09375 0.921875
vt 0.09375 0.921875
vt 0.09375 0.921875
vt 0.09375 0.921875
vt 0.09375 0.921875
vt 0.09375 0.921875
vt 0.09375 0.921875
vt 0.09375 0.921875
vt 0.09375 0.921875
vt 0.09375 0.921875
vt 0.09375 0.921875
vt 0.09375 0.921875
vt 0.09375 0.921875
vt 0.09375 0.921875
vt 0.09375 0.921875
vt 0.09375 0.921875
vt 0.09375 0.921875
vt 0.09375 0.921875
vt 0.09375 0.921875
vt 0.09375 0.921875
vt 0.09375 0.921875
vt 0.09375 0.921875
vt 0.09375 0.921875
vt 0.09375 0.921875
vt 0.09375 0.921875
vt 0.09375 0.921875
vt 0.09375 0.921875
vt 0.09375 0.921875
vt 0.09375 0.921875
vt 0.09375 0.921875
vt 0.09375 0.921875
vt 0.09375 0.921875
vt 0.09375 0.921875
vt 0.09375 0.921875
vt 0.09375 0.921875
vt 0.09375 0.921875
vt 0.09375 0.921875
vt 0.09375 0.921875
vt 0.09375 0.921875
vt 0.09375 0.921875
vt 0.09375 0.921875
vt 0.09375 0.921875
vt 0.09375 0.921875
vt 0.09375 0.921875
vt 0.09375 0.921875
vt 0.09375 0.921875
vt 0.09375 0.921875
vt 0.09375 0.921875
vt 0.09375 0.921875
vt 0.09375 0.921875
vt 0.09375 0.921875
vt 0.09375 0.921875
vt 0.09375 0.921875
vt 0.09375 0.921875
vt 0.09375 0.921875
vt 0.09375 0.921875
vt 0.09375 0.921875
vt 0.09375 0.921875
vt 0.09375 0.921875
vt 0.09375 0.921875
vt 0.09375 0.921875
vt 0.09375 0.921875
vt 0.09375 0.921875
vt 0.09375 0.921875
vt 0.09375 0.921875
vt 0.09375 0.921875
vt 0.09375 0.921875
vt 0.09375 0.921875
vt 0.09375 0.921875
vt 0.09375 0.921875
vt 0.09375 0.921875
vt 0.09375 0.921875
vt 0.09375 0.921875
vt 0.09375 0.921875
vt 0.09375 0.921875
vt 0.09375 0.921875
vt 0.09375 0.921875
vt 0.09375 0.921875
vt 0.09375 0.921875
vt 0.09375 0.921875
vt 0.09375 0.921875
vt 0.09375 0.921875
vt 0.09375 0.921875
vt 0.09375 0.921875
vt 0.09375 0.921875
vt 0.09375 0.921875
vt 0.09375 0.921875
vt 0.09375 0.921875
vt 0.09375 0.921875
vt 0.09375 0.921875
vt 0.09375 0.921875
vt 0.09375 0.921875
vt 0.09375 0.921875
vt 0.09375 0.921875
vt 0.09375 0.921875
vt 0.09375 0.921875
vt 0.09375 0.921875
vt 0.09375 0.921875
vt 0.09375 0.921875
vt 0.09375 0.921875
vt 0.09375 0.921875
vt 0.09375 0.921875
vt 0.09375 0.921875
vt 0.09375 0.921875
vt 0.09375 0.921875
vt 0.09375 0.921875
vt 0.09375 0.921875
vt 0.09375 0.921875
vt 0.09375 0.921875
vt 0.09375 0.921875
vt 0.09375 0.921875
vt 0.09375 0.921875
vt 0.09375 0.921875
vt 0.09375 0.921875
vt 0.09375 0.921875
vt 0.09375 0.921875
vt 0.09375 0.921875
vt 0.09375 0.921875
vt 0.09375 0.921875
vt 0.09375 0.921875
vt 0.09375 0.921875
vt 0.09375 0.921875
vt 0.09375 0.921875
vt 0.09375 0.921875
vt 0.09375 0.921875
vt 0.09375 0.921875
vt 0.09375 0.921875
vt 0.09375 0.921875
vt 0.09375 0.921875
vt 0.09375 0.921875
vt 0.09375 0.921875
vt 0.09375 0.921875
vt 0.09375 0.921875
vt 0.09375 0.921875
vt 0.09375 0.921875
vt 0.09375 0.921875
vt 0.09375 0.921875
vt 0.09375 0.921875
vt 0.09375 0.921875
vt 0.09375 0.921875
vt 0.09375 0.921875
vt 0.09375 0.921875
vt 0.09375 0.921875
vt 0.09375 0.921875
vt 0.09375 0.921875
vt 0.09375 0.921875
vt 0.09375 0.921875
vt 0.09375 0.921875
vt 0.09375 0.921875
vt 0.09375 0.921875
vt 0.09375 0.921875
vt 0.09375 0.921875
vt 0.09375 0.921875
vt 0.09375 0.921875
vt 0.09375 0.921875
vt 0.09375 0.921875
vt 0.09375 0.921875
vt 0.09375 0.921875
vt 0.09375 0.921875
vt 0.09375 0.921875
vt 0.09375 0.921875
vt 0.09375 0.921875
vt 0.09375 0.921875
vt 0.09375 0.921875
vt 0.09375 0.921875
vt 0.09375 0.921875
vt 0.09375 0.921875
vt 0.09375 0.921875
vt 0.09375 0.921875
vt 0.09375 0.921875
vt 0.09375 0.921875
vt 0.09375 0.921875
vt 0.09375 0.921875
vt 0.09375 0.921875
vt 0.09375 0.921875
vt 0.09375 0.921875
vt 0.09375 0.921875
vt 0.09375 0.921875
vt 0.09375 0.921875
vt 0.09375 0.921875
vt 0.09375 0.921875
vt 0.09375 0.921875
vt 0.09375 0.921875
vt 0.09375 0.921875
vt 0.09375 0.921875
vt 0.09375 0.921875
vt 0.09375 0.921875
vt 0.09375 0.921875
vt 0.09375 0.921875
vt 0.09375 0.921875
vt 0.09375 0.921875
vt 0.09375 0.921875
vt 0.09375 0.921875
vt 0.09375 0.921875
vt 0.09375 0.921875
vt 0.09375 0.921875
vt 0.09375 0.921875
vt 0.09375 0.921875
vt 0.09375 0.921875
vt 0.09375 0.921875
vt 0.09375 0.921875
vt 0.09375 0.921875
vt 0.09375 0.921875
vt 0.09375 0.921875
vt 0.09375 0.921875
vt 0.09375 0.921875
vt 0.09375 0.921875
vt 0.09375 0.921875
vt 0.09375 0.921875
vt 0.09375 0.921875
vt 0.09375 0.921875
vt 0.09375 0.921875
vt 0.09375 0.921875
vt 0.09375 0.921875
vt 0.09375 0.921875
vt 0.09375 0.921875
vt 0.09375 0.921875
vt 0.09375 0.921875
vt 0.09375 0.921875
vt 0.09375 0.921875
vt 0.09375 0.921875
vt 0.09375 0.921875
vt 0.09375 0.921875
vt 0.09375 0.921875
vt 0.09375 0.921875
vt 0.09375 0.921875
vt 0.09375 0.921875
vt 0.09375 0.921875
vt 0.09375 0.921875
vt 0.09375 0.921875
vt 0.09375 0.921875
vt 0.09375 0.921875
vt 0.09375 0.921875
vt 0.09375 0.921875
vt 0.09375 0.921875
vt 0.09375 0.921875
vt 0.09375 0.921875
vt 0.09375 0.921875
vt 0.09375 0.921875
vt 0.09375 0.921875
vt 0.09375 0.921875
vt 0.09375 0.921875
vt 0.09375 0.921875
vt 0.09375 0.921875
vt 0.09375 0.921875
vt 0.09375 0.921875
vt 0.09375 0.921875
vt 0.09375 0.921875
vt 0.09375 0.921875
vt 0.09375 0.921875
vt 0.09375 0.921875
vt 0.46875 0.171875
vt 0.46875 0.171875
vt 0.46875 0.171875
vt 0.46875 0.171875
vt 0.375 0.859375
vt 0.375 0.859375
vt 0.375 0.859375
vt 0.375 0.859375
vt 0.46875 0.171875
vt 0.46875 0.171875
vt 0.46875 0.171875
vt 0.46875 0.171875
vt 0.09375 0.921875
vt 0.09375 0.921875
vt 0.09375 0.921875
vt 0.09375 0.921875
vt 0.46875 0.171875
vt 0.46875 0.171875
vt 0.46875 0.171875
vt 0.46875 0.171875
vt 0.375 0.859375
vt 0.375 0.859375
vt 0.375 0.859375
vt 0.375 0.859375
vt 0.46875 0.171875
vt 0.46875 0.171875
vt 0.46875 0.171875
vt 0.46875 0.171875
vt 0.09375 0.921875
vt 0.09375 0.921875
vt 0.09375 0.921875
vt 0.09375 0.921875
vt 0.46875 0.171875
vt 0.46875 0.171875
vt 0.46875 0.171875
vt 0.46875 0.171875
vt 0.375 0.859375
vt 0.375 0.859375
vt 0.375 0.859375
vt 0.375 0.859375
vt 0.46875 0.171875
vt 0.46875 0.171875
vt 0.46875 0.171875
vt 0.46875 0.171875
vt 0.09375 0.921875
vt 0.09375 0.921875
vt 0.09375 0.921875
vt 0.09375 0.921875
vt 0.46875 0.171875
vt 0.46875 0.171875
vt 0.46875 0.171875
vt 0.46875 0.171875
vt 0.375 0.859375
vt 0.375 0.859375
vt 0.375 0.859375
vt 0.375 0.859375
vt 0.46875 0.171875
vt 0.46875 0.171875
vt 0.46875 0.171875
vt 0.46875 0.171875
vt 0.09375 0.921875
vt 0.09375 0.921875
vt 0.09375 0.921875
vt 0.09375 0.921875
vt 0.46875 0.171875
vt 0.46875 0.171875
vt 0.46875 0.171875
vt 0.46875 0.171875
vt 0.375 0.859375
vt 0.375 0.859375
vt 0.375 0.859375
vt 0.375 0.859375
vt 0.46875 0.171875
vt 0.46875 0.171875
vt 0.46875 0.171875
vt 0.46875 0.171875
vt 0.09375 0.921875
vt 0.09375 0.921875
vt 0.09375 0.921875
vt 0.09375 0.921875
vt 0.46875 0.171875
vt 0.46875 0.171875
vt 0.46875 0.171875
vt 0.46875 0.171875
vt 0.375 0.859375
vt 0.375 0.859375
vt 0.375 0.859375
vt 0.375 0.859375
vt 0.46875 0.171875
vt 0.46875 0.171875
vt 0.46875 0.171875
vt 0.46875 0.171875
vt 0.09375 0.921875
vt 0.09375 0.921875
vt 0.09375 0.921875
vt 0.09375 0.921875
vt 0.46875 0.171875
vt 0.46875 0.171875
vt 0.46875 0.171875
vt 0.46875 0.171875
vt 0.375 0.859375
vt 0.375 0.859375
vt 0.375 0.859375
vt 0.375 0.859375
vt 0.46875 0.171875
vt 0.46875 0.171875
vt 0.46875 0.171875
vt 0.46875 0.171875
vt 0.09375 0.921875
vt 0.09375 0.921875
vt 0.09375 0.921875
vt 0.09375 0.921875
vt 0.46875 0.171875
vt 0.46875 0.171875
vt 0.46875 0.171875
vt 0.46875 0.171875
vt 0.375 0.859375
vt 0.375 0.859375
vt 0.375 0.859375
vt 0.375 0.859375
vt 0.46875 0.171875
vt 0.46875 0.171875
vt 0.46875 0.171875
vt 0.46875 0.171875
vt 0.09375 0.921875
vt 0.09375 0.921875
vt 0.09375 0.921875
vt 0.09375 0.921875
vt 0.46875 0.171875
vt 0.46875 0.171875
vt 0.46875 0.171875
vt 0.46875 0.171875
vt 0.375 0.859375
vt 0.375 0.875
vt 0.375 0.859375
vt 0.375 0.859375
vt 0.46875 0.171875
vt 0.46875 0.171875
vt 0.46875 0.171875
vt 0.46875 0.171875
vt 0.09375 0.921875
vt 0.09375 0.921875
vt 0.09375 0.921875
vt 0.09375 0.921875
vt 0.46875 0.171875
vt 0.46875 0.171875
vt 0.46875 0.171875
vt 0.46875 0.171875
vt 0.359375 0.875
vt 0.375 0.859375
vt 0.375 0.859375
vt 0.359375 0.859375
vt 0.46875 0.171875
vt 0.46875 0.171875
vt 0.46875 0.171875
vt 0.46875 0.171875
vt 0.09375 0.921875
vt 0.09375 0.921875
vt 0.09375 0.921875
vt 0.09375 0.921875
vt 0.46875 0.171875
vt 0.46875 0.171875
vt 0.46875 0.171875
vt 0.46875 0.171875
vt 0.375 0.859375
vt 0.375 0.859375
vt 0.375 0.859375
vt 0.375 0.859375
vt 0.46875 0.171875
vt 0.46875 0.171875
vt 0.46875 0.171875
vt 0.46875 0.171875
vt 0.09375 0.921875
vt 0.09375 0.921875
vt 0.09375 0.921875
vt 0.09375 0.921875
vt 0.46875 0.171875
vt 0.46875 0.171875
vt 0.46875 0.171875
vt 0.46875 0.171875
vt 0.375 0.859375
vt 0.375 0.859375
vt 0.375 0.859375
vt 0.375 0.859375
vt 0.46875 0.171875
vt 0.46875 0.171875
vt 0.46875 0.171875
vt 0.46875 0.171875
vt 0.09375 0.921875
vt 0.09375 0.921875
vt 0.09375 0.921875
vt 0.09375 0.921875
vt 0.09375 0.921875
vt 0.09375 0.921875
vt 0.09375 0.921875
vt 0.09375 0.921875
vt 0.09375 0.921875
vt 0.09375 0.921875
vt 0.09375 0.921875
vt 0.09375 0.921875
vt 0.09375 0.921875
vt 0.09375 0.921875
vt 0.09375 0.921875
vt 0.09375 0.921875
vt 0.09375 0.921875
vt 0.09375 0.921875
vt 0.09375 0.921875
vt 0.09375 0.921875
vt 0.09375 0.921875
vt 0.09375 0.921875
vt 0.09375 0.921875
vt 0.09375 0.921875
vt 0.09375 0.921875
vt 0.09375 0.921875
vt 0.09375 0.921875
vt 0.09375 0.921875
vt 0.09375 0.921875
vt 0.09375 0.921875
vt 0.09375 0.921875
vt 0.09375 0.921875
vt 0.09375 0.921875
vt 0.09375 0.921875
vt 0.09375 0.921875
vt 0.09375 0.921875
vt 0.09375 0.921875
vt 0.09375 0.921875
vt 0.09375 0.921875
vt 0.09375 0.921875
vt 0.09375 0.921875
vt 0.09375 0.921875
vt 0.09375 0.921875
vt 0.09375 0.921875
vt 0.09375 0.921875
vt 0.09375 0.921875
vt 0.09375 0.921875
vt 0.09375 0.921875
vt 0.09375 0.921875
vt 0.09375 0.921875
vt 0.09375 0.921875
vt 0.09375 0.921875
vt 0.09375 0.921875
vt 0.09375 0.921875
vt 0.09375 0.921875
vt 0.09375 0.921875
vt 0.09375 0.921875
vt 0.09375 0.921875
vt 0.09375 0.921875
vt 0.09375 0.921875
vt 0.09375 0.921875
vt 0.09375 0.921875
vt 0.09375 0.921875
vt 0.09375 0.921875
vt 0.09375 0.921875
vt 0.09375 0.921875
vt 0.09375 0.921875
vt 0.09375 0.921875
vt 0.09375 0.921875
vt 0.09375 0.921875
vt 0.09375 0.921875
vt 0.09375 0.921875
vt 0.09375 0.921875
vt 0.09375 0.921875
vt 0.09375 0.921875
vt 0.09375 0.921875
vt 0.09375 0.921875
vt 0.09375 0.921875
vt 0.09375 0.921875
vt 0.09375 0.921875
vt 0.09375 0.921875
vt 0.09375 0.921875
vt 0.09375 0.921875
vt 0.09375 0.921875
vt 0.09375 0.921875
vt 0.09375 0.921875
vt 0.09375 0.921875
vt 0.09375 0.921875
vt 0.09375 0.921875
vt 0.09375 0.921875
vt 0.09375 0.921875
vt 0.09375 0.921875
vt 0.09375 0.921875
vt 0.09375 0.921875
vt 0.09375 0.921875
vt 0.09375 0.921875
vt 0.09375 0.921875
vt 0.09375 0.921875
vt 0.09375 0.921875
vt 0.09375 0.921875
vt 0.09375 0.921875
vt 0.09375 0.921875
vt 0.09375 0.921875
vt 0.09375 0.921875
vt 0.09375 0.921875
vt 0.09375 0.921875
vt 0.09375 0.921875
vt 0.09375 0.921875
vt 0.09375 0.921875
vt 0.09375 0.921875
vt 0.09375 0.921875
vt 0.09375 0.921875
vt 0.09375 0.921875
vt 0.09375 0.921875
vt 0.09375 0.921875
vt 0.09375 0.921875
vt 0.09375 0.921875
vt 0.09375 0.921875
vt 0.09375 0.921875
vt 0.09375 0.921875
vt 0.09375 0.921875
vt 0.09375 0.921875
vt 0.09375 0.921875
vt 0.09375 0.921875
vt 0.09375 0.921875
vt 0.09375 0.921875
vt 0.09375 0.921875
vt 0.09375 0.921875
vt 0.09375 0.921875
vt 0.09375 0.921875
vt 0.09375 0.921875
vt 0.09375 0.921875
vt 0.09375 0.921875
vt 0.09375 0.921875
vt 0.09375 0.921875
vt 0.09375 0.921875
vt 0.09375 0.921875
vt 0.09375 0.921875
vt 0.09375 0.921875
vt 0.09375 0.921875
vt 0.09375 0.921875
vt 0.09375 0.921875
vt 0.09375 0.921875
vt 0.09375 0.921875
vt 0.09375 0.921875
vt 0.09375 0.921875
vt 0.09375 0.921875
vt 0.09375 0.921875
vt 0.09375 0.921875
vt 0.09375 0.921875
vt 0.09375 0.921875
vt 0.09375 0.921875
vt 0.09375 0.921875
vt 0.09375 0.921875
vt 0.09375 0.921875
vt 0.09375 0.921875
vt 0.09375 0.921875
vt 0.09375 0.921875
vt 0.09375 0.921875
vt 0.09375 0.921875
vt 0.09375 0.921875
vt 0.09375 0.921875
vt 0.09375 0.921875
vt 0.09375 0.921875
vt 0.09375 0.921875
vt 0.09375 0.921875
vt 0.09375 0.921875
vt 0.09375 0.921875
vt 0.09375 0.921875
vt 0.09375 0.921875
vt 0.09375 0.921875
vt 0.09375 0.921875
vt 0.09375 0.921875
vt 0.09375 0.921875
vt 0.09375 0.921875
vt 0.09375 0.921875
vt 0.09375 0.921875
vt 0.09375 0.921875
vt 0.09375 0.921875
vt 0.09375 0.921875
vt 0.09375 0.921875
vt 0.09375 0.921875
vt 0.09375 0.921875
vt 0.09375 0.921875
vt 0.09375 0.921875
vt 0.09375 0.921875
vt 0.09375 0.921875
vt 0.09375 0.921875
vt 0.09375 0.921875
vt 0.09375 0.921875
vt 0.09375 0.921875
vt 0.09375 0.921875
vt 0.09375 0.921875
vt 0.09375 0.921875
vt 0.09375 0.921875
vt 0.09375 0.921875
vt 0.09375 0.921875
vt 0.09375 0.921875
vt 0.09375 0.921875
vt 0.09375 0.921875
vt 0.09375 0.921875
vt 0.09375 0.921875
vt 0.09375 0.921875
vt 0.09375 0.921875
vt 0.09375 0.921875
vt 0.09375 0.921875
vt 0.09375 0.921875
vt 0.09375 0.921875
vt 0.09375 0.921875
vt 0.09375 0.921875
vt 0.09375 0.921875
vt 0.09375 0.921875
vt 0.09375 0.921875
vt 0.09375 0.921875
vt 0.09375 0.921875
vt 0.09375 0.921875
vt 0.09375 0.921875
vt 0.09375 0.921875
vt 0.09375 0.921875
vt 0.09375 0.921875
vt 0.09375 0.921875
vt 0.09375 0.921875
vt 0.09375 0.921875
vt 0.09375 0.921875
vt 0.09375 0.921875
vt 0.09375 0.921875
vt 0.09375 0.921875
vt 0.09375 0.921875
vt 0.09375 0.921875
vt 0.09375 0.921875
vt 0.09375 0.921875
vt 0.09375 0.921875
vt 0.09375 0.921875
vt 0.09375 0.921875
vt 0.09375 0.921875
vt 0.09375 0.921875
vt 0.09375 0.921875
vt 0.09375 0.921875
vt 0.09375 0.921875
vt 0.09375 0.921875
vt 0.09375 0.921875
vt 0.09375 0.921875
vt 0.09375 0.921875
vt 0.09375 0.921875
vt 0.09375 0.921875
vt 0.09375 0.921875
vt 0.09375 0.921875
vt 0.09375 0.921875
vt 0.09375 0.921875
vt 0.09375 0.921875
vt 0.09375 0.921875
vt 0.09375 0.921875
vt 0.09375 0.921875
vt 0.09375 0.921875
vt 0.09375 0.921875
vt 0.09375 0.921875
vt 0.09375 0.921875
vt 0.09375 0.921875
vt 0.09375 0.921875
vt 0.09375 0.921875
vt 0.09375 0.921875
vt 0.09375 0.921875
vt 0.09375 0.921875
vt 0.09375 0.921875
vt 0.09375 0.921875
vt 0.09375 0.921875
vt 0.09375 0.921875
vt 0.09375 0.921875
vt 0.09375 0.921875
vt 0.09375 0.921875
vt 0.09375 0.921875
vt 0.09375 0.921875
vt 0.09375 0.921875
vt 0.09375 0.921875
vt 0.09375 0.921875
vt 0.09375 0.921875
vt 0.09375 0.921875
vt 0.09375 0.921875
vt 0.09375 0.921875
vt 0.09375 0.921875
vt 0.09375 0.921875
vt 0.09375 0.921875
vt 0.09375 0.921875
vt 0.09375 0.921875
vt 0.09375 0.921875
vt 0.09375 0.921875
vt 0.09375 0.921875
vt 0.09375 0.921875
vt 0.09375 0.921875
vt 0.09375 0.921875
vt 0.09375 0.921875
vt 0.09375 0.921875
vt 0.09375 0.921875
vt 0.09375 0.921875
vt 0.09375 0.921875
vt 0.09375 0.921875
vt 0.09375 0.921875
vt 0.09375 0.921875
vt 0.09375 0.921875
vt 0.09375 0.921875
vt 0.09375 0.921875
vt 0.09375 0.921875
vt 0.09375 0.921875
vt 0.09375 0.921875
vt 0.09375 0.921875
vt 0.09375 0.921875
vt 0.09375 0.921875
vt 0.09375 0.921875
vt 0.09375 0.921875
vt 0.09375 0.921875
vt 0.09375 0.921875
vt 0.09375 0.921875
vt 0.09375 0.921875
vt 0.09375 0.921875
vt 0.09375 0.921875
vt 0.09375 0.921875
vt 0.09375 0.921875
vt 0.09375 0.921875
vt 0.09375 0.921875
vt 0.09375 0.921875
vt 0.09375 0.921875
vt 0.09375 0.921875
vt 0.09375 0.921875
vt 0.09375 0.921875
vt 0.09375 0.921875
vt 0.09375 0.921875
vt 0.09375 0.921875
vt 0.09375 0.921875
vt 0.09375 0.921875
vt 0.09375 0.921875
vt 0.09375 0.921875
vt 0.09375 0.921875
vt 0.09375 0.921875
vt 0.09375 0.921875
vt 0.09375 0.921875
vt 0.09375 0.921875
vt 0.09375 0.921875
vt 0.09375 0.921875
vt 0.09375 0.921875
vt 0.09375 0.921875
vt 0.09375 0.921875
vt 0.09375 0.921875
vt 0.09375 0.921875
vt 0.09375 0.921875
vt 0.09375 0.921875
vt 0.09375 0.921875
vt 0.09375 0.921875
vt 0.09375 0.921875
vt 0.09375 0.921875
vt 0.09375 0.921875
vt 0.09375 0.921875
vt 0.09375 0.921875
vt 0.09375 0.921875
vt 0.09375 0.921875
vt 0.09375 0.921875
vt 0.09375 0.921875
vt 0.09375 0.921875
vt 0.09375 0.921875
vt 0.09375 0.921875
vt 0.09375 0.921875
vt 0.09375 0.921875
vt 0.09375 0.921875
vt 0.09375 0.921875
vt 0.09375 0.921875
vt 0.09375 0.921875
vt 0.09375 0.921875
vt 0.09375 0.921875
vt 0.09375 0.921875
vt 0.09375 0.921875
vt 0.09375 0.921875
vt 0.09375 0.921875
vt 0.09375 0.921875
vt 0.09375 0.921875
vt 0.09375 0.921875
vt 0.09375 0.921875
vt 0.09375 0.921875
vt 0.09375 0.921875
vt 0.09375 0.921875
vt 0.09375 0.921875
vt 0.09375 0.921875
vt 0.09375 0.921875
vt 0.09375 0.921875
vt 0.09375 0.921875
vt 0.09375 0.921875
vt 0.09375 0.921875
vt 0.09375 0.921875
vt 0.09375 0.921875
vt 0.09375 0.921875
vt 0.09375 0.921875
vt 0.09375 0.921875
vt 0.09375 0.921875
vt 0.09375 0.921875
vt 0.09375 0.921875
vt 0.09375 0.921875
vt 0.09375 0.921875
vt 0.09375 0.921875
vt 0.09375 0.921875
vt 0.09375 0.921875
vt 0.09375 0.921875
vt 0.09375 0.921875
vt 0.09375 0.921875
vt 0.09375 0.921875
vt 0.09375 0.921875
vt 0.09375 0.921875
vt 0.09375 0.921875
vt 0.09375 0.921875
vt 0.09375 0.921875
vt 0.09375 0.921875
vt 0.09375 0.921875
vt 0.09375 0.921875
vt 0.09375 0.921875
vt 0.09375 0.921875
vt 0.09375 0.921875
vt 0.09375 0.921875
vt 0.09375 0.921875
vt 0.09375 0.921875
vt 0.09375 0.921875
vt 0.09375 0.921875
vt 0.09375 0.921875
vt 0.09375 0.921875
vt 0.09375 0.921875
vt 0.09375 0.921875
vt 0.09375 0.921875
vt 0.09375 0.921875
vt 0.09375 0.921875
vt 0.09375 0.921875
vt 0.09375 0.921875
vt 0.09375 0.921875
vt 0.09375 0.921875
vt 0.09375 0.921875
vt 0.09375 0.921875
vt 0.09375 0.921875
vt 0.09375 0.921875
vt 0.09375 0.921875
vt 0.09375 0.921875
vt 0.09375 0.921875
vt 0.09375 0.921875
vt 0.09375 0.921875
vt 0.09375 0.921875
vt 0.09375 0.921875
vt 0.09375 0.921875
vt 0.09375 0.921875
vt 0.09375 0.921875
vt 0.09375 0.921875
vt 0.09375 0.921875
vt 0.09375 0.921875
vt 0.09375 0.921875
vt 0.09375 0.921875
vt 0.09375 0.921875
vt 0.09375 0.921875
vt 0.09375 0.921875
vt 0.09375 0.921875
vt 0.09375 0.921875
vt 0.09375 0.921875
vt 0.09375 0.921875
vt 0.09375 0.921875
vt 0.09375 0.921875
vt 0.09375 0.921875
vt 0.09375 0.921875
vt 0.09375 0.921875
vt 0.09375 0.921875
vt 0.09375 0.921875
vt 0.09375 0.921875
vt 0.09375 0.921875
vt 0.09375 0.921875
vt 0.09375 0.921875
vt 0.09375 0.921875
vt 0.09375 0.921875
vt 0.09375 0.921875
vt 0.09375 0.921875
vt 0.09375 0.921875
vt 0.09375 0.921875
vt 0.09375 0.921875
vt 0.09375 0.921875
vt 0.09375 0.921875
vt 0.09375 0.921875
vt 0.09375 0.921875
vt 0.09375 0.921875
vt 0.09375 0.921875
vt 0.09375 0.921875
vt 0.09375 0.921875
vt 0.09375 0.921875
vt 0.09375 0.921875
vt 0.09375 0.921875
vt 0.09375 0.921875
vt 0.09375 0.921875
vt 0.09375 0.921875
vt 0.09375 0.921875
vt 0.09375 0.921875
vt 0.09375 0.921875
vt 0.09375 0.921875
vt 0.09375 0.921875
vt 0.09375 0.921875
vt 0.09375 0.921875
vt 0.09375 0.921875
vt 0.09375 0.921875
vt 0.09375 0.921875
vt 0.09375 0.921875
vt 0.09375 0.921875
vt 0.09375 0.921875
vt 0.09375 0.921875
vt 0.09375 0.921875
vt 0.09375 0.921875
vt 0.09375 0.921875
vt 0.09375 0.921875
vt 0.09375 0.921875
vt 0.09375 0.921875
vt 0.09375 0.921875
vt 0.09375 0.921875
vt 0.09375 0.921875
vt 0.09375 0.921875
vt 0.09375 0.921875
vt 0.09375 0.921875
vt 0.09375 0.921875
vt 0.09375 0.921875
vt 0.09375 0.921875
vt 0.09375 0.921875
vt 0.09375 0.921875
vt 0.09375 0.921875
vt 0.09375 0.921875
vt 0.09375 0.921875
vt 0.09375 0.921875
vt 0.09375 0.921875
vt 0.09375 0.921875
vt 0.09375 0.921875
vt 0.09375 0.921875
vt 0.09375 0.921875
vt 0.09375 0.921875
vt 0.09375 0.921875
vt 0.09375 0.921875
vt 0.09375 0.921875
vt 0.09375 0.921875
vt 0.09375 0.921875
vt 0.09375 0.921875
vt 0.09375 0.921875
vt 0.09375 0.921875
vt 0.09375 0.921875
vt 0.09375 0.921875
vt 0.09375 0.921875
vt 0.09375 0.921875
vt 0.09375 0.921875
vt 0.09375 0.921875
vt 0.09375 0.921875
vt 0.09375 0.921875
vt 0.09375 0.921875
vt 0.09375 0.921875
vt 0.09375 0.921875
vt 0.09375 0.921875
vt 0.09375 0.921875
vt 0.09375 0.921875
vt 0.09375 0.921875
vt 0.09375 0.921875
vt 0.09375 0.921875
vt 0.09375 0.921875
vt 0.09375 0.921875
vt 0.09375 0.921875
vt 0.09375 0.921875
vt 0.09375 0.921875
vt 0.09375 0.921875
vt 0.09375 0.921875
vt 0.09375 0.921875
vt 0.09375 0.921875
vt 0.09375 0.921875
vt 0.09375 0.921875
vt 0.09375 0.921875
vt 0.09375 0.921875
vt 0.09375 0.921875
vt 0.09375 0.921875
vt 0.09375 0.921875
vt 0.09375 0.921875
vt 0.09375 0.921875
vt 0.09375 0.921875
vt 0.09375 0.921875
vt 0.09375 0.921875
vt 0.09375 0.921875
vt 0.09375 0.921875
vt 0.09375 0.921875
vt 0.09375 0.921875
vt 0.09375 0.921875
vt 0.09375 0.921875
vt 0.09375 0.921875
vt 0.09375 0.921875
vt 0.09375 0.921875
vt 0.09375 0.921875
vt 0.09375 0.921875
vt 0.09375 0.921875
vt 0.09375 0.921875
vt 0.09375 0.921875
vt 0.09375 0.921875
vt 0.09375 0.921875
vt 0.09375 0.921875
vt 0.09375 0.921875
vt 0.09375 0.921875
vt 0.09375 0.921875
vt 0.09375 0.921875
vt 0.09375 0.921875
vt 0.09375 0.921875
vt 0.09375 0.921875
vt 0.09375 0.921875
vt 0.09375 0.921875
vt 0.09375 0.921875
vt 0.09375 0.921875
vt 0.09375 0.921875
vt 0.09375 0.921875
vt 0.09375 0.921875
vt 0.09375 0.921875
vt 0.09375 0.921875
vt 0.09375 0.921875
vt 0.09375 0.921875
vt 0.09375 0.921875
vt 0.09375 0.921875
vt 0.09375 0.921875
vt 0.09375 0.921875
vt 0.09375 0.921875
vt 0.09375 0.921875
vt 0.09375 0.921875
vt 0.09375 0.921875
vt 0.09375 0.921875
vt 0.09375 0.921875
vt 0.09375 0.921875
vt 0.09375 0.921875
vt 0.09375 0.921875
vt 0.09375 0.921875
vt 0.09375 0.921875
vt 0.09375 0.921875
vt 0.09375 0.921875
vt 0.09375 0.921875
vt 0.09375 0.921875
vt 0.09375 0.921875
vt 0.09375 0.921875
vt 0.09375 0.921875
vt 0.09375 0.921875
vt 0.09375 0.921875
vt 0.09375 0.921875
vt 0.09375 0.921875
vt 0.09375 0.921875
vt 0.09375 0.921875
vt 0.09375 0.921875
vt 0.09375 0.921875
vt 0.09375 0.921875
vt 0.09375 0.921875
vt 0.09375 0.921875
vt 0.09375 0.921875
vt 0.09375 0.921875
vt 0.09375 0.921875
vt 0.09375 0.921875
vt 0.09375 0.921875
vt 0.09375 0.921875
vt 0.09375 0.921875
vt 0.09375 0.921875
vt 0.09375 0.921875
vt 0.09375 0.921875
vt 0.09375 0.921875
vt 0.09375 0.921875
vt 0.09375 0.921875
vt 0.09375 0.921875
vt 0.09375 0.921875
vt 0.09375 0.921875
vt 0.09375 0.921875
vt 0.09375 0.921875
vt 0.09375 0.921875
vt 0.09375 0.921875
vt 0.09375 0.921875
vt 0.09375 0.921875
vt 0.09375 0.921875
vt 0.09375 0.921875
vt 0.09375 0.921875
vt 0.09375 0.921875
vt 0.09375 0.921875
vt 0.09375 0.921875
vt 0.09375 0.921875
vt 0.09375 0.921875
vt 0.09375 0.921875
vt 0.09375 0.921875
vt 0.09375 0.921875
vt 0.09375 0.921875
vt 0.09375 0.921875
vt 0.09375 0.921875
vt 0.09375 0.921875
vt 0.09375 0.921875
vt 0.09375 0.921875
vt 0.09375 0.921875
vt 0.09375 0.921875
vt 0.09375 0.921875
vt 0.09375 0.921875
vt 0.09375 0.921875
vt 0.09375 0.921875
vt 0.09375 0.921875
vt 0.09375 0.921875
vt 0.09375 0.921875
vt 0.09375 0.921875
vt 0.09375 0.921875
vt 0.09375 0.921875
vt 0.09375 0.921875
vt 0.09375 0.921875
vt 0.09375 0.921875
vt 0.09375 0.921875
vt 0.09375 0.921875
vt 0.09375 0.921875
vt 0.09375 0.921875
vt 0.09375 0.921875
vt 0.09375 0.921875
vt 0.09375 0.921875
vt 0.09375 0.921875
vt 0.09375 0.921875
vt 0.09375 0.921875
vt 0.09375 0.921875
vt 0.09375 0.921875
vt 0.09375 0.921875
vt 0.09375 0.921875
vt 0.09375 0.921875
vt 0.09375 0.921875
vt 0.09375 0.921875
vt 0.09375 0.921875
vt 0.09375 0.921875
vt 0.09375 0.921875
vt 0.09375 0.921875
vt 0.09375 0.921875
vt 0.09375 0.921875
vt 0.09375 0.921875
vt 0.09375 0.921875
vt 0.09375 0.921875
vt 0.09375 0.921875
vt 0.09375 0.921875
vt 0.09375 0.921875
vt 0.09375 0.921875
vt 0.09375 0.921875
vt 0.09375 0.921875
vt 0.09375 0.921875
vt 0.09375 0.921875
vt 0.09375 0.921875
vt 0.09375 0.921875
vt 0.09375 0.921875
vt 0.09375 0.921875
vt 0.09375 0.921875
vt 0.09375 0.921875
vt 0.09375 0.921875
vt 0.09375 0.921875
vt 0.09375 0.921875
vt 0.09375 0.921875
vt 0.09375 0.921875
vt 0.09375 0.921875
vt 0.09375 0.921875
vt 0.09375 0.921875
vt 0.09375 0.921875
vt 0.09375 0.921875
vt 0.09375 0.921875
vt 0.09375 0.921875
vt 0.09375 0.921875
vt 0.09375 0.921875
vt 0.09375 0.921875
vt 0.09375 0.921875
vt 0.09375 0.921875
vt 0.09375 0.921875
vt 0.09375 0.921875
vt 0.09375 0.921875
vt 0.09375 0.921875
vt 0.09375 0.921875
vt 0.09375 0.921875
vt 0.09375 0.921875
vt 0.09375 0.921875
vt 0.09375 0.921875
vt 0.09375 0.921875
vt 0.09375 0.921875
vt 0.09375 0.921875
vt 0.09375 0.921875
vt 0.09375 0.921875
vt 0.09375 0.921875
vt 0.09375 0.921875
vt 0.09375 0.921875
vt 0.09375 0.921875
vt 0.09375 0.921875
vn 0 -1 0
vn 0.3826834246559794 0 0.923879535704505
vn 0 1 0
vn 0 -1 0
vn 0.6087614368446826 0 0.7933533342784902
vn 0 1 0
vn 0 -1 0
vn 0.7933533402912352 0 0.6087614290087207
vn 0 1 0
vn 0 -1 0
vn 0.9238795287315171 0 0.3826834414902608
vn 0 1 0
vn 0 -1 0
vn 0.9914448624629576 0 0.130526183947157
vn 0 1 0
vn 0 -1 0
vn 0.9914448613738104 0 -0.13052619222005157
vn 0 1 0
vn 0 -1 0
vn 0.923879535704505 0 -0.3826834246559794
vn 0 1 0
vn 0 -1 0
vn 0.7933533342784902 0 -0.6087614368446826
vn 0 1 0
vn 0 -1 0
vn 0.6087614290087207 0 -0.7933533402912352
vn 0 1 0
vn 0 -1 0
vn 0.3826834414902608 0 -0.9238795287315171
vn 0 1 0
vn 0 -1 0
vn 0.130526183947157 0 -0.9914448624629576
vn 0 1 0
vn 0 -1 0
vn -0.13052619222005157 0 -0.9914448613738104
vn 0 1 0
vn 0 -1 0
vn -0.3826834246559794 0 -0.923879535704505
vn 0 1 0
vn 0 -1 0
vn -0.6087614368446826 0 -0.7933533342784902
vn 0 1 0
vn 0 -1 0
vn -0.7933533402912352 0 -0.6087614290087207
vn 0 1 0
vn 0 -1 0
vn -0.9238795287315171 0 -0.3826834414902608
vn 0 1 0
vn 0 -1 0
vn -0.9914448624629576 0 -0.130526183947157
vn 0 1 0
vn 0 -1 0
vn -0.9914448613738104 0 0.13052619222005157
vn 0 1 0
vn 0 -1 0
vn -0.923879535704505 0 0.3826834246559794
vn 0 1 0
vn 0 -1 0
vn -0.7933533342784902 0 0.6087614368446826
vn 0 1 0
vn 0 -1 0
vn -0.6087614290087207 0 0.7933533402912352
vn 0 1 0
vn 0 -1 0
vn -0.3826834414902608 0 0.9238795287315171
vn 0 1 0
vn 0 -1 0
vn -0.130526183947157 0 0.9914448624629576
vn 0 1 0
vn 0 -1 0
vn 0.13052619222005157 0 0.9914448613738104
vn 0 1 0
vn 0.3826834222297032 0 0.9238795367095014
vn 0.6087613238195937 0 0.7933534210056801
vn 0.7933533402912353 0 0.6087614290087207
vn 0.9238795832505042 0 0.38268330986975985
vn 0.9914448628057433 0 0.13052618134344202
vn 0.9914448613738104 0 -0.13052619222005157
vn 0.9238795367095014 0 -0.3826834222297032
vn 0.7933534210056801 0 -0.6087613238195937
vn 0.6087614290087207 0 -0.7933533402912353
vn 0.38268330986975985 0 -0.9238795832505042
vn 0.13052618134344202 0 -0.9914448628057433
vn -0.13052619222005157 0 -0.9914448613738104
vn -0.3826834222297032 0 -0.9238795367095014
vn -0.6087613238195937 0 -0.7933534210056801
vn -0.7933533402912353 0 -0.6087614290087207
vn -0.9238795832505042 0 -0.38268330986975985
vn -0.9914448628057433 0 -0.13052618134344202
vn -0.9914448613738104 0 0.13052619222005157
vn -0.9238795367095014 0 0.3826834222297032
vn -0.7933534210056801 0 0.6087613238195937
vn -0.6087614290087207 0 0.7933533402912353
vn -0.38268330986975985 0 0.9238795832505042
vn -0.13052618134344202 0 0.9914448628057433
vn 0.13052619222005157 0 0.9914448613738104
vn 0 -1 0
vn 0 1 0
vn 0 -1 0
vn 0 1 0
vn 0 -1 0
vn 0 1 0
vn 0 -1 0
vn 0 1 0
vn 0 -1 0
vn 0 1 0
vn 0 -1 0
vn 0 1 0
vn 0 -1 0
vn 0 1 0
vn 0 -1 0
vn 0 1 0
vn 0 -1 0
vn 0 1 0
vn 0 -1 0
vn 0 1 0
vn 0 -1 0
vn 0 1 0
vn 0 -1 0
vn 0 1 0
vn 0 -1 0
vn 0 1 0
vn 0 -1 0
vn 0 1 0
vn 0 -1 0
vn 0 1 0
vn 0 -1 0
vn 0 1 0
vn 0 -1 0
vn 0 1 0
vn 0 -1 0
vn 0 1 0
vn 0 -1 0
vn 0 1 0
vn 0 -1 0
vn 0 1 0
vn 0 -1 0
vn 0 1 0
vn 0 -1 0
vn 0 1 0
vn 0 -1 0
vn 0 1 0
vn 0 -1 0
vn 0 1 0
vn 0 -1 0
vn 0 1 0
vn 0 -1 0
vn 0 1 0
vn 0 -1 0
vn 0 1 0
vn 0 -1 0
vn 0 1 0
vn 0 -1 0
vn 0 1 0
vn 0 -1 0
vn 0 1 0
vn 0 -1 0
vn 0 1 0
vn 0 -1 0
vn 0 1 0
vn 0 -1 0
vn 0 1 0
vn 0 -1 0
vn 0 1 0
vn 0 -1 0
vn 0 1 0
vn 0 -1 0
vn 0 1 0
vn 0 -1 0
vn 0 1 0
vn 0 -1 0
vn 0 1 0
vn 0 -1 0
vn 0 1 0
vn 0 -1 0
vn 0 1 0
vn 0 -1 0
vn 0 1 0
vn 0 -1 0
vn 0 1 0
vn 0 -1 0
vn 0 1 0
vn 0 -1 0
vn 0 1 0
vn 0 -1 0
vn 0 1 0
vn 0 -1 0
vn 0 1 0
vn 0 -1 0
vn 0 1 0
vn 0 -1 0
vn 0 1 0
vn 0.6087614368446826 0 0.7933533342784902
vn -0.6087613588331405 0 -0.7933533941388469
vn 0.7933533402912353 0 0.6087614290087207
vn -0.7933533402912353 0 -0.6087614290087207
vn 0.9238795287315171 0 0.3826834414902608
vn -0.9238795663613089 0 -0.38268335064389714
vn 0.9914448624629577 0 0.13052618394715704
vn -0.9914448696650442 0 -0.1305261292418641
vn 0.9914448613738104 0 -0.13052619222005157
vn -0.9914448613738104 0 0.13052619222005157
vn 0.9238795357045049 0 -0.3826834246559793
vn -0.9238795568199578 0 0.3826833736787611
vn 0.7933533342784902 0 -0.6087614368446826
vn -0.7933533941388469 0 0.6087613588331405
vn 0.6087614290087207 0 -0.7933533402912353
vn -0.6087614290087207 0 0.7933533402912353
vn 0.3826834414902608 0 -0.9238795287315171
vn -0.38268335064389714 0 0.9238795663613089
vn 0.13052618394715704 0 -0.9914448624629577
vn -0.1305261292418641 0 0.9914448696650442
vn -0.13052619222005157 0 -0.9914448613738104
vn 0.13052619222005157 0 0.9914448613738104
vn -0.3826834246559793 0 -0.9238795357045049
vn 0.3826833736787611 0 0.9238795568199578
vn -0.6087614368446826 0 -0.7933533342784902
vn 0.6087613588331405 0 0.7933533941388469
vn -0.7933533402912353 0 -0.6087614290087207
vn 0.7933533402912353 0 0.6087614290087207
vn -0.9238795287315171 0 -0.3826834414902608
vn 0.9238795663613089 0 0.38268335064389714
vn -0.9914448624629577 0 -0.13052618394715704
vn 0.9914448696650442 0 0.1305261292418641
vn -0.9914448613738104 0 0.13052619222005157
vn 0.9914448613738104 0 -0.13052619222005157
vn -0.9238795357045049 0 0.3826834246559793
vn 0.9238795568199578 0 -0.3826833736787611
vn -0.7933533342784902 0 0.6087614368446826
vn 0.7933533941388469 0 -0.6087613588331405
vn -0.6087614290087207 0 0.7933533402912353
vn 0.6087614290087207 0 -0.7933533402912353
vn -0.3826834414902608 0 0.9238795287315171
vn 0.38268335064389714 0 -0.9238795663613089
vn -0.13052618394715704 0 0.9914448624629577
vn 0.1305261292418641 0 -0.9914448696650442
vn 0.13052619222005157 0 0.9914448613738104
vn -0.13052619222005157 0 -0.9914448613738104
vn 0.3826834246559793 0 0.9238795357045049
vn -0.3826833736787611 0 -0.9238795568199578
vn 0.7933533402912353 0 0.6087614290087207
vn -0.7933533402912353 0 -0.6087614290087207
vn 0.6087614368446826 0 0.7933533342784902
vn -0.6087613588331404 0 -0.793353394138847
vn 0.3826834246559793 0 0.9238795357045049
vn -0.38268337367876143 0 -0.9238795568199578
vn -0.13052618394715704 0 0.9914448624629577
vn 0.13052612924186432 0 -0.9914448696650442
vn 0.13052619222005157 0 0.9914448613738104
vn -0.13052619222005157 0 -0.9914448613738104
vn -0.3826834414902608 0 0.9238795287315171
vn 0.38268335064389714 0 -0.923879566361309
vn -0.6087614290087207 0 0.7933533402912353
vn 0.6087614290087207 0 -0.7933533402912353
vn -0.7933533342784902 0 0.6087614368446826
vn 0.793353394138847 0 -0.6087613588331404
vn -0.9238795357045049 0 0.3826834246559793
vn 0.9238795568199578 0 -0.38268337367876143
vn -0.9914448613738104 0 0.13052619222005157
vn 0.9914448613738104 0 -0.13052619222005157
vn -0.9914448624629577 0 -0.13052618394715704
vn 0.9914448696650442 0 0.13052612924186432
vn -0.9238795287315171 0 -0.3826834414902608
vn 0.923879566361309 0 0.38268335064389714
vn -0.7933533402912353 0 -0.6087614290087207
vn 0.7933533402912353 0 0.6087614290087207
vn -0.3826834246559793 0 -0.9238795357045049
vn 0.38268337367876143 0 0.9238795568199578
vn -0.6087614368446826 0 -0.7933533342784902
vn 0.6087613588331404 0 0.793353394138847
vn -0.13052619222005157 0 -0.9914448613738104
vn 0.13052619222005157 0 0.9914448613738104
vn 0.13052618394715704 0 -0.9914448624629577
vn -0.13052612924186432 0 0.9914448696650442
vn 0.3826834414902608 0 -0.9238795287315171
vn -0.38268335064389714 0 0.923879566361309
vn 0.6087614290087207 0 -0.7933533402912353
vn -0.6087614290087207 0 0.7933533402912353
vn 0.7933533342784902 0 -0.6087614368446826
vn -0.793353394138847 0 0.6087613588331404
vn 0.9238795357045049 0 -0.3826834246559793
vn -0.9238795568199578 0 0.38268337367876143
vn 0.9914448613738104 0 -0.13052619222005157
vn -0.9914448613738104 0 0.13052619222005157
vn 0.9914448624629577 0 0.13052618394715704
vn -0.9914448696650442 0 -0.13052612924186432
vn 0.9238795287315171 0 0.3826834414902608
vn -0.923879566361309 0 -0.38268335064389714
vn -0.03528264780906103 0.9627730972247145 -0.26799831720350836
vn -0.10564245946474302 0.9611490651157494 -0.25501401017465886
vn -0.17519324270813702 0.9577026123855444 -0.2282827937872489
vn -0.24283261617545243 0.9520107326059138 -0.18630052475647146
vn -0.30647204715596593 0.9433802594804118 -0.12691954276116174
vn -0.3623686965652484 0.9308138533778372 -0.04769169853869
vn -0.4043073620997894 0.9130730141060643 0.0532280740134089
vn -0.42298901225381547 0.8890385897387639 0.17518756082510942
vn -0.4066371480347887 0.8586710153807213 0.3119780716383357
vn -0.3443992676519649 0.8246265757289455 0.4487540028148433
vn -0.23292910414581333 0.7935009545729922 0.5622279497975702
vn -0.08259972411780651 0.7744583628399923 0.6272093189700397
vn 0.08257482857536498 0.7744539111833558 0.6272180937589029
vn 0.23291813850142074 0.7934891149208125 0.5622492020974494
vn 0.34440446785881557 0.8246152552144511 0.4487708138755147
vn 0.40664902432812206 0.8586646799247859 0.31198002894841104
vn 0.42299900154193293 0.8890359268905264 0.1751769545129464
vn 0.40431050476771435 0.9130725768624344 0.05321170093381834
vn 0.36236566588635805 0.9308142826782795 -0.047706344953858844
vn 0.3064677109326459 0.9433804726106649 -0.1269284288588771
vn 0.2428310266291302 0.9520105406550802 -0.18630357749615203
vn 0.17519619629475738 0.957702371511319 -0.228281537592168
vn 0.10565030020042987 0.9611489246068059 -0.25501129150439494
vn 0.03529361959887534 0.9627730319188258 -0.26799710712140445
vn 0.33657403411615705 0.47587974131398914 0.8125616231189526
vn 0.5520479539401958 0.42147916334490293 0.7194430981088945
vn 0.7472087234349646 0.336072879562573 0.5733534191449555
vn 0.901462666791658 0.21894988429451626 0.373397922528086
vn 0.9885682918943082 0.0761207420402004 0.13014747363056858
vn 0.9884922514574631 -0.07711878327931028 -0.13013747375016313
vn 0.9011080193184912 -0.22065338352338174 -0.3732511511832073
vn 0.7464362117164057 -0.33878960980118367 -0.5727604928145994
vn 0.5510175370033463 -0.4251023564972408 -0.718100035103229
vn 0.3356977707692127 -0.48008709121125065 -0.8104464149793629
vn 0.11254004629229895 -0.506563160619859 -0.854826591937421
vn -0.11254005770806483 -0.5065631340453186 -0.8548266061823593
vn -0.3357011910422469 -0.480071230593257 -0.8104543934667099
vn -0.5510406162750929 -0.42502129057460386 -0.7181303097443137
vn -0.7465015685712627 -0.33856047520528526 -0.5728108001333564
vn -0.9012066973635406 -0.22018094511187647 -0.3732918965591683
vn -0.98855067152169 -0.07635318434452534 -0.13014515386470166
vn -0.9884922514574631 0.07711878327931028 0.13013747375016313
vn -0.9012408386833682 0.22001694604151142 0.37330616676377804
vn -0.7469368575954047 0.33703195527209645 0.5731446518035126
vn -0.5518405111983145 0.42221189580718493 0.7191725559553048
vn -0.3364804721166915 0.47633084737855325 0.8123360238963664
vn -0.11286580656435787 0.502291078232021 0.8573009870734378
vn 0.11287729980254721 0.502139587491 0.8573882142085079
usemtl m_ac30d9ed-7ab4-5fc0-6276-16d234bb48f3
f 292/1057/265 290/1058/265 289/1059/265
f 431/1060/266 432/1061/266 433/1062/266 434/1063/266
f 588/1064/267 589/1065/267 599/1066/267
f 294/1067/268 292/1068/268 289/1069/268
f 432/1070/269 435/1071/269 436/1072/269 433/1073/269
f 589/1074/270 590/1075/270 599/1076/270
f 296/1077/271 294/1078/271 289/1079/271
f 435/1080/272 437/1081/272 438/1082/272 436/1083/272
f 590/1084/273 591/1085/273 599/1086/273
f 298/1087/274 296/1088/274 289/1089/274
f 437/1090/275 439/1091/275 440/1092/275 438/1093/275
f 591/1094/276 592/1095/276 599/1096/276
f 300/1097/277 298/1098/277 289/1099/277
f 439/1100/278 441/1101/278 442/1102/278 440/1103/278
f 592/1104/279 593/1105/279 599/1106/279
f 302/1107/280 300/1108/280 289/1109/280
f 441/1110/281 443/1111/281 444/1112/281 442/1113/281
f 593/1114/282 594/1115/282 599/1116/282
f 304/1117/283 302/1118/283 289/1119/283
f 443/1120/284 445/1121/284 446/1122/284 444/1123/284
f 594/1124/285 595/1125/285 599/1126/285
f 306/1127/286 304/1128/286 289/1129/286
f 445/1130/287 447/1131/287 448/1132/287 446/1133/287
f 595/1134/288 596/1135/288 599/1136/288
f 308/1137/289 306/1138/289 289/1139/289
f 447/1140/290 449/1141/290 450/1142/290 448/1143/290
f 596/1144/291 597/1145/291 599/1146/291
f 310/1147/292 308/1148/292 289/1149/292
f 449/1150/293 451/1151/293 452/1152/293 450/1153/293
f 597/1154/294 598/1155/294 599/1156/294
f 312/1157/295 310/1158/295 289/1159/295
f 451/1160/296 453/1161/296 454/1162/296 452/1163/296
f 598/1164/297 575/1165/297 599/1166/297
f 314/1167/298 312/1168/298 289/1169/298
f 453/1170/299 455/1171/299 456/1172/299 454/1173/299
f 575/1174/300 576/1175/300 599/1176/300
f 316/1177/301 314/1178/301 289/1179/301
f 455/1180/302 457/1181/302 458/1182/302 456/1183/302
f 576/1184/303 577/1185/303 599/1186/303
f 318/1187/304 316/1188/304 289/1189/304
f 457/1190/305 459/1191/305 460/1192/305 458/1193/305
f 577/1194/306 578/1195/306 599/1196/306
f 320/1197/307 318/1198/307 289/1199/307
f 459/1200/308 461/1201/308 462/1202/308 460/1203/308
f 578/1204/309 579/1205/309 599/1206/309
f 322/1207/310 320/1208/310 289/1209/310
f 461/1210/311 463/1211/311 464/1212/311 462/1213/311
f 579/1214/312 580/1215/312 599/1216/312
f 324/1217/313 322/1218/313 289/1219/313
f 463/1220/314 465/1221/314 466/1222/314 464/1223/314
f 580/1224/315 581/1225/315 599/1226/315
f 326/1227/316 324/1228/316 289/1229/316
f 465/1230/317 467/1231/317 468/1232/317 466/1233/317
f 581/1234/318 582/1235/318 599/1236/318
f 328/1237/319 326/1238/319 289/1239/319
f 467/1240/320 469/1241/320 470/1242/320 468/1243/320
f 582/1244/321 583/1245/321 599/1246/321
f 330/1247/322 328/1248/322 289/1249/322
f 469/1250/323 471/1251/323 472/1252/323 470/1253/323
f 583/1254/324 584/1255/324 599/1256/324
f 332/1257/325 330/1258/325 289/1259/325
f 471/1260/326 473/1261/326 474/1262/326 472/1263/326
f 584/1264/327 585/1265/327 599/1266/327
f 334/1267/328 332/1268/328 289/1269/328
f 473/1270/329 475/1271/329 476/1272/329 474/1273/329
f 585/1274/330 586/1275/330 599/1276/330
f 335/1277/331 334/1278/331 289/1279/331
f 475/1280/332 477/1281/332 478/1282/332 476/1283/332
f 586/1284/333 587/1285/333 599/1286/333
f 290/1287/334 335/1288/334 289/1289/334
f 477/1290/335 431/1291/335 434/1292/335 478/1293/335
f 587/1294/336 588/1295/336 599/1296/336
f 338/1297/337 337/1298/337 290/1299/337 292/1300/337
f 341/1301/338 338/1302/338 292/1303/338 294/1304/338
f 343/1305/339 341/1306/339 294/1307/339 296/1308/339
f 345/1309/340 343/1310/340 296/1311/340 298/1312/340
f 347/1313/341 345/1314/341 298/1315/341 300/1316/341
f 349/1317/342 347/1318/342 300/1319/342 302/1320/342
f 351/1321/343 349/1322/343 302/1323/343 304/1324/343
f 353/1325/344 351/1326/344 304/1327/344 306/1328/344
f 355/1329/345 353/1330/345 306/1331/345 308/1332/345
f 357/1333/346 355/1334/346 308/1335/346 310/1336/346
f 359/1337/347 357/1338/347 310/1339/347 312/1340/347
f 361/1341/348 359/1342/348 312/1343/348 314/1344/348
f 363/1345/349 361/1346/349 314/1347/349 316/1348/349
f 365/1349/350 363/1350/350 316/1351/350 318/1352/350
f 367/1353/351 365/1354/351 318/1355/351 320/1356/351
f 369/1357/352 367/1358/352 320/1359/352 322/1360/352
f 371/1361/353 369/1362/353 322/1363/353 324/1364/353
f 373/1365/354 371/1366/354 324/1367/354 326/1368/354
f 375/1369/355 373/1370/355 326/1371/355 328/1372/355
f 377/1373/356 375/1374/356 328/1375/356 330/1376/356
f 379/1377/357 377/1378/357 330/1379/357 332/1380/357
f 380/1381/358 379/1382/358 332/1383/358 334/1384/358
f 381/1385/359 380/1386/359 334/1387/359 335/1388/359
f 337/1389/360 381/1390/360 335/1391/360 290/1392/360
f 384/1393/361 383/1394/361 337/1395/361 338/1396/361
f 386/1397/362 385/1398/362 339/1399/362 340/1400/362
f 387/1401/363 384/1402/363 338/1403/363 341/1404/363
f 385/1405/364 388/1406/364 342/1407/364 339/1408/364
f 389/1409/365 387/1410/365 341/1411/365 343/1412/365
f 388/1413/366 390/1414/366 344/1415/366 342/1416/366
f 391/1417/367 389/1418/367 343/1419/367 345/1420/367
f 390/1421/368 392/1422/368 346/1423/368 344/1424/368
f 393/1425/369 391/1426/369 345/1427/369 347/1428/369
f 392/1429/370 394/1430/370 348/1431/370 346/1432/370
f 395/1433/371 393/1434/371 347/1435/371 349/1436/371
f 394/1437/372 396/1438/372 350/1439/372 348/1440/372
f 397/1441/373 395/1442/373 349/1443/373 351/1444/373
f 396/1445/374 398/1446/374 352/1447/374 350/1448/374
f 399/1449/375 397/1450/375 351/1451/375 353/1452/375
f 398/1453/376 400/1454/376 354/1455/376 352/1456/376
f 401/1457/377 399/1458/377 353/1459/377 355/1460/377
f 400/1461/378 402/1462/378 356/1463/378 354/1464/378
f 403/1465/379 401/1466/379 355/1467/379 357/1468/379
f 402/1469/380 404/1470/380 358/1471/380 356/1472/380
f 405/1473/381 403/1474/381 357/1475/381 359/1476/381
f 404/1477/382 406/1478/382 360/1479/382 358/1480/382
f 407/1481/383 405/1482/383 359/1483/383 361/1484/383
f 406/1485/384 408/1486/384 362/1487/384 360/1488/384
f 409/1489/385 407/1490/385 361/1491/385 363/1492/385
f 408/1493/386 410/1494/386 364/1495/386 362/1496/386
f 411/1497/387 409/1498/387 363/1499/387 365/1500/387
f 410/1501/388 412/1502/388 366/1503/388 364/1504/388
f 413/1505/389 411/1506/389 365/1507/389 367/1508/389
f 412/1509/390 414/1510/390 368/1511/390 366/1512/390
f 415/1513/391 413/1514/391 367/1515/391 369/1516/391
f 414/1517/392 416/1518/392 370/1519/392 368/1520/392
f 417/1521/393 415/1522/393 369/1523/393 371/1524/393
f 416/1525/394 418/1526/394 372/1527/394 370/1528/394
f 419/1529/395 417/1530/395 371/1531/395 373/1532/395
f 418/1533/396 420/1534/396 374/1535/396 372/1536/396
f 421/1537/397 419/1538/397 373/1539/397 375/1540/397
f 420/1541/398 422/1542/398 376/1543/398 374/1544/398
f 423/1545/399 421/1546/399 375/1547/399 377/1548/399
f 422/1549/400 424/1550/400 378/1551/400 376/1552/400
f 425/1553/401 423/1554/401 377/1555/401 379/1556/401
f 424/1557/402 426/1558/402 601/1559/402 378/1560/402
f 427/1561/403 425/1562/403 379/1563/403 380/1564/403
f 426/1565/404 428/1566/404 602/1567/404 601/1568/404
f 429/1569/405 427/1570/405 380/1571/405 381/1572/405
f 428/1573/406 430/1574/406 382/1575/406 602/1576/406
f 383/1577/407 429/1578/407 381/1579/407 337/1580/407
f 430/1581/408 386/1582/408 340/1583/408 382/1584/408
f 531/1585/409 533/1586/409 534/1587/409 532/1588/409
f 525/1589/410 479/1590/410 482/1591/410 526/1592/410
f 528/1593/411 531/1594/411 532/1595/411 529/1596/411
f 479/1597/412 480/1598/412 481/1599/412 482/1600/412
f 527/1601/413 528/1602/413 529/1603/413 530/1604/413
f 480/1605/414 483/1606/414 484/1607/414 481/1608/414
f 573/1609/415 527/1610/415 530/1611/415 574/1612/415
f 483/1613/416 485/1614/416 486/1615/416 484/1616/416
f 571/1617/417 573/1618/417 574/1619/417 572/1620/417
f 485/1621/418 487/1622/418 488/1623/418 486/1624/418
f 569/1625/419 571/1626/419 572/1627/419 570/1628/419
f 487/1629/420 489/1630/420 490/1631/420 488/1632/420
f 567/1633/421 569/1634/421 570/1635/421 568/1636/421
f 489/1637/422 491/1638/422 492/1639/422 490/1640/422
f 565/1641/423 567/1642/423 568/1643/423 566/1644/423
f 491/1645/424 493/1646/424 494/1647/424 492/1648/424
f 563/1649/425 565/1650/425 566/1651/425 564/1652/425
f 493/1653/426 495/1654/426 496/1655/426 494/1656/426
f 561/1657/427 563/1658/427 564/1659/427 562/1660/427
f 495/1661/428 497/1662/428 498/1663/428 496/1664/428
f 559/1665/429 561/1666/429 562/1667/429 560/1668/429
f 497/1669/430 499/1670/430 500/1671/430 498/1672/430
f 556/1673/431 559/1674/431 560/1675/431 557/1676/431
f 499/1677/432 501/1678/432 502/1679/432 500/1680/432
f 555/1681/433 556/1682/433 557/1683/433 558/1684/433
f 501/1685/434 503/1686/434 504/1687/434 502/1688/434
f 553/1689/435 555/1690/435 558/1691/435 554/1692/435
f 503/1693/436 505/1694/436 506/1695/436 504/1696/436
f 551/1697/437 553/1698/437 554/1699/437 552/1700/437
f 505/1701/438 507/1702/438 508/1703/438 506/1704/438
f 549/1705/439 551/1706/439 552/1707/439 550/1708/439
f 507/1709/440 509/1710/440 510/1711/440 508/1712/440
f 547/1713/441 549/1714/441 550/1715/441 548/1716/441
f 509/1717/442 511/1718/442 512/1719/442 510/1720/442
f 545/1721/443 547/1722/443 548/1723/443 546/1724/443
f 511/1725/444 513/1726/444 514/1727/444 512/1728/444
f 543/1729/445 545/1730/445 546/1731/445 544/1732/445
f 513/1733/446 515/1734/446 516/1735/446 514/1736/446
f 541/1737/447 543/1738/447 544/1739/447 542/1740/447
f 515/1741/448 517/1742/448 518/1743/448 516/1744/448
f 539/1745/449 541/1746/449 542/1747/449 540/1748/449
f 517/1749/450 519/1750/450 520/1751/450 518/1752/450
f 536/1753/451 539/1754/451 540/1755/451 537/1756/451
f 519/1757/452 521/1758/452 522/1759/452 520/1760/452
f 535/1761/453 536/1762/453 537/1763/453 538/1764/453
f 521/1765/454 523/1766/454 524/1767/454 522/1768/454
f 533/1769/455 535/1770/455 538/1771/455 534/1772/455
f 523/1773/456 525/1774/456 526/1775/456 524/1776/456
f 480/1777/457 479/1778/457 433/1779/457 436/1780/457
f 482/1781/458 481/1782/458 388/1783/458 385/1784/458
f 483/1785/459 480/1786/459 436/1787/459 438/1788/459
f 481/1789/460 484/1790/460 390/1791/460 388/1792/460
f 485/1793/461 483/1794/461 438/1795/461 440/1796/461
f 484/1797/462 486/1798/462 392/1799/462 390/1800/462
f 487/1801/463 485/1802/463 440/1803/463 442/1804/463
f 486/1805/464 488/1806/464 394/1807/464 392/1808/464
f 489/1809/465 487/1810/465 442/1811/465 444/1812/465
f 488/1813/466 490/1814/466 396/1815/466 394/1816/466
f 491/1817/467 489/1818/467 444/1819/467 446/1820/467
f 490/1821/468 492/1822/468 398/1823/468 396/1824/468
f 493/1825/469 491/1826/469 446/1827/469 448/1828/469
f 492/1829/470 494/1830/470 400/1831/470 398/1832/470
f 495/1833/471 493/1834/471 448/1835/471 450/1836/471
f 494/1837/472 496/1838/472 402/1839/472 400/1840/472
f 497/1841/473 495/1842/473 450/1843/473 452/1844/473
f 496/1845/474 498/1846/474 404/1847/474 402/1848/474
f 499/1849/475 497/1850/475 452/1851/475 454/1852/475
f 498/1853/476 500/1854/476 406/1855/476 404/1856/476
f 501/1857/477 499/1858/477 454/1859/477 456/1860/477
f 500/1861/478 502/1862/478 408/1863/478 406/1864/478
f 503/1865/479 501/1866/479 456/1867/479 458/1868/479
f 502/1869/480 504/1870/480 410/1871/480 408/1872/480
f 505/1873/481 503/1874/481 458/1875/481 460/1876/481
f 504/1877/482 506/1878/482 412/1879/482 410/1880/482
f 507/1881/483 505/1882/483 460/1883/483 462/1884/483
f 506/1885/484 508/1886/484 414/1887/484 412/1888/484
f 509/1889/485 507/1890/485 462/1891/485 464/1892/485
f 508/1893/486 510/1894/486 416/1895/486 414/1896/486
f 511/1897/487 509/1898/487 464/1899/487 466/1900/487
f 510/1901/488 512/1902/488 418/1903/488 416/1904/488
f 513/1905/489 511/1906/489 466/1907/489 468/1908/489
f 512/1909/490 514/1910/490 420/1911/490 418/1912/490
f 515/1913/491 513/1914/491 468/1915/491 470/1916/491
f 514/1917/492 516/1918/492 422/1919/492 420/1920/492
f 517/1921/493 515/1922/493 470/1923/493 472/1924/493
f 516/1925/494 518/1926/494 424/1927/494 422/1928/494
f 519/1929/495 517/1930/495 472/1931/495 474/1932/495
f 518/1933/496 520/1934/496 426/1935/496 424/1936/496
f 521/1937/497 519/1938/497 474/1939/497 476/1940/497
f 520/1941/498 522/1942/498 428/1943/498 426/1944/498
f 523/1945/499 521/1946/499 476/1947/499 478/1948/499
f 522/1949/500 524/1950/500 430/1951/500 428/1952/500
f 525/1953/501 523/1954/501 478/1955/501 434/1956/501
f 524/1957/502 526/1958/502 386/1959/502 430/1960/502
f 479/1961/503 525/1962/503 434/1963/503 433/1964/503
f 526/1965/504 482/1966/504 385/1967/504 386/1968/504
f 528/1969/505 527/1970/505 437/1971/505 435/1972/505
f 530/1973/506 529/1974/506 387/1975/506 389/1976/506
f 531/1977/507 528/1978/507 435/1979/507 432/1980/507
f 529/1981/508 532/1982/508 384/1983/508 387/1984/508
f 533/1985/509 531/1986/509 432/1987/509 431/1988/509
f 532/1989/510 534/1990/510 383/1991/510 384/1992/510
f 536/1993/511 535/1994/511 477/1995/511 475/1996/511
f 538/1997/512 537/1998/512 427/1999/512 429/2000/512
f 535/2001/513 533/2002/513 431/2003/513 477/2004/513
f 534/2005/514 538/2006/514 429/2007/514 383/2008/514
f 539/2009/515 536/2010/515 475/2011/515 473/2012/515
f 537/2013/516 540/2014/516 425/2015/516 427/2016/516
f 541/2017/517 539/2018/517 473/2019/517 471/2020/517
f 540/2021/518 542/2022/518 423/2023/518 425/2024/518
f 543/2025/519 541/2026/519 471/2027/519 469/2028/519
f 542/2029/520 544/2030/520 421/2031/520 423/2032/520
f 545/2033/521 543/2034/521 469/2035/521 467/2036/521
f 544/2037/522 546/2038/522 419/2039/522 421/2040/522
f 547/2041/523 545/2042/523 467/2043/523 465/2044/523
f 546/2045/524 548/2046/524 417/2047/524 419/2048/524
f 549/2049/525 547/2050/525 465/2051/525 463/2052/525
f 548/2053/526 550/2054/526 415/2055/526 417/2056/526
f 551/2057/527 549/2058/527 463/2059/527 461/2060/527
f 550/2061/528 552/2062/528 413/2063/528 415/2064/528
f 553/2065/529 551/2066/529 461/2067/529 459/2068/529
f 552/2069/530 554/2070/530 411/2071/530 413/2072/530
f 556/2073/531 555/2074/531 457/2075/531 455/2076/531
f 558/2077/532 557/2078/532 407/2079/532 409/2080/532
f 555/2081/533 553/2082/533 459/2083/533 457/2084/533
f 554/2085/534 558/2086/534 409/2087/534 411/2088/534
f 559/2089/535 556/2090/535 455/2091/535 453/2092/535
f 557/2093/536 560/2094/536 405/2095/536 407/2096/536
f 561/2097/537 559/2098/537 453/2099/537 451/2100/537
f 560/2101/538 562/2102/538 403/2103/538 405/2104/538
f 563/2105/539 561/2106/539 451/2107/539 449/2108/539
f 562/2109/540 564/2110/540 401/2111/540 403/2112/540
f 565/2113/541 563/2114/541 449/2115/541 447/2116/541
f 564/2117/542 566/2118/542 399/2119/542 401/2120/542
f 567/2121/543 565/2122/543 447/2123/543 445/2124/543
f 566/2125/544 568/2126/544 397/2127/544 399/2128/544
f 569/2129/545 567/2130/545 445/2131/545 443/2132/545
f 568/2133/546 570/2134/546 395/2135/546 397/2136/546
f 571/2137/547 569/2138/547 443/2139/547 441/2140/547
f 570/2141/548 572/2142/548 393/2143/548 395/2144/548
f 573/2145/549 571/2146/549 441/2147/549 439/2148/549
f 572/2149/550 574/2150/550 391/2151/550 393/2152/550
f 527/2153/551 573/2154/551 439/2155/551 437/2156/551
f 574/2157/552 530/2158/552 389/2159/552 391/2160/552
f 576/2161/553 575/2162/553 313/2163/553 315/2164/553
f 577/2165/554 576/2166/554 315/2167/554 317/2168/554
f 578/2169/555 577/2170/555 317/2171/555 319/2172/555
f 579/2173/556 578/2174/556 319/2175/556 321/2176/556
f 580/2177/557 579/2178/557 321/2179/557 323/2180/557
f 581/2181/558 580/2182/558 323/2183/558 325/2184/558
f 582/2185/559 581/2186/559 325/2187/559 327/2188/559
f 583/2189/560 582/2190/560 327/2191/560 329/2192/560
f 584/2193/561 583/2194/561 329/2195/561 331/2196/561
f 585/2197/562 584/2198/562 331/2199/562 333/2200/562
f 586/2201/563 585/2202/563 333/2203/563 600/2204/563
f 587/2205/564 586/2206/564 600/2207/564 336/2208/564
f 588/2209/565 587/2210/565 336/2211/565 291/2212/565
f 589/2213/566 588/2214/566 291/2215/566 293/2216/566
f 590/2217/567 589/2218/567 293/2219/567 295/2220/567
f 591/2221/568 590/2222/568 295/2223/568 297/2224/568
f 592/2225/569 591/2226/569 297/2227/569 299/2228/569
f 593/2229/570 592/2230/570 299/2231/570 301/2232/570
f 594/2233/571 593/2234/571 301/2235/571 303/2236/571
f 595/2237/572 594/2238/572 303/2239/572 305/2240/572
f 596/2241/573 595/2242/573 305/2243/573 307/2244/573
f 597/2245/574 596/2246/574 307/2247/574 309/2248/574
f 598/2249/575 597/2250/575 309/2251/575 311/2252/575
f 575/2253/576 598/2254/576 311/2255/576 313/2256/576
f 340/2257/577 339/2258/577 293/2259/577 291/2260/577
f 339/2261/578 342/2262/578 295/2263/578 293/2264/578
f 342/2265/579 344/2266/579 297/2267/579 295/2268/579
f 344/2269/580 346/2270/580 299/2271/580 297/2272/580
f 346/2273/581 348/2274/581 301/2275/581 299/2276/581
f 348/2277/582 350/2278/582 303/2279/582 301/2280/582
f 350/2281/583 352/2282/583 305/2283/583 303/2284/583
f 352/2285/584 354/2286/584 307/2287/584 305/2288/584
f 354/2289/585 356/2290/585 309/2291/585 307/2292/585
f 356/2293/586 358/2294/586 311/2295/586 309/2296/586
f 358/2297/587 360/2298/587 313/2299/587 311/2300/587
f 360/2301/588 362/2302/588 315/2303/588 313/2304/588
f 362/2305/589 364/2306/589 317/2307/589 315/2308/589
f 364/2309/590 366/2310/590 319/2311/590 317/2312/590
f 366/2313/591 368/2314/591 321/2315/591 319/2316/591
f 368/2317/592 370/2318/592 323/2319/592 321/2320/592
f 370/2321/593 372/2322/593 325/2323/593 323/2324/593
f 372/2325/594 374/2326/594 327/2327/594 325/2328/594
f 374/2329/595 376/2330/595 329/2331/595 327/2332/595
f 376/2333/596 378/2334/596 331/2335/596 329/2336/596
f 378/2337/597 601/2338/597 333/2339/597 331/2340/597
f 601/2341/598 602/2342/598 600/2343/598 333/2344/598
f 602/2345/599 382/2346/599 336/2347/599 600/2348/599
f 382/2349/600 340/2350/600 291/2351/600 336/2352/600
o Wall
v 3.0592074258183977 1.09375 11.417118333551764
v 3.0592074258183977 4.75 11.417118333551764
v 5.909935362036891 1.09375 10.23630792423892
v 5.909935362036891 4.75 10.23630792423892
v 8.357910577988179 1.09375 8.357910591071427
v 8.357910577988179 4.75 8.357910591071427
v 10.236308128577981 1.09375 5.909935242860025
v 10.236308128577981 4.75 5.909935242860025
v 11.417118016889825 1.09375 3.059207755563585
v 11.417118016889825 4.75 3.059207755563585
v 11.819870604896918 1.09375 -2.043390612271878e-7
v 11.819870604896918 4.75 -2.043390612271878e-7
v 11.417118333551764 1.09375 -3.0592074258183977
v 11.417118333551764 4.75 -3.0592074258183977
v 10.23630792423892 1.09375 -5.909935362036891
v 10.23630792423892 4.75 -5.909935362036891
v 8.357910591071427 1.09375 -8.357910577988179
v 8.357910591071427 4.75 -8.357910577988179
v 5.909935242860025 1.09375 -10.236308128577981
v 5.909935242860025 4.75 -10.236308128577981
v 3.059207755563585 1.09375 -11.417118016889825
v 3.059207755563585 4.75 -11.417118016889825
v -2.043390612271878e-7 1.09375 -11.819870604896918
v -2.043390612271878e-7 4.75 -11.819870604896918
v -3.0592074258183977 1.09375 -11.417118333551764
v -3.0592074258183977 4.75 -11.417118333551764
v -5.909935362036891 1.09375 -10.23630792423892
v -5.909935362036891 4.75 -10.23630792423892
v -8.357910577988179 1.09375 -8.357910591071427
v -8.357910577988179 4.75 -8.357910591071427
v -10.236308128577981 1.09375 -5.909935242860025
v -10.236308128577981 4.75 -5.909935242860025
v -11.417118016889825 1.09375 -3.059207755563585
v -11.417118016889825 4.75 -3.059207755563585
v -11.819870604896918 1.09375 2.043390612271878e-7
v -11.819870604896918 4.75 2.043390612271878e-7
v -11.417118333551764 1.09375 3.0592074258183977
v -11.417118333551764 4.75 3.0592074258183977
v -10.23630792423892 1.09375 5.909935362036891
v -10.23630792423892 4.75 5.909935362036891
v -8.357910591071427 1.09375 8.357910577988179
v -8.357910591071427 4.75 8.357910577988179
v -5.909935242860025 1.09375 10.236308128577981
v -5.909935242860025 4.75 10.236308128577981
v -3.059207755563585 1.09375 11.417118016889825
v -3.059207755563585 4.75 11.417118016889825
v 2.043390612271878e-7 1.09375 11.819870604896918
v 2.043390612271878e-7 4.75 11.819870604896918
v 4.130600023879592 1.09375 7.154409219964225
v 2.1381560512388393 1.09375 7.979706502585458
v 2.1381560512388393 4.75 7.979706502585458
v 4.130600023879592 4.75 7.154409219964225
v 5.8415506240337285 1.09375 5.8415505400462
v 5.8415506240337285 4.75 5.8415505400462
v 7.1544090866339225 1.09375 4.13060008063633
v 7.1544090866339225 4.75 4.13060008063633
v 7.979706591285038 1.09375 2.1381558785517285
v 7.979706591285038 4.75 2.1381558785517285
v 8.261200104515922 1.09375 1.3333030368656296e-7
v 8.261200104515922 4.75 1.3333030368656296e-7
v 7.979706502585458 1.09375 -2.1381560512388393
v 7.979706502585458 4.75 -2.1381560512388393
v 7.154409219964225 1.09375 -4.130600023879592
v 7.154409219964225 4.75 -4.130600023879592
v 5.8415505400462 1.09375 -5.8415506240337285
v 5.8415505400462 4.75 -5.8415506240337285
v 4.13060008063633 1.09375 -7.1544090866339225
v 4.13060008063633 4.75 -7.1544090866339225
v 2.1381558785517285 1.09375 -7.979706591285038
v 2.1381558785517285 4.75 -7.979706591285038
v 1.3333030368656296e-7 1.09375 -8.261200104515922
v 1.3333030368656296e-7 4.75 -8.261200104515922
v -2.1381560512388393 1.09375 -7.979706502585458
v -2.1381560512388393 4.75 -7.979706502585458
v -4.130600023879592 1.09375 -7.154409219964225
v -4.130600023879592 4.75 -7.154409219964225
v -5.8415506240337285 1.09375 -5.8415505400462
v -5.8415506240337285 4.75 -5.8415505400462
v -7.1544090866339225 1.09375 -4.13060008063633
v -7.1544090866339225 4.75 -4.13060008063633
v -7.979706591285038 1.09375 -2.1381558785517285
v -7.979706591285038 4.75 -2.1381558785517285
v -8.261200104515922 1.09375 -1.3333030368656296e-7
v -8.261200104515922 4.75 -1.3333030368656296e-7
v -7.979706502585458 1.09375 2.1381560512388393
v -7.979706502585458 4.75 2.1381560512388393
v -7.154409219964225 1.09375 4.130600023879592
v -7.154409219964225 4.75 4.130600023879592
v -5.8415505400462 1.09375 5.8415506240337285
v -5.8415505400462 4.75 5.8415506240337285
v -4.13060008063633 1.09375 7.1544090866339225
v -4.13060008063633 4.75 7.1544090866339225
v -2.1381558785517285 1.09375 7.979706591285038
v -2.1381558785517285 4.75 7.979706591285038
v -1.3333030368656296e-7 1.09375 8.261200104515922
v -1.3333030368656296e-7 4.75 8.261200104515922
v 2.9791292266742118 4.75 11.118262312337581
v 5.755236098254467 4.75 9.968360983390182
v 8.139132799600734 4.75 8.139132804244438
v 9.968361158371538 4.75 5.755235994373649
v 11.118262030918649 4.75 2.979129512736848
v 11.510472092628117 4.75 -1.7498135607141307e-7
v 11.118262312337581 4.75 -2.9791292266742118
v 9.968360983390182 4.75 -5.755236098254467
v 8.139132804244438 4.75 -8.139132799600734
v 5.755235994373649 4.75 -9.968361158371538
v 2.979129512736848 4.75 -11.118262030918649
v -1.7498135607141307e-7 4.75 -11.510472092628117
v -2.9791292266742118 4.75 -11.118262312337581
v -5.755236098254467 4.75 -9.968360983390182
v -8.139132799600734 4.75 -8.139132804244438
v -9.968361158371538 4.75 -5.755235994373649
v -11.118262030918649 4.75 -2.979129512736848
v -11.510472092628117 4.75 1.7498135607141307e-7
v -11.118262312337581 4.75 2.9791292266742118
v -9.968360983390182 4.75 5.755236098254467
v -8.139132804244438 4.75 8.139132799600734
v -5.755235994373649 4.75 9.968361158371538
v -2.979129512736848 4.75 11.118262030918649
v 1.7498135607141307e-7 4.75 11.510472092628117
v 2.9791292266742118 10.625 11.118262312337581
v 5.755236098254467 10.625 9.968360983390182
v 8.139132799600734 10.625 8.139132804244438
v 9.968361158371538 10.625 5.755235994373649
v 11.118262030918649 10.625 2.979129512736848
v 11.510472092628117 10.625 -1.7498135607141307e-7
v 11.118262312337581 10.625 -2.9791292266742118
v 9.968360983390182 10.625 -5.755236098254467
v 8.139132804244438 10.625 -8.139132799600734
v 5.755235994373649 10.625 -9.968361158371538
v 2.979129512736848 10.625 -11.118262030918649
v -1.7498135607141307e-7 10.625 -11.510472092628117
v -2.9791292266742118 10.625 -11.118262312337581
v -5.755236098254467 10.625 -9.968360983390182
v -8.139132799600734 10.625 -8.139132804244438
v -9.968361158371538 10.625 -5.755235994373649
v -11.118262030918649 10.625 -2.979129512736848
v -11.510472092628117 10.625 1.7498135607141307e-7
v -11.118262312337581 10.625 2.9791292266742118
v -9.968360983390182 10.625 5.755236098254467
v -8.139132804244438 10.625 8.139132799600734
v -5.755235994373649 10.625 9.968361158371538
v -2.979129512736848 10.625 11.118262030918649
v 1.7498135607141307e-7 10.625 11.510472092628117
v 8.357910591071427 10.625 -8.357910577988179
v 10.23630792423892 10.625 -5.909935362036891
v 11.417118333551764 10.625 -3.0592074258183977
v 11.819870604896918 10.625 -2.043390612271878e-7
v 11.417118016889825 10.625 3.059207755563585
v 10.236308128577981 10.625 5.909935242860025
v 8.357910577988179 10.625 8.357910591071427
v 5.909935362036891 10.625 10.23630792423892
v 3.0592074258183977 10.625 11.417118333551764
v 2.043390612271878e-7 10.625 11.819870604896918
v -3.059207755563585 10.625 11.417118016889825
v -5.909935242860025 10.625 10.236308128577981
v -8.357910591071427 10.625 8.357910577988179
v -10.23630792423892 10.625 5.909935362036891
v -11.417118333551764 10.625 3.0592074258183977
v -11.819870604896918 10.625 2.043390612271878e-7
v -11.417118016889825 10.625 -3.059207755563585
v -10.236308128577981 10.625 -5.909935242860025
v -8.357910577988179 10.625 -8.357910591071427
v -5.909935362036891 10.625 -10.23630792423892
v -3.0592074258183977 10.625 -11.417118333551764
v -2.043390612271878e-7 10.625 -11.819870604896918
v 3.059207755563585 10.625 -11.417118016889825
v 5.909935242860025 10.625 -10.236308128577981
v 7.979706591285038 3.5859375 2.1381558785517285
v 7.979706591285038 2.4453125 2.1381558785517285
v 7.1544090866339225 2.4453125 4.13060008063633
v 7.1544090866339225 3.5859375 4.13060008063633
v 5.8415506240337285 2.4453125 5.8415505400462
v 5.8415506240337285 3.5859375 5.8415505400462
v 4.130600023879592 2.4453125 7.154409219964225
v 4.130600023879592 3.5859375 7.154409219964225
v 2.1381560512388393 2.4453125 7.979706502585458
v 2.1381560512388393 3.5859375 7.979706502585458
v -1.3333030368656296e-7 2.4453125 8.261200104515922
v -1.3333030368656296e-7 3.5859375 8.261200104515922
v -2.1381558785517285 2.4453125 7.979706591285038
v -2.1381558785517285 3.5859375 7.979706591285038
v -4.13060008063633 2.4453125 7.1544090866339225
v -4.13060008063633 3.5859375 7.1544090866339225
v -5.8415505400462 2.4453125 5.8415506240337285
v -5.8415505400462 3.5859375 5.8415506240337285
v -7.154409219964225 2.4453125 4.130600023879592
v -7.154409219964225 3.5859375 4.130600023879592
v -7.979706502585458 2.4453125 2.1381560512388393
v -7.979706502585458 3.5859375 2.1381560512388393
v -8.261200104515922 2.4453125 -1.3333030368656296e-7
v -8.261200104515922 3.5859375 -1.3333030368656296e-7
v -7.979706591285038 2.4453125 -2.1381558785517285
v -7.979706591285038 3.5859375 -2.1381558785517285
v -7.1544090866339225 2.4453125 -4.13060008063633
v -7.1544090866339225 3.5859375 -4.13060008063633
v -5.8415506240337285 2.4453125 -5.8415505400462
v -5.8415506240337285 3.5859375 -5.8415505400462
v -4.130600023879592 2.4453125 -7.154409219964225
v -4.130600023879592 3.5859375 -7.154409219964225
v -2.1381560512388393 2.4453125 -7.979706502585458
v -2.1381560512388393 3.5859375 -7.979706502585458
v 1.3333030368656296e-7 2.4453125 -8.261200104515922
v 1.3333030368656296e-7 3.5859375 -8.261200104515922
v 2.1381558785517285 2.4453125 -7.979706591285038
v 2.1381558785517285 3.5859375 -7.979706591285038
v 4.13060008063633 2.4453125 -7.1544090866339225
v 4.13060008063633 3.5859375 -7.1544090866339225
v 5.8415505400462 2.4453125 -5.8415506240337285
v 5.8415505400462 3.5859375 -5.8415506240337285
v 7.154409219964225 2.4453125 -4.130600023879592
v 7.154409219964225 3.5859375 -4.130600023879592
v 7.979706502585458 2.4453125 -2.1381560512388393
v 7.979706502585458 3.5859375 -2.1381560512388393
v 8.261200104515922 2.4453125 1.3333030368656296e-7
v 8.261200104515922 3.5859375 1.3333030368656296e-7
v 7.857923994928302 3.30078125 2.105524331097361
v 7.857923994928302 2.73046875 2.105524331097361
v 7.045221799607597 2.73046875 4.067560770033029
v 7.045221799607597 3.30078125 4.067560770033029
v 5.752399576485053 2.73046875 5.7523994937793015
v 5.752399576485053 3.30078125 5.7523994937793015
v 4.067560714142485 2.73046875 7.045221930903074
v 4.067560714142485 3.30078125 7.045221930903074
v 2.1055245011490005 2.73046875 7.857923907582415
v 2.1055245011490005 3.30078125 7.857923907582415
v -1.3129547782320117e-7 2.73046875 8.135121484175514
v -1.3129547782320117e-7 3.30078125 8.135121484175514
v -2.105524331097361 2.73046875 7.857923994928302
v -2.105524331097361 3.30078125 7.857923994928302
v -4.067560770033029 2.73046875 7.045221799607597
v -4.067560770033029 3.30078125 7.045221799607597
v -5.7523994937793015 2.73046875 5.752399576485053
v -5.7523994937793015 3.30078125 5.752399576485053
v -7.045221930903074 2.73046875 4.067560714142485
v -7.045221930903074 3.30078125 4.067560714142485
v -7.857923907582415 2.73046875 2.1055245011490005
v -7.857923907582415 3.30078125 2.1055245011490005
v -8.135121484175514 2.73046875 -1.3129547782320117e-7
v -8.135121484175514 3.30078125 -1.3129547782320117e-7
v -7.857923994928302 2.73046875 -2.105524331097361
v -7.857923994928302 3.30078125 -2.105524331097361
v -7.045221799607597 2.73046875 -4.067560770033029
v -7.045221799607597 3.30078125 -4.067560770033029
v -5.752399576485053 2.73046875 -5.7523994937793015
v -5.752399576485053 3.30078125 -5.7523994937793015
v -4.067560714142485 2.73046875 -7.045221930903074
v -4.067560714142485 3.30078125 -7.045221930903074
v -2.1055245011490005 2.73046875 -7.857923907582415
v -2.1055245011490005 3.30078125 -7.857923907582415
v 1.3129547782320117e-7 2.73046875 -8.135121484175514
v 1.3129547782320117e-7 3.30078125 -8.135121484175514
v 2.105524331097361 2.73046875 -7.857923994928302
v 2.105524331097361 3.30078125 -7.857923994928302
v 4.067560770033029 2.73046875 -7.045221799607597
v 4.067560770033029 3.30078125 -7.045221799607597
v 5.7523994937793015 2.73046875 -5.752399576485053
v 5.7523994937793015 3.30078125 -5.752399576485053
v 7.045221930903074 2.73046875 -4.067560714142485
v 7.045221930903074 3.30078125 -4.067560714142485
v 7.857923907582415 2.73046875 -2.1055245011490005
v 7.857923907582415 3.30078125 -2.1055245011490005
v 8.135121484175514 2.73046875 1.3129547782320117e-7
v 8.135121484175514 3.30078125 1.3129547782320117e-7
v 8.010152240374223 3.283203125 2.146313765415321
v 8.010152240374223 2.748046875 2.146313765415321
v 7.181705908390504 2.748046875 4.146359908287157
v 7.181705908390504 3.283203125 4.146359908287157
v 5.863838385920899 2.748046875 5.863838301612923
v 5.863838385920899 3.283203125 5.863838301612923
v 4.1463598513138695 2.748046875 7.181706042229514
v 4.1463598513138695 3.283203125 7.181706042229514
v 2.146313938761299 2.748046875 8.01015215133622
v 2.146313938761299 3.283203125 8.01015215133622
v -1.3383901009689225e-7 2.748046875 8.292719759601026
v -1.3383901009689225e-7 3.283203125 8.292719759601026
v -2.146313765415321 2.748046875 8.010152240374223
v -2.146313765415321 3.283203125 8.010152240374223
v -4.146359908287157 2.748046875 7.181705908390504
v -4.146359908287157 3.283203125 7.181705908390504
v -5.863838301612923 2.748046875 5.863838385920899
v -5.863838301612923 3.283203125 5.863838385920899
v -7.181706042229514 2.748046875 4.1463598513138695
v -7.181706042229514 3.283203125 4.1463598513138695
v -8.01015215133622 2.748046875 2.146313938761299
v -8.01015215133622 3.283203125 2.146313938761299
v -8.292719759601026 2.748046875 -1.3383901009689225e-7
v -8.292719759601026 3.283203125 -1.3383901009689225e-7
v -8.010152240374223 2.748046875 -2.146313765415321
v -8.010152240374223 3.283203125 -2.146313765415321
v -7.181705908390504 2.748046875 -4.146359908287157
v -7.181705908390504 3.283203125 -4.146359908287157
v -5.863838385920899 2.748046875 -5.863838301612923
v -5.863838385920899 3.283203125 -5.863838301612923
v -4.1463598513138695 2.748046875 -7.181706042229514
v -4.1463598513138695 3.283203125 -7.181706042229514
v -2.146313938761299 2.748046875 -8.01015215133622
v -2.146313938761299 3.283203125 -8.01015215133622
v 1.3383901009689225e-7 2.748046875 -8.292719759601026
v 1.3383901009689225e-7 3.283203125 -8.292719759601026
v 2.146313765415321 2.748046875 -8.010152240374223
v 2.146313765415321 3.283203125 -8.010152240374223
v 4.146359908287157 2.748046875 -7.181705908390504
v 4.146359908287157 3.283203125 -7.181705908390504
v 5.863838301612923 2.748046875 -5.863838385920899
v 5.863838301612923 3.283203125 -5.863838385920899
v 7.181706042229514 2.748046875 -4.1463598513138695
v 7.181706042229514 3.283203125 -4.1463598513138695
v 8.01015215133622 2.748046875 -2.146313938761299
v 8.01015215133622 3.283203125 -2.146313938761299
v 8.292719759601026 2.748046875 1.3383901009689225e-7
v 8.292719759601026 3.283203125 1.3383901009689225e-7
v 2.146313765415321 3.0869140625 -8.010152240374223
v 2.146313765415321 2.9443359375 -8.010152240374223
v 4.146359908287157 2.9443359375 -7.181705908390504
v 4.146359908287157 3.0869140625 -7.181705908390504
v 5.863838301612923 2.9443359375 -5.863838385920899
v 5.863838301612923 3.0869140625 -5.863838385920899
v 7.181706042229514 2.9443359375 -4.1463598513138695
v 7.181706042229514 3.0869140625 -4.1463598513138695
v 8.01015215133622 2.9443359375 -2.146313938761299
v 8.01015215133622 3.0869140625 -2.146313938761299
v 8.292719759601026 2.9443359375 1.3383901009689225e-7
v 8.292719759601026 3.0869140625 1.3383901009689225e-7
v 8.010152240374223 2.9443359375 2.146313765415321
v 8.010152240374223 3.0869140625 2.146313765415321
v 7.181705908390504 2.9443359375 4.146359908287157
v 7.181705908390504 3.0869140625 4.146359908287157
v 5.863838385920899 2.9443359375 5.863838301612923
v 5.863838385920899 3.0869140625 5.863838301612923
v 4.1463598513138695 2.9443359375 7.181706042229514
v 4.1463598513138695 3.0869140625 7.181706042229514
v 2.146313938761299 2.9443359375 8.01015215133622
v 2.146313938761299 3.0869140625 8.01015215133622
v -1.3383901009689225e-7 2.9443359375 8.292719759601026
v -1.3383901009689225e-7 3.0869140625 8.292719759601026
v -2.146313765415321 2.9443359375 8.010152240374223
v -2.146313765415321 3.0869140625 8.010152240374223
v -4.146359908287157 2.9443359375 7.181705908390504
v -4.146359908287157 3.0869140625 7.181705908390504
v -5.863838301612923 2.9443359375 5.863838385920899
v -5.863838301612923 3.0869140625 5.863838385920899
v -7.181706042229514 2.9443359375 4.1463598513138695
v -7.181706042229514 3.0869140625 4.1463598513138695
v -8.01015215133622 2.9443359375 2.146313938761299
v -8.01015215133622 3.0869140625 2.146313938761299
v -8.292719759601026 2.9443359375 -1.3383901009689225e-7
v -8.292719759601026 3.0869140625 -1.3383901009689225e-7
v -8.010152240374223 2.9443359375 -2.146313765415321
v -8.010152240374223 3.0869140625 -2.146313765415321
v -7.181705908390504 2.9443359375 -4.146359908287157
v -7.181705908390504 3.0869140625 -4.146359908287157
v -5.863838385920899 2.9443359375 -5.863838301612923
v -5.863838385920899 3.0869140625 -5.863838301612923
v -4.1463598513138695 2.9443359375 -7.181706042229514
v -4.1463598513138695 3.0869140625 -7.181706042229514
v -2.146313938761299 2.9443359375 -8.01015215133622
v -2.146313938761299 3.0869140625 -8.01015215133622
v 1.3383901009689225e-7 2.9443359375 -8.292719759601026
v 1.3383901009689225e-7 3.0869140625 -8.292719759601026
v 2.0975060268727015 3.0869140625 -7.827999280072617
v 2.0975060268727015 2.9443359375 -7.827999280072617
v 4.052070596607396 2.9443359375 -7.018392034251933
v 4.052070596607396 3.0869140625 -7.018392034251933
v 5.730493082403486 2.9443359375 -5.73049316366986
v 5.730493082403486 3.0869140625 -5.73049316366986
v 7.018392165822399 2.9443359375 -4.052070540884929
v 7.018392165822399 3.0869140625 -4.052070540884929
v 7.8279991920782965 2.9443359375 -2.097506198758527
v 7.8279991920782965 3.0869140625 -2.097506198758527
v 8.104141139257688 2.9443359375 1.3222526429323977e-7
v 8.104141139257688 3.0869140625 1.3222526429323977e-7
v 7.827999280072617 2.9443359375 2.0975060268727015
v 7.827999280072617 3.0869140625 2.0975060268727015
v 7.018392034251933 2.9443359375 4.052070596607396
v 7.018392034251933 3.0869140625 4.052070596607396
v 5.73049316366986 2.9443359375 5.730493082403486
v 5.73049316366986 3.0869140625 5.730493082403486
v 4.052070540884929 2.9443359375 7.018392165822399
v 4.052070540884929 3.0869140625 7.018392165822399
v 2.097506198758527 2.9443359375 7.8279991920782965
v 2.097506198758527 3.0869140625 7.8279991920782965
v -1.3222526429323977e-7 2.9443359375 8.104141139257688
v -1.3222526429323977e-7 3.0869140625 8.104141139257688
v -2.0975060268727015 2.9443359375 7.827999280072617
v -2.0975060268727015 3.0869140625 7.827999280072617
v -4.052070596607396 2.9443359375 7.018392034251933
v -4.052070596607396 3.0869140625 7.018392034251933
v -5.730493082403486 2.9443359375 5.73049316366986
v -5.730493082403486 3.0869140625 5.73049316366986
v -7.018392165822399 2.9443359375 4.052070540884929
v -7.018392165822399 3.0869140625 4.052070540884929
v -7.8279991920782965 2.9443359375 2.097506198758527
v -7.8279991920782965 3.0869140625 2.097506198758527
v -8.104141139257688 2.9443359375 -1.3222526429323977e-7
v -8.104141139257688 3.0869140625 -1.3222526429323977e-7
v -7.827999280072617 2.9443359375 -2.0975060268727015
v -7.827999280072617 3.0869140625 -2.0975060268727015
v -7.018392034251933 2.9443359375 -4.052070596607396
v -7.018392034251933 3.0869140625 -4.052070596607396
v -5.73049316366986 2.9443359375 -5.730493082403486
v -5.73049316366986 3.0869140625 -5.730493082403486
v -4.052070540884929 2.9443359375 -7.018392165822399
v -4.052070540884929 3.0869140625 -7.018392165822399
v -2.097506198758527 2.9443359375 -7.8279991920782965
v -2.097506198758527 3.0869140625 -7.8279991920782965
v 1.3222526429323977e-7 2.9443359375 -8.104141139257688
v 1.3222526429323977e-7 3.0869140625 -8.104141139257688
vt 0.890625 0.859375
vt 0.890625 0.859375
vt 0.890625 0.859375
vt 0.890625 0.859375
vt 0.890625 0.859375
vt 0.890625 0.859375
vt 0.890625 0.859375
vt 0.890625 0.859375
vt 0.890625 0.859375
vt 0.890625 0.859375
vt 0.890625 0.859375
vt 0.890625 0.859375
vt 0.890625 0.859375
vt 0.890625 0.859375
vt 0.890625 0.859375
vt 0.890625 0.859375
vt 0.890625 0.859375
vt 0.890625 0.859375
vt 0.890625 0.859375
vt 0.890625 0.859375
vt 0.890625 0.859375
vt 0.890625 0.859375
vt 0.890625 0.859375
vt 0.890625 0.859375
vt 0.890625 0.859375
vt 0.890625 0.859375
vt 0.890625 0.859375
vt 0.890625 0.859375
vt 0.890625 0.859375
vt 0.890625 0.859375
vt 0.890625 0.859375
vt 0.890625 0.859375
vt 0.890625 0.859375
vt 0.890625 0.859375
vt 0.890625 0.859375
vt 0.890625 0.859375
vt 0.890625 0.859375
vt 0.890625 0.859375
vt 0.890625 0.859375
vt 0.890625 0.859375
vt 0.890625 0.859375
vt 0.890625 0.859375
vt 0.890625 0.859375
vt 0.890625 0.859375
vt 0.890625 0.859375
vt 0.890625 0.859375
vt 0.890625 0.859375
vt 0.890625 0.859375
vt 0.890625 0.859375
vt 0.890625 0.859375
vt 0.890625 0.859375
vt 0.890625 0.859375
vt 0.890625 0.859375
vt 0.890625 0.859375
vt 0.890625 0.859375
vt 0.890625 0.859375
vt 0.890625 0.859375
vt 0.890625 0.859375
vt 0.890625 0.859375
vt 0.890625 0.859375
vt 0.890625 0.859375
vt 0.890625 0.859375
vt 0.890625 0.859375
vt 0.890625 0.859375
vt 0.890625 0.859375
vt 0.890625 0.859375
vt 0.890625 0.859375
vt 0.890625 0.859375
vt 0.890625 0.859375
vt 0.890625 0.859375
vt 0.890625 0.859375
vt 0.890625 0.859375
vt 0.890625 0.859375
vt 0.890625 0.875
vt 0.890625 0.859375
vt 0.890625 0.859375
vt 0.890625 0.875
vt 0.875 0.875
vt 0.875 0.859375
vt 0.890625 0.859375
vt 0.875 0.875
vt 0.890625 0.859375
vt 0.890625 0.859375
vt 0.875 0.859375
vt 0.890625 0.859375
vt 0.890625 0.859375
vt 0.890625 0.859375
vt 0.890625 0.859375
vt 0.890625 0.859375
vt 0.890625 0.859375
vt 0.890625 0.859375
vt 0.890625 0.859375
vt 0.890625 0.859375
vt 0.890625 0.859375
vt 0.890625 0.859375
vt 0.890625 0.859375
vt 0.3125 -0.234375
vt 0.3125 -0.234375
vt 0.3125 -0.234375
vt 0.3125 -0.234375
vt 0.90625 0.796875
vt 0.90625 0.796875
vt 0.90625 0.796875
vt 0.90625 0.796875
vt 0.3125 -0.234375
vt 0.3125 -0.234375
vt 0.3125 -0.234375
vt 0.3125 -0.234375
vt 0.90625 0.796875
vt 0.90625 0.796875
vt 0.90625 0.796875
vt 0.90625 0.796875
vt 0.3125 -0.234375
vt 0.3125 -0.234375
vt 0.3125 -0.234375
vt 0.3125 -0.234375
vt 0.90625 0.796875
vt 0.90625 0.796875
vt 0.90625 0.796875
vt 0.90625 0.796875
vt 0.3125 -0.234375
vt 0.3125 -0.234375
vt 0.3125 -0.234375
vt 0.3125 -0.234375
vt 0.90625 0.796875
vt 0.90625 0.796875
vt 0.90625 0.796875
vt 0.90625 0.796875
vt 0.3125 -0.234375
vt 0.3125 -0.234375
vt 0.3125 -0.234375
vt 0.3125 -0.234375
vt 0.90625 0.796875
vt 0.90625 0.796875
vt 0.90625 0.796875
vt 0.90625 0.796875
vt 0.3125 -0.234375
vt 0.3125 -0.234375
vt 0.3125 -0.234375
vt 0.3125 -0.234375
vt 0.90625 0.796875
vt 0.90625 0.796875
vt 0.90625 0.796875
vt 0.90625 0.796875
vt 0.3125 -0.234375
vt 0.3125 -0.234375
vt 0.3125 -0.234375
vt 0.3125 -0.234375
vt 0.90625 0.796875
vt 0.90625 0.796875
vt 0.90625 0.796875
vt 0.90625 0.796875
vt 0.3125 -0.234375
vt 0.3125 -0.234375
vt 0.3125 -0.234375
vt 0.3125 -0.234375
vt 0.90625 0.796875
vt 0.890625 0.796875
vt 0.90625 0.796875
vt 0.90625 0.796875
vt 0.3125 -0.234375
vt 0.3125 -0.234375
vt 0.3125 -0.234375
vt 0.3125 -0.234375
vt 0.90625 0.8125
vt 0.890625 0.8125
vt 0.890625 0.796875
vt 0.90625 0.796875
vt 0.3125 -0.234375
vt 0.3125 -0.234375
vt 0.3125 -0.234375
vt 0.3125 -0.234375
vt 0.90625 0.796875
vt 0.90625 0.796875
vt 0.890625 0.8125
vt 0.90625 0.8125
vt 0.3125 -0.234375
vt 0.3125 -0.234375
vt 0.3125 -0.234375
vt 0.3125 -0.234375
vt 0.90625 0.796875
vt 0.90625 0.796875
vt 0.90625 0.796875
vt 0.90625 0.796875
vt 0.3125 -0.234375
vt 0.3125 -0.234375
vt 0.3125 -0.234375
vt 0.3125 -0.234375
vt 0.90625 0.796875
vt 0.90625 0.796875
vt 0.90625 0.796875
vt 0.90625 0.796875
vt 0.3125 -0.234375
vt 0.3125 -0.234375
vt 0.3125 -0.234375
vt 0.3125 -0.234375
vt 0.90625 0.796875
vt 0.90625 0.796875
vt 0.90625 0.796875
vt 0.90625 0.796875
vt 0.3125 -0.234375
vt 0.3125 -0.234375
vt 0.3125 -0.234375
vt 0.3125 -0.234375
vt 0.90625 0.796875
vt 0.90625 0.796875
vt 0.90625 0.796875
vt 0.90625 0.796875
vt 0.3125 -0.234375
vt 0.3125 -0.234375
vt 0.3125 -0.234375
vt 0.3125 -0.234375
vt 0.90625 0.796875
vt 0.90625 0.796875
vt 0.90625 0.796875
vt 0.90625 0.796875
vt 0.3125 -0.234375
vt 0.3125 -0.234375
vt 0.3125 -0.234375
vt 0.3125 -0.234375
vt 0.90625 0.796875
vt 0.90625 0.796875
vt 0.90625 0.796875
vt 0.90625 0.796875
vt 0.3125 -0.234375
vt 0.3125 -0.234375
vt 0.3125 -0.234375
vt 0.3125 -0.234375
vt 0.90625 0.796875
vt 0.90625 0.796875
vt 0.90625 0.796875
vt 0.90625 0.796875
vt 0.3125 -0.234375
vt 0.3125 -0.234375
vt 0.3125 -0.234375
vt 0.3125 -0.234375
vt 0.90625 0.796875
vt 0.90625 0.796875
vt 0.90625 0.796875
vt 0.90625 0.796875
vt 0.3125 -0.234375
vt 0.3125 -0.234375
vt 0.3125 -0.21875
vt 0.3125 -0.234375
vt 0.90625 0.796875
vt 0.90625 0.796875
vt 0.90625 0.796875
vt 0.90625 0.796875
vt 0.3125 -0.234375
vt 0.3125 -0.234375
vt 0.296875 -0.21875
vt 0.3125 -0.21875
vt 0.90625 0.796875
vt 0.90625 0.796875
vt 0.90625 0.796875
vt 0.90625 0.796875
vt 0.3125 -0.234375
vt 0.3125 -0.234375
vt 0.3125 -0.234375
vt 0.296875 -0.21875
vt 0.90625 0.796875
vt 0.90625 0.796875
vt 0.90625 0.796875
vt 0.90625 0.796875
vt 0.3125 -0.234375
vt 0.3125 -0.234375
vt 0.3125 -0.234375
vt 0.3125 -0.234375
vt 0.90625 0.796875
vt 0.90625 0.796875
vt 0.90625 0.796875
vt 0.90625 0.796875
vt 0.3125 -0.234375
vt 0.3125 -0.234375
vt 0.3125 -0.234375
vt 0.3125 -0.234375
vt 0.90625 0.796875
vt 0.90625 0.796875
vt 0.90625 0.796875
vt 0.90625 0.796875
vt 0.3125 -0.234375
vt 0.3125 -0.234375
vt 0.3125 -0.234375
vt 0.3125 -0.234375
vt 0.90625 0.796875
vt 0.90625 0.796875
vt 0.90625 0.796875
vt 0.90625 0.796875
vt 0.65625 0.8125
vt 0.65625 0.8125
vt 0.65625 0.8125
vt 0.65625 0.8125
vt 0.65625 0.8125
vt 0.65625 0.8125
vt 0.65625 0.8125
vt 0.65625 0.8125
vt 0.65625 0.8125
vt 0.65625 0.8125
vt 0.65625 0.8125
vt 0.65625 0.8125
vt 0.65625 0.8125
vt 0.65625 0.8125
vt 0.65625 0.8125
vt 0.65625 0.8125
vt 0.65625 0.8125
vt 0.65625 0.8125
vt 0.65625 0.8125
vt 0.65625 0.8125
vt 0.65625 0.8125
vt 0.65625 0.8125
vt 0.65625 0.8125
vt 0.65625 0.8125
vt 0.65625 0.8125
vt 0.65625 0.8125
vt 0.65625 0.8125
vt 0.65625 0.8125
vt 0.65625 0.8125
vt 0.65625 0.8125
vt 0.65625 0.8125
vt 0.65625 0.8125
vt 0.65625 0.8125
vt 0.65625 0.8125
vt 0.65625 0.8125
vt 0.65625 0.828125
vt 0.65625 0.828125
vt 0.65625 0.8125
vt 0.65625 0.8125
vt 0.640625 0.828125
vt 0.640625 0.828125
vt 0.65625 0.8125
vt 0.65625 0.8125
vt 0.65625 0.8125
vt 0.65625 0.8125
vt 0.65625 0.8125
vt 0.65625 0.8125
vt 0.65625 0.8125
vt 0.65625 0.8125
vt 0.65625 0.8125
vt 0.65625 0.8125
vt 0.65625 0.8125
vt 0.65625 0.8125
vt 0.65625 0.8125
vt 0.65625 0.8125
vt 0.65625 0.8125
vt 0.65625 0.8125
vt 0.65625 0.8125
vt 0.65625 0.8125
vt 0.65625 0.8125
vt 0.65625 0.8125
vt 0.65625 0.8125
vt 0.65625 0.8125
vt 0.65625 0.8125
vt 0.65625 0.8125
vt 0.65625 0.8125
vt 0.65625 0.8125
vt 0.65625 0.8125
vt 0.65625 0.8125
vt 0.65625 0.8125
vt 0.65625 0.8125
vt 0.65625 0.8125
vt 0.65625 0.8125
vt 0.65625 0.8125
vt 0.65625 0.8125
vt 0.65625 0.8125
vt 0.65625 0.8125
vt 0.65625 0.8125
vt 0.65625 0.8125
vt 0.65625 0.8125
vt 0.65625 0.8125
vt 0.65625 0.8125
vt 0.65625 0.8125
vt 0.65625 0.8125
vt 0.65625 0.8125
vt 0.65625 0.8125
vt 0.65625 0.8125
vt 0.65625 0.8125
vt 0.65625 0.8125
vt 0.65625 0.8125
vt 0.65625 0.8125
vt 0.65625 0.8125
vt 0.65625 0.8125
vt 0.65625 0.8125
vt 0.65625 0.8125
vt 0.65625 0.8125
vt 0.34375 0.890625
vt 0.34375 0.890625
vt 0.34375 0.890625
vt 0.34375 0.890625
vt 0.078125 0.8125
vt 0.078125 0.8125
vt 0.078125 0.8125
vt 0.078125 0.8125
vt 0.078125 0.8125
vt 0.078125 0.8125
vt 0.078125 0.8125
vt 0.078125 0.8125
vt 0.34375 0.890625
vt 0.34375 0.890625
vt 0.34375 0.890625
vt 0.34375 0.890625
vt 0.34375 0.890625
vt 0.34375 0.890625
vt 0.34375 0.890625
vt 0.34375 0.890625
vt 0.078125 0.8125
vt 0.078125 0.8125
vt 0.078125 0.8125
vt 0.078125 0.8125
vt 0.078125 0.8125
vt 0.078125 0.8125
vt 0.078125 0.8125
vt 0.078125 0.8125
vt 0.34375 0.890625
vt 0.34375 0.890625
vt 0.34375 0.890625
vt 0.34375 0.890625
vt 0.34375 0.890625
vt 0.34375 0.890625
vt 0.34375 0.890625
vt 0.34375 0.890625
vt 0.078125 0.8125
vt 0.078125 0.8125
vt 0.078125 0.8125
vt 0.078125 0.8125
vt 0.078125 0.8125
vt 0.078125 0.8125
vt 0.078125 0.8125
vt 0.078125 0.8125
vt 0.34375 0.890625
vt 0.34375 0.890625
vt 0.34375 0.890625
vt 0.34375 0.890625
vt 0.34375 0.890625
vt 0.34375 0.890625
vt 0.34375 0.890625
vt 0.34375 0.890625
vt 0.078125 0.8125
vt 0.078125 0.8125
vt 0.078125 0.8125
vt 0.078125 0.8125
vt 0.078125 0.8125
vt 0.078125 0.8125
vt 0.078125 0.8125
vt 0.078125 0.8125
vt 0.34375 0.890625
vt 0.34375 0.890625
vt 0.34375 0.890625
vt 0.34375 0.890625
vt 0.34375 0.890625
vt 0.34375 0.890625
vt 0.34375 0.890625
vt 0.34375 0.890625
vt 0.078125 0.8125
vt 0.078125 0.8125
vt 0.078125 0.8125
vt 0.078125 0.8125
vt 0.078125 0.8125
vt 0.078125 0.8125
vt 0.078125 0.8125
vt 0.078125 0.8125
vt 0.34375 0.890625
vt 0.34375 0.890625
vt 0.34375 0.890625
vt 0.34375 0.890625
vt 0.34375 0.890625
vt 0.34375 0.890625
vt 0.34375 0.890625
vt 0.34375 0.890625
vt 0.078125 0.8125
vt 0.078125 0.8125
vt 0.078125 0.8125
vt 0.078125 0.8125
vt 0.078125 0.8125
vt 0.078125 0.8125
vt 0.078125 0.8125
vt 0.078125 0.8125
vt 0.34375 0.890625
vt 0.34375 0.890625
vt 0.34375 0.890625
vt 0.34375 0.890625
vt 0.90625 0.796875
vt 0.890625 0.796875
vt 0.90625 0.796875
vt 0.90625 0.796875
vt 0.90625 0.796875
vt 0.90625 0.796875
vt 0.90625 0.796875
vt 0.90625 0.796875
vt 0.90625 0.796875
vt 0.90625 0.796875
vt 0.90625 0.796875
vt 0.90625 0.796875
vt 0.90625 0.796875
vt 0.90625 0.796875
vt 0.90625 0.796875
vt 0.90625 0.796875
vt 0.90625 0.796875
vt 0.90625 0.796875
vt 0.90625 0.796875
vt 0.90625 0.796875
vt 0.90625 0.796875
vt 0.90625 0.796875
vt 0.90625 0.796875
vt 0.90625 0.796875
vt 0.90625 0.796875
vt 0.90625 0.796875
vt 0.90625 0.796875
vt 0.90625 0.796875
vt 0.90625 0.796875
vt 0.90625 0.796875
vt 0.90625 0.796875
vt 0.90625 0.796875
vt 0.90625 0.796875
vt 0.90625 0.796875
vt 0.90625 0.796875
vt 0.90625 0.796875
vt 0.90625 0.796875
vt 0.90625 0.796875
vt 0.90625 0.796875
vt 0.90625 0.796875
vt 0.90625 0.796875
vt 0.90625 0.796875
vt 0.90625 0.796875
vt 0.90625 0.796875
vt 0.90625 0.796875
vt 0.90625 0.796875
vt 0.90625 0.796875
vt 0.90625 0.796875
vt 0.90625 0.796875
vt 0.90625 0.796875
vt 0.90625 0.796875
vt 0.90625 0.796875
vt 0.90625 0.796875
vt 0.90625 0.796875
vt 0.90625 0.796875
vt 0.90625 0.796875
vt 0.90625 0.796875
vt 0.90625 0.796875
vt 0.90625 0.796875
vt 0.90625 0.796875
vt 0.90625 0.796875
vt 0.90625 0.796875
vt 0.90625 0.796875
vt 0.90625 0.796875
vt 0.90625 0.796875
vt 0.90625 0.796875
vt 0.90625 0.796875
vt 0.90625 0.796875
vt 0.90625 0.796875
vt 0.90625 0.796875
vt 0.90625 0.796875
vt 0.90625 0.796875
vt 0.90625 0.796875
vt 0.90625 0.796875
vt 0.90625 0.796875
vt 0.90625 0.796875
vt 0.90625 0.796875
vt 0.90625 0.796875
vt 0.90625 0.796875
vt 0.90625 0.796875
vt 0.90625 0.796875
vt 0.90625 0.796875
vt 0.90625 0.796875
vt 0.90625 0.796875
vt 0.90625 0.796875
vt 0.90625 0.796875
vt 0.90625 0.796875
vt 0.90625 0.796875
vt 0.90625 0.796875
vt 0.90625 0.796875
vt 0.90625 0.796875
vt 0.90625 0.796875
vt 0.90625 0.796875
vt 0.90625 0.796875
vt 0.90625 0.796875
vt 0.90625 0.796875
vt 0.90625 0.796875
vt 0.90625 0.796875
vt 0.90625 0.796875
vt 0.90625 0.796875
vt 0.90625 0.796875
vt 0.90625 0.796875
vt 0.90625 0.796875
vt 0.90625 0.796875
vt 0.90625 0.796875
vt 0.90625 0.796875
vt 0.90625 0.796875
vt 0.90625 0.796875
vt 0.90625 0.796875
vt 0.90625 0.796875
vt 0.90625 0.796875
vt 0.90625 0.796875
vt 0.90625 0.796875
vt 0.90625 0.796875
vt 0.90625 0.796875
vt 0.90625 0.796875
vt 0.90625 0.796875
vt 0.90625 0.796875
vt 0.90625 0.796875
vt 0.90625 0.796875
vt 0.90625 0.796875
vt 0.90625 0.796875
vt 0.90625 0.796875
vt 0.90625 0.796875
vt 0.90625 0.796875
vt 0.90625 0.796875
vt 0.90625 0.796875
vt 0.90625 0.796875
vt 0.90625 0.796875
vt 0.90625 0.796875
vt 0.90625 0.796875
vt 0.90625 0.796875
vt 0.90625 0.796875
vt 0.90625 0.796875
vt 0.90625 0.796875
vt 0.90625 0.796875
vt 0.90625 0.796875
vt 0.90625 0.796875
vt 0.90625 0.796875
vt 0.90625 0.796875
vt 0.90625 0.796875
vt 0.90625 0.796875
vt 0.90625 0.796875
vt 0.90625 0.796875
vt 0.90625 0.796875
vt 0.90625 0.796875
vt 0.90625 0.796875
vt 0.90625 0.796875
vt 0.90625 0.796875
vt 0.90625 0.796875
vt 0.90625 0.796875
vt 0.90625 0.796875
vt 0.90625 0.796875
vt 0.90625 0.796875
vt 0.90625 0.796875
vt 0.90625 0.796875
vt 0.90625 0.796875
vt 0.90625 0.796875
vt 0.90625 0.796875
vt 0.90625 0.796875
vt 0.90625 0.796875
vt 0.90625 0.796875
vt 0.90625 0.796875
vt 0.90625 0.796875
vt 0.90625 0.796875
vt 0.90625 0.796875
vt 0.90625 0.796875
vt 0.90625 0.796875
vt 0.90625 0.796875
vt 0.90625 0.796875
vt 0.90625 0.796875
vt 0.90625 0.796875
vt 0.90625 0.796875
vt 0.90625 0.796875
vt 0.90625 0.796875
vt 0.90625 0.796875
vt 0.890625 0.8125
vt 0.90625 0.796875
vt 0.90625 0.796875
vt 0.90625 0.796875
vt 0.90625 0.796875
vt 0.90625 0.8125
vt 0.90625 0.796875
vt 0.90625 0.796875
vt 0.890625 0.796875
vt 0.890625 0.8125
vt 0.90625 0.796875
vt 0.90625 0.796875
vt 0.90625 0.8125
vt 0.90625 0.796875
vt 0.90625 0.796875
vt 0.90625 0.796875
vt 0.890625 0.859375
vt 0.890625 0.859375
vt 0.890625 0.859375
vt 0.890625 0.859375
vt 0.90625 0.78125
vt 0.90625 0.78125
vt 0.90625 0.78125
vt 0.90625 0.78125
vt 0.890625 0.859375
vt 0.890625 0.859375
vt 0.890625 0.859375
vt 0.890625 0.859375
vt 0.90625 0.78125
vt 0.90625 0.78125
vt 0.90625 0.78125
vt 0.90625 0.78125
vt 0.890625 0.859375
vt 0.890625 0.859375
vt 0.890625 0.859375
vt 0.890625 0.859375
vt 0.90625 0.78125
vt 0.90625 0.78125
vt 0.90625 0.78125
vt 0.90625 0.78125
vt 0.890625 0.859375
vt 0.890625 0.859375
vt 0.890625 0.859375
vt 0.890625 0.859375
vt 0.90625 0.78125
vt 0.90625 0.78125
vt 0.90625 0.78125
vt 0.90625 0.78125
vt 0.890625 0.859375
vt 0.890625 0.859375
vt 0.890625 0.859375
vt 0.890625 0.859375
vt 0.90625 0.78125
vt 0.90625 0.78125
vt 0.90625 0.78125
vt 0.90625 0.78125
vt 0.890625 0.859375
vt 0.890625 0.859375
vt 0.890625 0.859375
vt 0.890625 0.859375
vt 0.90625 0.78125
vt 0.90625 0.78125
vt 0.90625 0.78125
vt 0.90625 0.78125
vt 0.890625 0.859375
vt 0.890625 0.859375
vt 0.890625 0.859375
vt 0.890625 0.859375
vt 0.90625 0.78125
vt 0.90625 0.78125
vt 0.90625 0.78125
vt 0.90625 0.78125
vt 0.890625 0.859375
vt 0.890625 0.859375
vt 0.890625 0.859375
vt 0.890625 0.859375
vt 0.90625 0.78125
vt 0.90625 0.78125
vt 0.90625 0.78125
vt 0.90625 0.78125
vt 0.890625 0.859375
vt 0.890625 0.859375
vt 0.890625 0.859375
vt 0.890625 0.859375
vt 0.90625 0.78125
vt 0.90625 0.78125
vt 0.90625 0.78125
vt 0.90625 0.78125
vt 0.890625 0.859375
vt 0.890625 0.859375
vt 0.890625 0.859375
vt 0.890625 0.859375
vt 0.90625 0.78125
vt 0.90625 0.78125
vt 0.90625 0.78125
vt 0.90625 0.78125
vt 0.890625 0.859375
vt 0.890625 0.859375
vt 0.890625 0.859375
vt 0.890625 0.859375
vt 0.90625 0.78125
vt 0.90625 0.78125
vt 0.90625 0.78125
vt 0.90625 0.78125
vt 0.890625 0.859375
vt 0.890625 0.859375
vt 0.890625 0.859375
vt 0.890625 0.859375
vt 0.90625 0.78125
vt 0.90625 0.78125
vt 0.90625 0.78125
vt 0.90625 0.78125
vt 0.890625 0.859375
vt 0.890625 0.859375
vt 0.890625 0.859375
vt 0.890625 0.859375
vt 0.90625 0.78125
vt 0.90625 0.78125
vt 0.90625 0.78125
vt 0.90625 0.78125
vt 0.890625 0.859375
vt 0.890625 0.859375
vt 0.890625 0.859375
vt 0.890625 0.859375
vt 0.90625 0.78125
vt 0.90625 0.78125
vt 0.90625 0.78125
vt 0.90625 0.78125
vt 0.890625 0.859375
vt 0.890625 0.859375
vt 0.890625 0.859375
vt 0.890625 0.859375
vt 0.90625 0.78125
vt 0.90625 0.78125
vt 0.90625 0.78125
vt 0.90625 0.78125
vt 0.890625 0.859375
vt 0.890625 0.859375
vt 0.890625 0.859375
vt 0.890625 0.859375
vt 0.90625 0.78125
vt 0.90625 0.78125
vt 0.90625 0.78125
vt 0.90625 0.78125
vt 0.890625 0.859375
vt 0.890625 0.859375
vt 0.890625 0.859375
vt 0.890625 0.859375
vt 0.90625 0.78125
vt 0.90625 0.78125
vt 0.90625 0.78125
vt 0.90625 0.78125
vt 0.890625 0.859375
vt 0.890625 0.859375
vt 0.890625 0.859375
vt 0.890625 0.859375
vt 0.90625 0.78125
vt 0.90625 0.78125
vt 0.90625 0.78125
vt 0.90625 0.78125
vt 0.890625 0.859375
vt 0.890625 0.859375
vt 0.890625 0.859375
vt 0.890625 0.859375
vt 0.90625 0.78125
vt 0.90625 0.78125
vt 0.90625 0.78125
vt 0.90625 0.78125
vt 0.890625 0.859375
vt 0.890625 0.859375
vt 0.890625 0.859375
vt 0.890625 0.859375
vt 0.90625 0.78125
vt 0.90625 0.78125
vt 0.90625 0.78125
vt 0.90625 0.78125
vt 0.890625 0.859375
vt 0.890625 0.859375
vt 0.890625 0.859375
vt 0.890625 0.859375
vt 0.90625 0.78125
vt 0.90625 0.78125
vt 0.90625 0.78125
vt 0.90625 0.78125
vt 0.890625 0.859375
vt 0.890625 0.859375
vt 0.890625 0.859375
vt 0.890625 0.859375
vt 0.90625 0.78125
vt 0.90625 0.78125
vt 0.90625 0.78125
vt 0.90625 0.78125
vt 0.890625 0.859375
vt 0.890625 0.859375
vt 0.890625 0.859375
vt 0.890625 0.859375
vt 0.90625 0.78125
vt 0.90625 0.78125
vt 0.90625 0.78125
vt 0.90625 0.78125
vt 0.890625 0.859375
vt 0.890625 0.859375
vt 0.890625 0.859375
vt 0.890625 0.859375
vt 0.90625 0.78125
vt 0.90625 0.78125
vt 0.90625 0.78125
vt 0.90625 0.78125
vt 0.65625 0.8125
vt 0.65625 0.8125
vt 0.65625 0.8125
vt 0.65625 0.8125
vt 0.65625 0.8125
vt 0.65625 0.8125
vt 0.65625 0.8125
vt 0.65625 0.8125
vt 0.65625 0.8125
vt 0.65625 0.8125
vt 0.65625 0.8125
vt 0.65625 0.8125
vt 0.65625 0.8125
vt 0.65625 0.8125
vt 0.65625 0.8125
vt 0.65625 0.8125
vt 0.65625 0.8125
vt 0.65625 0.8125
vt 0.65625 0.8125
vt 0.65625 0.8125
vt 0.65625 0.8125
vt 0.65625 0.8125
vt 0.65625 0.8125
vt 0.65625 0.8125
vt 0.65625 0.8125
vt 0.65625 0.8125
vt 0.65625 0.8125
vt 0.65625 0.8125
vt 0.65625 0.8125
vt 0.65625 0.8125
vt 0.65625 0.8125
vt 0.65625 0.8125
vt 0.65625 0.8125
vt 0.65625 0.8125
vt 0.65625 0.8125
vt 0.65625 0.8125
vt 0.65625 0.8125
vt 0.65625 0.8125
vt 0.65625 0.8125
vt 0.65625 0.8125
vt 0.65625 0.8125
vt 0.65625 0.8125
vt 0.65625 0.8125
vt 0.65625 0.8125
vt 0.65625 0.8125
vt 0.65625 0.8125
vt 0.65625 0.8125
vt 0.65625 0.8125
vt 0.65625 0.8125
vt 0.65625 0.8125
vt 0.65625 0.8125
vt 0.65625 0.8125
vt 0.65625 0.8125
vt 0.65625 0.8125
vt 0.65625 0.8125
vt 0.65625 0.8125
vt 0.65625 0.8125
vt 0.65625 0.8125
vt 0.65625 0.8125
vt 0.65625 0.8125
vt 0.65625 0.8125
vt 0.65625 0.8125
vt 0.65625 0.8125
vt 0.65625 0.8125
vt 0.65625 0.8125
vt 0.65625 0.8125
vt 0.65625 0.8125
vt 0.65625 0.8125
vt 0.65625 0.8125
vt 0.65625 0.8125
vt 0.65625 0.8125
vt 0.65625 0.8125
vt 0.65625 0.8125
vt 0.65625 0.8125
vt 0.65625 0.8125
vt 0.65625 0.8125
vt 0.65625 0.8125
vt 0.65625 0.8125
vt 0.65625 0.8125
vt 0.65625 0.8125
vt 0.65625 0.8125
vt 0.65625 0.8125
vt 0.65625 0.8125
vt 0.65625 0.8125
vt 0.65625 0.8125
vt 0.65625 0.8125
vt 0.65625 0.8125
vt 0.65625 0.8125
vt 0.65625 0.8125
vt 0.65625 0.8125
vt 0.65625 0.8125
vt 0.65625 0.8125
vt 0.65625 0.8125
vt 0.65625 0.8125
vt 0.65625 0.8125
vt 0.65625 0.8125
vt 0.65625 0.8125
vt 0.65625 0.8125
vt 0.65625 0.8125
vt 0.65625 0.8125
vt 0.65625 0.8125
vt 0.65625 0.8125
vt 0.65625 0.8125
vt 0.65625 0.8125
vt 0.65625 0.8125
vt 0.65625 0.8125
vt 0.65625 0.8125
vt 0.65625 0.8125
vt 0.65625 0.8125
vt 0.65625 0.8125
vt 0.65625 0.8125
vt 0.65625 0.8125
vt 0.65625 0.8125
vt 0.65625 0.8125
vt 0.65625 0.8125
vt 0.65625 0.8125
vt 0.65625 0.8125
vt 0.65625 0.8125
vt 0.65625 0.8125
vt 0.65625 0.8125
vt 0.65625 0.8125
vt 0.65625 0.8125
vt 0.65625 0.8125
vt 0.65625 0.8125
vt 0.65625 0.8125
vt 0.65625 0.8125
vt 0.65625 0.8125
vt 0.65625 0.8125
vt 0.65625 0.8125
vt 0.65625 0.8125
vt 0.65625 0.8125
vt 0.65625 0.8125
vt 0.65625 0.8125
vt 0.65625 0.8125
vt 0.65625 0.8125
vt 0.65625 0.8125
vt 0.65625 0.8125
vt 0.65625 0.8125
vt 0.65625 0.8125
vt 0.65625 0.8125
vt 0.65625 0.8125
vt 0.65625 0.8125
vt 0.65625 0.8125
vt 0.65625 0.8125
vt 0.65625 0.8125
vt 0.65625 0.8125
vt 0.65625 0.8125
vt 0.65625 0.8125
vt 0.65625 0.8125
vt 0.65625 0.8125
vt 0.65625 0.8125
vt 0.65625 0.8125
vt 0.65625 0.8125
vt 0.65625 0.8125
vt 0.65625 0.8125
vt 0.65625 0.8125
vt 0.65625 0.8125
vt 0.65625 0.8125
vt 0.65625 0.8125
vt 0.65625 0.8125
vt 0.65625 0.8125
vt 0.65625 0.8125
vt 0.65625 0.8125
vt 0.65625 0.8125
vt 0.65625 0.8125
vt 0.65625 0.8125
vt 0.65625 0.8125
vt 0.65625 0.8125
vt 0.65625 0.8125
vt 0.65625 0.8125
vt 0.65625 0.8125
vt 0.65625 0.8125
vt 0.65625 0.8125
vt 0.65625 0.8125
vt 0.65625 0.8125
vt 0.65625 0.8125
vt 0.65625 0.8125
vt 0.65625 0.8125
vt 0.65625 0.8125
vt 0.65625 0.8125
vt 0.65625 0.8125
vt 0.65625 0.8125
vt 0.65625 0.8125
vt 0.65625 0.8125
vt 0.65625 0.8125
vt 0.65625 0.8125
vt 0.65625 0.8125
vt 0.65625 0.8125
vt 0.65625 0.8125
vt 0.65625 0.8125
vt 0.65625 0.8125
vt 0.65625 0.8125
vt 0.65625 0.8125
vt 0.65625 0.8125
vt 0.65625 0.8125
vt 0.65625 0.8125
vt 0.65625 0.8125
vt 0.65625 0.8125
vt 0.65625 0.8125
vt 0.65625 0.8125
vt 0.65625 0.8125
vt 0.65625 0.8125
vt 0.65625 0.8125
vt 0.65625 0.8125
vt 0.65625 0.8125
vt 0.65625 0.8125
vt 0.65625 0.8125
vt 0.65625 0.8125
vt 0.65625 0.8125
vt 0.65625 0.8125
vt 0.65625 0.8125
vt 0.65625 0.8125
vt 0.65625 0.8125
vt 0.65625 0.8125
vt 0.65625 0.8125
vt 0.65625 0.8125
vt 0.65625 0.8125
vt 0.65625 0.8125
vt 0.65625 0.8125
vt 0.65625 0.8125
vt 0.65625 0.8125
vt 0.65625 0.8125
vt 0.65625 0.8125
vt 0.65625 0.8125
vt 0.65625 0.8125
vt 0.65625 0.8125
vt 0.65625 0.8125
vt 0.65625 0.8125
vt 0.65625 0.8125
vt 0.65625 0.8125
vt 0.65625 0.8125
vt 0.65625 0.8125
vt 0.65625 0.8125
vt 0.65625 0.8125
vt 0.65625 0.8125
vt 0.65625 0.8125
vt 0.65625 0.8125
vt 0.65625 0.8125
vt 0.65625 0.8125
vt 0.65625 0.8125
vt 0.65625 0.8125
vt 0.65625 0.8125
vt 0.65625 0.8125
vt 0.65625 0.8125
vt 0.65625 0.8125
vt 0.65625 0.8125
vt 0.65625 0.8125
vt 0.65625 0.8125
vt 0.65625 0.8125
vt 0.65625 0.8125
vt 0.65625 0.8125
vt 0.65625 0.8125
vt 0.65625 0.8125
vt 0.65625 0.8125
vt 0.65625 0.8125
vt 0.65625 0.8125
vt 0.65625 0.8125
vt 0.65625 0.8125
vt 0.65625 0.8125
vt 0.65625 0.8125
vt 0.65625 0.8125
vt 0.65625 0.8125
vt 0.65625 0.8125
vt 0.65625 0.8125
vt 0.65625 0.8125
vt 0.65625 0.8125
vt 0.65625 0.8125
vt 0.65625 0.8125
vt 0.65625 0.8125
vt 0.65625 0.8125
vt 0.65625 0.8125
vt 0.65625 0.8125
vt 0.65625 0.8125
vt 0.65625 0.8125
vt 0.65625 0.8125
vt 0.65625 0.8125
vt 0.65625 0.8125
vt 0.65625 0.8125
vt 0.65625 0.8125
vt 0.65625 0.8125
vt 0.65625 0.8125
vt 0.65625 0.8125
vt 0.65625 0.8125
vt 0.65625 0.8125
vt 0.65625 0.8125
vt 0.65625 0.8125
vt 0.65625 0.8125
vt 0.65625 0.8125
vt 0.65625 0.8125
vt 0.65625 0.8125
vt 0.65625 0.8125
vt 0.65625 0.8125
vt 0.65625 0.8125
vt 0.65625 0.8125
vt 0.65625 0.8125
vt 0.65625 0.8125
vt 0.65625 0.8125
vt 0.65625 0.8125
vt 0.65625 0.8125
vt 0.65625 0.8125
vt 0.65625 0.8125
vt 0.65625 0.8125
vt 0.65625 0.8125
vt 0.65625 0.8125
vt 0.65625 0.8125
vt 0.65625 0.8125
vt 0.65625 0.8125
vt 0.65625 0.8125
vt 0.65625 0.8125
vt 0.65625 0.8125
vt 0.65625 0.8125
vt 0.65625 0.8125
vt 0.65625 0.8125
vt 0.65625 0.8125
vt 0.65625 0.8125
vt 0.65625 0.8125
vt 0.65625 0.8125
vt 0.65625 0.8125
vt 0.65625 0.8125
vt 0.65625 0.8125
vt 0.65625 0.8125
vt 0.65625 0.8125
vt 0.65625 0.8125
vt 0.65625 0.8125
vt 0.65625 0.8125
vt 0.65625 0.8125
vt 0.65625 0.8125
vt 0.65625 0.8125
vt 0.65625 0.8125
vt 0.65625 0.8125
vt 0.65625 0.8125
vt 0.65625 0.8125
vt 0.65625 0.8125
vt 0.65625 0.8125
vt 0.65625 0.8125
vt 0.65625 0.8125
vt 0.65625 0.8125
vt 0.65625 0.8125
vt 0.65625 0.8125
vt 0.65625 0.8125
vt 0.65625 0.8125
vt 0.65625 0.8125
vt 0.65625 0.8125
vt 0.65625 0.8125
vt 0.65625 0.8125
vt 0.65625 0.8125
vt 0.65625 0.8125
vt 0.65625 0.8125
vt 0.65625 0.8125
vt 0.65625 0.8125
vt 0.65625 0.8125
vt 0.65625 0.8125
vt 0.65625 0.8125
vt 0.65625 0.8125
vt 0.65625 0.8125
vt 0.65625 0.8125
vt 0.65625 0.8125
vt 0.65625 0.8125
vt 0.65625 0.8125
vt 0.65625 0.8125
vt 0.65625 0.8125
vt 0.65625 0.8125
vt 0.65625 0.8125
vt 0.65625 0.8125
vt 0.65625 0.8125
vt 0.65625 0.8125
vt 0.65625 0.8125
vt 0.65625 0.8125
vt 0.65625 0.8125
vt 0.65625 0.8125
vt 0.65625 0.8125
vt 0.65625 0.8125
vt 0.65625 0.8125
vt 0.65625 0.8125
vt 0.65625 0.8125
vt 0.65625 0.8125
vt 0.65625 0.8125
vt 0.65625 0.8125
vt 0.65625 0.8125
vt 0.65625 0.8125
vt 0.65625 0.8125
vt 0.65625 0.8125
vt 0.65625 0.8125
vt 0.65625 0.8125
vt 0.21875 0.34375
vt 0.21875 0.34375
vt 0.21875 0.34375
vt 0.21875 0.34375
vt 0.21875 0.34375
vt 0.21875 0.34375
vt 0.21875 0.34375
vt 0.21875 0.34375
vt 0.21875 0.34375
vt 0.21875 0.34375
vt 0.21875 0.34375
vt 0.21875 0.34375
vt 0.21875 0.34375
vt 0.21875 0.34375
vt 0.21875 0.34375
vt 0.21875 0.34375
vt 0.21875 0.34375
vt 0.21875 0.34375
vt 0.21875 0.34375
vt 0.21875 0.34375
vt 0.21875 0.34375
vt 0.21875 0.34375
vt 0.21875 0.34375
vt 0.21875 0.34375
vt 0.21875 0.34375
vt 0.21875 0.34375
vt 0.21875 0.34375
vt 0.21875 0.34375
vt 0.21875 0.34375
vt 0.21875 0.34375
vt 0.21875 0.34375
vt 0.21875 0.34375
vt 0.21875 0.34375
vt 0.21875 0.34375
vt 0.21875 0.34375
vt 0.21875 0.34375
vt 0.21875 0.34375
vt 0.21875 0.34375
vt 0.21875 0.34375
vt 0.21875 0.34375
vt 0.21875 0.34375
vt 0.21875 0.34375
vt 0.21875 0.34375
vt 0.21875 0.34375
vt 0.21875 0.34375
vt 0.21875 0.34375
vt 0.21875 0.34375
vt 0.21875 0.34375
vt 0.21875 0.34375
vt 0.21875 0.34375
vt 0.21875 0.34375
vt 0.21875 0.34375
vt 0.21875 0.34375
vt 0.21875 0.34375
vt 0.21875 0.34375
vt 0.21875 0.34375
vt 0.21875 0.34375
vt 0.21875 0.34375
vt 0.21875 0.34375
vt 0.21875 0.34375
vt 0.21875 0.34375
vt 0.21875 0.34375
vt 0.21875 0.34375
vt 0.21875 0.34375
vt 0.21875 0.34375
vt 0.21875 0.34375
vt 0.21875 0.34375
vt 0.21875 0.34375
vt 0.21875 0.34375
vt 0.21875 0.34375
vt 0.21875 0.34375
vt 0.21875 0.34375
vt 0.21875 0.34375
vt 0.21875 0.34375
vt 0.21875 0.34375
vt 0.21875 0.34375
vt 0.21875 0.34375
vt 0.21875 0.34375
vt 0.21875 0.34375
vt 0.21875 0.34375
vt 0.21875 0.34375
vt 0.21875 0.34375
vt 0.21875 0.34375
vt 0.21875 0.34375
vt 0.21875 0.34375
vt 0.21875 0.34375
vt 0.21875 0.34375
vt 0.21875 0.34375
vt 0.21875 0.34375
vt 0.21875 0.34375
vt 0.21875 0.34375
vt 0.21875 0.34375
vt 0.21875 0.34375
vt 0.21875 0.34375
vt 0.21875 0.34375
vt 0.21875 0.34375
vt 0.21875 0.34375
vt 0.21875 0.34375
vt 0.21875 0.34375
vt 0.21875 0.34375
vt 0.21875 0.34375
vt 0.21875 0.34375
vt 0.21875 0.34375
vt 0.21875 0.34375
vt 0.21875 0.34375
vt 0.21875 0.34375
vt 0.21875 0.34375
vt 0.21875 0.34375
vt 0.21875 0.34375
vt 0.21875 0.34375
vt 0.21875 0.34375
vt 0.21875 0.34375
vt 0.21875 0.34375
vt 0.21875 0.34375
vt 0.21875 0.34375
vt 0.21875 0.34375
vt 0.21875 0.34375
vt 0.21875 0.34375
vt 0.21875 0.34375
vt 0.21875 0.34375
vt 0.21875 0.34375
vt 0.21875 0.34375
vt 0.21875 0.34375
vt 0.21875 0.34375
vt 0.21875 0.34375
vt 0.21875 0.34375
vt 0.21875 0.34375
vt 0.21875 0.34375
vt 0.21875 0.34375
vt 0.21875 0.34375
vt 0.21875 0.34375
vt 0.21875 0.34375
vt 0.21875 0.34375
vt 0.21875 0.34375
vt 0.21875 0.34375
vt 0.21875 0.34375
vt 0.21875 0.34375
vt 0.21875 0.34375
vt 0.21875 0.34375
vt 0.21875 0.34375
vt 0.21875 0.34375
vt 0.21875 0.34375
vt 0.21875 0.34375
vt 0.21875 0.34375
vt 0.21875 0.34375
vt 0.21875 0.34375
vt 0.21875 0.34375
vt 0.21875 0.34375
vt 0.21875 0.34375
vt 0.21875 0.359375
vt 0.21875 0.34375
vt 0.21875 0.34375
vt 0.21875 0.34375
vt 0.21875 0.34375
vt 0.21875 0.34375
vt 0.21875 0.34375
vt 0.21875 0.359375
vt 0.203125 0.359375
vt 0.203125 0.34375
vt 0.21875 0.34375
vt 0.21875 0.34375
vt 0.21875 0.34375
vt 0.21875 0.34375
vt 0.21875 0.34375
vt 0.203125 0.359375
vt 0.21875 0.34375
vt 0.21875 0.34375
vt 0.203125 0.34375
vt 0.21875 0.34375
vt 0.21875 0.34375
vt 0.21875 0.34375
vt 0.21875 0.34375
vt 0.21875 0.34375
vt 0.21875 0.34375
vt 0.21875 0.34375
vt 0.21875 0.34375
vt 0.21875 0.34375
vt 0.21875 0.34375
vt 0.21875 0.34375
vt 0.21875 0.34375
vt 0.21875 0.34375
vt 0.21875 0.34375
vt 0.21875 0.34375
vt 0.21875 0.34375
vt 0.21875 0.34375
vt 0.21875 0.34375
vt 0.21875 0.34375
vt 0.21875 0.34375
vt 0.21875 0.34375
vt 0.21875 0.34375
vt 0.21875 0.34375
vt 0.21875 0.34375
vt 0.65625 0.8125
vt 0.65625 0.8125
vt 0.65625 0.8125
vt 0.65625 0.8125
vt 0.65625 0.8125
vt 0.65625 0.8125
vt 0.65625 0.8125
vt 0.65625 0.8125
vt 0.65625 0.8125
vt 0.65625 0.8125
vt 0.65625 0.8125
vt 0.65625 0.8125
vt 0.65625 0.8125
vt 0.65625 0.8125
vt 0.65625 0.8125
vt 0.65625 0.8125
vt 0.65625 0.8125
vt 0.65625 0.8125
vt 0.65625 0.8125
vt 0.65625 0.8125
vt 0.65625 0.8125
vt 0.65625 0.8125
vt 0.65625 0.8125
vt 0.65625 0.8125
vt 0.65625 0.8125
vt 0.65625 0.8125
vt 0.65625 0.8125
vt 0.65625 0.8125
vt 0.65625 0.8125
vt 0.65625 0.8125
vt 0.65625 0.8125
vt 0.65625 0.8125
vt 0.65625 0.8125
vt 0.65625 0.8125
vt 0.65625 0.8125
vt 0.65625 0.8125
vt 0.65625 0.8125
vt 0.65625 0.8125
vt 0.65625 0.8125
vt 0.65625 0.8125
vt 0.65625 0.8125
vt 0.65625 0.8125
vt 0.65625 0.8125
vt 0.65625 0.8125
vt 0.65625 0.8125
vt 0.65625 0.8125
vt 0.65625 0.8125
vt 0.65625 0.8125
vt 0.65625 0.8125
vt 0.65625 0.8125
vt 0.65625 0.8125
vt 0.65625 0.8125
vt 0.65625 0.8125
vt 0.65625 0.8125
vt 0.65625 0.8125
vt 0.65625 0.8125
vt 0.65625 0.8125
vt 0.65625 0.8125
vt 0.65625 0.8125
vt 0.65625 0.8125
vt 0.65625 0.8125
vt 0.65625 0.8125
vt 0.65625 0.8125
vt 0.65625 0.8125
vt 0.65625 0.8125
vt 0.65625 0.8125
vt 0.65625 0.8125
vt 0.65625 0.8125
vt 0.65625 0.8125
vt 0.65625 0.8125
vt 0.65625 0.8125
vt 0.65625 0.8125
vt 0.65625 0.8125
vt 0.65625 0.8125
vt 0.65625 0.8125
vt 0.65625 0.8125
vt 0.65625 0.8125
vt 0.65625 0.8125
vt 0.65625 0.8125
vt 0.65625 0.8125
vt 0.65625 0.8125
vt 0.65625 0.8125
vt 0.65625 0.8125
vt 0.65625 0.8125
vt 0.65625 0.8125
vt 0.65625 0.8125
vt 0.65625 0.8125
vt 0.65625 0.8125
vt 0.65625 0.8125
vt 0.65625 0.8125
vt 0.65625 0.8125
vt 0.65625 0.8125
vt 0.65625 0.8125
vt 0.65625 0.8125
vt 0.65625 0.8125
vt 0.65625 0.8125
vt 0.65625 0.8125
vt 0.65625 0.8125
vt 0.65625 0.8125
vt 0.65625 0.8125
vt 0.65625 0.8125
vt 0.65625 0.8125
vt 0.65625 0.8125
vt 0.65625 0.8125
vt 0.65625 0.8125
vt 0.65625 0.8125
vt 0.65625 0.8125
vt 0.65625 0.8125
vt 0.65625 0.8125
vt 0.65625 0.8125
vt 0.65625 0.8125
vt 0.65625 0.8125
vt 0.65625 0.8125
vt 0.65625 0.8125
vt 0.65625 0.8125
vt 0.65625 0.8125
vt 0.65625 0.8125
vt 0.65625 0.8125
vt 0.65625 0.8125
vt 0.65625 0.8125
vt 0.65625 0.8125
vt 0.65625 0.8125
vt 0.65625 0.8125
vt 0.65625 0.8125
vt 0.65625 0.8125
vt 0.65625 0.8125
vt 0.65625 0.8125
vt 0.65625 0.8125
vt 0.65625 0.8125
vt 0.65625 0.8125
vt 0.65625 0.8125
vt 0.65625 0.8125
vt 0.65625 0.8125
vt 0.65625 0.8125
vt 0.65625 0.8125
vt 0.65625 0.8125
vt 0.65625 0.8125
vt 0.65625 0.8125
vt 0.65625 0.8125
vt 0.65625 0.8125
vt 0.65625 0.8125
vt 0.65625 0.8125
vt 0.65625 0.8125
vt 0.65625 0.8125
vt 0.65625 0.8125
vt 0.65625 0.8125
vt 0.65625 0.8125
vt 0.65625 0.8125
vt 0.65625 0.8125
vt 0.65625 0.828125
vt 0.65625 0.8125
vt 0.65625 0.8125
vt 0.65625 0.8125
vt 0.65625 0.8125
vt 0.65625 0.8125
vt 0.65625 0.8125
vt 0.65625 0.828125
vt 0.640625 0.828125
vt 0.640625 0.8125
vt 0.65625 0.8125
vt 0.65625 0.8125
vt 0.65625 0.8125
vt 0.65625 0.8125
vt 0.65625 0.8125
vt 0.640625 0.828125
vt 0.65625 0.8125
vt 0.65625 0.8125
vt 0.640625 0.8125
vt 0.65625 0.8125
vt 0.65625 0.8125
vt 0.65625 0.8125
vt 0.65625 0.8125
vt 0.65625 0.8125
vt 0.65625 0.8125
vt 0.65625 0.8125
vt 0.65625 0.8125
vt 0.65625 0.8125
vt 0.65625 0.8125
vt 0.65625 0.8125
vt 0.65625 0.8125
vt 0.65625 0.8125
vt 0.65625 0.8125
vt 0.65625 0.8125
vt 0.65625 0.8125
vt 0.65625 0.8125
vt 0.65625 0.8125
vt 0.65625 0.8125
vt 0.65625 0.8125
vt 0.65625 0.8125
vt 0.65625 0.8125
vt 0.65625 0.8125
vt 0.65625 0.8125
vn 0.38268349750879493 0 0.9238795055278779
vn 0.6087614053598938 0 0.7933533584376177
vn 0.7933533402912352 0 0.6087614290087207
vn 0.9238795439185795 0 0.3826834048254478
vn 0.9914448521702706 0 0.13052626212785892
vn 0.9914448613738104 0 -0.13052619222005157
vn 0.9238795055278779 0 -0.38268349750879493
vn 0.7933533584376177 0 -0.6087614053598938
vn 0.6087614290087207 0 -0.7933533402912352
vn 0.3826834048254478 0 -0.9238795439185795
vn 0.13052626212785892 0 -0.9914448521702706
vn -0.13052619222005157 0 -0.9914448613738104
vn -0.38268349750879493 0 -0.9238795055278779
vn -0.6087614053598938 0 -0.7933533584376177
vn -0.7933533402912352 0 -0.6087614290087207
vn -0.9238795439185795 0 -0.3826834048254478
vn -0.9914448521702706 0 -0.13052626212785892
vn -0.9914448613738104 0 0.13052619222005157
vn -0.9238795055278779 0 0.38268349750879493
vn -0.7933533584376177 0 0.6087614053598938
vn -0.6087614290087207 0 0.7933533402912352
vn -0.3826834048254478 0 0.9238795439185795
vn -0.13052626212785892 0 0.9914448521702706
vn 0.13052619222005157 0 0.9914448613738104
vn 0 -1 0
vn 0 1 0
vn 0 -1 0
vn 0 1 0
vn 0 -1 0
vn 0 1 0
vn 0 -1 0
vn 0 1 0
vn 0 -1 0
vn 0 1 0
vn 0 -1 0
vn 0 1 0
vn 0 -1 0
vn 0 1 0
vn 0 -1 0
vn 0 1 0
vn 0 -1 0
vn 0 1 0
vn 0 -1 0
vn 0 1 0
vn 0 -1 0
vn 0 1 0
vn 0 -1 0
vn 0 1 0
vn 0 -1 0
vn 0 1 0
vn 0 -1 0
vn 0 1 0
vn 0 -1 0
vn 0 1 0
vn 0 -1 0
vn 0 1 0
vn 0 -1 0
vn 0 1 0
vn 0 -1 0
vn 0 1 0
vn 0 -1 0
vn 0 1 0
vn 0 -1 0
vn 0 1 0
vn 0 -1 0
vn 0 1 0
vn 0 -1 0
vn 0 1 0
vn 0 -1 0
vn 0 1 0
vn 0 -1 0
vn 0 1 0
vn -0.13052619222005157 0 -0.9914448613738104
vn 0.13052617802596922 0 -0.9914448632424968
vn 0.38268346968581984 0 -0.9238795170525333
vn 0.6087614290087207 0 -0.7933533402912352
vn 0.7933533156999104 0 -0.6087614610567579
vn 0.923879537989998 0 -0.3826834191383106
vn 0.9914448613738104 0 -0.13052619222005157
vn 0.9914448632424968 0 0.13052617802596922
vn 0.9238795170525333 0 0.38268346968581984
vn 0.7933533402912352 0 0.6087614290087207
vn 0.6087614610567579 0 0.7933533156999104
vn 0.3826834191383106 0 0.923879537989998
vn 0.13052619222005157 0 0.9914448613738104
vn -0.13052617802596922 0 0.9914448632424968
vn -0.38268346968581984 0 0.9238795170525333
vn -0.6087614290087207 0 0.7933533402912352
vn -0.7933533156999104 0 0.6087614610567579
vn -0.923879537989998 0 0.3826834191383106
vn -0.9914448613738104 0 0.13052619222005157
vn -0.9914448632424968 0 -0.13052617802596922
vn -0.9238795170525333 0 -0.38268346968581984
vn -0.7933533402912352 0 -0.6087614290087207
vn -0.6087614610567579 0 -0.7933533156999104
vn -0.3826834191383106 0 -0.923879537989998
vn 0 1 0
vn 0 1 0
vn 0 1 0
vn 0 1 0
vn 0 1 0
vn 0 1 0
vn 0 1 0
vn 0 1 0
vn 0 1 0
vn 0 1 0
vn 0 1 0
vn 0 1 0
vn 0 1 0
vn 0 1 0
vn 0 1 0
vn 0 1 0
vn 0 1 0
vn 0 1 0
vn 0 1 0
vn 0 1 0
vn 0 1 0
vn 0 1 0
vn 0 1 0
vn 0 1 0
vn -0.7933533557776334 0 0.608761408826453
vn 0.7933533584376177 0 -0.6087614053598939
vn -0.9238795075503854 0 0.3826834926260311
vn 0.9238795055278781 0 -0.38268349750879493
vn -0.9914448613738104 0 0.13052619222005157
vn 0.9914448613738104 0 -0.13052619222005157
vn -0.9914448528601103 0 -0.13052625688800779
vn 0.9914448521702706 0 0.13052626212785887
vn -0.9238795422464435 0 -0.38268340886234153
vn 0.9238795439185795 0 0.3826834048254478
vn -0.7933533402912353 0 -0.6087614290087207
vn 0.7933533402912352 0 0.6087614290087207
vn -0.608761408826453 0 -0.7933533557776334
vn 0.6087614053598939 0 0.7933533584376177
vn -0.3826834926260311 0 -0.9238795075503854
vn 0.38268349750879493 0 0.9238795055278781
vn -0.13052619222005157 0 -0.9914448613738104
vn 0.13052619222005157 0 0.9914448613738104
vn 0.13052625688800779 0 -0.9914448528601103
vn -0.13052626212785887 0 0.9914448521702706
vn 0.38268340886234153 0 -0.9238795422464435
vn -0.3826834048254478 0 0.9238795439185795
vn 0.6087614290087207 0 -0.7933533402912353
vn -0.6087614290087207 0 0.7933533402912352
vn 0.7933533557776334 0 -0.608761408826453
vn -0.7933533584376177 0 0.6087614053598939
vn 0.9238795075503854 0 -0.3826834926260311
vn -0.9238795055278781 0 0.38268349750879493
vn 0.9914448613738104 0 -0.13052619222005157
vn -0.9914448613738104 0 0.13052619222005157
vn 0.9914448528601103 0 0.13052625688800779
vn -0.9914448521702706 0 -0.13052626212785887
vn 0.9238795422464435 0 0.38268340886234153
vn -0.9238795439185795 0 -0.3826834048254478
vn 0.7933533402912353 0 0.6087614290087207
vn -0.7933533402912352 0 -0.6087614290087207
vn 0.608761408826453 0 0.7933533557776334
vn -0.6087614053598939 0 -0.7933533584376177
vn 0.3826834926260311 0 0.9238795075503854
vn -0.38268349750879493 0 -0.9238795055278781
vn 0.13052619222005157 0 0.9914448613738104
vn -0.13052619222005157 0 -0.9914448613738104
vn -0.13052625688800779 0 0.9914448528601103
vn 0.13052626212785887 0 -0.9914448521702706
vn -0.38268340886234153 0 0.9238795422464435
vn 0.3826834048254478 0 -0.9238795439185795
vn -0.6087614290087207 0 0.7933533402912353
vn 0.6087614290087207 0 -0.7933533402912352
vn -0.9238795171212756 0 -0.38268346951986143
vn -0.9238795171212756 0 -0.38268346951986143
vn -0.7933533402912352 0 -0.6087614290087207
vn -0.7933533402912353 0 -0.6087614290087207
vn -0.6087614609142461 0 -0.7933533158092635
vn -0.6087614609142461 0 -0.7933533158092635
vn -0.3826834192586141 0 -0.9238795379401666
vn -0.3826834192586141 0 -0.9238795379401666
vn -0.13052619222005157 0 -0.9914448613738104
vn -0.13052619222005157 0 -0.9914448613738104
vn 0.1305261781550708 0 -0.9914448632255003
vn 0.1305261781550708 0 -0.9914448632255003
vn 0.38268346951986143 0 -0.9238795171212756
vn 0.38268346951986143 0 -0.9238795171212756
vn 0.6087614290087207 0 -0.7933533402912352
vn 0.6087614290087207 0 -0.7933533402912353
vn 0.7933533158092635 0 -0.6087614609142461
vn 0.7933533158092635 0 -0.6087614609142461
vn 0.9238795379401666 0 -0.3826834192586141
vn 0.9238795379401666 0 -0.3826834192586141
vn 0.9914448613738104 0 -0.13052619222005157
vn 0.9914448613738104 0 -0.13052619222005157
vn 0.9914448632255003 0 0.1305261781550708
vn 0.9914448632255003 0 0.1305261781550708
vn 0.9238795171212756 0 0.38268346951986143
vn 0.9238795171212756 0 0.38268346951986143
vn 0.7933533402912352 0 0.6087614290087207
vn 0.7933533402912353 0 0.6087614290087207
vn 0.6087614609142461 0 0.7933533158092635
vn 0.6087614609142461 0 0.7933533158092635
vn 0.3826834192586141 0 0.9238795379401666
vn 0.3826834192586141 0 0.9238795379401666
vn 0.13052619222005157 0 0.9914448613738104
vn 0.13052619222005157 0 0.9914448613738104
vn -0.1305261781550708 0 0.9914448632255003
vn -0.1305261781550708 0 0.9914448632255003
vn -0.38268346951986143 0 0.9238795171212756
vn -0.38268346951986143 0 0.9238795171212756
vn -0.6087614290087207 0 0.7933533402912352
vn -0.6087614290087207 0 0.7933533402912353
vn -0.7933533158092635 0 0.6087614609142461
vn -0.7933533158092635 0 0.6087614609142461
vn -0.9238795379401666 0 0.3826834192586141
vn -0.9238795379401666 0 0.3826834192586141
vn -0.9914448613738104 0 0.13052619222005157
vn -0.9914448613738104 0 0.13052619222005157
vn -0.9914448632255003 0 -0.1305261781550708
vn -0.9914448632255003 0 -0.1305261781550708
vn -0.846152751626065 -0.401476889726838 -0.3504879854301762
vn -0.8461527516260654 0.40147688972683654 -0.3504879854301764
vn -0.7266078528929115 -0.40147688858126407 -0.5575458152021774
vn -0.7266078528929115 0.40147688858126407 -0.5575458152021774
vn -0.5575458441177628 -0.4014768897268366 -0.7266078300722316
vn -0.5575458441177624 0.401476889726838 -0.7266078300722312
vn -0.35048793910225023 -0.4014768914865825 -0.8461527699807689
vn -0.35048793910225023 0.40147689148658267 -0.8461527699807689
vn -0.11954491324397146 -0.4014768894265095 -0.9080337664282676
vn -0.11954491324397146 0.4014768894265095 -0.9080337664282676
vn 0.11954490024441825 -0.4014768914865828 -0.9080337672288532
vn 0.11954490024441825 0.4014768914865826 -0.9080337672288532
vn 0.3504879854301762 -0.401476889726838 -0.846152751626065
vn 0.3504879854301764 0.4014768897268366 -0.8461527516260655
vn 0.5575458152021774 -0.40147688858126407 -0.7266078528929115
vn 0.5575458152021774 0.40147688858126407 -0.7266078528929115
vn 0.7266078300722316 -0.40147688972683654 -0.5575458441177628
vn 0.7266078300722312 0.401476889726838 -0.5575458441177624
vn 0.8461527699807689 -0.4014768914865825 -0.35048793910225023
vn 0.846152769980769 0.4014768914865827 -0.35048793910225023
vn 0.9080337664282676 -0.4014768894265095 -0.11954491324397146
vn 0.9080337664282676 0.4014768894265095 -0.11954491324397146
vn 0.9080337672288531 -0.4014768914865827 0.11954490024441823
vn 0.9080337672288532 0.4014768914865826 0.11954490024441825
vn 0.846152751626065 -0.401476889726838 0.3504879854301762
vn 0.8461527516260654 0.40147688972683654 0.3504879854301764
vn 0.7266078528929115 -0.40147688858126407 0.5575458152021774
vn 0.7266078528929115 0.40147688858126407 0.5575458152021774
vn 0.5575458441177628 -0.4014768897268366 0.7266078300722316
vn 0.5575458441177624 0.401476889726838 0.7266078300722312
vn 0.35048793910225023 -0.4014768914865825 0.8461527699807689
vn 0.35048793910225023 0.40147689148658267 0.8461527699807689
vn 0.11954491324397146 -0.4014768894265095 0.9080337664282676
vn 0.11954491324397146 0.4014768894265095 0.9080337664282676
vn -0.11954490024441825 -0.4014768914865828 0.9080337672288532
vn -0.11954490024441825 0.4014768914865826 0.9080337672288532
vn -0.3504879854301762 -0.401476889726838 0.846152751626065
vn -0.3504879854301764 0.4014768897268366 0.8461527516260655
vn -0.5575458152021774 -0.40147688858126407 0.7266078528929115
vn -0.5575458152021774 0.40147688858126407 0.7266078528929115
vn -0.7266078300722316 -0.40147688972683654 0.5575458441177628
vn -0.7266078300722312 0.401476889726838 0.5575458441177624
vn -0.8461527699807689 -0.4014768914865825 0.35048793910225023
vn -0.846152769980769 0.4014768914865827 0.35048793910225023
vn -0.9080337664282676 -0.4014768894265095 0.11954491324397146
vn -0.9080337664282676 0.4014768894265095 0.11954491324397146
vn -0.9080337672288531 -0.4014768914865827 -0.11954490024441823
vn -0.9080337672288532 0.4014768914865826 -0.11954490024441825
vn -0.10328490086766266 0.993731316169878 -0.042782011594119644
vn -0.10328490086766294 -0.993731316169878 -0.042782011594119755
vn -0.088692756860318 0.9937313161276298 -0.06805634597717808
vn -0.088692756860318 -0.9937313161276298 -0.06805634597717808
vn -0.06805634931543567 0.993731316169878 -0.08869275382542677
vn -0.06805634931543549 -0.993731316169878 -0.08869275382542655
vn -0.042782005754414466 0.9937313162347763 -0.10328490266214302
vn -0.042782005754414626 -0.9937313162347764 -0.10328490266214341
vn -0.014592146038653222 0.993731316158802 -0.11083835328658623
vn -0.014592146038653222 -0.993731316158802 -0.11083835328658623
vn 0.01459214437811387 0.9937313162347764 -0.110838352824045
vn 0.014592144378113812 -0.9937313162347763 -0.11083835282404458
vn 0.042782011594119644 0.993731316169878 -0.10328490086766266
vn 0.042782011594119755 -0.993731316169878 -0.10328490086766294
vn 0.06805634597717808 0.9937313161276298 -0.088692756860318
vn 0.06805634597717808 -0.9937313161276298 -0.088692756860318
vn 0.08869275382542677 0.993731316169878 -0.06805634931543567
vn 0.08869275382542655 -0.993731316169878 -0.06805634931543549
vn 0.10328490266214302 0.9937313162347763 -0.042782005754414466
vn 0.10328490266214341 -0.9937313162347764 -0.042782005754414626
vn 0.11083835328658623 0.993731316158802 -0.014592146038653222
vn 0.11083835328658623 -0.993731316158802 -0.014592146038653222
vn 0.110838352824045 0.9937313162347764 0.01459214437811387
vn 0.11083835282404458 -0.9937313162347763 0.014592144378113812
vn 0.10328490086766266 0.993731316169878 0.042782011594119644
vn 0.10328490086766294 -0.993731316169878 0.042782011594119755
vn 0.088692756860318 0.9937313161276298 0.06805634597717808
vn 0.088692756860318 -0.9937313161276298 0.06805634597717808
vn 0.06805634931543567 0.993731316169878 0.08869275382542677
vn 0.06805634931543549 -0.993731316169878 0.08869275382542655
vn 0.042782005754414466 0.9937313162347763 0.10328490266214302
vn 0.042782005754414626 -0.9937313162347764 0.10328490266214341
vn 0.014592146038653222 0.993731316158802 0.11083835328658623
vn 0.014592146038653222 -0.993731316158802 0.11083835328658623
vn -0.01459214437811387 0.9937313162347764 0.110838352824045
vn -0.014592144378113812 -0.9937313162347763 0.11083835282404458
vn -0.042782011594119644 0.993731316169878 0.10328490086766266
vn -0.042782011594119755 -0.993731316169878 0.10328490086766294
vn -0.06805634597717808 0.9937313161276298 0.088692756860318
vn -0.06805634597717808 -0.9937313161276298 0.088692756860318
vn -0.08869275382542677 0.993731316169878 0.06805634931543567
vn -0.08869275382542655 -0.993731316169878 0.06805634931543549
vn -0.10328490266214302 0.9937313162347763 0.042782005754414466
vn -0.10328490266214341 -0.9937313162347764 0.042782005754414626
vn -0.11083835328658623 0.993731316158802 0.014592146038653222
vn -0.11083835328658623 -0.993731316158802 0.014592146038653222
vn -0.110838352824045 0.9937313162347764 -0.01459214437811387
vn -0.11083835282404458 -0.9937313162347763 -0.014592144378113812
vn -0.38268346951986126 0 0.9238795171212757
vn -0.38268346951986126 0 0.9238795171212757
vn -0.6087614290087207 0 0.7933533402912353
vn -0.6087614290087207 0 0.7933533402912353
vn -0.7933533158092636 0 0.608761460914246
vn -0.7933533158092636 0 0.608761460914246
vn -0.9238795379401668 0 0.38268341925861377
vn -0.9238795379401668 0 0.38268341925861377
vn -0.9914448613738104 0 0.13052619222005157
vn -0.9914448613738104 0 0.13052619222005157
vn -0.9914448632255004 0 -0.13052617815507048
vn -0.9914448632255004 0 -0.13052617815507048
vn -0.9238795171212757 0 -0.38268346951986126
vn -0.9238795171212757 0 -0.38268346951986126
vn -0.7933533402912353 0 -0.6087614290087207
vn -0.7933533402912353 0 -0.6087614290087207
vn -0.608761460914246 0 -0.7933533158092636
vn -0.608761460914246 0 -0.7933533158092636
vn -0.38268341925861377 0 -0.9238795379401668
vn -0.38268341925861377 0 -0.9238795379401668
vn -0.13052619222005157 0 -0.9914448613738104
vn -0.13052619222005157 0 -0.9914448613738104
vn 0.13052617815507048 0 -0.9914448632255004
vn 0.13052617815507048 0 -0.9914448632255004
vn 0.38268346951986126 0 -0.9238795171212757
vn 0.38268346951986126 0 -0.9238795171212757
vn 0.6087614290087207 0 -0.7933533402912353
vn 0.6087614290087207 0 -0.7933533402912353
vn 0.7933533158092636 0 -0.608761460914246
vn 0.7933533158092636 0 -0.608761460914246
vn 0.9238795379401668 0 -0.38268341925861377
vn 0.9238795379401668 0 -0.38268341925861377
vn 0.9914448613738104 0 -0.13052619222005157
vn 0.9914448613738104 0 -0.13052619222005157
vn 0.9914448632255004 0 0.13052617815507048
vn 0.9914448632255004 0 0.13052617815507048
vn 0.9238795171212757 0 0.38268346951986126
vn 0.9238795171212757 0 0.38268346951986126
vn 0.7933533402912353 0 0.6087614290087207
vn 0.7933533402912353 0 0.6087614290087207
vn 0.608761460914246 0 0.7933533158092636
vn 0.608761460914246 0 0.7933533158092636
vn 0.38268341925861377 0 0.9238795379401668
vn 0.38268341925861377 0 0.9238795379401668
vn 0.13052619222005157 0 0.9914448613738104
vn 0.13052619222005157 0 0.9914448613738104
vn -0.13052617815507048 0 0.9914448632255004
vn -0.13052617815507048 0 0.9914448632255004
vn 0 -1 0
vn 0 1 0
vn 0 -1 0
vn 0 1 0
vn 0 -1 0
vn 0 1 0
vn 0 -1 0
vn 0 1 0
vn 0 -1 0
vn 0 1 0
vn 0 -1 0
vn 0 1 0
vn 0 -1 0
vn 0 1 0
vn 0 -1 0
vn 0 1 0
vn 0 -1 0
vn 0 1 0
vn 0 -1 0
vn 0 1 0
vn 0 -1 0
vn 0 1 0
vn 0 -1 0
vn 0 1 0
vn 0 -1 0
vn 0 1 0
vn 0 -1 0
vn 0 1 0
vn 0 -1 0
vn 0 1 0
vn 0 -1 0
vn 0 1 0
vn 0 -1 0
vn 0 1 0
vn 0 -1 0
vn 0 1 0
vn 0 -1 0
vn 0 1 0
vn 0 -1 0
vn 0 1 0
vn 0 -1 0
vn 0 1 0
vn 0 -1 0
vn 0 1 0
vn 0 -1 0
vn 0 1 0
vn 0 -1 0
vn 0 1 0
usemtl m_ac30d9ed-7ab4-5fc0-6276-16d234bb48f3
f 603/2353/601 605/2354/601 606/2355/601 604/2356/601
f 605/2357/602 607/2358/602 608/2359/602 606/2360/602
f 607/2361/603 609/2362/603 610/2363/603 608/2364/603
f 609/2365/604 611/2366/604 612/2367/604 610/2368/604
f 611/2369/605 613/2370/605 614/2371/605 612/2372/605
f 613/2373/606 615/2374/606 616/2375/606 614/2376/606
f 615/2377/607 617/2378/607 618/2379/607 616/2380/607
f 617/2381/608 619/2382/608 620/2383/608 618/2384/608
f 619/2385/609 621/2386/609 622/2387/609 620/2388/609
f 621/2389/610 623/2390/610 624/2391/610 622/2392/610
f 623/2393/611 625/2394/611 626/2395/611 624/2396/611
f 625/2397/612 627/2398/612 628/2399/612 626/2400/612
f 627/2401/613 629/2402/613 630/2403/613 628/2404/613
f 629/2405/614 631/2406/614 632/2407/614 630/2408/614
f 631/2409/615 633/2410/615 634/2411/615 632/2412/615
f 633/2413/616 635/2414/616 636/2415/616 634/2416/616
f 635/2417/617 637/2418/617 638/2419/617 636/2420/617
f 637/2421/618 639/2422/618 640/2423/618 638/2424/618
f 639/2425/619 641/2426/619 642/2427/619 640/2428/619
f 641/2429/620 643/2430/620 644/2431/620 642/2432/620
f 643/2433/621 645/2434/621 646/2435/621 644/2436/621
f 645/2437/622 647/2438/622 648/2439/622 646/2440/622
f 647/2441/623 649/2442/623 650/2443/623 648/2444/623
f 649/2445/624 603/2446/624 604/2447/624 650/2448/624
f 652/2449/625 651/2450/625 605/2451/625 603/2452/625
f 754/2453/626 724/2454/626 723/2455/626 755/2456/626
f 651/2457/627 655/2458/627 607/2459/627 605/2460/627
f 753/2461/628 725/2462/628 724/2463/628 754/2464/628
f 655/2465/629 657/2466/629 609/2467/629 607/2468/629
f 752/2469/630 726/2470/630 725/2471/630 753/2472/630
f 657/2473/631 659/2474/631 611/2475/631 609/2476/631
f 751/2477/632 727/2478/632 726/2479/632 752/2480/632
f 659/2481/633 661/2482/633 613/2483/633 611/2484/633
f 750/2485/634 728/2486/634 727/2487/634 751/2488/634
f 661/2489/635 663/2490/635 615/2491/635 613/2492/635
f 749/2493/636 729/2494/636 728/2495/636 750/2496/636
f 663/2497/637 665/2498/637 617/2499/637 615/2500/637
f 748/2501/638 730/2502/638 729/2503/638 749/2504/638
f 665/2505/639 667/2506/639 619/2507/639 617/2508/639
f 747/2509/640 731/2510/640 730/2511/640 748/2512/640
f 667/2513/641 669/2514/641 621/2515/641 619/2516/641
f 770/2517/642 732/2518/642 731/2519/642 747/2520/642
f 669/2521/643 671/2522/643 623/2523/643 621/2524/643
f 769/2525/644 733/2526/644 732/2527/644 770/2528/644
f 671/2529/645 673/2530/645 625/2531/645 623/2532/645
f 768/2533/646 734/2534/646 733/2535/646 769/2536/646
f 673/2537/647 675/2538/647 627/2539/647 625/2540/647
f 767/2541/648 735/2542/648 734/2543/648 768/2544/648
f 675/2545/649 677/2546/649 629/2547/649 627/2548/649
f 766/2549/650 736/2550/650 735/2551/650 767/2552/650
f 677/2553/651 679/2554/651 631/2555/651 629/2556/651
f 765/2557/652 737/2558/652 736/2559/652 766/2560/652
f 679/2561/653 681/2562/653 633/2563/653 631/2564/653
f 764/2565/654 738/2566/654 737/2567/654 765/2568/654
f 681/2569/655 683/2570/655 635/2571/655 633/2572/655
f 763/2573/656 739/2574/656 738/2575/656 764/2576/656
f 683/2577/657 685/2578/657 637/2579/657 635/2580/657
f 762/2581/658 740/2582/658 739/2583/658 763/2584/658
f 685/2585/659 687/2586/659 639/2587/659 637/2588/659
f 761/2589/660 741/2590/660 740/2591/660 762/2592/660
f 687/2593/661 689/2594/661 641/2595/661 639/2596/661
f 760/2597/662 742/2598/662 741/2599/662 761/2600/662
f 689/2601/663 691/2602/663 643/2603/663 641/2604/663
f 759/2605/664 743/2606/664 742/2607/664 760/2608/664
f 691/2609/665 693/2610/665 645/2611/665 643/2612/665
f 758/2613/666 744/2614/666 743/2615/666 759/2616/666
f 693/2617/667 695/2618/667 647/2619/667 645/2620/667
f 757/2621/668 745/2622/668 744/2623/668 758/2624/668
f 695/2625/669 697/2626/669 649/2627/669 647/2628/669
f 756/2629/670 746/2630/670 745/2631/670 757/2632/670
f 697/2633/671 652/2634/671 603/2635/671 649/2636/671
f 755/2637/672 723/2638/672 746/2639/672 756/2640/672
f 984/2641/673 983/2642/673 985/2643/673 986/2644/673
f 986/2645/674 985/2646/674 987/2647/674 988/2648/674
f 988/2649/675 987/2650/675 989/2651/675 990/2652/675
f 990/2653/676 989/2654/676 991/2655/676 992/2656/676
f 992/2657/677 991/2658/677 993/2659/677 994/2660/677
f 994/2661/678 993/2662/678 995/2663/678 996/2664/678
f 996/2665/679 995/2666/679 997/2667/679 998/2668/679
f 998/2669/680 997/2670/680 999/2671/680 1000/2672/680
f 1000/2673/681 999/2674/681 1001/2675/681 1002/2676/681
f 1002/2677/682 1001/2678/682 1003/2679/682 1004/2680/682
f 1004/2681/683 1003/2682/683 1005/2683/683 1006/2684/683
f 1006/2685/684 1005/2686/684 1007/2687/684 1008/2688/684
f 1008/2689/685 1007/2690/685 1009/2691/685 1010/2692/685
f 1010/2693/686 1009/2694/686 964/2695/686 963/2696/686
f 963/2697/687 964/2698/687 965/2699/687 966/2700/687
f 966/2701/688 965/2702/688 967/2703/688 968/2704/688
f 968/2705/689 967/2706/689 969/2707/689 970/2708/689
f 970/2709/690 969/2710/690 971/2711/690 972/2712/690
f 972/2713/691 971/2714/691 973/2715/691 974/2716/691
f 974/2717/692 973/2718/692 975/2719/692 976/2720/692
f 976/2721/693 975/2722/693 977/2723/693 978/2724/693
f 978/2725/694 977/2726/694 979/2727/694 980/2728/694
f 980/2729/695 979/2730/695 981/2731/695 982/2732/695
f 982/2733/696 981/2734/696 983/2735/696 984/2736/696
f 653/2737/697 699/2738/697 700/2739/697 654/2740/697
f 654/2741/698 700/2742/698 701/2743/698 656/2744/698
f 656/2745/699 701/2746/699 702/2747/699 658/2748/699
f 658/2749/700 702/2750/700 703/2751/700 660/2752/700
f 660/2753/701 703/2754/701 704/2755/701 662/2756/701
f 662/2757/702 704/2758/702 705/2759/702 664/2760/702
f 664/2761/703 705/2762/703 706/2763/703 666/2764/703
f 666/2765/704 706/2766/704 707/2767/704 668/2768/704
f 668/2769/705 707/2770/705 708/2771/705 670/2772/705
f 670/2773/706 708/2774/706 709/2775/706 672/2776/706
f 672/2777/707 709/2778/707 710/2779/707 674/2780/707
f 674/2781/708 710/2782/708 711/2783/708 676/2784/708
f 676/2785/709 711/2786/709 712/2787/709 678/2788/709
f 678/2789/710 712/2790/710 713/2791/710 680/2792/710
f 680/2793/711 713/2794/711 714/2795/711 682/2796/711
f 682/2797/712 714/2798/712 715/2799/712 684/2800/712
f 684/2801/713 715/2802/713 716/2803/713 686/2804/713
f 686/2805/714 716/2806/714 717/2807/714 688/2808/714
f 688/2809/715 717/2810/715 718/2811/715 690/2812/715
f 690/2813/716 718/2814/716 719/2815/716 692/2816/716
f 692/2817/717 719/2818/717 720/2819/717 694/2820/717
f 694/2821/718 720/2822/718 721/2823/718 696/2824/718
f 696/2825/719 721/2826/719 722/2827/719 698/2828/719
f 698/2829/720 722/2830/720 699/2831/720 653/2832/720
f 730/2833/721 731/2834/721 707/2835/721 706/2836/721
f 747/2837/722 748/2838/722 618/2839/722 620/2840/722
f 729/2841/723 730/2842/723 706/2843/723 705/2844/723
f 748/2845/724 749/2846/724 616/2847/724 618/2848/724
f 728/2849/725 729/2850/725 705/2851/725 704/2852/725
f 749/2853/726 750/2854/726 614/2855/726 616/2856/726
f 727/2857/727 728/2858/727 704/2859/727 703/2860/727
f 750/2861/728 751/2862/728 612/2863/728 614/2864/728
f 726/2865/729 727/2866/729 703/2867/729 702/2868/729
f 751/2869/730 752/2870/730 610/2871/730 612/2872/730
f 725/2873/731 726/2874/731 702/2875/731 701/2876/731
f 752/2877/732 753/2878/732 608/2879/732 610/2880/732
f 724/2881/733 725/2882/733 701/2883/733 700/2884/733
f 753/2885/734 754/2886/734 606/2887/734 608/2888/734
f 723/2889/735 724/2890/735 700/2891/735 699/2892/735
f 754/2893/736 755/2894/736 604/2895/736 606/2896/736
f 746/2897/737 723/2898/737 699/2899/737 722/2900/737
f 755/2901/738 756/2902/738 650/2903/738 604/2904/738
f 745/2905/739 746/2906/739 722/2907/739 721/2908/739
f 756/2909/740 757/2910/740 648/2911/740 650/2912/740
f 744/2913/741 745/2914/741 721/2915/741 720/2916/741
f 757/2917/742 758/2918/742 646/2919/742 648/2920/742
f 743/2921/743 744/2922/743 720/2923/743 719/2924/743
f 758/2925/744 759/2926/744 644/2927/744 646/2928/744
f 742/2929/745 743/2930/745 719/2931/745 718/2932/745
f 759/2933/746 760/2934/746 642/2935/746 644/2936/746
f 741/2937/747 742/2938/747 718/2939/747 717/2940/747
f 760/2941/748 761/2942/748 640/2943/748 642/2944/748
f 740/2945/749 741/2946/749 717/2947/749 716/2948/749
f 761/2949/750 762/2950/750 638/2951/750 640/2952/750
f 739/2953/751 740/2954/751 716/2955/751 715/2956/751
f 762/2957/752 763/2958/752 636/2959/752 638/2960/752
f 738/2961/753 739/2962/753 715/2963/753 714/2964/753
f 763/2965/754 764/2966/754 634/2967/754 636/2968/754
f 737/2969/755 738/2970/755 714/2971/755 713/2972/755
f 764/2973/756 765/2974/756 632/2975/756 634/2976/756
f 736/2977/757 737/2978/757 713/2979/757 712/2980/757
f 765/2981/758 766/2982/758 630/2983/758 632/2984/758
f 735/2985/759 736/2986/759 712/2987/759 711/2988/759
f 766/2989/760 767/2990/760 628/2991/760 630/2992/760
f 734/2993/761 735/2994/761 711/2995/761 710/2996/761
f 767/2997/762 768/2998/762 626/2999/762 628/3000/762
f 733/3001/763 734/3002/763 710/3003/763 709/3004/763
f 768/3005/764 769/3006/764 624/3007/764 626/3008/764
f 732/3009/765 733/3010/765 709/3011/765 708/3012/765
f 769/3013/766 770/3014/766 622/3015/766 624/3016/766
f 731/3017/767 732/3018/767 708/3019/767 707/3020/767
f 770/3021/768 747/3022/768 620/3023/768 622/3024/768
f 773/3025/769 772/3026/769 659/3027/769 657/3028/769
f 771/3029/770 774/3030/770 658/3031/770 660/3032/770
f 775/3033/771 773/3034/771 657/3035/771 655/3036/771
f 774/3037/772 776/3038/772 656/3039/772 658/3040/772
f 777/3041/773 775/3042/773 655/3043/773 651/3044/773
f 776/3045/774 778/3046/774 654/3047/774 656/3048/774
f 779/3049/775 777/3050/775 651/3051/775 652/3052/775
f 778/3053/776 780/3054/776 653/3055/776 654/3056/776
f 781/3057/777 779/3058/777 652/3059/777 697/3060/777
f 780/3061/778 782/3062/778 698/3063/778 653/3064/778
f 783/3065/779 781/3066/779 697/3067/779 695/3068/779
f 782/3069/780 784/3070/780 696/3071/780 698/3072/780
f 785/3073/781 783/3074/781 695/3075/781 693/3076/781
f 784/3077/782 786/3078/782 694/3079/782 696/3080/782
f 787/3081/783 785/3082/783 693/3083/783 691/3084/783
f 786/3085/784 788/3086/784 692/3087/784 694/3088/784
f 789/3089/785 787/3090/785 691/3091/785 689/3092/785
f 788/3093/786 790/3094/786 690/3095/786 692/3096/786
f 791/3097/787 789/3098/787 689/3099/787 687/3100/787
f 790/3101/788 792/3102/788 688/3103/788 690/3104/788
f 793/3105/789 791/3106/789 687/3107/789 685/3108/789
f 792/3109/790 794/3110/790 686/3111/790 688/3112/790
f 795/3113/791 793/3114/791 685/3115/791 683/3116/791
f 794/3117/792 796/3118/792 684/3119/792 686/3120/792
f 797/3121/793 795/3122/793 683/3123/793 681/3124/793
f 796/3125/794 798/3126/794 682/3127/794 684/3128/794
f 799/3129/795 797/3130/795 681/3131/795 679/3132/795
f 798/3133/796 800/3134/796 680/3135/796 682/3136/796
f 801/3137/797 799/3138/797 679/3139/797 677/3140/797
f 800/3141/798 802/3142/798 678/3143/798 680/3144/798
f 803/3145/799 801/3146/799 677/3147/799 675/3148/799
f 802/3149/800 804/3150/800 676/3151/800 678/3152/800
f 805/3153/801 803/3154/801 675/3155/801 673/3156/801
f 804/3157/802 806/3158/802 674/3159/802 676/3160/802
f 807/3161/803 805/3162/803 673/3163/803 671/3164/803
f 806/3165/804 808/3166/804 672/3167/804 674/3168/804
f 809/3169/805 807/3170/805 671/3171/805 669/3172/805
f 808/3173/806 810/3174/806 670/3175/806 672/3176/806
f 811/3177/807 809/3178/807 669/3179/807 667/3180/807
f 810/3181/808 812/3182/808 668/3183/808 670/3184/808
f 813/3185/809 811/3186/809 667/3187/809 665/3188/809
f 812/3189/810 814/3190/810 666/3191/810 668/3192/810
f 815/3193/811 813/3194/811 665/3195/811 663/3196/811
f 814/3197/812 816/3198/812 664/3199/812 666/3200/812
f 817/3201/813 815/3202/813 663/3203/813 661/3204/813
f 816/3205/814 818/3206/814 662/3207/814 664/3208/814
f 772/3209/815 817/3210/815 661/3211/815 659/3212/815
f 818/3213/816 771/3214/816 660/3215/816 662/3216/816
f 821/3217/817 820/3218/817 772/3219/817 773/3220/817
f 819/3221/818 822/3222/818 774/3223/818 771/3224/818
f 823/3225/819 821/3226/819 773/3227/819 775/3228/819
f 822/3229/820 824/3230/820 776/3231/820 774/3232/820
f 825/3233/821 823/3234/821 775/3235/821 777/3236/821
f 824/3237/822 826/3238/822 778/3239/822 776/3240/822
f 827/3241/823 825/3242/823 777/3243/823 779/3244/823
f 826/3245/824 828/3246/824 780/3247/824 778/3248/824
f 829/3249/825 827/3250/825 779/3251/825 781/3252/825
f 828/3253/826 830/3254/826 782/3255/826 780/3256/826
f 831/3257/827 829/3258/827 781/3259/827 783/3260/827
f 830/3261/828 832/3262/828 784/3263/828 782/3264/828
f 833/3265/829 831/3266/829 783/3267/829 785/3268/829
f 832/3269/830 834/3270/830 786/3271/830 784/3272/830
f 835/3273/831 833/3274/831 785/3275/831 787/3276/831
f 834/3277/832 836/3278/832 788/3279/832 786/3280/832
f 837/3281/833 835/3282/833 787/3283/833 789/3284/833
f 836/3285/834 838/3286/834 790/3287/834 788/3288/834
f 839/3289/835 837/3290/835 789/3291/835 791/3292/835
f 838/3293/836 840/3294/836 792/3295/836 790/3296/836
f 841/3297/837 839/3298/837 791/3299/837 793/3300/837
f 840/3301/838 842/3302/838 794/3303/838 792/3304/838
f 843/3305/839 841/3306/839 793/3307/839 795/3308/839
f 842/3309/840 844/3310/840 796/3311/840 794/3312/840
f 845/3313/841 843/3314/841 795/3315/841 797/3316/841
f 844/3317/842 846/3318/842 798/3319/842 796/3320/842
f 847/3321/843 845/3322/843 797/3323/843 799/3324/843
f 846/3325/844 848/3326/844 800/3327/844 798/3328/844
f 849/3329/845 847/3330/845 799/3331/845 801/3332/845
f 848/3333/846 850/3334/846 802/3335/846 800/3336/846
f 851/3337/847 849/3338/847 801/3339/847 803/3340/847
f 850/3341/848 852/3342/848 804/3343/848 802/3344/848
f 853/3345/849 851/3346/849 803/3347/849 805/3348/849
f 852/3349/850 854/3350/850 806/3351/850 804/3352/850
f 855/3353/851 853/3354/851 805/3355/851 807/3356/851
f 854/3357/852 856/3358/852 808/3359/852 806/3360/852
f 857/3361/853 855/3362/853 807/3363/853 809/3364/853
f 856/3365/854 858/3366/854 810/3367/854 808/3368/854
f 859/3369/855 857/3370/855 809/3371/855 811/3372/855
f 858/3373/856 860/3374/856 812/3375/856 810/3376/856
f 861/3377/857 859/3378/857 811/3379/857 813/3380/857
f 860/3381/858 862/3382/858 814/3383/858 812/3384/858
f 863/3385/859 861/3386/859 813/3387/859 815/3388/859
f 862/3389/860 864/3390/860 816/3391/860 814/3392/860
f 865/3393/861 863/3394/861 815/3395/861 817/3396/861
f 864/3397/862 866/3398/862 818/3399/862 816/3400/862
f 820/3401/863 865/3402/863 817/3403/863 772/3404/863
f 866/3405/864 819/3406/864 771/3407/864 818/3408/864
f 869/3409/865 868/3410/865 820/3411/865 821/3412/865
f 867/3413/866 870/3414/866 822/3415/866 819/3416/866
f 871/3417/867 869/3418/867 821/3419/867 823/3420/867
f 870/3421/868 872/3422/868 824/3423/868 822/3424/868
f 873/3425/869 871/3426/869 823/3427/869 825/3428/869
f 872/3429/870 874/3430/870 826/3431/870 824/3432/870
f 875/3433/871 873/3434/871 825/3435/871 827/3436/871
f 874/3437/872 876/3438/872 828/3439/872 826/3440/872
f 877/3441/873 875/3442/873 827/3443/873 829/3444/873
f 876/3445/874 878/3446/874 830/3447/874 828/3448/874
f 879/3449/875 877/3450/875 829/3451/875 831/3452/875
f 878/3453/876 880/3454/876 832/3455/876 830/3456/876
f 881/3457/877 879/3458/877 831/3459/877 833/3460/877
f 880/3461/878 882/3462/878 834/3463/878 832/3464/878
f 883/3465/879 881/3466/879 833/3467/879 835/3468/879
f 882/3469/880 884/3470/880 836/3471/880 834/3472/880
f 885/3473/881 883/3474/881 835/3475/881 837/3476/881
f 884/3477/882 886/3478/882 838/3479/882 836/3480/882
f 887/3481/883 885/3482/883 837/3483/883 839/3484/883
f 886/3485/884 888/3486/884 840/3487/884 838/3488/884
f 889/3489/885 887/3490/885 839/3491/885 841/3492/885
f 888/3493/886 890/3494/886 842/3495/886 840/3496/886
f 891/3497/887 889/3498/887 841/3499/887 843/3500/887
f 890/3501/888 892/3502/888 844/3503/888 842/3504/888
f 893/3505/889 891/3506/889 843/3507/889 845/3508/889
f 892/3509/890 894/3510/890 846/3511/890 844/3512/890
f 895/3513/891 893/3514/891 845/3515/891 847/3516/891
f 894/3517/892 896/3518/892 848/3519/892 846/3520/892
f 897/3521/893 895/3522/893 847/3523/893 849/3524/893
f 896/3525/894 898/3526/894 850/3527/894 848/3528/894
f 899/3529/895 897/3530/895 849/3531/895 851/3532/895
f 898/3533/896 900/3534/896 852/3535/896 850/3536/896
f 901/3537/897 899/3538/897 851/3539/897 853/3540/897
f 900/3541/898 902/3542/898 854/3543/898 852/3544/898
f 903/3545/899 901/3546/899 853/3547/899 855/3548/899
f 902/3549/900 904/3550/900 856/3551/900 854/3552/900
f 905/3553/901 903/3554/901 855/3555/901 857/3556/901
f 904/3557/902 906/3558/902 858/3559/902 856/3560/902
f 907/3561/903 905/3562/903 857/3563/903 859/3564/903
f 906/3565/904 908/3566/904 860/3567/904 858/3568/904
f 909/3569/905 907/3570/905 859/3571/905 861/3572/905
f 908/3573/906 910/3574/906 862/3575/906 860/3576/906
f 911/3577/907 909/3578/907 861/3579/907 863/3580/907
f 910/3581/908 912/3582/908 864/3583/908 862/3584/908
f 913/3585/909 911/3586/909 863/3587/909 865/3588/909
f 912/3589/910 914/3590/910 866/3591/910 864/3592/910
f 868/3593/911 913/3594/911 865/3595/911 820/3596/911
f 914/3597/912 867/3598/912 819/3599/912 866/3600/912
f 917/3601/913 916/3602/913 903/3603/913 905/3604/913
f 915/3605/914 918/3606/914 906/3607/914 904/3608/914
f 919/3609/915 917/3610/915 905/3611/915 907/3612/915
f 918/3613/916 920/3614/916 908/3615/916 906/3616/916
f 921/3617/917 919/3618/917 907/3619/917 909/3620/917
f 920/3621/918 922/3622/918 910/3623/918 908/3624/918
f 923/3625/919 921/3626/919 909/3627/919 911/3628/919
f 922/3629/920 924/3630/920 912/3631/920 910/3632/920
f 925/3633/921 923/3634/921 911/3635/921 913/3636/921
f 924/3637/922 926/3638/922 914/3639/922 912/3640/922
f 927/3641/923 925/3642/923 913/3643/923 868/3644/923
f 926/3645/924 928/3646/924 867/3647/924 914/3648/924
f 929/3649/925 927/3650/925 868/3651/925 869/3652/925
f 928/3653/926 930/3654/926 870/3655/926 867/3656/926
f 931/3657/927 929/3658/927 869/3659/927 871/3660/927
f 930/3661/928 932/3662/928 872/3663/928 870/3664/928
f 933/3665/929 931/3666/929 871/3667/929 873/3668/929
f 932/3669/930 934/3670/930 874/3671/930 872/3672/930
f 935/3673/931 933/3674/931 873/3675/931 875/3676/931
f 934/3677/932 936/3678/932 876/3679/932 874/3680/932
f 937/3681/933 935/3682/933 875/3683/933 877/3684/933
f 936/3685/934 938/3686/934 878/3687/934 876/3688/934
f 939/3689/935 937/3690/935 877/3691/935 879/3692/935
f 938/3693/936 940/3694/936 880/3695/936 878/3696/936
f 941/3697/937 939/3698/937 879/3699/937 881/3700/937
f 940/3701/938 942/3702/938 882/3703/938 880/3704/938
f 943/3705/939 941/3706/939 881/3707/939 883/3708/939
f 942/3709/940 944/3710/940 884/3711/940 882/3712/940
f 945/3713/941 943/3714/941 883/3715/941 885/3716/941
f 944/3717/942 946/3718/942 886/3719/942 884/3720/942
f 947/3721/943 945/3722/943 885/3723/943 887/3724/943
f 946/3725/944 948/3726/944 888/3727/944 886/3728/944
f 949/3729/945 947/3730/945 887/3731/945 889/3732/945
f 948/3733/946 950/3734/946 890/3735/946 888/3736/946
f 951/3737/947 949/3738/947 889/3739/947 891/3740/947
f 950/3741/948 952/3742/948 892/3743/948 890/3744/948
f 953/3745/949 951/3746/949 891/3747/949 893/3748/949
f 952/3749/950 954/3750/950 894/3751/950 892/3752/950
f 955/3753/951 953/3754/951 893/3755/951 895/3756/951
f 954/3757/952 956/3758/952 896/3759/952 894/3760/952
f 957/3761/953 955/3762/953 895/3763/953 897/3764/953
f 956/3765/954 958/3766/954 898/3767/954 896/3768/954
f 959/3769/955 957/3770/955 897/3771/955 899/3772/955
f 958/3773/956 960/3774/956 900/3775/956 898/3776/956
f 961/3777/957 959/3778/957 899/3779/957 901/3780/957
f 960/3781/958 962/3782/958 902/3783/958 900/3784/958
f 916/3785/959 961/3786/959 901/3787/959 903/3788/959
f 962/3789/960 915/3790/960 904/3791/960 902/3792/960
f 965/3793/961 964/3794/961 916/3795/961 917/3796/961
f 963/3797/962 966/3798/962 918/3799/962 915/3800/962
f 967/3801/963 965/3802/963 917/3803/963 919/3804/963
f 966/3805/964 968/3806/964 920/3807/964 918/3808/964
f 969/3809/965 967/3810/965 919/3811/965 921/3812/965
f 968/3813/966 970/3814/966 922/3815/966 920/3816/966
f 971/3817/967 969/3818/967 921/3819/967 923/3820/967
f 970/3821/968 972/3822/968 924/3823/968 922/3824/968
f 973/3825/969 971/3826/969 923/3827/969 925/3828/969
f 972/3829/970 974/3830/970 926/3831/970 924/3832/970
f 975/3833/971 973/3834/971 925/3835/971 927/3836/971
f 974/3837/972 976/3838/972 928/3839/972 926/3840/972
f 977/3841/973 975/3842/973 927/3843/973 929/3844/973
f 976/3845/974 978/3846/974 930/3847/974 928/3848/974
f 979/3849/975 977/3850/975 929/3851/975 931/3852/975
f 978/3853/976 980/3854/976 932/3855/976 930/3856/976
f 981/3857/977 979/3858/977 931/3859/977 933/3860/977
f 980/3861/978 982/3862/978 934/3863/978 932/3864/978
f 983/3865/979 981/3866/979 933/3867/979 935/3868/979
f 982/3869/980 984/3870/980 936/3871/980 934/3872/980
f 985/3873/981 983/3874/981 935/3875/981 937/3876/981
f 984/3877/982 986/3878/982 938/3879/982 936/3880/982
f 987/3881/983 985/3882/983 937/3883/983 939/3884/983
f 986/3885/984 988/3886/984 940/3887/984 938/3888/984
f 989/3889/985 987/3890/985 939/3891/985 941/3892/985
f 988/3893/986 990/3894/986 942/3895/986 940/3896/986
f 991/3897/987 989/3898/987 941/3899/987 943/3900/987
f 990/3901/988 992/3902/988 944/3903/988 942/3904/988
f 993/3905/989 991/3906/989 943/3907/989 945/3908/989
f 992/3909/990 994/3910/990 946/3911/990 944/3912/990
f 995/3913/991 993/3914/991 945/3915/991 947/3916/991
f 994/3917/992 996/3918/992 948/3919/992 946/3920/992
f 997/3921/993 995/3922/993 947/3923/993 949/3924/993
f 996/3925/994 998/3926/994 950/3927/994 948/3928/994
f 999/3929/995 997/3930/995 949/3931/995 951/3932/995
f 998/3933/996 1000/3934/996 952/3935/996 950/3936/996
f 1001/3937/997 999/3938/997 951/3939/997 953/3940/997
f 1000/3941/998 1002/3942/998 954/3943/998 952/3944/998
f 1003/3945/999 1001/3946/999 953/3947/999 955/3948/999
f 1002/3949/1000 1004/3950/1000 956/3951/1000 954/3952/1000
f 1005/3953/1001 1003/3954/1001 955/3955/1001 957/3956/1001
f 1004/3957/1002 1006/3958/1002 958/3959/1002 956/3960/1002
f 1007/3961/1003 1005/3962/1003 957/3963/1003 959/3964/1003
f 1006/3965/1004 1008/3966/1004 960/3967/1004 958/3968/1004
f 1009/3969/1005 1007/3970/1005 959/3971/1005 961/3972/1005
f 1008/3973/1006 1010/3974/1006 962/3975/1006 960/3976/1006
f 964/3977/1007 1009/3978/1007 961/3979/1007 916/3980/1007
f 1010/3981/1008 963/3982/1008 915/3983/1008 962/3984/1008
o SkyBorder
v 2.2434190267947067 9.5 8.372553411973078
v 2.2434190267947067 10.28125 8.372553411973078
v 4.3339526097042365 9.5 7.5066258937289465
v 4.3339526097042365 10.28125 7.5066258937289465
v 6.129134402103633 9.5 6.129134268211568
v 6.129134402103633 10.28125 6.129134268211568
v 7.506625795716375 9.5 4.33395253318505
v 7.506625795716375 10.28125 4.33395253318505
v 8.372553295006277 9.5 2.243419009869447
v 8.372553295006277 10.28125 2.243419009869447
v 8.667905142889287 9.5 9.80125705041246e-8
v 8.667905142889287 10.28125 9.80125705041246e-8
v 8.372553411973078 9.5 -2.2434190267947067
v 8.372553411973078 10.28125 -2.2434190267947067
v 7.5066258937289465 9.5 -4.3339526097042365
v 7.5066258937289465 10.28125 -4.3339526097042365
v 6.129134268211568 9.5 -6.129134402103633
v 6.129134268211568 10.28125 -6.129134402103633
v 4.33395253318505 9.5 -7.506625795716375
v 4.33395253318505 10.28125 -7.506625795716375
v 2.243419009869447 9.5 -8.372553295006277
v 2.243419009869447 10.28125 -8.372553295006277
v 9.80125705041246e-8 9.5 -8.667905142889287
v 9.80125705041246e-8 10.28125 -8.667905142889287
v -2.2434190267947067 9.5 -8.372553411973078
v -2.2434190267947067 10.28125 -8.372553411973078
v -4.3339526097042365 9.5 -7.5066258937289465
v -4.3339526097042365 10.28125 -7.5066258937289465
v -6.129134402103633 9.5 -6.129134268211568
v -6.129134402103633 10.28125 -6.129134268211568
v -7.506625795716375 9.5 -4.33395253318505
v -7.506625795716375 10.28125 -4.33395253318505
v -8.372553295006277 9.5 -2.243419009869447
v -8.372553295006277 10.28125 -2.243419009869447
v -8.667905142889287 9.5 -9.80125705041246e-8
v -8.667905142889287 10.28125 -9.80125705041246e-8
v -8.372553411973078 9.5 2.2434190267947067
v -8.372553411973078 10.28125 2.2434190267947067
v -7.5066258937289465 9.5 4.3339526097042365
v -7.5066258937289465 10.28125 4.3339526097042365
v -6.129134268211568 9.5 6.129134402103633
v -6.129134268211568 10.28125 6.129134402103633
v -4.33395253318505 9.5 7.506625795716375
v -4.33395253318505 10.28125 7.506625795716375
v -2.243419009869447 9.5 8.372553295006277
v -2.243419009869447 10.28125 8.372553295006277
v -9.80125705041246e-8 9.5 8.667905142889287
v -9.80125705041246e-8 10.28125 8.667905142889287
v 3.2407000009745275 9.875 5.59454084119155
v 1.6757556581530837 9.875 6.240911860974539
v 1.7851968175336241 10.28125 6.66244507323488
v 3.44873577428443 10.28125 5.973385290638637
v 4.584796295136685 9.875 4.56691080250004
v 4.8772486174120955 10.28125 4.877248723401796
v 5.616446205923486 9.875 3.228053104735768
v 5.973385333055371 10.28125 3.4487355434726537
v 6.265343940235724 9.875 1.6692094558227666
v 6.662445622514291 10.28125 1.7851970754758226
v 6.487269038097003 9.875 -0.0033887668197534193
v 6.897470698104045 10.28125 3.9162135534454023e-8
v 6.267097783375701 9.875 -1.6757554803729433
v 6.66244507323488 10.28125 -1.7851968175336241
v 5.619834325025252 9.875 -3.2339228587158066
v 5.973385290638637 10.28125 -3.44873577428443
v 4.589588820156807 9.875 -4.571703106383682
v 4.877248723401796 10.28125 -4.8772486174120955
v 3.246569656775515 9.875 -5.597929689590174
v 3.4487355434726537 10.28125 -5.973385333055371
v 1.6823021078920546 9.875 -6.2426663644518525
v 1.7851970754758226 10.28125 -6.662445622514291
v 0.0033888203336729372 9.875 -6.461975425377406
v 3.9162135534454023e-8 10.28125 -6.897470698104045
v -1.6757556581530837 9.875 -6.240911860974539
v -1.7851968175336241 10.28125 -6.66244507323488
v -3.2407000009745275 9.875 -5.59454084119155
v -3.44873577428443 10.28125 -5.973385290638637
v -4.584796295136685 9.875 -4.56691080250004
v -4.8772486174120955 10.28125 -4.877248723401796
v -5.616446205923486 9.875 -3.228053104735768
v -5.973385333055371 10.28125 -3.4487355434726537
v -6.265343940235724 9.875 -1.6692094558227666
v -6.662445622514291 10.28125 -1.7851970754758226
v -6.487269038097003 9.875 0.0033887668197534193
v -6.897470698104045 10.28125 -3.9162135534454023e-8
v -6.267097783375701 9.875 1.6757554803729433
v -6.66244507323488 10.28125 1.7851968175336241
v -5.619834325025252 9.875 3.2339228587158066
v -5.973385290638637 10.28125 3.44873577428443
v -4.589588820156807 9.875 4.571703106383682
v -4.877248723401796 10.28125 4.8772486174120955
v -3.246569656775515 9.875 5.597929689590174
v -3.4487355434726537 10.28125 5.973385333055371
v -1.6823021078920546 9.875 6.2426663644518525
v -1.7851970754758226 10.28125 6.662445622514291
v -0.0033888203336729372 9.875 6.461975425377406
v -3.9162135534454023e-8 10.28125 6.897470698104045
v -0.012857243026013654 10.28125 -6.4598365905601405
v 3.170799804129968 10.28125 -5.587953768854458
v 4.49084339057613 10.28125 -4.5587030239540445
v 5.504843533316795 10.28125 -3.218783403394736
v 6.14369759870481 10.28125 -1.6595095378582747
v 6.363868853426112 10.28125 0.01285717569491529
v 6.150352985369527 10.28125 1.6843476718377608
v 5.517700776342808 10.28125 3.2410531871654045
v 4.509026279333398 10.28125 4.5768854839296775
v 3.193069049296144 10.28125 5.600810944549374
v 1.659509594793397 10.28125 6.243050695791805
v 0.012857243026013654 10.28125 6.4598365905601405
v -1.6346713193714115 10.28125 6.236395021787954
v -3.170799804129968 10.28125 5.587953768854458
v -4.49084339057613 10.28125 4.5587030239540445
v -5.504843533316795 10.28125 3.218783403394736
v -6.14369759870481 10.28125 1.6595095378582747
v -6.363868853426112 10.28125 -0.01285717569491529
v -6.150352985369527 10.28125 -1.6843476718377608
v -5.517700776342808 10.28125 -3.2410531871654045
v -4.509026279333398 10.28125 -4.5768854839296775
v -1.659509594793397 10.28125 -6.243050695791805
v -3.193069049296144 10.28125 -5.600810944549374
v 1.6346713193714115 10.28125 -6.236395021787954
v 3.7195731519698203 9.5 6.4424890416383676
v 1.9253923156936326 9.5 7.18566271313467
v 1.98375309290455e-7 9.5 7.439145394214712
v -1.9253929084187869 9.5 7.18566292228461
v -3.7195729434768015 9.5 6.442488701939508
v -5.260269905359069 9.5 5.2602703427900535
v -6.4424890416383676 9.5 3.7195731519698203
v -7.18566271313467 9.5 1.9253923156936326
v -7.439145394214712 9.5 1.98375309290455e-7
v -7.18566292228461 9.5 -1.9253929084187869
v -6.442488701939508 9.5 -3.7195729434768015
v -5.2602703427900535 9.5 -5.260269905359069
v -3.7195731519698203 9.5 -6.4424890416383676
v -1.9253923156936326 9.5 -7.18566271313467
v -1.98375309290455e-7 9.5 -7.439145394214712
v 1.9253929084187869 9.5 -7.18566292228461
v 3.7195729434768015 9.5 -6.442488701939508
v 5.260269905359069 9.5 -5.2602703427900535
v 6.4424890416383676 9.5 -3.7195731519698203
v 7.18566271313467 9.5 -1.9253923156936326
v 7.439145394214712 9.5 -1.98375309290455e-7
v 7.18566292228461 9.5 1.9253929084187869
v 6.442488701939508 9.5 3.7195729434768015
v 5.2602703427900535 9.5 5.260269905359069
v -4.180133761564482 10.272834375 -4.24294831817828
v -5.1160790378707475 10.268230625000001 -3.0050311420864726
v -5.20852941223474 9.861980625000001 -2.9928598193985634
v -4.251073500354893 9.866584375 -4.233608924388325
v -5.703625810132012 10.264713125 -1.5619173606988928
v -5.811286889207463 9.858463125 -1.547744141138756
v -5.902174934413555 10.263081249999999 -0.011897111431917184
v -6.0177092434155215 9.856831249999999 0.0033132689052256525
v -5.697837325880174 10.26364375 1.5390279827786766
v -5.8133710152291025 9.85739375 1.5542382815369495
v -5.104694858452625 10.266295625 2.984704694740843
v -5.212355855949208 9.860045625 2.9988785339540183
v -4.163698057114684 10.2704875 4.2264923811726725
v -4.256148431478677 9.8642375 4.238663703860582
v -2.939402547943217 10.27517625 5.180057633128007
v -3.0103422867336285 9.86892625 5.189397026917962
v -1.5152594078511403 10.279033125 5.780756211485888
v -1.5598538964838258 9.872783125 5.786627817686115
v 0.011913434589819194 10.28091625 5.987722657133683
v -0.0032965688897317325 9.87466625 5.9897250920800795
v 1.5382324607088111 10.28027125 5.78678524916096
v 1.553442464188362 9.87402125 5.784782814214564
v 2.9598469559837906 10.277283125 5.19166914653121
v 3.0044416077742166 9.871033125 5.185798779637062
v 4.180133761564482 10.272834375 4.24294831817828
v 4.251073500354893 9.866584375 4.233608924388325
v 5.1160790378707475 10.268230625000001 3.0050311420864726
v 5.20852941223474 9.861980625000001 2.9928598193985634
v 5.703625810132012 10.264713125 1.5619173606988928
v 5.811286889207463 9.858463125 1.547744141138756
v 5.902174934413555 10.263081249999999 0.011897111431917184
v 6.0177092434155215 9.856831249999999 -0.0033132689052256525
v 5.697837325880174 10.26364375 -1.5390279827786766
v 5.8133710152291025 9.85739375 -1.5542382815369495
v 5.104694858452625 10.266295625 -2.984704694740843
v 5.212355855949208 9.860045625 -2.9988785339540183
v 4.163698057114684 10.2704875 -4.2264923811726725
v 4.256148431478677 9.8642375 -4.238663703860582
v 2.939402547943217 10.27517625 -5.180057633128007
v 3.0103422867336285 9.86892625 -5.189397026917962
v 1.5152594078511403 10.279033125 -5.780756211485888
v 1.5598538964838258 9.872783125 -5.786627817686115
v -0.011913434589819194 10.28091625 -5.987722657133683
v 0.0032965688897317325 9.87466625 -5.9897250920800795
v -1.5382324607088111 10.28027125 -5.78678524916096
v -1.553442464188362 9.87402125 -5.784782814214564
v -2.9598469559837906 10.277283125 -5.19166914653121
v -3.0044416077742166 9.871033125 -5.185798779637062
v -7.5066258937289465 9.28125 4.3339526097042365
v -5.260269905359069 9.28125 5.2602703427900535
v -6.4424890416383676 9.28125 3.7195731519698203
v -6.129134268211568 9.28125 6.129134402103633
v -3.7195729434768015 9.28125 6.442488701939508
v -4.33395253318505 9.28125 7.506625795716375
v -1.9253929084187869 9.28125 7.18566292228461
v -2.243419009869447 9.28125 8.372553295006277
v 1.98375309290455e-7 9.28125 7.439145394214712
v -9.80125705041246e-8 9.28125 8.667905142889287
v 1.9253923156936326 9.28125 7.18566271313467
v 2.2434190267947067 9.28125 8.372553411973078
v 3.7195731519698203 9.28125 6.4424890416383676
v 4.3339526097042365 9.28125 7.5066258937289465
v 5.2602703427900535 9.28125 5.260269905359069
v 6.129134402103633 9.28125 6.129134268211568
v 6.442488701939508 9.28125 3.7195729434768015
v 7.506625795716375 9.28125 4.33395253318505
v 7.18566292228461 9.28125 1.9253929084187869
v 8.372553295006277 9.28125 2.243419009869447
v 7.439145394214712 9.28125 -1.98375309290455e-7
v 8.667905142889287 9.28125 9.80125705041246e-8
v 7.18566271313467 9.28125 -1.9253923156936326
v 8.372553411973078 9.28125 -2.2434190267947067
v 6.4424890416383676 9.28125 -3.7195731519698203
v 7.5066258937289465 9.28125 -4.3339526097042365
v 5.260269905359069 9.28125 -5.2602703427900535
v 6.129134268211568 9.28125 -6.129134402103633
v 3.7195729434768015 9.28125 -6.442488701939508
v 4.33395253318505 9.28125 -7.506625795716375
v 1.9253929084187869 9.28125 -7.18566292228461
v 2.243419009869447 9.28125 -8.372553295006277
v -1.98375309290455e-7 9.28125 -7.439145394214712
v 9.80125705041246e-8 9.28125 -8.667905142889287
v -1.9253923156936326 9.28125 -7.18566271313467
v -2.2434190267947067 9.28125 -8.372553411973078
v -3.7195731519698203 9.28125 -6.4424890416383676
v -4.3339526097042365 9.28125 -7.5066258937289465
v -5.2602703427900535 9.28125 -5.260269905359069
v -6.129134402103633 9.28125 -6.129134268211568
v -6.442488701939508 9.28125 -3.7195729434768015
v -7.506625795716375 9.28125 -4.33395253318505
v -7.18566292228461 9.28125 -1.9253929084187869
v -8.372553295006277 9.28125 -2.243419009869447
v -7.439145394214712 9.28125 1.98375309290455e-7
v -8.667905142889287 9.28125 -9.80125705041246e-8
v -7.18566271313467 9.28125 1.9253923156936326
v -8.372553411973078 9.28125 2.2434190267947067
vt 0.34375 0.828125
vt 0.34375 0.828125
vt 0.34375 0.828125
vt 0.34375 0.828125
vt 0.171875 0.90625
vt 0.171875 0.90625
vt 0.171875 0.90625
vt 0.171875 0.90625
vt 0.171875 0.90625
vt 0.171875 0.90625
vt 0.171875 0.90625
vt 0.171875 0.90625
vt 0.34375 0.828125
vt 0.34375 0.828125
vt 0.34375 0.828125
vt 0.34375 0.828125
vt 0.34375 0.828125
vt 0.34375 0.828125
vt 0.34375 0.828125
vt 0.34375 0.828125
vt 0.171875 0.90625
vt 0.171875 0.90625
vt 0.171875 0.90625
vt 0.171875 0.90625
vt 0.171875 0.90625
vt 0.171875 0.90625
vt 0.171875 0.90625
vt 0.171875 0.90625
vt 0.34375 0.828125
vt 0.34375 0.828125
vt 0.34375 0.828125
vt 0.34375 0.828125
vt 0.34375 0.828125
vt 0.34375 0.828125
vt 0.34375 0.828125
vt 0.34375 0.828125
vt 0.171875 0.90625
vt 0.171875 0.90625
vt 0.171875 0.90625
vt 0.171875 0.90625
vt 0.171875 0.90625
vt 0.171875 0.921875
vt 0.171875 0.90625
vt 0.171875 0.90625
vt 0.34375 0.84375
vt 0.328125 0.84375
vt 0.328125 0.828125
vt 0.34375 0.828125
vt 0.328125 0.84375
vt 0.34375 0.828125
vt 0.34375 0.828125
vt 0.328125 0.828125
vt 0.171875 0.90625
vt 0.171875 0.90625
vt 0.171875 0.90625
vt 0.171875 0.90625
vt 0.171875 0.90625
vt 0.171875 0.90625
vt 0.171875 0.90625
vt 0.171875 0.90625
vt 0.34375 0.828125
vt 0.34375 0.828125
vt 0.34375 0.828125
vt 0.34375 0.828125
vt 0.34375 0.828125
vt 0.34375 0.828125
vt 0.34375 0.828125
vt 0.34375 0.828125
vt 0.171875 0.90625
vt 0.171875 0.90625
vt 0.171875 0.90625
vt 0.171875 0.90625
vt 0.171875 0.90625
vt 0.171875 0.90625
vt 0.171875 0.90625
vt 0.171875 0.90625
vt 0.34375 0.828125
vt 0.34375 0.828125
vt 0.34375 0.828125
vt 0.34375 0.828125
vt 0.34375 0.828125
vt 0.34375 0.828125
vt 0.34375 0.828125
vt 0.34375 0.828125
vt 0.171875 0.90625
vt 0.171875 0.90625
vt 0.171875 0.90625
vt 0.171875 0.90625
vt 0.171875 0.90625
vt 0.171875 0.90625
vt 0.171875 0.90625
vt 0.171875 0.90625
vt 0.34375 0.828125
vt 0.34375 0.828125
vt 0.34375 0.828125
vt 0.34375 0.828125
vt 0.328125 0.84375
vt 0.328125 0.84375
vt 0.328125 0.84375
vt 0.328125 0.84375
vt 0.359375 0.875
vt 0.359375 0.875
vt 0.359375 0.875
vt 0.359375 0.875
vt 0.171875 0.90625
vt 0.171875 0.90625
vt 0.171875 0.90625
vt 0.171875 0.90625
vt 0.171875 0.90625
vt 0.171875 0.90625
vt 0.171875 0.90625
vt 0.171875 0.90625
vt 0.171875 0.90625
vt 0.171875 0.90625
vt 0.171875 0.90625
vt 0.171875 0.90625
vt 0.171875 0.90625
vt 0.171875 0.90625
vt 0.171875 0.90625
vt 0.171875 0.90625
vt 0.328125 0.84375
vt 0.328125 0.84375
vt 0.328125 0.84375
vt 0.328125 0.84375
vt 0.359375 0.875
vt 0.359375 0.875
vt 0.359375 0.875
vt 0.359375 0.875
vt 0.328125 0.84375
vt 0.328125 0.84375
vt 0.328125 0.84375
vt 0.328125 0.84375
vt 0.359375 0.875
vt 0.359375 0.875
vt 0.359375 0.875
vt 0.359375 0.875
vt 0.171875 0.90625
vt 0.171875 0.90625
vt 0.171875 0.90625
vt 0.171875 0.90625
vt 0.171875 0.90625
vt 0.171875 0.90625
vt 0.171875 0.90625
vt 0.171875 0.90625
vt 0.171875 0.90625
vt 0.171875 0.90625
vt 0.171875 0.90625
vt 0.171875 0.90625
vt 0.171875 0.90625
vt 0.171875 0.90625
vt 0.171875 0.90625
vt 0.171875 0.90625
vt 0.328125 0.84375
vt 0.328125 0.84375
vt 0.328125 0.84375
vt 0.328125 0.84375
vt 0.359375 0.875
vt 0.359375 0.875
vt 0.359375 0.875
vt 0.359375 0.875
vt 0.328125 0.84375
vt 0.328125 0.84375
vt 0.328125 0.84375
vt 0.328125 0.84375
vt 0.359375 0.875
vt 0.359375 0.875
vt 0.359375 0.875
vt 0.359375 0.875
vt 0.171875 0.90625
vt 0.171875 0.90625
vt 0.171875 0.90625
vt 0.171875 0.90625
vt 0.171875 0.90625
vt 0.171875 0.90625
vt 0.171875 0.90625
vt 0.171875 0.90625
vt 0.171875 0.90625
vt 0.171875 0.90625
vt 0.171875 0.90625
vt 0.171875 0.90625
vt 0.171875 0.90625
vt 0.171875 0.90625
vt 0.171875 0.90625
vt 0.171875 0.90625
vt 0.328125 0.84375
vt 0.328125 0.84375
vt 0.328125 0.84375
vt 0.328125 0.84375
vt 0.359375 0.875
vt 0.359375 0.875
vt 0.359375 0.875
vt 0.34375 0.875
vt 0.328125 0.84375
vt 0.328125 0.84375
vt 0.328125 0.84375
vt 0.328125 0.84375
vt 0.359375 0.875
vt 0.359375 0.875
vt 0.34375 0.875
vt 0.359375 0.875
vt 0.171875 0.90625
vt 0.171875 0.90625
vt 0.171875 0.90625
vt 0.171875 0.90625
vt 0.171875 0.90625
vt 0.171875 0.90625
vt 0.171875 0.90625
vt 0.171875 0.90625
vt 0.171875 0.90625
vt 0.171875 0.90625
vt 0.171875 0.90625
vt 0.171875 0.90625
vt 0.171875 0.90625
vt 0.171875 0.90625
vt 0.171875 0.90625
vt 0.171875 0.90625
vt 0.328125 0.84375
vt 0.328125 0.84375
vt 0.328125 0.84375
vt 0.328125 0.84375
vt 0.359375 0.875
vt 0.359375 0.875
vt 0.359375 0.875
vt 0.359375 0.875
vt 0.328125 0.84375
vt 0.328125 0.84375
vt 0.328125 0.84375
vt 0.328125 0.84375
vt 0.359375 0.875
vt 0.359375 0.875
vt 0.359375 0.875
vt 0.359375 0.875
vt 0.171875 0.90625
vt 0.171875 0.90625
vt 0.171875 0.90625
vt 0.171875 0.90625
vt 0.171875 0.90625
vt 0.171875 0.90625
vt 0.171875 0.90625
vt 0.171875 0.90625
vt 0.171875 0.90625
vt 0.171875 0.90625
vt 0.171875 0.90625
vt 0.171875 0.90625
vt 0.171875 0.90625
vt 0.171875 0.90625
vt 0.171875 0.90625
vt 0.171875 0.90625
vt 0.328125 0.84375
vt 0.328125 0.84375
vt 0.328125 0.84375
vt 0.328125 0.84375
vt 0.359375 0.875
vt 0.359375 0.875
vt 0.359375 0.875
vt 0.359375 0.875
vt 0.328125 0.84375
vt 0.328125 0.84375
vt 0.328125 0.84375
vt 0.328125 0.84375
vt 0.359375 0.875
vt 0.359375 0.875
vt 0.359375 0.875
vt 0.359375 0.875
vt 0.171875 0.90625
vt 0.171875 0.90625
vt 0.171875 0.90625
vt 0.171875 0.90625
vt 0.171875 0.90625
vt 0.171875 0.90625
vt 0.171875 0.90625
vt 0.171875 0.90625
vt 0.171875 0.90625
vt 0.171875 0.90625
vt 0.171875 0.90625
vt 0.171875 0.90625
vt 0.171875 0.90625
vt 0.171875 0.90625
vt 0.171875 0.90625
vt 0.171875 0.90625
vt 0.328125 0.84375
vt 0.328125 0.84375
vt 0.328125 0.84375
vt 0.328125 0.84375
vt 0.359375 0.875
vt 0.359375 0.875
vt 0.359375 0.875
vt 0.359375 0.875
vt 0.34375 0.875
vt 0.34375 0.875
vt 0.34375 0.875
vt 0.34375 0.875
vt 0.171875 0.90625
vt 0.171875 0.90625
vt 0.171875 0.90625
vt 0.171875 0.90625
vt 0.171875 0.90625
vt 0.171875 0.90625
vt 0.171875 0.90625
vt 0.171875 0.90625
vt 0.171875 0.90625
vt 0.171875 0.90625
vt 0.171875 0.90625
vt 0.171875 0.90625
vt 0.34375 0.875
vt 0.34375 0.875
vt 0.34375 0.875
vt 0.34375 0.875
vt 0.171875 0.90625
vt 0.171875 0.90625
vt 0.171875 0.90625
vt 0.171875 0.90625
vt 0.171875 0.90625
vt 0.171875 0.90625
vt 0.171875 0.90625
vt 0.171875 0.90625
vt 0.171875 0.90625
vt 0.171875 0.90625
vt 0.171875 0.90625
vt 0.171875 0.90625
vt 0.34375 0.875
vt 0.34375 0.875
vt 0.34375 0.875
vt 0.34375 0.875
vt 0.171875 0.90625
vt 0.171875 0.90625
vt 0.171875 0.90625
vt 0.171875 0.90625
vt 0.171875 0.90625
vt 0.171875 0.90625
vt 0.171875 0.90625
vt 0.171875 0.90625
vt 0.171875 0.90625
vt 0.171875 0.90625
vt 0.171875 0.90625
vt 0.171875 0.90625
vt 0.34375 0.875
vt 0.34375 0.875
vt 0.34375 0.875
vt 0.34375 0.875
vt 0.171875 0.90625
vt 0.171875 0.90625
vt 0.171875 0.90625
vt 0.171875 0.90625
vt 0.171875 0.90625
vt 0.171875 0.90625
vt 0.171875 0.90625
vt 0.171875 0.90625
vt 0.171875 0.90625
vt 0.171875 0.90625
vt 0.171875 0.90625
vt 0.171875 0.90625
vt 0.34375 0.875
vt 0.34375 0.875
vt 0.34375 0.875
vt 0.34375 0.875
vt 0.171875 0.90625
vt 0.171875 0.90625
vt 0.171875 0.90625
vt 0.171875 0.90625
vt 0.171875 0.90625
vt 0.171875 0.90625
vt 0.171875 0.90625
vt 0.171875 0.90625
vt 0.171875 0.90625
vt 0.171875 0.90625
vt 0.171875 0.90625
vt 0.171875 0.90625
vt 0.34375 0.875
vt 0.34375 0.875
vt 0.34375 0.875
vt 0.34375 0.875
vt 0.171875 0.90625
vt 0.171875 0.90625
vt 0.171875 0.90625
vt 0.171875 0.90625
vt 0.171875 0.90625
vt 0.171875 0.90625
vt 0.171875 0.90625
vt 0.171875 0.90625
vt 0.171875 0.90625
vt 0.171875 0.90625
vt 0.171875 0.90625
vt 0.171875 0.90625
vt 0.34375 0.875
vt 0.34375 0.875
vt 0.34375 0.875
vt 0.34375 0.875
vt 0.171875 0.90625
vt 0.171875 0.90625
vt 0.171875 0.90625
vt 0.171875 0.90625
vt 0.171875 0.90625
vt 0.171875 0.90625
vt 0.171875 0.90625
vt 0.171875 0.90625
vt 0.171875 0.90625
vt 0.171875 0.90625
vt 0.171875 0.90625
vt 0.171875 0.90625
vt 0.34375 0.875
vt 0.34375 0.875
vt 0.34375 0.875
vt 0.34375 0.875
vt 0.171875 0.90625
vt 0.171875 0.90625
vt 0.171875 0.90625
vt 0.171875 0.90625
vt 0.171875 0.90625
vt 0.171875 0.90625
vt 0.171875 0.90625
vt 0.171875 0.90625
vt 0.171875 0.90625
vt 0.171875 0.90625
vt 0.171875 0.90625
vt 0.171875 0.90625
vt 0.34375 0.875
vt 0.34375 0.875
vt 0.34375 0.875
vt 0.34375 0.875
vt 0.171875 0.90625
vt 0.171875 0.90625
vt 0.171875 0.90625
vt 0.171875 0.90625
vt 0.171875 0.90625
vt 0.171875 0.90625
vt 0.171875 0.90625
vt 0.171875 0.90625
vt 0.171875 0.90625
vt 0.171875 0.90625
vt 0.171875 0.90625
vt 0.171875 0.90625
vt 0.34375 0.875
vt 0.34375 0.875
vt 0.34375 0.875
vt 0.34375 0.875
vt 0.171875 0.90625
vt 0.171875 0.90625
vt 0.171875 0.90625
vt 0.171875 0.90625
vt 0.171875 0.90625
vt 0.171875 0.90625
vt 0.171875 0.90625
vt 0.171875 0.90625
vt 0.171875 0.90625
vt 0.171875 0.90625
vt 0.171875 0.90625
vt 0.171875 0.90625
vt 0.34375 0.875
vt 0.34375 0.875
vt 0.34375 0.875
vt 0.34375 0.875
vt 0.171875 0.90625
vt 0.171875 0.90625
vt 0.171875 0.90625
vt 0.171875 0.90625
vt 0.171875 0.90625
vt 0.171875 0.90625
vt 0.171875 0.90625
vt 0.171875 0.90625
vt 0.171875 0.90625
vt 0.171875 0.90625
vt 0.171875 0.90625
vt 0.171875 0.90625
vt 0.34375 0.875
vt 0.34375 0.875
vt 0.34375 0.875
vt 0.34375 0.875
vt 0.171875 0.90625
vt 0.171875 0.90625
vt 0.171875 0.90625
vt 0.171875 0.90625
vt 0.171875 0.90625
vt 0.171875 0.90625
vt 0.171875 0.90625
vt 0.171875 0.90625
vt 0.171875 0.90625
vt 0.171875 0.90625
vt 0.171875 0.90625
vt 0.171875 0.90625
vt 0.15625 0.359375
vt 0.15625 0.359375
vt 0.15625 0.359375
vt 0.15625 0.359375
vt 0.15625 0.359375
vt 0.15625 0.359375
vt 0.15625 0.359375
vt 0.15625 0.359375
vt 0.15625 0.359375
vt 0.15625 0.359375
vt 0.15625 0.359375
vt 0.15625 0.359375
vt 0.15625 0.359375
vt 0.15625 0.359375
vt 0.15625 0.359375
vt 0.15625 0.359375
vt 0.15625 0.359375
vt 0.15625 0.359375
vt 0.15625 0.359375
vt 0.15625 0.359375
vt 0.15625 0.359375
vt 0.15625 0.359375
vt 0.15625 0.359375
vt 0.15625 0.359375
vt 0.15625 0.359375
vt 0.15625 0.359375
vt 0.15625 0.359375
vt 0.15625 0.359375
vt 0.15625 0.359375
vt 0.15625 0.359375
vt 0.15625 0.359375
vt 0.15625 0.359375
vt 0.15625 0.359375
vt 0.15625 0.359375
vt 0.15625 0.359375
vt 0.15625 0.359375
vt 0.15625 0.359375
vt 0.15625 0.359375
vt 0.15625 0.359375
vt 0.15625 0.359375
vt 0.15625 0.359375
vt 0.15625 0.359375
vt 0.140625 0.375
vt 0.15625 0.375
vt 0.15625 0.375
vt 0.140625 0.375
vt 0.140625 0.359375
vt 0.15625 0.359375
vt 0.15625 0.359375
vt 0.140625 0.359375
vt 0.15625 0.359375
vt 0.15625 0.359375
vt 0.15625 0.359375
vt 0.15625 0.359375
vt 0.15625 0.359375
vt 0.15625 0.359375
vt 0.15625 0.359375
vt 0.15625 0.359375
vt 0.15625 0.359375
vt 0.15625 0.359375
vt 0.15625 0.359375
vt 0.15625 0.359375
vt 0.15625 0.359375
vt 0.15625 0.359375
vt 0.15625 0.359375
vt 0.15625 0.359375
vt 0.15625 0.359375
vt 0.15625 0.359375
vt 0.15625 0.359375
vt 0.15625 0.359375
vt 0.15625 0.359375
vt 0.15625 0.359375
vt 0.15625 0.359375
vt 0.15625 0.359375
vt 0.15625 0.359375
vt 0.15625 0.359375
vt 0.15625 0.359375
vt 0.15625 0.359375
vt 0.15625 0.359375
vt 0.15625 0.359375
vt 0.15625 0.359375
vt 0.15625 0.359375
vt 0.15625 0.359375
vt 0.15625 0.359375
vt 0.15625 0.359375
vt 0.15625 0.359375
vt 0.15625 0.359375
vt 0.15625 0.359375
vt 0.15625 0.359375
vt 0.15625 0.359375
vt 0.15625 0.359375
vt 0.15625 0.359375
vt 0.15625 0.359375
vt 0.15625 0.359375
vt 0.15625 0.359375
vt 0.15625 0.359375
vt 0.34375 0.875
vt 0.34375 0.875
vt 0.34375 0.875
vt 0.34375 0.875
vt 0.34375 0.875
vt 0.34375 0.875
vt 0.34375 0.875
vt 0.34375 0.875
vt 0.171875 0.90625
vt 0.171875 0.90625
vt 0.171875 0.90625
vt 0.171875 0.90625
vt 0.171875 0.90625
vt 0.171875 0.90625
vt 0.171875 0.90625
vt 0.171875 0.90625
vt 0.34375 0.875
vt 0.34375 0.875
vt 0.34375 0.875
vt 0.34375 0.875
vt 0.34375 0.875
vt 0.34375 0.875
vt 0.34375 0.875
vt 0.34375 0.875
vt 0.171875 0.90625
vt 0.171875 0.90625
vt 0.171875 0.90625
vt 0.171875 0.90625
vt 0.171875 0.90625
vt 0.171875 0.90625
vt 0.171875 0.90625
vt 0.171875 0.90625
vt 0.34375 0.875
vt 0.34375 0.875
vt 0.34375 0.875
vt 0.34375 0.875
vt 0.34375 0.875
vt 0.34375 0.875
vt 0.34375 0.875
vt 0.34375 0.875
vt 0.171875 0.90625
vt 0.171875 0.90625
vt 0.171875 0.90625
vt 0.171875 0.90625
vt 0.171875 0.90625
vt 0.171875 0.90625
vt 0.171875 0.90625
vt 0.171875 0.90625
vt 0.34375 0.875
vt 0.34375 0.875
vt 0.34375 0.875
vt 0.34375 0.875
vt 0.34375 0.875
vt 0.34375 0.875
vt 0.34375 0.875
vt 0.34375 0.875
vt 0.171875 0.90625
vt 0.171875 0.90625
vt 0.171875 0.90625
vt 0.171875 0.90625
vt 0.171875 0.90625
vt 0.171875 0.90625
vt 0.171875 0.90625
vt 0.171875 0.90625
vt 0.34375 0.875
vt 0.34375 0.875
vt 0.34375 0.875
vt 0.34375 0.875
vt 0.34375 0.875
vt 0.34375 0.875
vt 0.34375 0.875
vt 0.34375 0.875
vt 0.171875 0.90625
vt 0.171875 0.90625
vt 0.171875 0.90625
vt 0.171875 0.90625
vt 0.171875 0.90625
vt 0.171875 0.90625
vt 0.171875 0.90625
vt 0.171875 0.90625
vt 0.34375 0.875
vt 0.34375 0.875
vt 0.34375 0.875
vt 0.34375 0.875
vt 0.34375 0.875
vt 0.34375 0.875
vt 0.34375 0.875
vt 0.34375 0.875
vt 0.171875 0.90625
vt 0.171875 0.90625
vt 0.171875 0.90625
vt 0.171875 0.90625
vt 0.171875 0.90625
vt 0.171875 0.90625
vt 0.171875 0.90625
vt 0.171875 0.90625
vt 0.34375 0.875
vt 0.34375 0.875
vt 0.34375 0.875
vt 0.34375 0.875
vt 0.34375 0.875
vt 0.34375 0.875
vt 0.34375 0.875
vt 0.34375 0.875
vt 0.171875 0.90625
vt 0.171875 0.90625
vt 0.171875 0.90625
vt 0.171875 0.90625
vt 0.171875 0.90625
vt 0.171875 0.90625
vt 0.171875 0.90625
vt 0.171875 0.90625
vt 0.34375 0.875
vt 0.34375 0.875
vt 0.34375 0.875
vt 0.34375 0.875
vt 0.34375 0.875
vt 0.34375 0.875
vt 0.34375 0.875
vt 0.34375 0.875
vt 0.171875 0.90625
vt 0.171875 0.90625
vt 0.171875 0.90625
vt 0.171875 0.90625
vt 0.171875 0.90625
vt 0.171875 0.90625
vt 0.171875 0.90625
vt 0.171875 0.90625
vt 0.34375 0.875
vt 0.34375 0.875
vt 0.34375 0.875
vt 0.34375 0.875
vt 0.34375 0.875
vt 0.34375 0.875
vt 0.34375 0.875
vt 0.34375 0.875
vt 0.171875 0.90625
vt 0.171875 0.90625
vt 0.171875 0.90625
vt 0.171875 0.90625
vt 0.171875 0.90625
vt 0.171875 0.90625
vt 0.171875 0.90625
vt 0.171875 0.90625
vt 0.34375 0.875
vt 0.34375 0.875
vt 0.34375 0.875
vt 0.34375 0.875
vt 0.34375 0.875
vt 0.34375 0.875
vt 0.34375 0.875
vt 0.34375 0.875
vt 0.171875 0.90625
vt 0.171875 0.90625
vt 0.171875 0.90625
vt 0.171875 0.90625
vt 0.171875 0.90625
vt 0.171875 0.90625
vt 0.171875 0.90625
vt 0.171875 0.90625
vt 0.34375 0.875
vt 0.34375 0.875
vt 0.34375 0.875
vt 0.34375 0.875
vt 0.34375 0.875
vt 0.34375 0.875
vt 0.34375 0.875
vt 0.34375 0.875
vt 0.171875 0.90625
vt 0.171875 0.90625
vt 0.171875 0.90625
vt 0.171875 0.90625
vt 0.171875 0.90625
vt 0.171875 0.90625
vt 0.171875 0.90625
vt 0.171875 0.90625
vt 0.34375 0.875
vt 0.34375 0.875
vt 0.34375 0.875
vt 0.34375 0.875
vt 0.34375 0.875
vt 0.34375 0.875
vt 0.34375 0.875
vt 0.34375 0.875
vt 0.171875 0.90625
vt 0.171875 0.90625
vt 0.171875 0.90625
vt 0.171875 0.90625
vt 0.171875 0.90625
vt 0.171875 0.90625
vt 0.171875 0.90625
vt 0.171875 0.90625
vt 0.328125 0.84375
vt 0.328125 0.84375
vt 0.328125 0.84375
vt 0.328125 0.84375
vt 0.34375 0.828125
vt 0.34375 0.828125
vt 0.34375 0.828125
vt 0.34375 0.828125
vt 0.328125 0.84375
vt 0.328125 0.84375
vt 0.328125 0.84375
vt 0.328125 0.84375
vt 0.34375 0.828125
vt 0.34375 0.828125
vt 0.34375 0.828125
vt 0.34375 0.828125
vt 0.171875 0.90625
vt 0.171875 0.90625
vt 0.171875 0.90625
vt 0.171875 0.90625
vt 0.171875 0.90625
vt 0.171875 0.90625
vt 0.171875 0.90625
vt 0.171875 0.90625
vt 0.171875 0.90625
vt 0.171875 0.90625
vt 0.171875 0.90625
vt 0.171875 0.90625
vt 0.171875 0.90625
vt 0.171875 0.90625
vt 0.171875 0.90625
vt 0.171875 0.90625
vt 0.328125 0.84375
vt 0.328125 0.84375
vt 0.328125 0.84375
vt 0.328125 0.84375
vt 0.34375 0.828125
vt 0.34375 0.828125
vt 0.34375 0.828125
vt 0.34375 0.828125
vt 0.328125 0.84375
vt 0.328125 0.84375
vt 0.328125 0.84375
vt 0.328125 0.84375
vt 0.34375 0.828125
vt 0.34375 0.828125
vt 0.34375 0.828125
vt 0.34375 0.828125
vt 0.171875 0.90625
vt 0.171875 0.90625
vt 0.171875 0.90625
vt 0.171875 0.90625
vt 0.171875 0.90625
vt 0.171875 0.90625
vt 0.171875 0.90625
vt 0.171875 0.90625
vt 0.171875 0.90625
vt 0.171875 0.90625
vt 0.171875 0.90625
vt 0.171875 0.90625
vt 0.171875 0.90625
vt 0.171875 0.90625
vt 0.171875 0.90625
vt 0.171875 0.90625
vt 0.328125 0.84375
vt 0.328125 0.84375
vt 0.328125 0.84375
vt 0.328125 0.84375
vt 0.34375 0.828125
vt 0.34375 0.828125
vt 0.34375 0.828125
vt 0.34375 0.828125
vt 0.328125 0.84375
vt 0.328125 0.84375
vt 0.328125 0.84375
vt 0.328125 0.84375
vt 0.34375 0.828125
vt 0.34375 0.828125
vt 0.34375 0.828125
vt 0.34375 0.828125
vt 0.171875 0.90625
vt 0.171875 0.90625
vt 0.171875 0.90625
vt 0.171875 0.90625
vt 0.171875 0.90625
vt 0.171875 0.90625
vt 0.171875 0.90625
vt 0.171875 0.90625
vt 0.171875 0.90625
vt 0.171875 0.90625
vt 0.171875 0.90625
vt 0.171875 0.90625
vt 0.171875 0.90625
vt 0.171875 0.90625
vt 0.171875 0.90625
vt 0.171875 0.90625
vt 0.328125 0.84375
vt 0.328125 0.84375
vt 0.328125 0.84375
vt 0.328125 0.84375
vt 0.34375 0.828125
vt 0.34375 0.828125
vt 0.34375 0.828125
vt 0.34375 0.828125
vt 0.328125 0.84375
vt 0.328125 0.84375
vt 0.328125 0.84375
vt 0.328125 0.84375
vt 0.34375 0.828125
vt 0.34375 0.828125
vt 0.34375 0.828125
vt 0.34375 0.828125
vt 0.171875 0.90625
vt 0.171875 0.90625
vt 0.171875 0.90625
vt 0.171875 0.90625
vt 0.171875 0.90625
vt 0.171875 0.90625
vt 0.171875 0.90625
vt 0.171875 0.90625
vt 0.171875 0.90625
vt 0.171875 0.90625
vt 0.171875 0.90625
vt 0.171875 0.90625
vt 0.171875 0.90625
vt 0.171875 0.90625
vt 0.171875 0.921875
vt 0.171875 0.90625
vt 0.328125 0.84375
vt 0.328125 0.84375
vt 0.328125 0.84375
vt 0.328125 0.84375
vt 0.34375 0.828125
vt 0.34375 0.828125
vt 0.328125 0.84375
vt 0.34375 0.84375
vt 0.328125 0.84375
vt 0.328125 0.84375
vt 0.328125 0.84375
vt 0.328125 0.84375
vt 0.34375 0.828125
vt 0.34375 0.828125
vt 0.34375 0.828125
vt 0.328125 0.84375
vt 0.171875 0.90625
vt 0.171875 0.90625
vt 0.171875 0.90625
vt 0.171875 0.90625
vt 0.171875 0.90625
vt 0.171875 0.90625
vt 0.171875 0.90625
vt 0.171875 0.90625
vt 0.171875 0.90625
vt 0.171875 0.90625
vt 0.171875 0.90625
vt 0.171875 0.90625
vt 0.171875 0.90625
vt 0.171875 0.90625
vt 0.171875 0.90625
vt 0.171875 0.90625
vt 0.328125 0.84375
vt 0.328125 0.84375
vt 0.328125 0.84375
vt 0.328125 0.84375
vt 0.34375 0.828125
vt 0.34375 0.828125
vt 0.34375 0.828125
vt 0.34375 0.828125
vt 0.328125 0.84375
vt 0.328125 0.84375
vt 0.328125 0.84375
vt 0.328125 0.84375
vt 0.34375 0.828125
vt 0.34375 0.828125
vt 0.34375 0.828125
vt 0.34375 0.828125
vt 0.171875 0.90625
vt 0.171875 0.90625
vt 0.171875 0.90625
vt 0.171875 0.90625
vt 0.171875 0.90625
vt 0.171875 0.90625
vt 0.171875 0.90625
vt 0.171875 0.90625
vt 0.171875 0.90625
vt 0.171875 0.90625
vt 0.171875 0.90625
vt 0.171875 0.90625
vt 0.171875 0.90625
vt 0.171875 0.90625
vt 0.171875 0.90625
vt 0.171875 0.90625
vn 0.3826834910622171 0 0.9238795081981384
vn 0.6087614812692829 0 0.7933533001902928
vn 0.7933533402912352 0 0.6087614290087207
vn 0.9238795073027797 0 0.38268349322380424
vn 0.9914448530810469 0 0.13052625520982866
vn 0.9914448613738104 0 -0.13052619222005157
vn 0.9238795081981384 0 -0.3826834910622171
vn 0.7933533001902928 0 -0.6087614812692829
vn 0.6087614290087207 0 -0.7933533402912352
vn 0.38268349322380424 0 -0.9238795073027797
vn 0.13052625520982866 0 -0.9914448530810469
vn -0.13052619222005157 0 -0.9914448613738104
vn -0.3826834910622171 0 -0.9238795081981384
vn -0.6087614812692829 0 -0.7933533001902928
vn -0.7933533402912352 0 -0.6087614290087207
vn -0.9238795073027797 0 -0.38268349322380424
vn -0.9914448530810469 0 -0.13052625520982866
vn -0.9914448613738104 0 0.13052619222005157
vn -0.9238795081981384 0 0.3826834910622171
vn -0.7933533001902928 0 0.6087614812692829
vn -0.6087614290087207 0 0.7933533402912352
vn -0.38268349322380424 0 0.9238795073027797
vn -0.13052625520982866 0 0.9914448530810469
vn 0.13052619222005157 0 0.9914448613738104
vn 0 -1 0
vn 0 1 0
vn 0 -1 0
vn 0 1 0
vn 0 -1 0
vn 0 1 0
vn 0 -1 0
vn 0 1 0
vn 0 -1 0
vn 0 1 0
vn 0 -1 0
vn 0 1 0
vn 0 -1 0
vn 0 1 0
vn 0 -1 0
vn 0 1 0
vn 0 -1 0
vn 0 1 0
vn 0 -1 0
vn 0 1 0
vn 0 -1 0
vn 0 1 0
vn 0 -1 0
vn 0 1 0
vn 0 -1 0
vn 0 1 0
vn 0 -1 0
vn 0 1 0
vn 0 -1 0
vn 0 1 0
vn 0 -1 0
vn 0 1 0
vn 0 -1 0
vn 0 1 0
vn 0 -1 0
vn 0 1 0
vn 0 -1 0
vn 0 1 0
vn 0 -1 0
vn 0 1 0
vn 0 -1 0
vn 0 1 0
vn 0 -1 0
vn 0 1 0
vn 0 -1 0
vn 0 1 0
vn 0 -1 0
vn 0 1 0
vn -0.13430036723642422 -0.00991237908568387 0.9908910919475579
vn 0 1 0
vn -0.38815984815955756 -0.05590412466108752 0.9198949185220162
vn 0 1 0
vn -0.609991919051003 -0.12450793363180172 0.7825647788874819
vn 0 1 0
vn -0.7819258833790124 -0.19567534565319403 0.591864065479105
vn 0 1 0
vn -0.8958874004618064 -0.2502289669371945 0.3671120126055962
vn 0 1 0
vn -0.9530135680792693 -0.27572549096095345 0.1254615187663575
vn 0 1 0
vn -0.9558495186678845 -0.2672623955779454 -0.12215772416147756
vn 0 1 0
vn -0.9023377362172494 -0.22633248026734626 -0.36682450596213023
vn 0 1 0
vn -0.7875034919811943 -0.16139187765260865 -0.5948032548206091
vn 0 1 0
vn -0.6115642436033816 -0.08871761045328813 -0.7862050378503578
vn 0 1 0
vn -0.386039007679143 -0.029052679292164364 -0.9220248512789933
vn 0 1 0
vn -0.13052216709802147 1.5331256239287703e-7 -0.9914453912828547
vn 0 1 0
vn 0.13430036723642422 -0.00991237908568387 -0.9908910919475579
vn 0 1 0
vn 0.38815984815955756 -0.05590412466108752 -0.9198949185220162
vn 0 1 0
vn 0.609991919051003 -0.12450793363180172 -0.7825647788874819
vn 0 1 0
vn 0.7819258833790124 -0.19567534565319403 -0.591864065479105
vn 0 1 0
vn 0.8958874004618064 -0.2502289669371945 -0.3671120126055962
vn 0 1 0
vn 0.9530135680792693 -0.27572549096095345 -0.1254615187663575
vn 0 1 0
vn 0.9558495186678845 -0.2672623955779454 0.12215772416147756
vn 0 1 0
vn 0.9023377362172494 -0.22633248026734626 0.36682450596213023
vn 0 1 0
vn 0.7875034919811943 -0.16139187765260865 0.5948032548206091
vn 0 1 0
vn 0.6115642436033816 -0.08871761045328813 0.7862050378503578
vn 0 1 0
vn 0.386039007679143 -0.029052679292164364 0.9220248512789933
vn 0 1 0
vn 0.13052216709802147 1.5331256239287703e-7 0.9914453912828547
vn 0 1 0
vn -0.13840620607490556 -0.9323050161140671 -0.334142303590102
vn -0.04709793840494002 -0.9326310940335817 -0.35774435934019894
vn 0.047135295550541044 -0.9325201281893961 -0.3580285944376446
vn 0.13870772263248943 -0.9319991217754984 -0.3348698324600294
vn 0.2219032433194595 -0.9311971493387665 -0.2891899370096754
vn 0.29095875663618315 -0.9303212872553479 -0.2232606199406397
vn 0.3404936045268583 -0.929608880105797 -0.14103699977223635
vn 0.36626230972490337 -0.9292614352097851 -0.04821934784741188
vn 0.36596593531149396 -0.929380221580812 0.04818026490155594
vn 0.33974323888200947 -0.9299304407441364 0.14072635507032208
vn 0.2900872033477337 -0.930753636436312 0.2225917399960567
vn 0.22124201174939484 -0.9316216528378423 0.2883280565619095
vn 0.13840620607490556 -0.9323050161140671 0.334142303590102
vn 0.04709793840494002 -0.9326310940335817 0.35774435934019894
vn -0.047135295550541044 -0.9325201281893961 0.3580285944376446
vn -0.13870772263248943 -0.9319991217754984 0.3348698324600294
vn -0.2219032433194595 -0.9311971493387665 0.2891899370096754
vn -0.29095875663618315 -0.9303212872553479 0.2232606199406397
vn -0.3404936045268583 -0.929608880105797 0.14103699977223635
vn -0.36626230972490337 -0.9292614352097851 0.04821934784741188
vn -0.36596593531149396 -0.929380221580812 -0.04818026490155594
vn -0.33974323888200947 -0.9299304407441364 -0.14072635507032208
vn -0.2900872033477337 -0.930753636436312 -0.2225917399960567
vn -0.22124201174939484 -0.9316216528378423 -0.2883280565619095
vn 0.012337352128080452 0.9998387804276722 0.01304618317259692
vn -0.020599909288493624 -0.999595554060509 -0.019605408431596954
vn 0.024992617287654298 0.9996080773231619 0.012611932104346324
vn -0.03215797689585417 -0.999357184410329 -0.015845582647079134
vn 0.03546075763534628 0.99935541059775 0.005594459485047581
vn -0.03866447521284716 -0.9992330339244226 -0.006196956568240803
vn 0.039332842147105467 0.9992107811234332 -0.005544584324312194
vn -0.037360634290360455 -0.9992878734643591 0.005284785000487324
vn 0.03507475908393058 0.9992529974337028 -0.01622369855996747
vn -0.028728608239382048 -0.9994921676994833 0.01378672462973166
vn 0.024512291117137583 0.9994585550698772 -0.021948673805536844
vn -0.016320320971336448 -0.9997393074486189 0.015967600494396307
vn 0.012109216045193376 0.9997172789228197 -0.020462871497524293
vn -0.005260349403167715 -0.9999162541072597 0.01182427571831193
vn 0.002882470492129701 0.9999080091383241 -0.013253853209365734
vn 0.0005920053041414544 -0.9999872242282676 0.005020050793037759
vn -0.0005540199809083316 0.99998729361843 -0.005010555213607279
vn 0.001117559674309832 -0.9999991256474926 0.0007069403262191094
vn 0.0003294327490764334 0.9999996953985965 -0.0007075851740326912
vn -0.00012734394211210575 -0.9999976158696272 0.002179917104352331
vn 0.0010833759089929921 0.9999964531766449 -0.002433090785468985
vn 0.0015718449281104598 -0.9999600777577652 0.008796146554397992
vn -0.0026969141478852083 0.9999630867655407 -0.008157926232243658
vn 0.00890442358543755 -0.9998270189247564 0.016329221311682383
vn -0.012337352128080452 0.9998387804276722 -0.01304618317259692
vn 0.020599909288493624 -0.999595554060509 0.019605408431596954
vn -0.024992617287654298 0.9996080773231619 -0.012611932104346324
vn 0.03215797689585417 -0.999357184410329 0.015845582647079134
vn -0.03546075763534628 0.99935541059775 -0.005594459485047581
vn 0.03866447521284716 -0.9992330339244226 0.006196956568240803
vn -0.039332842147105467 0.9992107811234332 0.005544584324312194
vn 0.037360634290360455 -0.9992878734643591 -0.005284785000487324
vn -0.03507475908393058 0.9992529974337028 0.01622369855996747
vn 0.028728608239382048 -0.9994921676994833 -0.01378672462973166
vn -0.024512291117137583 0.9994585550698772 0.021948673805536844
vn 0.016320320971336448 -0.9997393074486189 -0.015967600494396307
vn -0.012109216045193376 0.9997172789228197 0.020462871497524293
vn 0.005260349403167715 -0.9999162541072597 -0.01182427571831193
vn -0.002882470492129701 0.9999080091383241 0.013253853209365734
vn -0.0005920053041414544 -0.9999872242282676 -0.005020050793037759
vn 0.0005540199809083316 0.99998729361843 0.005010555213607279
vn -0.001117559674309832 -0.9999991256474926 -0.0007069403262191094
vn -0.0003294327490764334 0.9999996953985965 0.0007075851740326912
vn 0.00012734394211210575 -0.9999976158696272 -0.002179917104352331
vn -0.0010833759089929921 0.9999964531766449 0.002433090785468985
vn -0.0015718449281104598 -0.9999600777577652 -0.008796146554397992
vn 0.0026969141478852083 0.9999630867655407 0.008157926232243658
vn -0.00890442358543755 -0.9998270189247564 -0.016329221311682383
vn 0.7933531907125989 0 -0.6087616239433451
vn -0.7933533001902928 0 0.6087614812692829
vn 0.6087614290087207 0 -0.7933533402912353
vn -0.6087614290087207 0 0.7933533402912352
vn 0.3826836593712778 0 -0.9238794384822123
vn -0.38268349322380424 0 0.9238795073027797
vn 0.13052602042139705 0 -0.9914448839915174
vn -0.13052625520982866 0 0.9914448530810469
vn -0.13052619222005157 0 -0.9914448613738104
vn 0.13052619222005157 0 0.9914448613738104
vn -0.3826832722742257 0 -0.9238795988230778
vn 0.3826834910622171 0 0.9238795081981384
vn -0.6087616239433451 0 -0.7933531907125989
vn 0.6087614812692829 0 0.7933533001902928
vn -0.7933533402912353 0 -0.6087614290087207
vn 0.7933533402912352 0 0.6087614290087207
vn -0.9238794384822123 0 -0.3826836593712778
vn 0.9238795073027797 0 0.38268349322380424
vn -0.9914448839915174 0 -0.13052602042139705
vn 0.9914448530810469 0 0.13052625520982866
vn -0.9914448613738104 0 0.13052619222005157
vn 0.9914448613738104 0 -0.13052619222005157
vn -0.9238795988230778 0 0.3826832722742257
vn 0.9238795081981384 0 -0.3826834910622171
vn -0.7933531907125989 0 0.6087616239433451
vn 0.7933533001902928 0 -0.6087614812692829
vn -0.6087614290087207 0 0.7933533402912353
vn 0.6087614290087207 0 -0.7933533402912352
vn -0.3826836593712778 0 0.9238794384822123
vn 0.38268349322380424 0 -0.9238795073027797
vn -0.13052602042139705 0 0.9914448839915174
vn 0.13052625520982866 0 -0.9914448530810469
vn 0.13052619222005157 0 0.9914448613738104
vn -0.13052619222005157 0 -0.9914448613738104
vn 0.3826832722742257 0 0.9238795988230778
vn -0.3826834910622171 0 -0.9238795081981384
vn 0.6087616239433451 0 0.7933531907125989
vn -0.6087614812692829 0 -0.7933533001902928
vn 0.7933533402912353 0 0.6087614290087207
vn -0.7933533402912352 0 -0.6087614290087207
vn 0.9238794384822123 0 0.3826836593712778
vn -0.9238795073027797 0 -0.38268349322380424
vn 0.9914448839915174 0 0.13052602042139705
vn -0.9914448530810469 0 -0.13052625520982866
vn 0.9914448613738104 0 -0.13052619222005157
vn -0.9914448613738104 0 0.13052619222005157
vn 0.9238795988230778 0 -0.3826832722742257
vn -0.9238795081981384 0 0.3826834910622171
usemtl m_ac30d9ed-7ab4-5fc0-6276-16d234bb48f3
f 1011/3985/1009 1013/3986/1009 1014/3987/1009 1012/3988/1009
f 1013/3989/1010 1015/3990/1010 1016/3991/1010 1014/3992/1010
f 1015/3993/1011 1017/3994/1011 1018/3995/1011 1016/3996/1011
f 1017/3997/1012 1019/3998/1012 1020/3999/1012 1018/4000/1012
f 1019/4001/1013 1021/4002/1013 1022/4003/1013 1020/4004/1013
f 1021/4005/1014 1023/4006/1014 1024/4007/1014 1022/4008/1014
f 1023/4009/1015 1025/4010/1015 1026/4011/1015 1024/4012/1015
f 1025/4013/1016 1027/4014/1016 1028/4015/1016 1026/4016/1016
f 1027/4017/1017 1029/4018/1017 1030/4019/1017 1028/4020/1017
f 1029/4021/1018 1031/4022/1018 1032/4023/1018 1030/4024/1018
f 1031/4025/1019 1033/4026/1019 1034/4027/1019 1032/4028/1019
f 1033/4029/1020 1035/4030/1020 1036/4031/1020 1034/4032/1020
f 1035/4033/1021 1037/4034/1021 1038/4035/1021 1036/4036/1021
f 1037/4037/1022 1039/4038/1022 1040/4039/1022 1038/4040/1022
f 1039/4041/1023 1041/4042/1023 1042/4043/1023 1040/4044/1023
f 1041/4045/1024 1043/4046/1024 1044/4047/1024 1042/4048/1024
f 1043/4049/1025 1045/4050/1025 1046/4051/1025 1044/4052/1025
f 1045/4053/1026 1047/4054/1026 1048/4055/1026 1046/4056/1026
f 1047/4057/1027 1049/4058/1027 1050/4059/1027 1048/4060/1027
f 1049/4061/1028 1051/4062/1028 1052/4063/1028 1050/4064/1028
f 1051/4065/1029 1053/4066/1029 1054/4067/1029 1052/4068/1029
f 1053/4069/1030 1055/4070/1030 1056/4071/1030 1054/4072/1030
f 1055/4073/1031 1057/4074/1031 1058/4075/1031 1056/4076/1031
f 1057/4077/1032 1011/4078/1032 1012/4079/1032 1058/4080/1032
f 1214/4081/1033 1213/4082/1033 1215/4083/1033 1216/4084/1033
f 1062/4085/1034 1061/4086/1034 1012/4087/1034 1014/4088/1034
f 1216/4089/1035 1215/4090/1035 1217/4091/1035 1218/4092/1035
f 1064/4093/1036 1062/4094/1036 1014/4095/1036 1016/4096/1036
f 1218/4097/1037 1217/4098/1037 1219/4099/1037 1220/4100/1037
f 1066/4101/1038 1064/4102/1038 1016/4103/1038 1018/4104/1038
f 1220/4105/1039 1219/4106/1039 1221/4107/1039 1222/4108/1039
f 1068/4109/1040 1066/4110/1040 1018/4111/1040 1020/4112/1040
f 1222/4113/1041 1221/4114/1041 1223/4115/1041 1224/4116/1041
f 1070/4117/1042 1068/4118/1042 1020/4119/1042 1022/4120/1042
f 1224/4121/1043 1223/4122/1043 1225/4123/1043 1226/4124/1043
f 1072/4125/1044 1070/4126/1044 1022/4127/1044 1024/4128/1044
f 1226/4129/1045 1225/4130/1045 1227/4131/1045 1228/4132/1045
f 1074/4133/1046 1072/4134/1046 1024/4135/1046 1026/4136/1046
f 1228/4137/1047 1227/4138/1047 1229/4139/1047 1230/4140/1047
f 1076/4141/1048 1074/4142/1048 1026/4143/1048 1028/4144/1048
f 1230/4145/1049 1229/4146/1049 1231/4147/1049 1232/4148/1049
f 1078/4149/1050 1076/4150/1050 1028/4151/1050 1030/4152/1050
f 1232/4153/1051 1231/4154/1051 1233/4155/1051 1234/4156/1051
f 1080/4157/1052 1078/4158/1052 1030/4159/1052 1032/4160/1052
f 1234/4161/1053 1233/4162/1053 1235/4163/1053 1236/4164/1053
f 1082/4165/1054 1080/4166/1054 1032/4167/1054 1034/4168/1054
f 1236/4169/1055 1235/4170/1055 1237/4171/1055 1238/4172/1055
f 1084/4173/1056 1082/4174/1056 1034/4175/1056 1036/4176/1056
f 1238/4177/1057 1237/4178/1057 1239/4179/1057 1240/4180/1057
f 1086/4181/1058 1084/4182/1058 1036/4183/1058 1038/4184/1058
f 1240/4185/1059 1239/4186/1059 1241/4187/1059 1242/4188/1059
f 1088/4189/1060 1086/4190/1060 1038/4191/1060 1040/4192/1060
f 1242/4193/1061 1241/4194/1061 1243/4195/1061 1244/4196/1061
f 1090/4197/1062 1088/4198/1062 1040/4199/1062 1042/4200/1062
f 1244/4201/1063 1243/4202/1063 1245/4203/1063 1246/4204/1063
f 1092/4205/1064 1090/4206/1064 1042/4207/1064 1044/4208/1064
f 1246/4209/1065 1245/4210/1065 1247/4211/1065 1248/4212/1065
f 1094/4213/1066 1092/4214/1066 1044/4215/1066 1046/4216/1066
f 1248/4217/1067 1247/4218/1067 1249/4219/1067 1250/4220/1067
f 1096/4221/1068 1094/4222/1068 1046/4223/1068 1048/4224/1068
f 1250/4225/1069 1249/4226/1069 1205/4227/1069 1203/4228/1069
f 1098/4229/1070 1096/4230/1070 1048/4231/1070 1050/4232/1070
f 1203/4233/1071 1205/4234/1071 1204/4235/1071 1206/4236/1071
f 1100/4237/1072 1098/4238/1072 1050/4239/1072 1052/4240/1072
f 1206/4241/1073 1204/4242/1073 1207/4243/1073 1208/4244/1073
f 1102/4245/1074 1100/4246/1074 1052/4247/1074 1054/4248/1074
f 1208/4249/1075 1207/4250/1075 1209/4251/1075 1210/4252/1075
f 1104/4253/1076 1102/4254/1076 1054/4255/1076 1056/4256/1076
f 1210/4257/1077 1209/4258/1077 1211/4259/1077 1212/4260/1077
f 1106/4261/1078 1104/4262/1078 1056/4263/1078 1058/4264/1078
f 1212/4265/1079 1211/4266/1079 1213/4267/1079 1214/4268/1079
f 1061/4269/1080 1106/4270/1080 1058/4271/1080 1012/4272/1080
f 1195/4273/1081 1197/4274/1081 1198/4275/1081 1196/4276/1081
f 1107/4277/1082 1130/4278/1082 1080/4279/1082 1082/4280/1082
f 1193/4281/1083 1195/4282/1083 1196/4283/1083 1194/4284/1083
f 1130/4285/1084 1108/4286/1084 1078/4287/1084 1080/4288/1084
f 1191/4289/1085 1193/4290/1085 1194/4291/1085 1192/4292/1085
f 1108/4293/1086 1109/4294/1086 1076/4295/1086 1078/4296/1086
f 1189/4297/1087 1191/4298/1087 1192/4299/1087 1190/4300/1087
f 1109/4301/1088 1110/4302/1088 1074/4303/1088 1076/4304/1088
f 1187/4305/1089 1189/4306/1089 1190/4307/1089 1188/4308/1089
f 1110/4309/1090 1111/4310/1090 1072/4311/1090 1074/4312/1090
f 1185/4313/1091 1187/4314/1091 1188/4315/1091 1186/4316/1091
f 1111/4317/1092 1112/4318/1092 1070/4319/1092 1072/4320/1092
f 1183/4321/1093 1185/4322/1093 1186/4323/1093 1184/4324/1093
f 1112/4325/1094 1113/4326/1094 1068/4327/1094 1070/4328/1094
f 1181/4329/1095 1183/4330/1095 1184/4331/1095 1182/4332/1095
f 1113/4333/1096 1114/4334/1096 1066/4335/1096 1068/4336/1096
f 1179/4337/1097 1181/4338/1097 1182/4339/1097 1180/4340/1097
f 1114/4341/1098 1115/4342/1098 1064/4343/1098 1066/4344/1098
f 1177/4345/1099 1179/4346/1099 1180/4347/1099 1178/4348/1099
f 1115/4349/1100 1116/4350/1100 1062/4351/1100 1064/4352/1100
f 1175/4353/1101 1177/4354/1101 1178/4355/1101 1176/4356/1101
f 1116/4357/1102 1117/4358/1102 1061/4359/1102 1062/4360/1102
f 1173/4361/1103 1175/4362/1103 1176/4363/1103 1174/4364/1103
f 1117/4365/1104 1118/4366/1104 1106/4367/1104 1061/4368/1104
f 1171/4369/1105 1173/4370/1105 1174/4371/1105 1172/4372/1105
f 1118/4373/1106 1119/4374/1106 1104/4375/1106 1106/4376/1106
f 1169/4377/1107 1171/4378/1107 1172/4379/1107 1170/4380/1107
f 1119/4381/1108 1120/4382/1108 1102/4383/1108 1104/4384/1108
f 1167/4385/1109 1169/4386/1109 1170/4387/1109 1168/4388/1109
f 1120/4389/1110 1121/4390/1110 1100/4391/1110 1102/4392/1110
f 1165/4393/1111 1167/4394/1111 1168/4395/1111 1166/4396/1111
f 1121/4397/1112 1122/4398/1112 1098/4399/1112 1100/4400/1112
f 1163/4401/1113 1165/4402/1113 1166/4403/1113 1164/4404/1113
f 1122/4405/1114 1123/4406/1114 1096/4407/1114 1098/4408/1114
f 1161/4409/1115 1163/4410/1115 1164/4411/1115 1162/4412/1115
f 1123/4413/1116 1124/4414/1116 1094/4415/1116 1096/4416/1116
f 1159/4417/1117 1161/4418/1117 1162/4419/1117 1160/4420/1117
f 1124/4421/1118 1125/4422/1118 1092/4423/1118 1094/4424/1118
f 1156/4425/1119 1159/4426/1119 1160/4427/1119 1157/4428/1119
f 1125/4429/1120 1126/4430/1120 1090/4431/1120 1092/4432/1120
f 1155/4433/1121 1156/4434/1121 1157/4435/1121 1158/4436/1121
f 1126/4437/1122 1127/4438/1122 1088/4439/1122 1090/4440/1122
f 1201/4441/1123 1155/4442/1123 1158/4443/1123 1202/4444/1123
f 1127/4445/1124 1129/4446/1124 1086/4447/1124 1088/4448/1124
f 1199/4449/1125 1201/4450/1125 1202/4451/1125 1200/4452/1125
f 1129/4453/1126 1128/4454/1126 1084/4455/1126 1086/4456/1126
f 1197/4457/1127 1199/4458/1127 1200/4459/1127 1198/4460/1127
f 1128/4461/1128 1107/4462/1128 1082/4463/1128 1084/4464/1128
f 1059/4465/1129 1131/4466/1129 1132/4467/1129 1060/4468/1129
f 1060/4469/1130 1132/4470/1130 1133/4471/1130 1105/4472/1130
f 1105/4473/1131 1133/4474/1131 1134/4475/1131 1103/4476/1131
f 1103/4477/1132 1134/4478/1132 1135/4479/1132 1101/4480/1132
f 1101/4481/1133 1135/4482/1133 1136/4483/1133 1099/4484/1133
f 1099/4485/1134 1136/4486/1134 1137/4487/1134 1097/4488/1134
f 1097/4489/1135 1137/4490/1135 1138/4491/1135 1095/4492/1135
f 1095/4493/1136 1138/4494/1136 1139/4495/1136 1093/4496/1136
f 1093/4497/1137 1139/4498/1137 1140/4499/1137 1091/4500/1137
f 1091/4501/1138 1140/4502/1138 1141/4503/1138 1089/4504/1138
f 1089/4505/1139 1141/4506/1139 1142/4507/1139 1087/4508/1139
f 1087/4509/1140 1142/4510/1140 1143/4511/1140 1085/4512/1140
f 1085/4513/1141 1143/4514/1141 1144/4515/1141 1083/4516/1141
f 1083/4517/1142 1144/4518/1142 1145/4519/1142 1081/4520/1142
f 1081/4521/1143 1145/4522/1143 1146/4523/1143 1079/4524/1143
f 1079/4525/1144 1146/4526/1144 1147/4527/1144 1077/4528/1144
f 1077/4529/1145 1147/4530/1145 1148/4531/1145 1075/4532/1145
f 1075/4533/1146 1148/4534/1146 1149/4535/1146 1073/4536/1146
f 1073/4537/1147 1149/4538/1147 1150/4539/1147 1071/4540/1147
f 1071/4541/1148 1150/4542/1148 1151/4543/1148 1069/4544/1148
f 1069/4545/1149 1151/4546/1149 1152/4547/1149 1067/4548/1149
f 1067/4549/1150 1152/4550/1150 1153/4551/1150 1065/4552/1150
f 1065/4553/1151 1153/4554/1151 1154/4555/1151 1063/4556/1151
f 1063/4557/1152 1154/4558/1152 1131/4559/1152 1059/4560/1152
f 1156/4561/1153 1155/4562/1153 1127/4563/1153 1126/4564/1153
f 1158/4565/1154 1157/4566/1154 1089/4567/1154 1087/4568/1154
f 1159/4569/1155 1156/4570/1155 1126/4571/1155 1125/4572/1155
f 1157/4573/1156 1160/4574/1156 1091/4575/1156 1089/4576/1156
f 1161/4577/1157 1159/4578/1157 1125/4579/1157 1124/4580/1157
f 1160/4581/1158 1162/4582/1158 1093/4583/1158 1091/4584/1158
f 1163/4585/1159 1161/4586/1159 1124/4587/1159 1123/4588/1159
f 1162/4589/1160 1164/4590/1160 1095/4591/1160 1093/4592/1160
f 1165/4593/1161 1163/4594/1161 1123/4595/1161 1122/4596/1161
f 1164/4597/1162 1166/4598/1162 1097/4599/1162 1095/4600/1162
f 1167/4601/1163 1165/4602/1163 1122/4603/1163 1121/4604/1163
f 1166/4605/1164 1168/4606/1164 1099/4607/1164 1097/4608/1164
f 1169/4609/1165 1167/4610/1165 1121/4611/1165 1120/4612/1165
f 1168/4613/1166 1170/4614/1166 1101/4615/1166 1099/4616/1166
f 1171/4617/1167 1169/4618/1167 1120/4619/1167 1119/4620/1167
f 1170/4621/1168 1172/4622/1168 1103/4623/1168 1101/4624/1168
f 1173/4625/1169 1171/4626/1169 1119/4627/1169 1118/4628/1169
f 1172/4629/1170 1174/4630/1170 1105/4631/1170 1103/4632/1170
f 1175/4633/1171 1173/4634/1171 1118/4635/1171 1117/4636/1171
f 1174/4637/1172 1176/4638/1172 1060/4639/1172 1105/4640/1172
f 1177/4641/1173 1175/4642/1173 1117/4643/1173 1116/4644/1173
f 1176/4645/1174 1178/4646/1174 1059/4647/1174 1060/4648/1174
f 1179/4649/1175 1177/4650/1175 1116/4651/1175 1115/4652/1175
f 1178/4653/1176 1180/4654/1176 1063/4655/1176 1059/4656/1176
f 1181/4657/1177 1179/4658/1177 1115/4659/1177 1114/4660/1177
f 1180/4661/1178 1182/4662/1178 1065/4663/1178 1063/4664/1178
f 1183/4665/1179 1181/4666/1179 1114/4667/1179 1113/4668/1179
f 1182/4669/1180 1184/4670/1180 1067/4671/1180 1065/4672/1180
f 1185/4673/1181 1183/4674/1181 1113/4675/1181 1112/4676/1181
f 1184/4677/1182 1186/4678/1182 1069/4679/1182 1067/4680/1182
f 1187/4681/1183 1185/4682/1183 1112/4683/1183 1111/4684/1183
f 1186/4685/1184 1188/4686/1184 1071/4687/1184 1069/4688/1184
f 1189/4689/1185 1187/4690/1185 1111/4691/1185 1110/4692/1185
f 1188/4693/1186 1190/4694/1186 1073/4695/1186 1071/4696/1186
f 1191/4697/1187 1189/4698/1187 1110/4699/1187 1109/4700/1187
f 1190/4701/1188 1192/4702/1188 1075/4703/1188 1073/4704/1188
f 1193/4705/1189 1191/4706/1189 1109/4707/1189 1108/4708/1189
f 1192/4709/1190 1194/4710/1190 1077/4711/1190 1075/4712/1190
f 1195/4713/1191 1193/4714/1191 1108/4715/1191 1130/4716/1191
f 1194/4717/1192 1196/4718/1192 1079/4719/1192 1077/4720/1192
f 1197/4721/1193 1195/4722/1193 1130/4723/1193 1107/4724/1193
f 1196/4725/1194 1198/4726/1194 1081/4727/1194 1079/4728/1194
f 1199/4729/1195 1197/4730/1195 1107/4731/1195 1128/4732/1195
f 1198/4733/1196 1200/4734/1196 1083/4735/1196 1081/4736/1196
f 1201/4737/1197 1199/4738/1197 1128/4739/1197 1129/4740/1197
f 1200/4741/1198 1202/4742/1198 1085/4743/1198 1083/4744/1198
f 1155/4745/1199 1201/4746/1199 1129/4747/1199 1127/4748/1199
f 1202/4749/1200 1158/4750/1200 1087/4751/1200 1085/4752/1200
f 1204/4753/1201 1205/4754/1201 1137/4755/1201 1136/4756/1201
f 1203/4757/1202 1206/4758/1202 1051/4759/1202 1049/4760/1202
f 1207/4761/1203 1204/4762/1203 1136/4763/1203 1135/4764/1203
f 1206/4765/1204 1208/4766/1204 1053/4767/1204 1051/4768/1204
f 1209/4769/1205 1207/4770/1205 1135/4771/1205 1134/4772/1205
f 1208/4773/1206 1210/4774/1206 1055/4775/1206 1053/4776/1206
f 1211/4777/1207 1209/4778/1207 1134/4779/1207 1133/4780/1207
f 1210/4781/1208 1212/4782/1208 1057/4783/1208 1055/4784/1208
f 1213/4785/1209 1211/4786/1209 1133/4787/1209 1132/4788/1209
f 1212/4789/1210 1214/4790/1210 1011/4791/1210 1057/4792/1210
f 1215/4793/1211 1213/4794/1211 1132/4795/1211 1131/4796/1211
f 1214/4797/1212 1216/4798/1212 1013/4799/1212 1011/4800/1212
f 1217/4801/1213 1215/4802/1213 1131/4803/1213 1154/4804/1213
f 1216/4805/1214 1218/4806/1214 1015/4807/1214 1013/4808/1214
f 1219/4809/1215 1217/4810/1215 1154/4811/1215 1153/4812/1215
f 1218/4813/1216 1220/4814/1216 1017/4815/1216 1015/4816/1216
f 1221/4817/1217 1219/4818/1217 1153/4819/1217 1152/4820/1217
f 1220/4821/1218 1222/4822/1218 1019/4823/1218 1017/4824/1218
f 1223/4825/1219 1221/4826/1219 1152/4827/1219 1151/4828/1219
f 1222/4829/1220 1224/4830/1220 1021/4831/1220 1019/4832/1220
f 1225/4833/1221 1223/4834/1221 1151/4835/1221 1150/4836/1221
f 1224/4837/1222 1226/4838/1222 1023/4839/1222 1021/4840/1222
f 1227/4841/1223 1225/4842/1223 1150/4843/1223 1149/4844/1223
f 1226/4845/1224 1228/4846/1224 1025/4847/1224 1023/4848/1224
f 1229/4849/1225 1227/4850/1225 1149/4851/1225 1148/4852/1225
f 1228/4853/1226 1230/4854/1226 1027/4855/1226 1025/4856/1226
f 1231/4857/1227 1229/4858/1227 1148/4859/1227 1147/4860/1227
f 1230/4861/1228 1232/4862/1228 1029/4863/1228 1027/4864/1228
f 1233/4865/1229 1231/4866/1229 1147/4867/1229 1146/4868/1229
f 1232/4869/1230 1234/4870/1230 1031/4871/1230 1029/4872/1230
f 1235/4873/1231 1233/4874/1231 1146/4875/1231 1145/4876/1231
f 1234/4877/1232 1236/4878/1232 1033/4879/1232 1031/4880/1232
f 1237/4881/1233 1235/4882/1233 1145/4883/1233 1144/4884/1233
f 1236/4885/1234 1238/4886/1234 1035/4887/1234 1033/4888/1234
f 1239/4889/1235 1237/4890/1235 1144/4891/1235 1143/4892/1235
f 1238/4893/1236 1240/4894/1236 1037/4895/1236 1035/4896/1236
f 1241/4897/1237 1239/4898/1237 1143/4899/1237 1142/4900/1237
f 1240/4901/1238 1242/4902/1238 1039/4903/1238 1037/4904/1238
f 1243/4905/1239 1241/4906/1239 1142/4907/1239 1141/4908/1239
f 1242/4909/1240 1244/4910/1240 1041/4911/1240 1039/4912/1240
f 1245/4913/1241 1243/4914/1241 1141/4915/1241 1140/4916/1241
f 1244/4917/1242 1246/4918/1242 1043/4919/1242 1041/4920/1242
f 1247/4921/1243 1245/4922/1243 1140/4923/1243 1139/4924/1243
f 1246/4925/1244 1248/4926/1244 1045/4927/1244 1043/4928/1244
f 1249/4929/1245 1247/4930/1245 1139/4931/1245 1138/4932/1245
f 1248/4933/1246 1250/4934/1246 1047/4935/1246 1045/4936/1246
f 1205/4937/1247 1249/4938/1247 1138/4939/1247 1137/4940/1247
f 1250/4941/1248 1203/4942/1248 1049/4943/1248 1047/4944/1248
o CircleBorder
v 2.2434190267947067 4.125 8.372553411973078
v 2.2434190267947067 4.90625 8.372553411973078
v 4.3339526097042365 4.125 7.5066258937289465
v 4.3339526097042365 4.90625 7.5066258937289465
v 6.129134402103633 4.125 6.129134268211568
v 6.129134402103633 4.90625 6.129134268211568
v 7.506625795716375 4.125 4.33395253318505
v 7.506625795716375 4.90625 4.33395253318505
v 8.372553295006277 4.125 2.243419009869447
v 8.372553295006277 4.90625 2.243419009869447
v 8.667905142889287 4.125 9.80125705041246e-8
v 8.667905142889287 4.90625 9.80125705041246e-8
v 8.372553411973078 4.125 -2.2434190267947067
v 8.372553411973078 4.90625 -2.2434190267947067
v 7.5066258937289465 4.125 -4.3339526097042365
v 7.5066258937289465 4.90625 -4.3339526097042365
v 6.129134268211568 4.125 -6.129134402103633
v 6.129134268211568 4.90625 -6.129134402103633
v 4.33395253318505 4.125 -7.506625795716375
v 4.33395253318505 4.90625 -7.506625795716375
v 2.243419009869447 4.125 -8.372553295006277
v 2.243419009869447 4.90625 -8.372553295006277
v 9.80125705041246e-8 4.125 -8.667905142889287
v 9.80125705041246e-8 4.90625 -8.667905142889287
v -2.2434190267947067 4.125 -8.372553411973078
v -2.2434190267947067 4.90625 -8.372553411973078
v -4.3339526097042365 4.125 -7.5066258937289465
v -4.3339526097042365 4.90625 -7.5066258937289465
v -6.129134402103633 4.125 -6.129134268211568
v -6.129134402103633 4.90625 -6.129134268211568
v -7.506625795716375 4.125 -4.33395253318505
v -7.506625795716375 4.90625 -4.33395253318505
v -8.372553295006277 4.125 -2.243419009869447
v -8.372553295006277 4.90625 -2.243419009869447
v -8.667905142889287 4.125 -9.80125705041246e-8
v -8.667905142889287 4.90625 -9.80125705041246e-8
v -8.372553411973078 4.125 2.2434190267947067
v -8.372553411973078 4.90625 2.2434190267947067
v -7.5066258937289465 4.125 4.3339526097042365
v -7.5066258937289465 4.90625 4.3339526097042365
v -6.129134268211568 4.125 6.129134402103633
v -6.129134268211568 4.90625 6.129134402103633
v -4.33395253318505 4.125 7.506625795716375
v -4.33395253318505 4.90625 7.506625795716375
v -2.243419009869447 4.125 8.372553295006277
v -2.243419009869447 4.90625 8.372553295006277
v -9.80125705041246e-8 4.125 8.667905142889287
v -9.80125705041246e-8 4.90625 8.667905142889287
v 3.9530497130733226 4.4375 6.846883472066652
v 2.0462488898878597 4.4375 7.63670587648923
v 5.5904568252947495 4.4375 5.590456607658731
v 6.846883115295598 4.4375 3.953049987424882
v 7.636706127241376 4.4375 2.046248968293591
v 7.906099617597312 4.4375 -2.729237313925381e-7
v 7.63670587648923 4.4375 -2.0462488898878597
v 6.846883472066652 4.4375 -3.9530497130733226
v 5.590456607658731 4.4375 -5.5904568252947495
v 3.953049987424882 4.4375 -6.846883115295598
v 2.046248968293591 4.4375 -7.636706127241376
v -2.729237313925381e-7 4.4375 -7.906099617597312
v -2.0462488898878597 4.4375 -7.63670587648923
v -3.9530497130733226 4.4375 -6.846883472066652
v -5.5904568252947495 4.4375 -5.590456607658731
v -6.846883115295598 4.4375 -3.953049987424882
v -7.636706127241376 4.4375 -2.046248968293591
v -7.906099617597312 4.4375 2.729237313925381e-7
v -7.63670587648923 4.4375 2.0462488898878597
v -6.846883472066652 4.4375 3.9530497130733226
v -5.590456607658731 4.4375 5.5904568252947495
v -3.953049987424882 4.4375 6.846883115295598
v -2.046248968293591 4.4375 7.636706127241376
v 2.729237313925381e-7 4.4375 7.906099617597312
v 4.077828447781263 4.125 7.063006258984724
v 2.110839240031816 4.125 7.877759728866549
v 1.1348121198295757e-7 4.125 8.155656971882133
v -2.110839277384632 4.125 7.877759821741322
v -4.077828571166275 4.125 7.063006014968691
v -5.76692022421226 4.125 5.766920404416512
v -7.063006258984724 4.125 4.077828447781263
v -7.877759728866549 4.125 2.110839240031816
v -8.155656971882133 4.125 1.1348121198295757e-7
v -7.877759821741322 4.125 -2.110839277384632
v -7.063006014968691 4.125 -4.077828571166275
v -5.766920404416512 4.125 -5.76692022421226
v -4.077828447781263 4.125 -7.063006258984724
v -2.110839240031816 4.125 -7.877759728866549
v -1.1348121198295757e-7 4.125 -8.155656971882133
v 2.110839277384632 4.125 -7.877759821741322
v 4.077828571166275 4.125 -7.063006014968691
v 5.76692022421226 4.125 -5.766920404416512
v 7.063006258984724 4.125 -4.077828447781263
v 7.877759728866549 4.125 -2.110839240031816
v 8.155656971882133 4.125 -1.1348121198295757e-7
v 7.877759821741322 4.125 2.110839277384632
v 7.063006014968691 4.125 4.077828571166275
v 5.766920404416512 4.125 5.76692022421226
v -6.765254543529113 4.902006322509843 3.9059212334627835
v -6.7928817957698024 4.433256322509843 3.9218718337597815
v -7.576474833118955 4.4332563226500925 2.0301100356200386
v -7.54566063854438 4.9020063226500925 2.0218533982084637
v -7.84374385441098 4.433256322650093 2.6793711249695207e-7
v -7.811842653044479 4.902006322650093 2.6683586229481193e-7
v -7.576475084491094 4.433256322509843 -2.0301101117488045
v -7.54566088890473 4.902006322509843 -2.021853474020861
v -6.792881441486603 4.433256322601631 -3.921872103789756
v -6.765254190685489 4.902006322601631 -3.905921502385745
v -5.546364640633364 4.433256322601631 -5.546364426334545
v -5.523807084121235 4.902006322601631 -5.523806870700582
v -3.9218718337597815 4.433256322509843 -6.7928817957698024
v -3.9059212334627835 4.902006322509843 -6.765254543529113
v -2.0301100356200386 4.4332563226500925 -7.576474833118955
v -2.0218533982084637 4.9020063226500925 -7.54566063854438
v -2.6793711249695207e-7 4.433256322650093 -7.84374385441098
v -2.6683586229481193e-7 4.902006322650093 -7.811842653044479
v 2.0301101117488045 4.433256322509843 -7.576475084491094
v 2.021853474020861 4.902006322509843 -7.54566088890473
v 3.921872103789756 4.433256322601631 -6.792881441486603
v 3.905921502385745 4.902006322601631 -6.765254190685489
v 5.546364426334545 4.433256322601631 -5.546364640633364
v 5.523806870700582 4.902006322601631 -5.523807084121235
v 6.7928817957698024 4.433256322509843 -3.9218718337597815
v 6.765254543529113 4.902006322509843 -3.9059212334627835
v 7.576474833118955 4.4332563226500925 -2.0301100356200386
v 7.54566063854438 4.9020063226500925 -2.0218533982084637
v 7.84374385441098 4.433256322650093 -2.6793711249695207e-7
v 7.811842653044479 4.902006322650093 -2.6683586229481193e-7
v 7.576475084491094 4.433256322509843 2.0301101117488045
v 7.54566088890473 4.902006322509843 2.021853474020861
v 6.792881441486603 4.433256322601631 3.921872103789756
v 6.765254190685489 4.902006322601631 3.905921502385745
v 5.546364640633364 4.433256322601631 5.546364426334545
v 5.523807084121235 4.902006322601631 5.523806870700582
v 3.9218718337597815 4.433256322509843 6.7928817957698024
v 3.9059212334627835 4.902006322509843 6.765254543529113
v 2.0301100356200386 4.4332563226500925 7.576474833118955
v 2.0218533982084637 4.9020063226500925 7.54566063854438
v 2.6793711249695207e-7 4.433256322650093 7.84374385441098
v 2.6683586229481193e-7 4.902006322650093 7.811842653044479
v -2.0301101117488045 4.433256322509843 7.576475084491094
v -2.021853474020861 4.902006322509843 7.54566088890473
v -3.921872103789756 4.433256322601631 6.792881441486603
v -3.905921502385745 4.902006322601631 6.765254190685489
v -5.546364426334545 4.433256322601631 5.546364640633364
v -5.523806870700582 4.902006322601631 5.523807084121235
v -8.170212625234875 4.905189080662524 -6.572267396975917e-9
v -7.891819379286346 4.905189080662523 2.1146066362961724
v -8.025858275505682 4.90306724198757 1.756237539840555e-7
v -7.752383831901554 4.90306724198757 2.0772448053550248
v -7.075611659458115 4.90518908062746 4.085106317865066
v -6.950597381079072 4.903067241882382 4.012929077523147
v -5.777212568900774 4.905189080650407 5.77721271751497
v -5.675138720078328 4.903067241951224 5.675138913616836
v -4.085106327376182 4.905189080650407 7.075611503164435
v -4.012929260085572 4.903067241951224 6.9505970919432105
v -2.114606642345296 4.90518908062746 7.891819354994757
v -2.077244857983007 4.903067241882382 7.752383990430117
v -6.572267396975917e-9 4.905189080662524 8.170212625234875
v 1.756237539840555e-7 4.90306724198757 8.025858275505682
v 2.1146066362961724 4.905189080662523 7.891819379286346
v 2.0772448053550248 4.90306724198757 7.752383831901554
v 4.085106317865066 4.90518908062746 7.075611659458115
v 4.012929077523147 4.903067241882382 6.950597381079072
v 5.77721271751497 4.905189080650407 5.777212568900774
v 5.675138913616836 4.903067241951224 5.675138720078328
v 7.075611503164435 4.905189080650407 4.085106327376182
v 6.9505970919432105 4.903067241951224 4.012929260085572
v 7.891819354994757 4.90518908062746 2.114606642345296
v 7.752383990430117 4.903067241882382 2.077244857983007
v 8.170212625234875 4.905189080662524 6.572267396975917e-9
v 8.025858275505682 4.90306724198757 -1.756237539840555e-7
v 7.891819379286346 4.905189080662523 -2.1146066362961724
v 7.752383831901554 4.90306724198757 -2.0772448053550248
v 7.075611659458115 4.90518908062746 -4.085106317865066
v 6.950597381079072 4.903067241882382 -4.012929077523147
v 5.777212568900774 4.905189080650407 -5.77721271751497
v 5.675138720078328 4.903067241951224 -5.675138913616836
v 4.085106327376182 4.905189080650407 -7.075611503164435
v 4.012929260085572 4.903067241951224 -6.9505970919432105
v 2.114606642345296 4.90518908062746 -7.891819354994757
v 2.077244857983007 4.903067241882382 -7.752383990430117
v 6.572267396975917e-9 4.905189080662524 -8.170212625234875
v -1.756237539840555e-7 4.90306724198757 -8.025858275505682
v -2.1146066362961724 4.905189080662523 -7.891819379286346
v -2.0772448053550248 4.90306724198757 -7.752383831901554
v -4.085106317865066 4.90518908062746 -7.075611659458115
v -4.012929077523147 4.903067241882382 -6.950597381079072
v -5.77721271751497 4.905189080650407 -5.777212568900774
v -5.675138913616836 4.903067241951224 -5.675138720078328
v -7.075611503164435 4.905189080650407 -4.085106327376182
v -6.9505970919432105 4.903067241951224 -4.012929260085572
v -7.891819354994757 4.90518908062746 -2.114606642345296
v -7.752383990430117 4.903067241882382 -2.077244857983007
v -6.486347015055571e-9 5.623932330016228 8.169294047412494
v 2.114368891074602 5.623932330027509 7.890932101981734
v 1.7570967414393124e-7 5.621810491341273 8.024939697683301
v 2.0770070601334543 5.621810491352556 7.751496554596942
v 4.084647029004056 5.623932329985641 7.074816148051313
v 4.012469788662138 5.621810491240563 6.94980186967227
v 5.776563184669771 5.623932329999604 5.7765630360977465
v 5.674489380771638 5.621810491300419 5.674489187275301
v 7.074815991226167 5.623932330000265 4.084647038303201
v 6.949801580004943 5.621810491301081 4.012469971012592
v 7.890932076551791 5.6239323299750215 2.1143688967917247
v 7.751496711987151 5.621810491229942 2.077007112429436
v 8.169294047412494 5.623932330016228 6.486347015055571e-9
v 8.024939697683301 5.621810491341273 -1.7570967414393124e-7
v 7.890932101981734 5.623932330027509 -2.114368891074602
v 7.751496554596942 5.621810491352556 -2.0770070601334543
v 7.074816148051313 5.623932329985641 -4.084647029004056
v 6.94980186967227 5.621810491240563 -4.012469788662138
v 5.7765630360977465 5.623932329999604 -5.776563184669771
v 5.674489187275301 5.621810491300419 -5.674489380771638
v 4.084647038303201 5.623932330000265 -7.074815991226167
v 4.012469971012592 5.621810491301081 -6.949801580004943
v 2.1143688967917247 5.6239323299750215 -7.890932076551791
v 2.077007112429436 5.621810491229942 -7.751496711987151
v 6.486347015055571e-9 5.623932330016228 -8.169294047412494
v -1.7570967414393124e-7 5.621810491341273 -8.024939697683301
v -2.114368891074602 5.623932330027509 -7.890932101981734
v -2.0770070601334543 5.621810491352556 -7.751496554596942
v -4.084647029004056 5.623932329985641 -7.074816148051313
v -4.012469788662138 5.621810491240563 -6.94980186967227
v -5.776563184669771 5.623932329999604 -5.7765630360977465
v -5.674489380771638 5.621810491300419 -5.674489187275301
v -7.074815991226167 5.623932330000265 -4.084647038303201
v -6.949801580004943 5.621810491301081 -4.012469971012592
v -7.890932076551791 5.6239323299750215 -2.1143688967917247
v -7.751496711987151 5.621810491229942 -2.077007112429436
v -8.169294047412494 5.623932330016228 -6.486347015055571e-9
v -8.024939697683301 5.621810491341273 1.7570967414393124e-7
v -7.890932101981734 5.623932330027509 2.114368891074602
v -7.751496554596942 5.621810491352556 2.0770070601334543
v -7.074816148051313 5.623932329985641 4.084647029004056
v -6.94980186967227 5.621810491240563 4.012469788662138
v -5.7765630360977465 5.623932329999604 5.776563184669771
v -5.674489187275301 5.621810491300419 5.674489380771638
v -4.084647038303201 5.623932330000265 7.074815991226167
v -4.012469971012592 5.621810491301081 6.949801580004943
v -2.1143688967917247 5.6239323299750215 7.890932076551791
v -2.077007112429436 5.621810491229942 7.751496711987151
v -6.425129539522345e-9 5.686425579369931 8.199895124605675
v 2.1222890328922617 5.686425579392496 7.920490473491499
v 1.7510503580453474e-7 5.684303740694977 7.99250146493963
v 2.0686114285878903 5.684303740717542 7.720163628383787
v 4.099947567671467 5.6864255793438225 7.101317458499734
v 3.996250672576684 5.684303740598744 6.921709535489633
v 5.798201413495537 5.6864255793488 5.798201264392545
v 5.651552085791484 5.684303740649615 5.651551893097239
v 7.101317300535925 5.686425579350123 4.099947576793701
v 6.921709246430791 5.684303740650939 3.996250853999693
v 7.920490446820684 5.686425579322583 2.122289038298164
v 7.720163784021861 5.684303740577503 2.068611480347749
v 8.199895124605675 5.686425579369931 6.425129539522345e-9
v 7.99250146493963 5.684303740694977 -1.7510503580453474e-7
v 7.920490473491499 5.686425579392496 -2.1222890328922617
v 7.720163628383787 5.684303740717542 -2.0686114285878903
v 7.101317458499734 5.6864255793438225 -4.099947567671467
v 6.921709535489633 5.684303740598744 -3.996250672576684
v 5.798201264392545 5.6864255793488 -5.798201413495537
v 5.651551893097239 5.684303740649615 -5.651552085791484
v 4.099947576793701 5.686425579350123 -7.101317300535925
v 3.996250853999693 5.684303740650939 -6.921709246430791
v 2.122289038298164 5.686425579322583 -7.920490446820684
v 2.068611480347749 5.684303740577503 -7.720163784021861
v 6.425129539522345e-9 5.686425579369931 -8.199895124605675
v -1.7510503580453474e-7 5.684303740694977 -7.99250146493963
v -2.1222890328922617 5.686425579392496 -7.920490473491499
v -2.0686114285878903 5.684303740717542 -7.720163628383787
v -4.099947567671467 5.6864255793438225 -7.101317458499734
v -3.996250672576684 5.684303740598744 -6.921709535489633
v -5.798201413495537 5.6864255793488 -5.798201264392545
v -5.651552085791484 5.684303740649615 -5.651551893097239
v -7.101317300535925 5.686425579350123 -4.099947576793701
v -6.921709246430791 5.684303740650939 -3.996250853999693
v -7.920490446820684 5.686425579322583 -2.122289038298164
v -7.720163784021861 5.684303740577503 -2.068611480347749
v -8.199895124605675 5.686425579369931 -6.425129539522345e-9
v -7.99250146493963 5.684303740694977 1.7510503580453474e-7
v -7.920490473491499 5.686425579392496 2.1222890328922617
v -7.720163628383787 5.684303740717542 2.0686114285878903
v -7.101317458499734 5.6864255793438225 4.099947567671467
v -6.921709535489633 5.684303740598744 3.996250672576684
v -5.798201264392545 5.6864255793488 5.798201413495537
v -5.651551893097239 5.684303740649615 5.651552085791484
v -4.099947576793701 5.686425579350123 7.101317300535925
v -3.996250853999693 5.684303740650939 6.921709246430791
v -2.122289038298164 5.686425579322583 7.920490446820684
v -2.068611480347749 5.684303740577503 7.720163784021861
v -2.122123548651002 5.748922308548974 7.919872831098939
v -6.382482542477419e-9 5.748922308598402 8.199255721960103
v -2.068445990700587 5.746800469803895 7.719546168300117
v 1.7514768280157966e-7 5.746800469923448 7.991862062294058
v 2.1221235434129913 5.748922308624791 7.919872858322144
v 2.06844593910862 5.746800469949838 7.719546013214431
v 4.099627866365661 5.748922308573794 7.100763719724997
v 3.9959309712708775 5.746800469828716 6.921155796714897
v 5.797749287426113 5.748922308575708 5.797749138352789
v 5.65109995972206 5.746800469876524 5.651099767057483
v 7.100763561502111 5.748922308577276 4.099627875385511
v 6.921155507396977 5.7468004698780915 3.995931152591503
v 7.919872831098939 5.748922308548974 2.122123548651002
v 7.719546168300117 5.746800469803895 2.068445990700587
v 8.199255721960103 5.748922308598402 6.382482542477419e-9
v 7.991862062294058 5.746800469923448 -1.7514768280157966e-7
v 7.919872858322144 5.748922308624791 -2.1221235434129913
v 7.719546013214431 5.746800469949838 -2.06844593910862
v 7.100763719724997 5.748922308573794 -4.099627866365661
v 6.921155796714897 5.746800469828716 -3.9959309712708775
v 5.797749138352789 5.748922308575708 -5.797749287426113
v 5.651099767057483 5.746800469876524 -5.65109995972206
v 4.099627875385511 5.748922308577276 -7.100763561502111
v 3.995931152591503 5.7468004698780915 -6.921155507396977
v 2.122123548651002 5.748922308548974 -7.919872831098939
v 2.068445990700587 5.746800469803895 -7.719546168300117
v 6.382482542477419e-9 5.748922308598402 -8.199255721960103
v -1.7514768280157966e-7 5.746800469923448 -7.991862062294058
v -2.1221235434129913 5.748922308624791 -7.919872858322144
v -2.06844593910862 5.746800469949838 -7.719546013214431
v -4.099627866365661 5.748922308573794 -7.100763719724997
v -3.9959309712708775 5.746800469828716 -6.921155796714897
v -5.797749287426113 5.748922308575708 -5.797749138352789
v -5.65109995972206 5.746800469876524 -5.651099767057483
v -7.100763561502111 5.748922308577276 -4.099627875385511
v -6.921155507396977 5.7468004698780915 -3.995931152591503
v -7.919872831098939 5.748922308548974 -2.122123548651002
v -7.719546168300117 5.746800469803895 -2.068445990700587
v -8.199255721960103 5.748922308598402 -6.382482542477419e-9
v -7.991862062294058 5.746800469923448 1.7514768280157966e-7
v -7.919872858322144 5.748922308624791 2.1221235434129913
v -7.719546013214431 5.746800469949838 2.06844593910862
v -7.100763719724997 5.748922308573794 4.099627866365661
v -6.921155796714897 5.746800469828716 3.9959309712708775
v -5.797749138352789 5.748922308575708 5.797749287426113
v -5.651099767057483 5.746800469876524 5.65109995972206
v -4.099627875385511 5.748922308577276 7.100763561502111
v -3.995931152591503 5.7468004698780915 6.921155507396977
vt 0.65625 0.890625
vt 0.65625 0.890625
vt 0.65625 0.890625
vt 0.65625 0.890625
vt 0.65625 0.890625
vt 0.65625 0.890625
vt 0.65625 0.890625
vt 0.65625 0.890625
vt 0.65625 0.890625
vt 0.65625 0.890625
vt 0.65625 0.890625
vt 0.65625 0.890625
vt 0.65625 0.890625
vt 0.65625 0.890625
vt 0.65625 0.890625
vt 0.65625 0.890625
vt 0.65625 0.890625
vt 0.65625 0.890625
vt 0.65625 0.890625
vt 0.65625 0.890625
vt 0.65625 0.890625
vt 0.65625 0.890625
vt 0.65625 0.890625
vt 0.65625 0.890625
vt 0.65625 0.890625
vt 0.65625 0.890625
vt 0.65625 0.890625
vt 0.65625 0.890625
vt 0.65625 0.890625
vt 0.65625 0.890625
vt 0.65625 0.890625
vt 0.65625 0.890625
vt 0.65625 0.890625
vt 0.65625 0.890625
vt 0.65625 0.890625
vt 0.65625 0.890625
vt 0.65625 0.890625
vt 0.65625 0.890625
vt 0.65625 0.890625
vt 0.65625 0.890625
vt 0.65625 0.890625
vt 0.65625 0.890625
vt 0.65625 0.890625
vt 0.65625 0.890625
vt 0.65625 0.890625
vt 0.65625 0.890625
vt 0.65625 0.890625
vt 0.65625 0.890625
vt 0.65625 0.890625
vt 0.65625 0.890625
vt 0.65625 0.890625
vt 0.65625 0.890625
vt 0.65625 0.890625
vt 0.65625 0.890625
vt 0.65625 0.890625
vt 0.65625 0.890625
vt 0.65625 0.890625
vt 0.65625 0.890625
vt 0.65625 0.890625
vt 0.65625 0.890625
vt 0.65625 0.890625
vt 0.65625 0.890625
vt 0.65625 0.890625
vt 0.65625 0.890625
vt 0.65625 0.890625
vt 0.65625 0.890625
vt 0.65625 0.890625
vt 0.65625 0.890625
vt 0.65625 0.890625
vt 0.65625 0.890625
vt 0.65625 0.890625
vt 0.65625 0.890625
vt 0.65625 0.890625
vt 0.65625 0.890625
vt 0.65625 0.890625
vt 0.65625 0.890625
vt 0.65625 0.890625
vt 0.65625 0.890625
vt 0.65625 0.890625
vt 0.65625 0.890625
vt 0.65625 0.890625
vt 0.65625 0.890625
vt 0.65625 0.890625
vt 0.65625 0.890625
vt 0.65625 0.890625
vt 0.65625 0.890625
vt 0.65625 0.890625
vt 0.65625 0.890625
vt 0.65625 0.890625
vt 0.65625 0.890625
vt 0.65625 0.890625
vt 0.65625 0.890625
vt 0.65625 0.890625
vt 0.65625 0.890625
vt 0.65625 0.890625
vt 0.65625 0.890625
vt 0.65625 0.890625
vt 0.65625 0.890625
vt 0.65625 0.890625
vt 0.65625 0.890625
vt 0.65625 0.890625
vt 0.65625 0.890625
vt 0.65625 0.890625
vt 0.65625 0.890625
vt 0.65625 0.890625
vt 0.65625 0.890625
vt 0.65625 0.890625
vt 0.65625 0.890625
vt 0.65625 0.890625
vt 0.65625 0.890625
vt 0.65625 0.890625
vt 0.65625 0.890625
vt 0.65625 0.890625
vt 0.65625 0.890625
vt 0.65625 0.890625
vt 0.65625 0.890625
vt 0.65625 0.890625
vt 0.65625 0.890625
vt 0.65625 0.890625
vt 0.65625 0.890625
vt 0.65625 0.890625
vt 0.65625 0.890625
vt 0.65625 0.890625
vt 0.65625 0.890625
vt 0.65625 0.890625
vt 0.65625 0.890625
vt 0.65625 0.890625
vt 0.65625 0.890625
vt 0.65625 0.890625
vt 0.65625 0.890625
vt 0.65625 0.890625
vt 0.65625 0.890625
vt 0.65625 0.890625
vt 0.65625 0.890625
vt 0.65625 0.890625
vt 0.65625 0.890625
vt 0.65625 0.890625
vt 0.65625 0.890625
vt 0.65625 0.890625
vt 0.65625 0.890625
vt 0.65625 0.890625
vt 0.65625 0.890625
vt 0.65625 0.890625
vt 0.65625 0.890625
vt 0.65625 0.890625
vt 0.65625 0.890625
vt 0.65625 0.890625
vt 0.65625 0.890625
vt 0.65625 0.890625
vt 0.65625 0.890625
vt 0.65625 0.890625
vt 0.65625 0.890625
vt 0.65625 0.890625
vt 0.65625 0.890625
vt 0.65625 0.890625
vt 0.65625 0.890625
vt 0.65625 0.890625
vt 0.65625 0.890625
vt 0.65625 0.890625
vt 0.65625 0.890625
vt 0.65625 0.890625
vt 0.65625 0.890625
vt 0.65625 0.890625
vt 0.65625 0.890625
vt 0.65625 0.890625
vt 0.65625 0.890625
vt 0.65625 0.890625
vt 0.65625 0.890625
vt 0.65625 0.890625
vt 0.65625 0.890625
vt 0.65625 0.890625
vt 0.65625 0.890625
vt 0.65625 0.890625
vt 0.65625 0.890625
vt 0.65625 0.890625
vt 0.65625 0.890625
vt 0.65625 0.890625
vt 0.65625 0.890625
vt 0.65625 0.890625
vt 0.65625 0.890625
vt 0.65625 0.890625
vt 0.65625 0.890625
vt 0.65625 0.890625
vt 0.65625 0.890625
vt 0.65625 0.890625
vt 0.65625 0.890625
vt 0.65625 0.890625
vt 0.65625 0.890625
vt 0.65625 0.890625
vt 0.65625 0.890625
vt 0.65625 0.890625
vt 0.65625 0.890625
vt 0.65625 0.890625
vt 0.65625 0.890625
vt 0.65625 0.890625
vt 0.65625 0.890625
vt 0.65625 0.890625
vt 0.65625 0.890625
vt 0.65625 0.890625
vt 0.65625 0.890625
vt 0.65625 0.890625
vt 0.65625 0.890625
vt 0.65625 0.890625
vt 0.65625 0.890625
vt 0.65625 0.890625
vt 0.65625 0.890625
vt 0.65625 0.890625
vt 0.65625 0.890625
vt 0.65625 0.890625
vt 0.65625 0.890625
vt 0.65625 0.890625
vt 0.65625 0.890625
vt 0.65625 0.890625
vt 0.65625 0.890625
vt 0.65625 0.890625
vt 0.65625 0.890625
vt 0.65625 0.890625
vt 0.65625 0.890625
vt 0.65625 0.890625
vt 0.65625 0.890625
vt 0.65625 0.890625
vt 0.65625 0.890625
vt 0.65625 0.890625
vt 0.65625 0.890625
vt 0.65625 0.890625
vt 0.65625 0.890625
vt 0.65625 0.890625
vt 0.65625 0.890625
vt 0.65625 0.890625
vt 0.65625 0.890625
vt 0.65625 0.890625
vt 0.65625 0.890625
vt 0.65625 0.890625
vt 0.65625 0.890625
vt 0.65625 0.890625
vt 0.65625 0.890625
vt 0.65625 0.890625
vt 0.65625 0.890625
vt 0.65625 0.890625
vt 0.65625 0.890625
vt 0.65625 0.890625
vt 0.65625 0.890625
vt 0.65625 0.890625
vt 0.65625 0.890625
vt 0.65625 0.890625
vt 0.65625 0.890625
vt 0.65625 0.890625
vt 0.65625 0.890625
vt 0.65625 0.890625
vt 0.65625 0.890625
vt 0.65625 0.890625
vt 0.65625 0.890625
vt 0.65625 0.890625
vt 0.65625 0.890625
vt 0.65625 0.890625
vt 0.65625 0.890625
vt 0.65625 0.890625
vt 0.65625 0.890625
vt 0.65625 0.890625
vt 0.65625 0.890625
vt 0.65625 0.890625
vt 0.65625 0.890625
vt 0.65625 0.890625
vt 0.65625 0.890625
vt 0.65625 0.890625
vt 0.65625 0.890625
vt 0.65625 0.890625
vt 0.65625 0.890625
vt 0.65625 0.890625
vt 0.65625 0.890625
vt 0.65625 0.890625
vt 0.65625 0.890625
vt 0.65625 0.890625
vt 0.65625 0.890625
vt 0.65625 0.890625
vt 0.65625 0.890625
vt 0.65625 0.890625
vt 0.65625 0.890625
vt 0.65625 0.890625
vt 0.65625 0.890625
vt 0.65625 0.890625
vt 0.65625 0.890625
vt 0.65625 0.890625
vt 0.65625 0.890625
vt 0.65625 0.890625
vt 0.65625 0.890625
vt 0.65625 0.890625
vt 0.65625 0.890625
vt 0.625 0.8515625
vt 0.625 0.8515625
vt 0.625 0.8515625
vt 0.625 0.8515625
vt 0.625 0.8515625
vt 0.625 0.8515625
vt 0.625 0.8515625
vt 0.625 0.8515625
vt 0.625 0.8515625
vt 0.625 0.8515625
vt 0.625 0.8515625
vt 0.625 0.8515625
vt 0.625 0.8515625
vt 0.625 0.8515625
vt 0.625 0.8515625
vt 0.625 0.8515625
vt 0.625 0.8515625
vt 0.625 0.8515625
vt 0.625 0.8515625
vt 0.625 0.8515625
vt 0.625 0.8515625
vt 0.625 0.8515625
vt 0.625 0.8515625
vt 0.625 0.8515625
vt 0.625 0.8515625
vt 0.625 0.8515625
vt 0.609375 0.8671875
vt 0.625 0.8671875
vt 0.625 0.8671875
vt 0.609375 0.8671875
vt 0.609375 0.8515625
vt 0.625 0.8515625
vt 0.625 0.8515625
vt 0.609375 0.8515625
vt 0.625 0.8515625
vt 0.625 0.8515625
vt 0.625 0.8515625
vt 0.625 0.8515625
vt 0.625 0.8515625
vt 0.625 0.8515625
vt 0.625 0.8515625
vt 0.625 0.8515625
vt 0.625 0.8515625
vt 0.625 0.8515625
vt 0.625 0.8515625
vt 0.625 0.8515625
vt 0.625 0.8515625
vt 0.625 0.8515625
vt 0.625 0.8515625
vt 0.625 0.8515625
vt 0.625 0.8515625
vt 0.625 0.8515625
vt 0.625 0.8515625
vt 0.625 0.8515625
vt 0.625 0.8515625
vt 0.625 0.8515625
vt 0.625 0.8515625
vt 0.625 0.8515625
vt 0.625 0.8515625
vt 0.625 0.8515625
vt 0.625 0.8515625
vt 0.625 0.8515625
vt 0.625 0.8515625
vt 0.625 0.8515625
vt 0.625 0.8515625
vt 0.625 0.8515625
vt 0.625 0.8515625
vt 0.625 0.8515625
vt 0.625 0.8515625
vt 0.625 0.8515625
vt 0.625 0.8515625
vt 0.625 0.8515625
vt 0.625 0.8515625
vt 0.625 0.8515625
vt 0.625 0.8515625
vt 0.625 0.8515625
vt 0.625 0.8515625
vt 0.625 0.8515625
vt 0.625 0.8515625
vt 0.625 0.8515625
vt 0.625 0.8515625
vt 0.625 0.8515625
vt 0.625 0.8515625
vt 0.625 0.8515625
vt 0.625 0.8515625
vt 0.625 0.8515625
vt 0.625 0.8515625
vt 0.625 0.8515625
vt 0.625 0.8515625
vt 0.625 0.8515625
vt 0.625 0.8515625
vt 0.625 0.8515625
vt 0.625 0.8515625
vt 0.625 0.8515625
vt 0.625 0.8515625
vt 0.625 0.8515625
vt 0.65625 0.890625
vt 0.65625 0.890625
vt 0.65625 0.890625
vt 0.65625 0.890625
vt 0.65625 0.890625
vt 0.65625 0.890625
vt 0.65625 0.890625
vt 0.65625 0.890625
vt 0.65625 0.890625
vt 0.65625 0.890625
vt 0.65625 0.890625
vt 0.65625 0.890625
vt 0.65625 0.890625
vt 0.65625 0.890625
vt 0.65625 0.890625
vt 0.65625 0.890625
vt 0.65625 0.890625
vt 0.65625 0.890625
vt 0.65625 0.890625
vt 0.65625 0.890625
vt 0.65625 0.890625
vt 0.65625 0.890625
vt 0.65625 0.890625
vt 0.65625 0.890625
vt 0.65625 0.890625
vt 0.65625 0.890625
vt 0.65625 0.890625
vt 0.65625 0.890625
vt 0.65625 0.890625
vt 0.65625 0.890625
vt 0.65625 0.890625
vt 0.65625 0.890625
vt 0.65625 0.890625
vt 0.65625 0.890625
vt 0.65625 0.890625
vt 0.65625 0.890625
vt 0.65625 0.890625
vt 0.65625 0.890625
vt 0.65625 0.890625
vt 0.65625 0.890625
vt 0.65625 0.890625
vt 0.65625 0.890625
vt 0.65625 0.890625
vt 0.65625 0.890625
vt 0.65625 0.890625
vt 0.65625 0.890625
vt 0.65625 0.890625
vt 0.65625 0.890625
vt 0.65625 0.890625
vt 0.65625 0.890625
vt 0.65625 0.890625
vt 0.65625 0.890625
vt 0.65625 0.890625
vt 0.65625 0.890625
vt 0.65625 0.890625
vt 0.65625 0.890625
vt 0.65625 0.890625
vt 0.65625 0.890625
vt 0.65625 0.890625
vt 0.65625 0.890625
vt 0.65625 0.890625
vt 0.65625 0.890625
vt 0.65625 0.890625
vt 0.65625 0.890625
vt 0.65625 0.890625
vt 0.65625 0.890625
vt 0.65625 0.890625
vt 0.65625 0.890625
vt 0.65625 0.890625
vt 0.65625 0.890625
vt 0.65625 0.890625
vt 0.65625 0.890625
vt 0.65625 0.890625
vt 0.65625 0.890625
vt 0.65625 0.890625
vt 0.65625 0.890625
vt 0.65625 0.890625
vt 0.65625 0.890625
vt 0.65625 0.890625
vt 0.65625 0.890625
vt 0.65625 0.890625
vt 0.65625 0.890625
vt 0.65625 0.890625
vt 0.65625 0.890625
vt 0.65625 0.890625
vt 0.65625 0.890625
vt 0.65625 0.890625
vt 0.65625 0.890625
vt 0.65625 0.890625
vt 0.65625 0.890625
vt 0.65625 0.890625
vt 0.65625 0.890625
vt 0.65625 0.890625
vt 0.65625 0.890625
vt 0.65625 0.890625
vt 0.65625 0.890625
vt 0.65625 0.796875
vt 0.65625 0.796875
vt 0.65625 0.796875
vt 0.65625 0.796875
vt 0.65625 0.796875
vt 0.65625 0.796875
vt 0.65625 0.796875
vt 0.65625 0.796875
vt 0.65625 0.796875
vt 0.65625 0.796875
vt 0.65625 0.796875
vt 0.65625 0.796875
vt 0.65625 0.796875
vt 0.65625 0.796875
vt 0.65625 0.796875
vt 0.65625 0.796875
vt 0.65625 0.796875
vt 0.65625 0.796875
vt 0.65625 0.796875
vt 0.65625 0.796875
vt 0.65625 0.796875
vt 0.65625 0.796875
vt 0.65625 0.796875
vt 0.65625 0.796875
vt 0.65625 0.796875
vt 0.65625 0.796875
vt 0.65625 0.796875
vt 0.65625 0.796875
vt 0.65625 0.796875
vt 0.65625 0.796875
vt 0.65625 0.796875
vt 0.65625 0.796875
vt 0.65625 0.796875
vt 0.65625 0.796875
vt 0.65625 0.796875
vt 0.65625 0.796875
vt 0.65625 0.796875
vt 0.65625 0.796875
vt 0.65625 0.796875
vt 0.65625 0.796875
vt 0.65625 0.796875
vt 0.65625 0.796875
vt 0.65625 0.796875
vt 0.65625 0.796875
vt 0.65625 0.796875
vt 0.65625 0.796875
vt 0.65625 0.796875
vt 0.65625 0.796875
vt 0.65625 0.796875
vt 0.65625 0.796875
vt 0.65625 0.796875
vt 0.65625 0.796875
vt 0.65625 0.796875
vt 0.65625 0.796875
vt 0.65625 0.796875
vt 0.65625 0.796875
vt 0.65625 0.796875
vt 0.65625 0.796875
vt 0.65625 0.796875
vt 0.65625 0.796875
vt 0.65625 0.796875
vt 0.65625 0.796875
vt 0.65625 0.796875
vt 0.65625 0.796875
vt 0.65625 0.796875
vt 0.65625 0.796875
vt 0.65625 0.796875
vt 0.65625 0.796875
vt 0.65625 0.796875
vt 0.65625 0.796875
vt 0.65625 0.796875
vt 0.65625 0.796875
vt 0.65625 0.796875
vt 0.65625 0.796875
vt 0.65625 0.796875
vt 0.65625 0.796875
vt 0.65625 0.796875
vt 0.65625 0.796875
vt 0.65625 0.796875
vt 0.65625 0.796875
vt 0.65625 0.796875
vt 0.65625 0.8125
vt 0.65625 0.796875
vt 0.65625 0.796875
vt 0.65625 0.796875
vt 0.640625 0.8125
vt 0.65625 0.8125
vt 0.65625 0.796875
vt 0.65625 0.796875
vt 0.65625 0.796875
vt 0.640625 0.8125
vt 0.65625 0.796875
vt 0.65625 0.796875
vt 0.65625 0.796875
vt 0.65625 0.796875
vt 0.65625 0.796875
vt 0.65625 0.890625
vt 0.65625 0.890625
vt 0.65625 0.890625
vt 0.65625 0.890625
vt 0.65625 0.890625
vt 0.65625 0.890625
vt 0.65625 0.890625
vt 0.65625 0.890625
vt 0.65625 0.890625
vt 0.65625 0.890625
vt 0.65625 0.890625
vt 0.65625 0.890625
vt 0.65625 0.890625
vt 0.65625 0.890625
vt 0.65625 0.890625
vt 0.65625 0.890625
vt 0.65625 0.890625
vt 0.65625 0.890625
vt 0.65625 0.890625
vt 0.65625 0.890625
vt 0.65625 0.890625
vt 0.65625 0.890625
vt 0.65625 0.890625
vt 0.65625 0.890625
vt 0.65625 0.890625
vt 0.65625 0.890625
vt 0.65625 0.890625
vt 0.65625 0.890625
vt 0.65625 0.890625
vt 0.65625 0.890625
vt 0.65625 0.890625
vt 0.65625 0.890625
vt 0.65625 0.890625
vt 0.65625 0.890625
vt 0.65625 0.890625
vt 0.65625 0.890625
vt 0.65625 0.890625
vt 0.65625 0.890625
vt 0.65625 0.890625
vt 0.65625 0.890625
vt 0.65625 0.890625
vt 0.65625 0.890625
vt 0.65625 0.890625
vt 0.65625 0.890625
vt 0.65625 0.890625
vt 0.65625 0.890625
vt 0.65625 0.890625
vt 0.65625 0.890625
vt 0.65625 0.890625
vt 0.65625 0.890625
vt 0.65625 0.890625
vt 0.65625 0.890625
vt 0.65625 0.890625
vt 0.65625 0.890625
vt 0.65625 0.890625
vt 0.65625 0.890625
vt 0.65625 0.890625
vt 0.65625 0.890625
vt 0.65625 0.890625
vt 0.65625 0.890625
vt 0.65625 0.890625
vt 0.65625 0.890625
vt 0.65625 0.890625
vt 0.65625 0.890625
vt 0.65625 0.890625
vt 0.65625 0.890625
vt 0.65625 0.890625
vt 0.65625 0.890625
vt 0.65625 0.890625
vt 0.65625 0.890625
vt 0.65625 0.890625
vt 0.65625 0.890625
vt 0.65625 0.890625
vt 0.65625 0.890625
vt 0.65625 0.890625
vt 0.65625 0.890625
vt 0.65625 0.890625
vt 0.65625 0.890625
vt 0.65625 0.890625
vt 0.65625 0.890625
vt 0.65625 0.890625
vt 0.65625 0.890625
vt 0.65625 0.890625
vt 0.65625 0.890625
vt 0.65625 0.890625
vt 0.65625 0.890625
vt 0.65625 0.890625
vt 0.65625 0.890625
vt 0.65625 0.890625
vt 0.65625 0.890625
vt 0.65625 0.890625
vt 0.65625 0.890625
vt 0.65625 0.890625
vt 0.65625 0.890625
vt 0.65625 0.890625
vt 0.65625 0.890625
vt 0.65625 0.890625
vt 0.65625 0.890625
vt 0.65625 0.890625
vt 0.65625 0.890625
vt 0.65625 0.890625
vt 0.65625 0.890625
vt 0.65625 0.890625
vt 0.65625 0.890625
vt 0.65625 0.890625
vt 0.65625 0.890625
vt 0.65625 0.890625
vt 0.65625 0.890625
vt 0.65625 0.890625
vt 0.65625 0.890625
vt 0.65625 0.890625
vt 0.65625 0.890625
vt 0.65625 0.890625
vt 0.65625 0.890625
vt 0.65625 0.890625
vt 0.65625 0.890625
vt 0.65625 0.890625
vt 0.65625 0.890625
vt 0.65625 0.890625
vt 0.65625 0.890625
vt 0.65625 0.890625
vt 0.65625 0.890625
vt 0.65625 0.890625
vt 0.65625 0.890625
vt 0.65625 0.890625
vt 0.65625 0.890625
vt 0.65625 0.890625
vt 0.65625 0.890625
vt 0.65625 0.890625
vt 0.65625 0.890625
vt 0.65625 0.890625
vt 0.65625 0.890625
vt 0.65625 0.890625
vt 0.65625 0.890625
vt 0.65625 0.890625
vt 0.65625 0.890625
vt 0.65625 0.890625
vt 0.65625 0.890625
vt 0.65625 0.890625
vt 0.65625 0.890625
vt 0.65625 0.890625
vt 0.65625 0.890625
vt 0.65625 0.890625
vt 0.65625 0.890625
vt 0.65625 0.890625
vt 0.65625 0.890625
vt 0.65625 0.890625
vt 0.65625 0.890625
vt 0.65625 0.890625
vt 0.65625 0.890625
vt 0.65625 0.890625
vt 0.65625 0.890625
vt 0.65625 0.890625
vt 0.65625 0.890625
vt 0.65625 0.890625
vt 0.65625 0.890625
vt 0.65625 0.890625
vt 0.65625 0.890625
vt 0.65625 0.890625
vt 0.65625 0.890625
vt 0.65625 0.890625
vt 0.65625 0.890625
vt 0.65625 0.890625
vt 0.65625 0.890625
vt 0.65625 0.890625
vt 0.65625 0.890625
vt 0.65625 0.890625
vt 0.65625 0.890625
vt 0.65625 0.890625
vt 0.65625 0.890625
vt 0.65625 0.890625
vt 0.65625 0.890625
vt 0.65625 0.890625
vt 0.65625 0.890625
vt 0.65625 0.890625
vt 0.65625 0.890625
vt 0.65625 0.890625
vt 0.65625 0.890625
vt 0.65625 0.890625
vt 0.65625 0.890625
vt 0.65625 0.890625
vt 0.65625 0.890625
vt 0.65625 0.890625
vt 0.65625 0.890625
vt 0.65625 0.890625
vt 0.65625 0.890625
vt 0.65625 0.890625
vt 0.65625 0.890625
vt 0.65625 0.890625
vt 0.65625 0.890625
vt 0.65625 0.890625
vt 0.65625 0.890625
vt 0.140625 0.109375
vt 0.140625 0.109375
vt 0.140625 0.109375
vt 0.140625 0.109375
vt 0.140625 0.109375
vt 0.140625 0.109375
vt 0.140625 0.109375
vt 0.140625 0.109375
vt 0.140625 0.109375
vt 0.140625 0.109375
vt 0.140625 0.109375
vt 0.140625 0.109375
vt 0.140625 0.109375
vt 0.140625 0.109375
vt 0.140625 0.109375
vt 0.140625 0.109375
vt 0.140625 0.109375
vt 0.140625 0.109375
vt 0.140625 0.109375
vt 0.140625 0.109375
vt 0.140625 0.109375
vt 0.140625 0.109375
vt 0.140625 0.109375
vt 0.140625 0.109375
vt 0.140625 0.109375
vt 0.140625 0.109375
vt 0.140625 0.109375
vt 0.140625 0.109375
vt 0.140625 0.109375
vt 0.140625 0.109375
vt 0.140625 0.109375
vt 0.140625 0.109375
vt 0.140625 0.109375
vt 0.140625 0.109375
vt 0.140625 0.109375
vt 0.140625 0.109375
vt 0.140625 0.109375
vt 0.140625 0.109375
vt 0.140625 0.109375
vt 0.140625 0.109375
vt 0.140625 0.109375
vt 0.140625 0.109375
vt 0.140625 0.109375
vt 0.140625 0.109375
vt 0.140625 0.109375
vt 0.140625 0.109375
vt 0.140625 0.109375
vt 0.140625 0.109375
vt 0.140625 0.109375
vt 0.140625 0.109375
vt 0.140625 0.109375
vt 0.140625 0.109375
vt 0.140625 0.109375
vt 0.140625 0.109375
vt 0.140625 0.109375
vt 0.140625 0.109375
vt 0.140625 0.109375
vt 0.140625 0.109375
vt 0.140625 0.109375
vt 0.140625 0.109375
vt 0.140625 0.109375
vt 0.140625 0.109375
vt 0.140625 0.109375
vt 0.140625 0.109375
vt 0.140625 0.109375
vt 0.140625 0.109375
vt 0.140625 0.109375
vt 0.140625 0.109375
vt 0.140625 0.109375
vt 0.140625 0.109375
vt 0.140625 0.109375
vt 0.140625 0.109375
vt 0.140625 0.109375
vt 0.140625 0.109375
vt 0.140625 0.109375
vt 0.140625 0.109375
vt 0.140625 0.109375
vt 0.140625 0.109375
vt 0.140625 0.109375
vt 0.140625 0.109375
vt 0.140625 0.109375
vt 0.140625 0.109375
vt 0.140625 0.109375
vt 0.140625 0.109375
vt 0.140625 0.109375
vt 0.140625 0.109375
vt 0.140625 0.109375
vt 0.140625 0.109375
vt 0.140625 0.109375
vt 0.140625 0.109375
vt 0.140625 0.109375
vt 0.140625 0.109375
vt 0.140625 0.109375
vt 0.140625 0.109375
vt 0.140625 0.109375
vt 0.140625 0.109375
vt 0.140625 0.109375
vt 0.140625 0.109375
vt 0.140625 0.109375
vt 0.140625 0.109375
vt 0.140625 0.109375
vt 0.140625 0.109375
vt 0.140625 0.109375
vt 0.140625 0.109375
vt 0.140625 0.109375
vt 0.140625 0.109375
vt 0.140625 0.109375
vt 0.140625 0.109375
vt 0.140625 0.109375
vt 0.140625 0.109375
vt 0.140625 0.109375
vt 0.140625 0.109375
vt 0.140625 0.109375
vt 0.140625 0.109375
vt 0.140625 0.109375
vt 0.140625 0.109375
vt 0.140625 0.109375
vt 0.140625 0.109375
vt 0.140625 0.109375
vt 0.140625 0.109375
vt 0.140625 0.109375
vt 0.140625 0.109375
vt 0.140625 0.109375
vt 0.140625 0.109375
vt 0.140625 0.109375
vt 0.140625 0.109375
vt 0.140625 0.109375
vt 0.140625 0.109375
vt 0.140625 0.109375
vt 0.140625 0.109375
vt 0.140625 0.109375
vt 0.140625 0.109375
vt 0.140625 0.109375
vt 0.140625 0.109375
vt 0.140625 0.109375
vt 0.140625 0.109375
vt 0.125 0.125
vt 0.140625 0.109375
vt 0.140625 0.109375
vt 0.125 0.109375
vt 0.140625 0.109375
vt 0.140625 0.109375
vt 0.140625 0.109375
vt 0.140625 0.109375
vt 0.140625 0.125
vt 0.125 0.125
vt 0.125 0.109375
vt 0.140625 0.109375
vt 0.140625 0.109375
vt 0.140625 0.109375
vt 0.140625 0.109375
vt 0.140625 0.109375
vt 0.140625 0.109375
vt 0.140625 0.125
vt 0.140625 0.109375
vt 0.140625 0.109375
vt 0.140625 0.109375
vt 0.140625 0.109375
vt 0.140625 0.109375
vt 0.140625 0.109375
vt 0.140625 0.109375
vt 0.140625 0.109375
vt 0.140625 0.109375
vt 0.140625 0.109375
vt 0.140625 0.109375
vt 0.140625 0.109375
vt 0.140625 0.109375
vt 0.140625 0.109375
vt 0.140625 0.109375
vt 0.140625 0.109375
vt 0.140625 0.109375
vt 0.140625 0.109375
vt 0.140625 0.109375
vt 0.140625 0.109375
vt 0.140625 0.109375
vt 0.140625 0.109375
vt 0.140625 0.109375
vt 0.140625 0.109375
vt 0.140625 0.109375
vt 0.140625 0.109375
vt 0.140625 0.109375
vt 0.140625 0.109375
vt 0.140625 0.109375
vt 0.140625 0.109375
vt 0.140625 0.109375
vt 0.140625 0.109375
vt 0.140625 0.109375
vt 0.140625 0.109375
vt 0.140625 0.109375
vt 0.140625 0.109375
vt 0.140625 0.109375
vt 0.140625 0.109375
vt 0.65625 0.796875
vt 0.65625 0.796875
vt 0.65625 0.796875
vt 0.65625 0.796875
vt 0.65625 0.796875
vt 0.65625 0.796875
vt 0.65625 0.796875
vt 0.65625 0.796875
vt 0.65625 0.796875
vt 0.65625 0.796875
vt 0.65625 0.796875
vt 0.65625 0.796875
vt 0.65625 0.796875
vt 0.65625 0.796875
vt 0.65625 0.796875
vt 0.65625 0.796875
vt 0.65625 0.796875
vt 0.65625 0.796875
vt 0.65625 0.796875
vt 0.65625 0.796875
vt 0.65625 0.796875
vt 0.65625 0.796875
vt 0.65625 0.796875
vt 0.65625 0.796875
vt 0.65625 0.796875
vt 0.65625 0.796875
vt 0.65625 0.796875
vt 0.65625 0.796875
vt 0.65625 0.796875
vt 0.65625 0.796875
vt 0.65625 0.796875
vt 0.65625 0.796875
vt 0.65625 0.796875
vt 0.65625 0.796875
vt 0.65625 0.796875
vt 0.65625 0.796875
vt 0.65625 0.796875
vt 0.65625 0.796875
vt 0.65625 0.796875
vt 0.65625 0.796875
vt 0.65625 0.796875
vt 0.65625 0.796875
vt 0.65625 0.796875
vt 0.65625 0.796875
vt 0.65625 0.796875
vt 0.65625 0.796875
vt 0.65625 0.796875
vt 0.65625 0.796875
vt 0.65625 0.796875
vt 0.65625 0.796875
vt 0.65625 0.796875
vt 0.65625 0.796875
vt 0.65625 0.796875
vt 0.65625 0.796875
vt 0.65625 0.796875
vt 0.65625 0.796875
vt 0.65625 0.796875
vt 0.65625 0.796875
vt 0.65625 0.796875
vt 0.65625 0.796875
vt 0.65625 0.796875
vt 0.65625 0.796875
vt 0.65625 0.796875
vt 0.65625 0.796875
vt 0.65625 0.796875
vt 0.65625 0.796875
vt 0.65625 0.796875
vt 0.65625 0.796875
vt 0.65625 0.796875
vt 0.65625 0.796875
vt 0.65625 0.796875
vt 0.65625 0.796875
vt 0.65625 0.796875
vt 0.65625 0.796875
vt 0.65625 0.796875
vt 0.65625 0.796875
vt 0.65625 0.796875
vt 0.65625 0.796875
vt 0.65625 0.796875
vt 0.65625 0.796875
vt 0.65625 0.796875
vt 0.65625 0.796875
vt 0.65625 0.796875
vt 0.65625 0.796875
vt 0.65625 0.796875
vt 0.65625 0.796875
vt 0.65625 0.796875
vt 0.65625 0.796875
vt 0.65625 0.796875
vt 0.65625 0.796875
vt 0.65625 0.796875
vt 0.65625 0.796875
vt 0.65625 0.796875
vt 0.65625 0.796875
vt 0.65625 0.796875
vt 0.65625 0.796875
vt 0.65625 0.796875
vt 0.65625 0.796875
vt 0.65625 0.796875
vt 0.65625 0.796875
vt 0.65625 0.796875
vt 0.65625 0.796875
vt 0.65625 0.796875
vt 0.65625 0.796875
vt 0.65625 0.796875
vt 0.65625 0.796875
vt 0.65625 0.796875
vt 0.65625 0.796875
vt 0.65625 0.796875
vt 0.65625 0.796875
vt 0.65625 0.796875
vt 0.65625 0.796875
vt 0.65625 0.796875
vt 0.65625 0.796875
vt 0.65625 0.796875
vt 0.65625 0.796875
vt 0.65625 0.796875
vt 0.65625 0.796875
vt 0.65625 0.796875
vt 0.65625 0.796875
vt 0.65625 0.796875
vt 0.65625 0.796875
vt 0.65625 0.796875
vt 0.65625 0.796875
vt 0.65625 0.796875
vt 0.65625 0.796875
vt 0.65625 0.796875
vt 0.65625 0.796875
vt 0.65625 0.796875
vt 0.65625 0.796875
vt 0.65625 0.796875
vt 0.65625 0.796875
vt 0.65625 0.796875
vt 0.65625 0.796875
vt 0.65625 0.796875
vt 0.65625 0.796875
vt 0.640625 0.796875
vt 0.65625 0.796875
vt 0.65625 0.796875
vt 0.65625 0.796875
vt 0.65625 0.796875
vt 0.65625 0.796875
vt 0.65625 0.796875
vt 0.65625 0.796875
vt 0.65625 0.796875
vt 0.640625 0.796875
vt 0.65625 0.796875
vt 0.65625 0.796875
vt 0.65625 0.796875
vt 0.65625 0.796875
vt 0.65625 0.796875
vt 0.65625 0.796875
vt 0.65625 0.796875
vt 0.65625 0.796875
vt 0.65625 0.796875
vt 0.65625 0.796875
vt 0.65625 0.796875
vt 0.65625 0.796875
vt 0.65625 0.796875
vt 0.65625 0.796875
vt 0.65625 0.796875
vt 0.65625 0.796875
vt 0.65625 0.796875
vt 0.65625 0.796875
vt 0.65625 0.796875
vt 0.65625 0.796875
vt 0.65625 0.796875
vt 0.65625 0.796875
vt 0.65625 0.796875
vt 0.65625 0.796875
vt 0.65625 0.796875
vt 0.65625 0.796875
vt 0.65625 0.796875
vt 0.65625 0.796875
vt 0.65625 0.796875
vt 0.65625 0.796875
vt 0.65625 0.796875
vt 0.65625 0.796875
vt 0.65625 0.796875
vt 0.65625 0.796875
vt 0.65625 0.796875
vt 0.65625 0.796875
vt 0.65625 0.796875
vt 0.65625 0.796875
vt 0.65625 0.796875
vt 0.65625 0.796875
vt 0.65625 0.796875
vt 0.65625 0.796875
vt 0.65625 0.796875
vt 0.65625 0.796875
vt 0.65625 0.796875
vt 0.65625 0.796875
vt 0.65625 0.796875
vt 0.65625 0.796875
vt 0.65625 0.796875
vt 0.65625 0.796875
vt 0.65625 0.796875
vt 0.65625 0.796875
vt 0.65625 0.796875
vt 0.65625 0.796875
vt 0.65625 0.796875
vt 0.65625 0.796875
vt 0.65625 0.796875
vt 0.65625 0.796875
vt 0.65625 0.796875
vt 0.65625 0.796875
vt 0.65625 0.796875
vt 0.65625 0.796875
vt 0.65625 0.796875
vt 0.65625 0.796875
vt 0.65625 0.796875
vt 0.65625 0.796875
vt 0.65625 0.796875
vt 0.65625 0.796875
vt 0.65625 0.796875
vt 0.65625 0.796875
vt 0.65625 0.796875
vt 0.65625 0.796875
vt 0.65625 0.796875
vt 0.65625 0.796875
vt 0.65625 0.796875
vt 0.65625 0.796875
vt 0.65625 0.796875
vt 0.65625 0.796875
vt 0.65625 0.796875
vt 0.65625 0.796875
vt 0.65625 0.796875
vt 0.65625 0.796875
vt 0.65625 0.796875
vt 0.65625 0.796875
vt 0.65625 0.796875
vt 0.65625 0.796875
vt 0.65625 0.796875
vt 0.65625 0.796875
vt 0.65625 0.796875
vt 0.65625 0.796875
vt 0.65625 0.796875
vt 0.65625 0.796875
vt 0.65625 0.796875
vt 0.65625 0.796875
vt 0.65625 0.796875
vt 0.65625 0.796875
vt 0.65625 0.796875
vt 0.65625 0.796875
vt 0.65625 0.796875
vt 0.65625 0.796875
vt 0.65625 0.796875
vt 0.65625 0.796875
vt 0.65625 0.796875
vt 0.65625 0.796875
vt 0.65625 0.796875
vt 0.65625 0.796875
vt 0.65625 0.796875
vt 0.65625 0.796875
vt 0.65625 0.796875
vt 0.65625 0.796875
vt 0.65625 0.796875
vt 0.65625 0.796875
vt 0.65625 0.796875
vt 0.65625 0.796875
vt 0.65625 0.796875
vt 0.65625 0.796875
vt 0.65625 0.796875
vt 0.65625 0.796875
vt 0.65625 0.796875
vt 0.65625 0.796875
vt 0.65625 0.796875
vt 0.65625 0.796875
vt 0.65625 0.796875
vt 0.65625 0.796875
vt 0.65625 0.796875
vt 0.65625 0.796875
vt 0.65625 0.796875
vt 0.65625 0.796875
vt 0.65625 0.796875
vt 0.65625 0.796875
vt 0.65625 0.796875
vt 0.65625 0.796875
vt 0.65625 0.796875
vt 0.65625 0.796875
vt 0.65625 0.796875
vt 0.65625 0.796875
vt 0.65625 0.796875
vt 0.65625 0.796875
vt 0.65625 0.796875
vt 0.65625 0.796875
vt 0.65625 0.796875
vt 0.65625 0.796875
vt 0.65625 0.796875
vt 0.65625 0.796875
vt 0.65625 0.796875
vt 0.65625 0.796875
vt 0.65625 0.796875
vt 0.65625 0.796875
vt 0.65625 0.796875
vt 0.65625 0.796875
vt 0.65625 0.796875
vt 0.65625 0.796875
vt 0.65625 0.796875
vt 0.65625 0.796875
vt 0.65625 0.796875
vt 0.65625 0.796875
vt 0.65625 0.796875
vt 0.65625 0.796875
vt 0.65625 0.796875
vt 0.65625 0.796875
vt 0.65625 0.796875
vt 0.65625 0.796875
vt 0.65625 0.796875
vt 0.65625 0.796875
vt 0.65625 0.796875
vt 0.65625 0.796875
vt 0.65625 0.796875
vt 0.65625 0.796875
vt 0.65625 0.796875
vt 0.65625 0.796875
vt 0.65625 0.796875
vt 0.65625 0.796875
vt 0.65625 0.796875
vt 0.65625 0.796875
vt 0.65625 0.796875
vt 0.65625 0.796875
vt 0.65625 0.796875
vt 0.65625 0.796875
vt 0.65625 0.796875
vt 0.65625 0.796875
vt 0.65625 0.796875
vt 0.65625 0.796875
vt 0.65625 0.796875
vt 0.65625 0.796875
vt 0.65625 0.796875
vt 0.65625 0.796875
vt 0.65625 0.796875
vt 0.65625 0.796875
vt 0.65625 0.796875
vt 0.65625 0.796875
vt 0.640625 0.8125
vt 0.65625 0.796875
vt 0.65625 0.796875
vt 0.640625 0.796875
vt 0.65625 0.796875
vt 0.65625 0.796875
vt 0.65625 0.796875
vt 0.65625 0.796875
vt 0.65625 0.8125
vt 0.640625 0.8125
vt 0.640625 0.796875
vt 0.65625 0.796875
vt 0.65625 0.796875
vt 0.65625 0.796875
vt 0.65625 0.796875
vt 0.65625 0.796875
vt 0.65625 0.796875
vt 0.65625 0.8125
vt 0.65625 0.796875
vt 0.65625 0.796875
vt 0.65625 0.796875
vt 0.65625 0.796875
vt 0.65625 0.796875
vt 0.65625 0.796875
vt 0.65625 0.796875
vt 0.65625 0.796875
vt 0.65625 0.796875
vt 0.65625 0.796875
vt 0.65625 0.796875
vt 0.65625 0.796875
vt 0.65625 0.796875
vt 0.65625 0.796875
vt 0.65625 0.796875
vt 0.65625 0.796875
vt 0.65625 0.796875
vt 0.65625 0.796875
vt 0.65625 0.796875
vt 0.65625 0.796875
vt 0.65625 0.796875
vt 0.65625 0.796875
vt 0.65625 0.796875
vt 0.65625 0.796875
vt 0.65625 0.796875
vt 0.65625 0.796875
vt 0.65625 0.796875
vt 0.65625 0.796875
vt 0.65625 0.796875
vt 0.65625 0.796875
vn 0.3826834910622171 0 0.9238795081981384
vn 0.6087614812692829 0 0.7933533001902928
vn 0.7933533402912352 0 0.6087614290087207
vn 0.9238795073027797 0 0.38268349322380424
vn 0.9914448530810469 0 0.13052625520982866
vn 0.9914448613738104 0 -0.13052619222005157
vn 0.9238795081981384 0 -0.3826834910622171
vn 0.7933533001902928 0 -0.6087614812692829
vn 0.6087614290087207 0 -0.7933533402912352
vn 0.38268349322380424 0 -0.9238795073027797
vn 0.13052625520982866 0 -0.9914448530810469
vn -0.13052619222005157 0 -0.9914448613738104
vn -0.3826834910622171 0 -0.9238795081981384
vn -0.6087614812692829 0 -0.7933533001902928
vn -0.7933533402912352 0 -0.6087614290087207
vn -0.9238795073027797 0 -0.38268349322380424
vn -0.9914448530810469 0 -0.13052625520982866
vn -0.9914448613738104 0 0.13052619222005157
vn -0.9238795081981384 0 0.3826834910622171
vn -0.7933533001902928 0 0.6087614812692829
vn -0.6087614290087207 0 0.7933533402912352
vn -0.38268349322380424 0 0.9238795073027797
vn -0.13052625520982866 0 0.9914448530810469
vn 0.13052619222005157 0 0.9914448613738104
vn 0 -1 0
vn 0 -1 0
vn 0 -1 0
vn 0 -1 0
vn 0 -1 0
vn 0 -1 0
vn 0 -1 0
vn 0 -1 0
vn 0 -1 0
vn 0 -1 0
vn 0 -1 0
vn 0 -1 0
vn 0 -1 0
vn 0 -1 0
vn 0 -1 0
vn 0 -1 0
vn 0 -1 0
vn 0 -1 0
vn 0 -1 0
vn 0 -1 0
vn 0 -1 0
vn 0 -1 0
vn 0 -1 0
vn 0 -1 0
vn -0.13023007988289528 -0.06732059784391699 -0.9891956648710267
vn 0.13022992089234517 -0.06732059865277448 -0.9891956857474691
vn 0.3818153452299627 -0.06732059879874586 -0.9217835858401378
vn 0.6073803899248529 -0.06732059847993117 -0.7915535351162535
vn 0.7915534887538428 -0.0673205988096616 -0.6073804503089713
vn 0.9217836763489367 -0.06732059863890603 -0.38181512675054985
vn 0.9891956648710267 -0.06732059784391699 -0.13023007988289528
vn 0.9891956857474691 -0.06732059865277448 0.13022992089234517
vn 0.921783585840138 -0.06732059879874587 0.3818153452299628
vn 0.7915535351162535 -0.06732059847993117 0.6073803899248529
vn 0.6073804503089713 -0.0673205988096616 0.7915534887538428
vn 0.38181512675054985 -0.06732059863890603 0.9217836763489367
vn 0.13023007988289528 -0.06732059784391699 0.9891956648710267
vn -0.13022992089234517 -0.06732059865277448 0.9891956857474691
vn -0.3818153452299627 -0.06732059879874586 0.9217835858401378
vn -0.6073803899248529 -0.06732059847993117 0.7915535351162535
vn -0.7915534887538428 -0.0673205988096616 0.6073804503089713
vn -0.9217836763489367 -0.06732059863890603 0.38181512675054985
vn -0.9891956648710267 -0.06732059784391699 0.13023007988289528
vn -0.9891956857474691 -0.06732059865277448 -0.13022992089234517
vn -0.921783585840138 -0.06732059879874587 -0.3818153452299628
vn -0.7915535351162535 -0.06732059847993117 -0.6073803899248529
vn -0.6073804503089713 -0.0673205988096616 -0.7915534887538428
vn -0.38181512675054985 -0.06732059863890603 -0.9217836763489367
vn -0.3000289973843028 -0.6207435643335498 -0.7243341963949033
vn -0.10233429226855859 -0.6207438169679536 -0.7773061213717215
vn 0.10233423911269796 -0.6207438841422493 -0.7773060747255351
vn 0.3000290726581643 -0.6207436284138632 -0.7243341102995728
vn 0.47727724844345254 -0.6207436282188836 -0.6219998200513431
vn 0.6219997770925604 -0.6207436424546091 -0.47727728591353463
vn 0.7243341963949033 -0.6207435643335498 -0.3000289973843028
vn 0.7773061213717215 -0.6207438169679536 -0.10233429226855859
vn 0.777306074725535 -0.6207438841422492 0.10233423911269794
vn 0.7243341102995728 -0.6207436284138632 0.3000290726581643
vn 0.6219998200513432 -0.6207436282188837 0.47727724844345265
vn 0.4772772859135345 -0.620743642454609 0.6219997770925603
vn 0.3000289973843028 -0.6207435643335498 0.7243341963949033
vn 0.10233429226855859 -0.6207438169679536 0.7773061213717215
vn -0.10233423911269796 -0.6207438841422493 0.7773060747255351
vn -0.3000290726581643 -0.6207436284138632 0.7243341102995728
vn -0.47727724844345254 -0.6207436282188836 0.6219998200513431
vn -0.6219997770925604 -0.6207436424546091 0.47727728591353463
vn -0.7243341963949033 -0.6207435643335498 0.3000289973843028
vn -0.7773061213717215 -0.6207438169679536 0.10233429226855859
vn -0.777306074725535 -0.6207438841422492 -0.10233423911269794
vn -0.7243341102995728 -0.6207436284138632 -0.3000290726581643
vn -0.6219998200513432 -0.6207436282188837 -0.47727724844345265
vn -0.4772772859135345 -0.620743642454609 -0.6219997770925603
vn -0.06326912358406231 -0.9976523520235119 0.026206917080408933
vn -0.06789612426553013 -0.9976523523017856 0.008938694336061015
vn -0.06789612569525978 -0.9976523523028836 -0.00893868335365307
vn -0.06326911732471656 -0.9976523520238276 -0.026206932179792364
vn -0.05433042218472352 -0.9976523522221589 -0.041689199210629184
vn -0.04168920338488268 -0.9976523522229424 -0.054330418967319806
vn -0.026206917080408933 -0.9976523520235119 -0.06326912358406231
vn -0.008938694336061015 -0.9976523523017856 -0.06789612426553013
vn 0.00893868335365307 -0.9976523523028836 -0.06789612569525978
vn 0.026206932179792364 -0.9976523520238276 -0.06326911732471656
vn 0.041689199210629184 -0.9976523522221589 -0.05433042218472352
vn 0.054330418967319806 -0.9976523522229424 -0.04168920338488268
vn 0.06326912358406231 -0.9976523520235119 -0.026206917080408933
vn 0.06789612426553013 -0.9976523523017856 -0.008938694336061015
vn 0.06789612569525978 -0.9976523523028836 0.00893868335365307
vn 0.06326911732471656 -0.9976523520238276 0.026206932179792364
vn 0.05433042218472352 -0.9976523522221589 0.041689199210629184
vn 0.04168920338488268 -0.9976523522229424 0.054330418967319806
vn 0.026206917080408933 -0.9976523520235119 0.06326912358406231
vn 0.008938694336061015 -0.9976523523017856 0.06789612426553013
vn -0.00893868335365307 -0.9976523523028836 0.06789612569525978
vn -0.026206932179792364 -0.9976523520238276 0.06326911732471656
vn -0.041689199210629184 -0.9976523522221589 0.05433042218472352
vn -0.054330418967319806 -0.9976523522229424 0.04168920338488268
vn 0.008186385692024237 0.9999467606603406 0.0062816346752482145
vn 0.00628163540676588 0.9999467606575284 0.008186385474192912
vn 0.0039487970997793345 0.9999467607582698 0.009533239245314937
vn 0.001346861433609122 0.9999467607338602 0.01023042824806092
vn -0.0013468627982584213 0.9999467606337665 0.010230437851813845
vn -0.00394880110764204 0.9999467606654804 0.009533247317930357
vn -0.0062816346752482145 0.9999467606603406 0.008186385692024237
vn -0.008186385474192912 0.9999467606575284 0.00628163540676588
vn -0.009533239245314937 0.9999467607582698 0.0039487970997793345
vn -0.01023042824806092 0.9999467607338602 0.001346861433609122
vn -0.010230437851813845 0.9999467606337665 -0.0013468627982584213
vn -0.009533247317930357 0.9999467606654804 -0.00394880110764204
vn -0.008186385692024237 0.9999467606603406 -0.0062816346752482145
vn -0.00628163540676588 0.9999467606575284 -0.008186385474192912
vn -0.0039487970997793345 0.9999467607582698 -0.009533239245314937
vn -0.001346861433609122 0.9999467607338602 -0.01023042824806092
vn 0.0013468627982584213 0.9999467606337665 -0.010230437851813845
vn 0.00394880110764204 0.9999467606654804 -0.009533247317930357
vn 0.0062816346752482145 0.9999467606603406 -0.008186385692024237
vn 0.008186385474192912 0.9999467606575284 -0.00628163540676588
vn 0.009533239245314937 0.9999467607582698 -0.0039487970997793345
vn 0.01023042824806092 0.9999467607338602 -0.001346861433609122
vn 0.010230437851813845 0.9999467606337665 0.0013468627982584213
vn 0.009533247317930357 0.9999467606654804 0.00394880110764204
vn 0.002131671410163782 0.9999976886064614 -0.000280639865183498
vn 0.004957143425613431 0.9999875003297718 -0.0006526203128809473
vn 0.0019864014279304108 0.9999976886066826 -0.0008227944212615408
vn 0.0046193247717339365 0.9999875003174995 -0.001913386372969766
vn 0.0017057618818947541 0.9999976886056032 -0.0013088773256603045
vn 0.003966703016252966 0.9999875003217072 -0.00304375878224136
vn 0.0013088771759824302 0.9999976886056903 -0.0017057619456730471
vn 0.0030437585493854596 0.9999875003210115 -0.003966703370361473
vn 0.0008227947228788645 0.9999976886057602 -0.001986401767264549
vn 0.0019133870263954528 0.9999875003204465 -0.004619323863146235
vn 0.00028063993696848273 0.9999976886054222 -0.0021316718882146935
vn 0.0006526196838080064 0.9999875003329398 -0.004957142869342007
vn -0.000280639865183498 0.9999976886064614 -0.002131671410163782
vn -0.0006526203128809473 0.9999875003297718 -0.004957143425613431
vn -0.0008227944212615408 0.9999976886066826 -0.0019864014279304108
vn -0.001913386372969766 0.9999875003174995 -0.0046193247717339365
vn -0.0013088773256603045 0.9999976886056032 -0.0017057618818947541
vn -0.00304375878224136 0.9999875003217072 -0.003966703016252966
vn -0.0017057619456730471 0.9999976886056903 -0.0013088771759824302
vn -0.003966703370361473 0.9999875003210115 -0.0030437585493854596
vn -0.001986401767264549 0.9999976886057602 -0.0008227947228788645
vn -0.004619323863146235 0.9999875003204465 -0.0019133870263954528
vn -0.0021316718882146935 0.9999976886054222 -0.00028063993696848273
vn -0.004957142869342007 0.9999875003329398 -0.0006526196838080064
vn -0.002131671410163782 0.9999976886064614 0.000280639865183498
vn -0.004957143425613431 0.9999875003297718 0.0006526203128809473
vn -0.0019864014279304108 0.9999976886066826 0.0008227944212615408
vn -0.0046193247717339365 0.9999875003174995 0.001913386372969766
vn -0.0017057618818947541 0.9999976886056032 0.0013088773256603045
vn -0.003966703016252966 0.9999875003217072 0.00304375878224136
vn -0.0013088771759824302 0.9999976886056903 0.0017057619456730471
vn -0.0030437585493854596 0.9999875003210115 0.003966703370361473
vn -0.0008227947228788645 0.9999976886057602 0.001986401767264549
vn -0.0019133870263954528 0.9999875003204465 0.004619323863146235
vn -0.00028063993696848273 0.9999976886054222 0.0021316718882146935
vn -0.0006526196838080064 0.9999875003329398 0.004957142869342007
vn 0.000280639865183498 0.9999976886064614 0.002131671410163782
vn 0.0006526203128809473 0.9999875003297718 0.004957143425613431
vn 0.0008227944212615408 0.9999976886066826 0.0019864014279304108
vn 0.001913386372969766 0.9999875003174995 0.0046193247717339365
vn 0.0013088773256603045 0.9999976886056032 0.0017057618818947541
vn 0.00304375878224136 0.9999875003217072 0.003966703016252966
vn 0.0017057619456730471 0.9999976886056903 0.0013088771759824302
vn 0.003966703370361473 0.9999875003210115 0.0030437585493854596
vn 0.001986401767264549 0.9999976886057602 0.0008227947228788645
vn 0.004619323863146235 0.9999875003204465 0.0019133870263954528
vn 0.0021316718882146935 0.9999976886054222 0.00028063993696848273
vn 0.004957142869342007 0.9999875003329398 0.0006526196838080064
vn 0.13052608708993016 0.0012670985366728261 0.9914440655177127
vn -0.13052608708384772 -0.0012670974961188262 -0.9914440655198432
vn 0.38268313618665317 0.001267097488693178 0.9238787862822166
vn -0.382683032792838 -0.0012670980939730489 -0.9238788291085017
vn 0.6087609947112183 0.0012670981420377459 0.7933526616710291
vn -0.6087609988460926 -0.001267098982165597 -0.7933526584968865
vn 0.793352703398266 0.0012670989806919295 0.6087609403294829
vn -0.793352703398102 -0.0012670989196555227 -0.6087609403298236
vn 0.9238787647433195 0.0012670989180548285 0.38268318818141217
vn -0.9238787627506797 -0.0012670991184808023 -0.3826831929914054
vn 0.9914440639158834 0.0012670991287463977 0.13052609925128236
vn -0.9914440785241023 -0.0012670985845033918 -0.13052598829609027
vn 0.9914440655177127 0.0012670985366728261 -0.13052608708993016
vn -0.9914440655198432 -0.0012670974961188262 0.13052608708384772
vn 0.9238787862822166 0.001267097488693178 -0.38268313618665317
vn -0.9238788291085017 -0.0012670980939730489 0.382683032792838
vn 0.7933526616710291 0.0012670981420377459 -0.6087609947112183
vn -0.7933526584968863 -0.0012670989821655968 0.6087609988460925
vn 0.6087609403294829 0.0012670989806919295 -0.793352703398266
vn -0.6087609403298236 -0.0012670989196555227 0.793352703398102
vn 0.38268318818141217 0.0012670989180548285 -0.9238787647433195
vn -0.3826831929914054 -0.0012670991184808023 0.9238787627506797
vn 0.1305260992512824 0.001267099128746398 -0.9914440639158836
vn -0.13052598829609027 -0.0012670985845033918 0.9914440785241023
vn -0.13052608708993016 0.0012670985366728261 -0.9914440655177127
vn 0.13052608708384772 -0.0012670974961188262 0.9914440655198432
vn -0.38268313618665317 0.001267097488693178 -0.9238787862822166
vn 0.382683032792838 -0.0012670980939730489 0.9238788291085017
vn -0.6087609947112183 0.0012670981420377459 -0.7933526616710291
vn 0.6087609988460926 -0.001267098982165597 0.7933526584968865
vn -0.793352703398266 0.0012670989806919295 -0.6087609403294829
vn 0.793352703398102 -0.0012670989196555227 0.6087609403298236
vn -0.9238787647433195 0.0012670989180548285 -0.38268318818141217
vn 0.9238787627506797 -0.0012670991184808023 0.3826831929914054
vn -0.9914440639158834 0.0012670991287463977 -0.13052609925128236
vn 0.9914440785241023 -0.0012670985845033918 0.13052598829609027
vn -0.9914440655177127 0.0012670985366728261 0.13052608708993016
vn 0.9914440655198432 -0.0012670974961188262 -0.13052608708384772
vn -0.9238787862822166 0.001267097488693178 0.38268313618665317
vn 0.9238788291085017 -0.0012670980939730489 -0.382683032792838
vn -0.7933526616710291 0.0012670981420377459 0.6087609947112183
vn 0.7933526584968863 -0.0012670989821655968 -0.6087609988460925
vn -0.6087609403294829 0.0012670989806919295 0.793352703398266
vn 0.6087609403298236 -0.0012670989196555227 -0.793352703398102
vn -0.38268318818141217 0.0012670989180548285 0.9238787647433195
vn 0.3826831929914054 -0.0012670991184808023 -0.9238787627506797
vn -0.1305260992512824 0.001267099128746398 0.9914440639158836
vn 0.13052598829609027 -0.0012670985845033918 -0.9914440785241023
vn 0.11742014056972486 -0.43673410100845383 0.8918945204478631
vn -0.11605923225946006 -0.457588038273644 -0.8815573956562458
vn 0.3442584435508793 -0.43673410924961975 0.8311133748543983
vn -0.34026837034037377 -0.4575880457741653 -0.8214807462810598
vn 0.5476361347613758 -0.43673410015215064 0.7136932041626229
vn -0.5412889896684469 -0.4575880522795573 -0.7054214372094977
vn 0.7136932453258484 -0.43673409111541606 0.5476360883231217
vn -0.7054214782342675 -0.4575880499225459 -0.5412889381964706
vn 0.8311133625563121 -0.4367340936723209 0.34425849300279715
vn -0.8214806837786941 -0.457588053363259 -0.3402685110287352
vn 0.891894521574599 -0.43673409554719644 0.11742015232399267
vn -0.8815574013259335 -0.4575880496962525 -0.11605914415782584
vn 0.8918945204478631 -0.43673410100845383 -0.11742014056972486
vn -0.8815573956562458 -0.457588038273644 0.11605923225946006
vn 0.8311133748543983 -0.43673410924961975 -0.3442584435508793
vn -0.8214807462810597 -0.4575880457741653 0.34026837034037377
vn 0.7136932041626229 -0.43673410015215064 -0.5476361347613758
vn -0.7054214372094977 -0.4575880522795573 0.5412889896684469
vn 0.5476360883231217 -0.43673409111541606 -0.7136932453258484
vn -0.5412889381964706 -0.4575880499225459 0.7054214782342675
vn 0.34425849300279715 -0.4367340936723209 -0.8311133625563121
vn -0.3402685110287352 -0.457588053363259 0.8214806837786941
vn 0.11742015232399267 -0.43673409554719644 -0.891894521574599
vn -0.11605914415782584 -0.4575880496962525 0.8815574013259335
vn -0.11742014056972486 -0.43673410100845383 -0.8918945204478631
vn 0.11605923225946006 -0.457588038273644 0.8815573956562458
vn -0.3442584435508793 -0.43673410924961975 -0.8311133748543983
vn 0.34026837034037377 -0.4575880457741653 0.8214807462810598
vn -0.5476361347613758 -0.43673410015215064 -0.7136932041626229
vn 0.5412889896684469 -0.4575880522795573 0.7054214372094977
vn -0.7136932453258484 -0.43673409111541606 -0.5476360883231217
vn 0.7054214782342675 -0.4575880499225459 0.5412889381964706
vn -0.8311133625563121 -0.4367340936723209 -0.34425849300279715
vn 0.8214806837786941 -0.457588053363259 0.3402685110287352
vn -0.891894521574599 -0.43673409554719644 -0.11742015232399267
vn 0.8815574013259335 -0.4575880496962525 0.11605914415782584
vn -0.8918945204478631 -0.43673410100845383 0.11742014056972486
vn 0.8815573956562458 -0.457588038273644 -0.11605923225946006
vn -0.8311133748543983 -0.43673410924961975 0.3442584435508793
vn 0.8214807462810597 -0.4575880457741653 -0.34026837034037377
vn -0.7136932041626229 -0.43673410015215064 0.5476361347613758
vn 0.7054214372094977 -0.4575880522795573 -0.5412889896684469
vn -0.5476360883231217 -0.43673409111541606 0.7136932453258484
vn 0.5412889381964706 -0.4575880499225459 -0.7054214782342675
vn -0.34425849300279715 -0.4367340936723209 0.8311133625563121
vn 0.3402685110287352 -0.457588053363259 -0.8214806837786941
vn -0.11742015232399267 -0.43673409554719644 0.891894521574599
vn 0.11605914415782584 -0.4575880496962525 -0.8815574013259335
vn -0.13051948993352225 0.010142931733377335 0.9913938590103054
vn 0.13051937897228413 -0.010142928742137099 -0.9913938736492279
vn 0.1305194769812784 0.010142928432013412 0.9913938607492769
vn -0.13051947697210298 -0.01014292260264607 -0.9913938608101251
vn 0.38266375815406517 0.010142922560885007 0.9238320027566328
vn -0.38266365473885094 -0.010142925924012827 -0.9238320455556874
vn 0.6087301685633507 0.010142926236801205 0.7933124875660217
vn -0.6087301726768081 -0.010142930998019006 -0.79331248434878
vn 0.793312529491323 0.01014293098661319 0.608730113846095
vn -0.7933125294936932 -0.010142930614742722 -0.6087301138492024
vn 0.9238319813029433 0.0101429306046485 0.3826638097346382
vn -0.9238319793010967 -0.010142931672795232 -0.38266381453921067
vn 0.9913938590103054 0.010142931733377335 0.13051948993352225
vn -0.9913938736492279 -0.010142928742137099 -0.13051937897228413
vn 0.9913938607492769 0.010142928432013412 -0.1305194769812784
vn -0.9913938608101251 -0.01014292260264607 0.13051947697210298
vn 0.9238320027566328 0.010142922560885007 -0.38266375815406517
vn -0.9238320455556874 -0.010142925924012827 0.38266365473885094
vn 0.7933124875660219 0.010142926236801207 -0.6087301685633508
vn -0.79331248434878 -0.010142930998019006 0.6087301726768081
vn 0.608730113846095 0.01014293098661319 -0.793312529491323
vn -0.6087301138492024 -0.010142930614742722 0.7933125294936932
vn 0.3826638097346382 0.0101429306046485 -0.9238319813029433
vn -0.38266381453921056 -0.01014293167279523 0.9238319793010965
vn 0.13051948993352225 0.010142931733377335 -0.9913938590103054
vn -0.13051937897228413 -0.010142928742137099 0.9913938736492279
vn -0.1305194769812784 0.010142928432013412 -0.9913938607492769
vn 0.13051947697210298 -0.01014292260264607 0.9913938608101251
vn -0.38266375815406517 0.010142922560885007 -0.9238320027566328
vn 0.38266365473885094 -0.010142925924012827 0.9238320455556874
vn -0.6087301685633507 0.010142926236801205 -0.7933124875660217
vn 0.6087301726768081 -0.010142930998019006 0.79331248434878
vn -0.793312529491323 0.01014293098661319 -0.608730113846095
vn 0.7933125294936932 -0.010142930614742722 0.6087301138492024
vn -0.9238319813029433 0.0101429306046485 -0.3826638097346382
vn 0.9238319793010967 -0.010142931672795232 0.38266381453921067
vn -0.9913938590103054 0.010142931733377335 -0.13051948993352225
vn 0.9913938736492279 -0.010142928742137099 0.13051937897228413
vn -0.9913938607492769 0.010142928432013412 0.1305194769812784
vn 0.9913938608101251 -0.01014292260264607 -0.13051947697210298
vn -0.9238320027566328 0.010142922560885007 0.38266375815406517
vn 0.9238320455556874 -0.010142925924012827 -0.38266365473885094
vn -0.7933124875660219 0.010142926236801207 0.6087301685633508
vn 0.79331248434878 -0.010142930998019006 -0.6087301726768081
vn -0.608730113846095 0.01014293098661319 0.793312529491323
vn 0.6087301138492024 -0.010142930614742722 -0.7933125294936932
vn -0.3826638097346382 0.0101429306046485 0.9238319813029433
vn 0.38266381453921056 -0.01014293167279523 -0.9238319793010965
usemtl m_ac30d9ed-7ab4-5fc0-6276-16d234bb48f3
f 1251/4945/1249 1253/4946/1249 1254/4947/1249 1252/4948/1249
f 1253/4949/1250 1255/4950/1250 1256/4951/1250 1254/4952/1250
f 1255/4953/1251 1257/4954/1251 1258/4955/1251 1256/4956/1251
f 1257/4957/1252 1259/4958/1252 1260/4959/1252 1258/4960/1252
f 1259/4961/1253 1261/4962/1253 1262/4963/1253 1260/4964/1253
f 1261/4965/1254 1263/4966/1254 1264/4967/1254 1262/4968/1254
f 1263/4969/1255 1265/4970/1255 1266/4971/1255 1264/4972/1255
f 1265/4973/1256 1267/4974/1256 1268/4975/1256 1266/4976/1256
f 1267/4977/1257 1269/4978/1257 1270/4979/1257 1268/4980/1257
f 1269/4981/1258 1271/4982/1258 1272/4983/1258 1270/4984/1258
f 1271/4985/1259 1273/4986/1259 1274/4987/1259 1272/4988/1259
f 1273/4989/1260 1275/4990/1260 1276/4991/1260 1274/4992/1260
f 1275/4993/1261 1277/4994/1261 1278/4995/1261 1276/4996/1261
f 1277/4997/1262 1279/4998/1262 1280/4999/1262 1278/5000/1262
f 1279/5001/1263 1281/5002/1263 1282/5003/1263 1280/5004/1263
f 1281/5005/1264 1283/5006/1264 1284/5007/1264 1282/5008/1264
f 1283/5009/1265 1285/5010/1265 1286/5011/1265 1284/5012/1265
f 1285/5013/1266 1287/5014/1266 1288/5015/1266 1286/5016/1266
f 1287/5017/1267 1289/5018/1267 1290/5019/1267 1288/5020/1267
f 1289/5021/1268 1291/5022/1268 1292/5023/1268 1290/5024/1268
f 1291/5025/1269 1293/5026/1269 1294/5027/1269 1292/5028/1269
f 1293/5029/1270 1295/5030/1270 1296/5031/1270 1294/5032/1270
f 1295/5033/1271 1297/5034/1271 1298/5035/1271 1296/5036/1271
f 1297/5037/1272 1251/5038/1272 1252/5039/1272 1298/5040/1272
f 1251/5041/1273 1324/5042/1273 1323/5043/1273 1253/5044/1273
f 1253/5045/1274 1323/5046/1274 1346/5047/1274 1255/5048/1274
f 1255/5049/1275 1346/5050/1275 1345/5051/1275 1257/5052/1275
f 1257/5053/1276 1345/5054/1276 1344/5055/1276 1259/5056/1276
f 1259/5057/1277 1344/5058/1277 1343/5059/1277 1261/5060/1277
f 1261/5061/1278 1343/5062/1278 1342/5063/1278 1263/5064/1278
f 1263/5065/1279 1342/5066/1279 1341/5067/1279 1265/5068/1279
f 1265/5069/1280 1341/5070/1280 1340/5071/1280 1267/5072/1280
f 1267/5073/1281 1340/5074/1281 1339/5075/1281 1269/5076/1281
f 1269/5077/1282 1339/5078/1282 1338/5079/1282 1271/5080/1282
f 1271/5081/1283 1338/5082/1283 1337/5083/1283 1273/5084/1283
f 1273/5085/1284 1337/5086/1284 1336/5087/1284 1275/5088/1284
f 1275/5089/1285 1336/5090/1285 1335/5091/1285 1277/5092/1285
f 1277/5093/1286 1335/5094/1286 1334/5095/1286 1279/5096/1286
f 1279/5097/1287 1334/5098/1287 1333/5099/1287 1281/5100/1287
f 1281/5101/1288 1333/5102/1288 1332/5103/1288 1283/5104/1288
f 1283/5105/1289 1332/5106/1289 1331/5107/1289 1285/5108/1289
f 1285/5109/1290 1331/5110/1290 1330/5111/1290 1287/5112/1290
f 1287/5113/1291 1330/5114/1291 1329/5115/1291 1289/5116/1291
f 1289/5117/1292 1329/5118/1292 1328/5119/1292 1291/5120/1292
f 1291/5121/1293 1328/5122/1293 1327/5123/1293 1293/5124/1293
f 1293/5125/1294 1327/5126/1294 1326/5127/1294 1295/5128/1294
f 1295/5129/1295 1326/5130/1295 1325/5131/1295 1297/5132/1295
f 1297/5133/1296 1325/5134/1296 1324/5135/1296 1251/5136/1296
f 1386/5137/1297 1385/5138/1297 1387/5139/1297 1388/5140/1297
f 1388/5141/1298 1387/5142/1298 1389/5143/1298 1390/5144/1298
f 1390/5145/1299 1389/5146/1299 1391/5147/1299 1392/5148/1299
f 1392/5149/1300 1391/5150/1300 1393/5151/1300 1394/5152/1300
f 1394/5153/1301 1393/5154/1301 1348/5155/1301 1347/5156/1301
f 1347/5157/1302 1348/5158/1302 1349/5159/1302 1350/5160/1302
f 1350/5161/1303 1349/5162/1303 1351/5163/1303 1352/5164/1303
f 1352/5165/1304 1351/5166/1304 1353/5167/1304 1354/5168/1304
f 1354/5169/1305 1353/5170/1305 1355/5171/1305 1356/5172/1305
f 1356/5173/1306 1355/5174/1306 1357/5175/1306 1358/5176/1306
f 1358/5177/1307 1357/5178/1307 1359/5179/1307 1360/5180/1307
f 1360/5181/1308 1359/5182/1308 1361/5183/1308 1362/5184/1308
f 1362/5185/1309 1361/5186/1309 1363/5187/1309 1364/5188/1309
f 1364/5189/1310 1363/5190/1310 1365/5191/1310 1366/5192/1310
f 1366/5193/1311 1365/5194/1311 1367/5195/1311 1368/5196/1311
f 1368/5197/1312 1367/5198/1312 1369/5199/1312 1370/5200/1312
f 1370/5201/1313 1369/5202/1313 1371/5203/1313 1372/5204/1313
f 1372/5205/1314 1371/5206/1314 1373/5207/1314 1374/5208/1314
f 1374/5209/1315 1373/5210/1315 1375/5211/1315 1376/5212/1315
f 1376/5213/1316 1375/5214/1316 1377/5215/1316 1378/5216/1316
f 1378/5217/1317 1377/5218/1317 1379/5219/1317 1380/5220/1317
f 1380/5221/1318 1379/5222/1318 1381/5223/1318 1382/5224/1318
f 1382/5225/1319 1381/5226/1319 1383/5227/1319 1384/5228/1319
f 1384/5229/1320 1383/5230/1320 1385/5231/1320 1386/5232/1320
f 1299/5233/1321 1323/5234/1321 1324/5235/1321 1300/5236/1321
f 1300/5237/1322 1324/5238/1322 1325/5239/1322 1322/5240/1322
f 1322/5241/1323 1325/5242/1323 1326/5243/1323 1321/5244/1323
f 1321/5245/1324 1326/5246/1324 1327/5247/1324 1320/5248/1324
f 1320/5249/1325 1327/5250/1325 1328/5251/1325 1319/5252/1325
f 1319/5253/1326 1328/5254/1326 1329/5255/1326 1318/5256/1326
f 1318/5257/1327 1329/5258/1327 1330/5259/1327 1317/5260/1327
f 1317/5261/1328 1330/5262/1328 1331/5263/1328 1316/5264/1328
f 1316/5265/1329 1331/5266/1329 1332/5267/1329 1315/5268/1329
f 1315/5269/1330 1332/5270/1330 1333/5271/1330 1314/5272/1330
f 1314/5273/1331 1333/5274/1331 1334/5275/1331 1313/5276/1331
f 1313/5277/1332 1334/5278/1332 1335/5279/1332 1312/5280/1332
f 1312/5281/1333 1335/5282/1333 1336/5283/1333 1311/5284/1333
f 1311/5285/1334 1336/5286/1334 1337/5287/1334 1310/5288/1334
f 1310/5289/1335 1337/5290/1335 1338/5291/1335 1309/5292/1335
f 1309/5293/1336 1338/5294/1336 1339/5295/1336 1308/5296/1336
f 1308/5297/1337 1339/5298/1337 1340/5299/1337 1307/5300/1337
f 1307/5301/1338 1340/5302/1338 1341/5303/1338 1306/5304/1338
f 1306/5305/1339 1341/5306/1339 1342/5307/1339 1305/5308/1339
f 1305/5309/1340 1342/5310/1340 1343/5311/1340 1304/5312/1340
f 1304/5313/1341 1343/5314/1341 1344/5315/1341 1303/5316/1341
f 1303/5317/1342 1344/5318/1342 1345/5319/1342 1302/5320/1342
f 1302/5321/1343 1345/5322/1343 1346/5323/1343 1301/5324/1343
f 1301/5325/1344 1346/5326/1344 1323/5327/1344 1299/5328/1344
f 1349/5329/1345 1348/5330/1345 1318/5331/1345 1317/5332/1345
f 1351/5333/1346 1349/5334/1346 1317/5335/1346 1316/5336/1346
f 1353/5337/1347 1351/5338/1347 1316/5339/1347 1315/5340/1347
f 1355/5341/1348 1353/5342/1348 1315/5343/1348 1314/5344/1348
f 1357/5345/1349 1355/5346/1349 1314/5347/1349 1313/5348/1349
f 1359/5349/1350 1357/5350/1350 1313/5351/1350 1312/5352/1350
f 1361/5353/1351 1359/5354/1351 1312/5355/1351 1311/5356/1351
f 1363/5357/1352 1361/5358/1352 1311/5359/1352 1310/5360/1352
f 1365/5361/1353 1363/5362/1353 1310/5363/1353 1309/5364/1353
f 1367/5365/1354 1365/5366/1354 1309/5367/1354 1308/5368/1354
f 1369/5369/1355 1367/5370/1355 1308/5371/1355 1307/5372/1355
f 1371/5373/1356 1369/5374/1356 1307/5375/1356 1306/5376/1356
f 1373/5377/1357 1371/5378/1357 1306/5379/1357 1305/5380/1357
f 1375/5381/1358 1373/5382/1358 1305/5383/1358 1304/5384/1358
f 1377/5385/1359 1375/5386/1359 1304/5387/1359 1303/5388/1359
f 1379/5389/1360 1377/5390/1360 1303/5391/1360 1302/5392/1360
f 1381/5393/1361 1379/5394/1361 1302/5395/1361 1301/5396/1361
f 1383/5397/1362 1381/5398/1362 1301/5399/1362 1299/5400/1362
f 1385/5401/1363 1383/5402/1363 1299/5403/1363 1300/5404/1363
f 1387/5405/1364 1385/5406/1364 1300/5407/1364 1322/5408/1364
f 1389/5409/1365 1387/5410/1365 1322/5411/1365 1321/5412/1365
f 1391/5413/1366 1389/5414/1366 1321/5415/1366 1320/5416/1366
f 1393/5417/1367 1391/5418/1367 1320/5419/1367 1319/5420/1367
f 1348/5421/1368 1393/5422/1368 1319/5423/1368 1318/5424/1368
f 1572/5425/1369 1571/5426/1369 1573/5427/1369 1574/5428/1369
f 1570/5429/1370 1569/5430/1370 1571/5431/1370 1572/5432/1370
f 1568/5433/1371 1567/5434/1371 1569/5435/1371 1570/5436/1371
f 1566/5437/1372 1565/5438/1372 1567/5439/1372 1568/5440/1372
f 1564/5441/1373 1563/5442/1373 1565/5443/1373 1566/5444/1373
f 1562/5445/1374 1561/5446/1374 1563/5447/1374 1564/5448/1374
f 1560/5449/1375 1559/5450/1375 1561/5451/1375 1562/5452/1375
f 1558/5453/1376 1557/5454/1376 1559/5455/1376 1560/5456/1376
f 1556/5457/1377 1555/5458/1377 1557/5459/1377 1558/5460/1377
f 1554/5461/1378 1553/5462/1378 1555/5463/1378 1556/5464/1378
f 1552/5465/1379 1551/5466/1379 1553/5467/1379 1554/5468/1379
f 1550/5469/1380 1549/5470/1380 1551/5471/1380 1552/5472/1380
f 1548/5473/1381 1547/5474/1381 1549/5475/1381 1550/5476/1381
f 1546/5477/1382 1545/5478/1382 1547/5479/1382 1548/5480/1382
f 1544/5481/1383 1543/5482/1383 1545/5483/1383 1546/5484/1383
f 1542/5485/1384 1540/5486/1384 1543/5487/1384 1544/5488/1384
f 1541/5489/1385 1539/5490/1385 1540/5491/1385 1542/5492/1385
f 1586/5493/1386 1585/5494/1386 1539/5495/1386 1541/5496/1386
f 1584/5497/1387 1583/5498/1387 1585/5499/1387 1586/5500/1387
f 1582/5501/1388 1581/5502/1388 1583/5503/1388 1584/5504/1388
f 1580/5505/1389 1579/5506/1389 1581/5507/1389 1582/5508/1389
f 1578/5509/1390 1577/5510/1390 1579/5511/1390 1580/5512/1390
f 1576/5513/1391 1575/5514/1391 1577/5515/1391 1578/5516/1391
f 1574/5517/1392 1573/5518/1392 1575/5519/1392 1576/5520/1392
f 1396/5521/1393 1395/5522/1393 1286/5523/1393 1288/5524/1393
f 1397/5525/1394 1398/5526/1394 1350/5527/1394 1352/5528/1394
f 1399/5529/1395 1396/5530/1395 1288/5531/1395 1290/5532/1395
f 1398/5533/1396 1400/5534/1396 1347/5535/1396 1350/5536/1396
f 1401/5537/1397 1399/5538/1397 1290/5539/1397 1292/5540/1397
f 1400/5541/1398 1402/5542/1398 1394/5543/1398 1347/5544/1398
f 1403/5545/1399 1401/5546/1399 1292/5547/1399 1294/5548/1399
f 1402/5549/1400 1404/5550/1400 1392/5551/1400 1394/5552/1400
f 1405/5553/1401 1403/5554/1401 1294/5555/1401 1296/5556/1401
f 1404/5557/1402 1406/5558/1402 1390/5559/1402 1392/5560/1402
f 1407/5561/1403 1405/5562/1403 1296/5563/1403 1298/5564/1403
f 1406/5565/1404 1408/5566/1404 1388/5567/1404 1390/5568/1404
f 1409/5569/1405 1407/5570/1405 1298/5571/1405 1252/5572/1405
f 1408/5573/1406 1410/5574/1406 1386/5575/1406 1388/5576/1406
f 1411/5577/1407 1409/5578/1407 1252/5579/1407 1254/5580/1407
f 1410/5581/1408 1412/5582/1408 1384/5583/1408 1386/5584/1408
f 1413/5585/1409 1411/5586/1409 1254/5587/1409 1256/5588/1409
f 1412/5589/1410 1414/5590/1410 1382/5591/1410 1384/5592/1410
f 1415/5593/1411 1413/5594/1411 1256/5595/1411 1258/5596/1411
f 1414/5597/1412 1416/5598/1412 1380/5599/1412 1382/5600/1412
f 1417/5601/1413 1415/5602/1413 1258/5603/1413 1260/5604/1413
f 1416/5605/1414 1418/5606/1414 1378/5607/1414 1380/5608/1414
f 1419/5609/1415 1417/5610/1415 1260/5611/1415 1262/5612/1415
f 1418/5613/1416 1420/5614/1416 1376/5615/1416 1378/5616/1416
f 1421/5617/1417 1419/5618/1417 1262/5619/1417 1264/5620/1417
f 1420/5621/1418 1422/5622/1418 1374/5623/1418 1376/5624/1418
f 1423/5625/1419 1421/5626/1419 1264/5627/1419 1266/5628/1419
f 1422/5629/1420 1424/5630/1420 1372/5631/1420 1374/5632/1420
f 1425/5633/1421 1423/5634/1421 1266/5635/1421 1268/5636/1421
f 1424/5637/1422 1426/5638/1422 1370/5639/1422 1372/5640/1422
f 1427/5641/1423 1425/5642/1423 1268/5643/1423 1270/5644/1423
f 1426/5645/1424 1428/5646/1424 1368/5647/1424 1370/5648/1424
f 1429/5649/1425 1427/5650/1425 1270/5651/1425 1272/5652/1425
f 1428/5653/1426 1430/5654/1426 1366/5655/1426 1368/5656/1426
f 1431/5657/1427 1429/5658/1427 1272/5659/1427 1274/5660/1427
f 1430/5661/1428 1432/5662/1428 1364/5663/1428 1366/5664/1428
f 1433/5665/1429 1431/5666/1429 1274/5667/1429 1276/5668/1429
f 1432/5669/1430 1434/5670/1430 1362/5671/1430 1364/5672/1430
f 1435/5673/1431 1433/5674/1431 1276/5675/1431 1278/5676/1431
f 1434/5677/1432 1436/5678/1432 1360/5679/1432 1362/5680/1432
f 1437/5681/1433 1435/5682/1433 1278/5683/1433 1280/5684/1433
f 1436/5685/1434 1438/5686/1434 1358/5687/1434 1360/5688/1434
f 1439/5689/1435 1437/5690/1435 1280/5691/1435 1282/5692/1435
f 1438/5693/1436 1440/5694/1436 1356/5695/1436 1358/5696/1436
f 1441/5697/1437 1439/5698/1437 1282/5699/1437 1284/5700/1437
f 1440/5701/1438 1442/5702/1438 1354/5703/1438 1356/5704/1438
f 1395/5705/1439 1441/5706/1439 1284/5707/1439 1286/5708/1439
f 1442/5709/1440 1397/5710/1440 1352/5711/1440 1354/5712/1440
f 1444/5713/1441 1443/5714/1441 1407/5715/1441 1409/5716/1441
f 1445/5717/1442 1446/5718/1442 1410/5719/1442 1408/5720/1442
f 1447/5721/1443 1444/5722/1443 1409/5723/1443 1411/5724/1443
f 1446/5725/1444 1448/5726/1444 1412/5727/1444 1410/5728/1444
f 1449/5729/1445 1447/5730/1445 1411/5731/1445 1413/5732/1445
f 1448/5733/1446 1450/5734/1446 1414/5735/1446 1412/5736/1446
f 1451/5737/1447 1449/5738/1447 1413/5739/1447 1415/5740/1447
f 1450/5741/1448 1452/5742/1448 1416/5743/1448 1414/5744/1448
f 1453/5745/1449 1451/5746/1449 1415/5747/1449 1417/5748/1449
f 1452/5749/1450 1454/5750/1450 1418/5751/1450 1416/5752/1450
f 1455/5753/1451 1453/5754/1451 1417/5755/1451 1419/5756/1451
f 1454/5757/1452 1456/5758/1452 1420/5759/1452 1418/5760/1452
f 1457/5761/1453 1455/5762/1453 1419/5763/1453 1421/5764/1453
f 1456/5765/1454 1458/5766/1454 1422/5767/1454 1420/5768/1454
f 1459/5769/1455 1457/5770/1455 1421/5771/1455 1423/5772/1455
f 1458/5773/1456 1460/5774/1456 1424/5775/1456 1422/5776/1456
f 1461/5777/1457 1459/5778/1457 1423/5779/1457 1425/5780/1457
f 1460/5781/1458 1462/5782/1458 1426/5783/1458 1424/5784/1458
f 1463/5785/1459 1461/5786/1459 1425/5787/1459 1427/5788/1459
f 1462/5789/1460 1464/5790/1460 1428/5791/1460 1426/5792/1460
f 1465/5793/1461 1463/5794/1461 1427/5795/1461 1429/5796/1461
f 1464/5797/1462 1466/5798/1462 1430/5799/1462 1428/5800/1462
f 1467/5801/1463 1465/5802/1463 1429/5803/1463 1431/5804/1463
f 1466/5805/1464 1468/5806/1464 1432/5807/1464 1430/5808/1464
f 1469/5809/1465 1467/5810/1465 1431/5811/1465 1433/5812/1465
f 1468/5813/1466 1470/5814/1466 1434/5815/1466 1432/5816/1466
f 1471/5817/1467 1469/5818/1467 1433/5819/1467 1435/5820/1467
f 1470/5821/1468 1472/5822/1468 1436/5823/1468 1434/5824/1468
f 1473/5825/1469 1471/5826/1469 1435/5827/1469 1437/5828/1469
f 1472/5829/1470 1474/5830/1470 1438/5831/1470 1436/5832/1470
f 1475/5833/1471 1473/5834/1471 1437/5835/1471 1439/5836/1471
f 1474/5837/1472 1476/5838/1472 1440/5839/1472 1438/5840/1472
f 1477/5841/1473 1475/5842/1473 1439/5843/1473 1441/5844/1473
f 1476/5845/1474 1478/5846/1474 1442/5847/1474 1440/5848/1474
f 1479/5849/1475 1477/5850/1475 1441/5851/1475 1395/5852/1475
f 1478/5853/1476 1480/5854/1476 1397/5855/1476 1442/5856/1476
f 1481/5857/1477 1479/5858/1477 1395/5859/1477 1396/5860/1477
f 1480/5861/1478 1482/5862/1478 1398/5863/1478 1397/5864/1478
f 1483/5865/1479 1481/5866/1479 1396/5867/1479 1399/5868/1479
f 1482/5869/1480 1484/5870/1480 1400/5871/1480 1398/5872/1480
f 1485/5873/1481 1483/5874/1481 1399/5875/1481 1401/5876/1481
f 1484/5877/1482 1486/5878/1482 1402/5879/1482 1400/5880/1482
f 1487/5881/1483 1485/5882/1483 1401/5883/1483 1403/5884/1483
f 1486/5885/1484 1488/5886/1484 1404/5887/1484 1402/5888/1484
f 1489/5889/1485 1487/5890/1485 1403/5891/1485 1405/5892/1485
f 1488/5893/1486 1490/5894/1486 1406/5895/1486 1404/5896/1486
f 1443/5897/1487 1489/5898/1487 1405/5899/1487 1407/5900/1487
f 1490/5901/1488 1445/5902/1488 1408/5903/1488 1406/5904/1488
f 1492/5905/1489 1491/5906/1489 1443/5907/1489 1444/5908/1489
f 1493/5909/1490 1494/5910/1490 1446/5911/1490 1445/5912/1490
f 1495/5913/1491 1492/5914/1491 1444/5915/1491 1447/5916/1491
f 1494/5917/1492 1496/5918/1492 1448/5919/1492 1446/5920/1492
f 1497/5921/1493 1495/5922/1493 1447/5923/1493 1449/5924/1493
f 1496/5925/1494 1498/5926/1494 1450/5927/1494 1448/5928/1494
f 1499/5929/1495 1497/5930/1495 1449/5931/1495 1451/5932/1495
f 1498/5933/1496 1500/5934/1496 1452/5935/1496 1450/5936/1496
f 1501/5937/1497 1499/5938/1497 1451/5939/1497 1453/5940/1497
f 1500/5941/1498 1502/5942/1498 1454/5943/1498 1452/5944/1498
f 1503/5945/1499 1501/5946/1499 1453/5947/1499 1455/5948/1499
f 1502/5949/1500 1504/5950/1500 1456/5951/1500 1454/5952/1500
f 1505/5953/1501 1503/5954/1501 1455/5955/1501 1457/5956/1501
f 1504/5957/1502 1506/5958/1502 1458/5959/1502 1456/5960/1502
f 1507/5961/1503 1505/5962/1503 1457/5963/1503 1459/5964/1503
f 1506/5965/1504 1508/5966/1504 1460/5967/1504 1458/5968/1504
f 1509/5969/1505 1507/5970/1505 1459/5971/1505 1461/5972/1505
f 1508/5973/1506 1510/5974/1506 1462/5975/1506 1460/5976/1506
f 1511/5977/1507 1509/5978/1507 1461/5979/1507 1463/5980/1507
f 1510/5981/1508 1512/5982/1508 1464/5983/1508 1462/5984/1508
f 1513/5985/1509 1511/5986/1509 1463/5987/1509 1465/5988/1509
f 1512/5989/1510 1514/5990/1510 1466/5991/1510 1464/5992/1510
f 1515/5993/1511 1513/5994/1511 1465/5995/1511 1467/5996/1511
f 1514/5997/1512 1516/5998/1512 1468/5999/1512 1466/6000/1512
f 1517/6001/1513 1515/6002/1513 1467/6003/1513 1469/6004/1513
f 1516/6005/1514 1518/6006/1514 1470/6007/1514 1468/6008/1514
f 1519/6009/1515 1517/6010/1515 1469/6011/1515 1471/6012/1515
f 1518/6013/1516 1520/6014/1516 1472/6015/1516 1470/6016/1516
f 1521/6017/1517 1519/6018/1517 1471/6019/1517 1473/6020/1517
f 1520/6021/1518 1522/6022/1518 1474/6023/1518 1472/6024/1518
f 1523/6025/1519 1521/6026/1519 1473/6027/1519 1475/6028/1519
f 1522/6029/1520 1524/6030/1520 1476/6031/1520 1474/6032/1520
f 1525/6033/1521 1523/6034/1521 1475/6035/1521 1477/6036/1521
f 1524/6037/1522 1526/6038/1522 1478/6039/1522 1476/6040/1522
f 1527/6041/1523 1525/6042/1523 1477/6043/1523 1479/6044/1523
f 1526/6045/1524 1528/6046/1524 1480/6047/1524 1478/6048/1524
f 1529/6049/1525 1527/6050/1525 1479/6051/1525 1481/6052/1525
f 1528/6053/1526 1530/6054/1526 1482/6055/1526 1480/6056/1526
f 1531/6057/1527 1529/6058/1527 1481/6059/1527 1483/6060/1527
f 1530/6061/1528 1532/6062/1528 1484/6063/1528 1482/6064/1528
f 1533/6065/1529 1531/6066/1529 1483/6067/1529 1485/6068/1529
f 1532/6069/1530 1534/6070/1530 1486/6071/1530 1484/6072/1530
f 1535/6073/1531 1533/6074/1531 1485/6075/1531 1487/6076/1531
f 1534/6077/1532 1536/6078/1532 1488/6079/1532 1486/6080/1532
f 1537/6081/1533 1535/6082/1533 1487/6083/1533 1489/6084/1533
f 1536/6085/1534 1538/6086/1534 1490/6087/1534 1488/6088/1534
f 1491/6089/1535 1537/6090/1535 1489/6091/1535 1443/6092/1535
f 1538/6093/1536 1493/6094/1536 1445/6095/1536 1490/6096/1536
f 1540/6097/1537 1539/6098/1537 1537/6099/1537 1491/6100/1537
f 1541/6101/1538 1542/6102/1538 1493/6103/1538 1538/6104/1538
f 1543/6105/1539 1540/6106/1539 1491/6107/1539 1492/6108/1539
f 1542/6109/1540 1544/6110/1540 1494/6111/1540 1493/6112/1540
f 1545/6113/1541 1543/6114/1541 1492/6115/1541 1495/6116/1541
f 1544/6117/1542 1546/6118/1542 1496/6119/1542 1494/6120/1542
f 1547/6121/1543 1545/6122/1543 1495/6123/1543 1497/6124/1543
f 1546/6125/1544 1548/6126/1544 1498/6127/1544 1496/6128/1544
f 1549/6129/1545 1547/6130/1545 1497/6131/1545 1499/6132/1545
f 1548/6133/1546 1550/6134/1546 1500/6135/1546 1498/6136/1546
f 1551/6137/1547 1549/6138/1547 1499/6139/1547 1501/6140/1547
f 1550/6141/1548 1552/6142/1548 1502/6143/1548 1500/6144/1548
f 1553/6145/1549 1551/6146/1549 1501/6147/1549 1503/6148/1549
f 1552/6149/1550 1554/6150/1550 1504/6151/1550 1502/6152/1550
f 1555/6153/1551 1553/6154/1551 1503/6155/1551 1505/6156/1551
f 1554/6157/1552 1556/6158/1552 1506/6159/1552 1504/6160/1552
f 1557/6161/1553 1555/6162/1553 1505/6163/1553 1507/6164/1553
f 1556/6165/1554 1558/6166/1554 1508/6167/1554 1506/6168/1554
f 1559/6169/1555 1557/6170/1555 1507/6171/1555 1509/6172/1555
f 1558/6173/1556 1560/6174/1556 1510/6175/1556 1508/6176/1556
f 1561/6177/1557 1559/6178/1557 1509/6179/1557 1511/6180/1557
f 1560/6181/1558 1562/6182/1558 1512/6183/1558 1510/6184/1558
f 1563/6185/1559 1561/6186/1559 1511/6187/1559 1513/6188/1559
f 1562/6189/1560 1564/6190/1560 1514/6191/1560 1512/6192/1560
f 1565/6193/1561 1563/6194/1561 1513/6195/1561 1515/6196/1561
f 1564/6197/1562 1566/6198/1562 1516/6199/1562 1514/6200/1562
f 1567/6201/1563 1565/6202/1563 1515/6203/1563 1517/6204/1563
f 1566/6205/1564 1568/6206/1564 1518/6207/1564 1516/6208/1564
f 1569/6209/1565 1567/6210/1565 1517/6211/1565 1519/6212/1565
f 1568/6213/1566 1570/6214/1566 1520/6215/1566 1518/6216/1566
f 1571/6217/1567 1569/6218/1567 1519/6219/1567 1521/6220/1567
f 1570/6221/1568 1572/6222/1568 1522/6223/1568 1520/6224/1568
f 1573/6225/1569 1571/6226/1569 1521/6227/1569 1523/6228/1569
f 1572/6229/1570 1574/6230/1570 1524/6231/1570 1522/6232/1570
f 1575/6233/1571 1573/6234/1571 1523/6235/1571 1525/6236/1571
f 1574/6237/1572 1576/6238/1572 1526/6239/1572 1524/6240/1572
f 1577/6241/1573 1575/6242/1573 1525/6243/1573 1527/6244/1573
f 1576/6245/1574 1578/6246/1574 1528/6247/1574 1526/6248/1574
f 1579/6249/1575 1577/6250/1575 1527/6251/1575 1529/6252/1575
f 1578/6253/1576 1580/6254/1576 1530/6255/1576 1528/6256/1576
f 1581/6257/1577 1579/6258/1577 1529/6259/1577 1531/6260/1577
f 1580/6261/1578 1582/6262/1578 1532/6263/1578 1530/6264/1578
f 1583/6265/1579 1581/6266/1579 1531/6267/1579 1533/6268/1579
f 1582/6269/1580 1584/6270/1580 1534/6271/1580 1532/6272/1580
f 1585/6273/1581 1583/6274/1581 1533/6275/1581 1535/6276/1581
f 1584/6277/1582 1586/6278/1582 1536/6279/1582 1534/6280/1582
f 1539/6281/1583 1585/6282/1583 1535/6283/1583 1537/6284/1583
f 1586/6285/1584 1541/6286/1584 1538/6287/1584 1536/6288/1584