# Made in Blockbench 5.1.4
mtllib Mo_Shrolm_Tail.mtl

o Tail3D.001
v 0 -0.505533 -3.854566
v 0 0.939433 -5.147276
v 0 0.805066 -5.06321
v 0 0.423574 -4.290171
v 0 0.565167 -4.442657
v 0 -0.076423 -4.724696
v 0 -0.308369 -4.595979
v 0 0.066715 -3.83446
v 0 0.120018 -3.949332
v 0 0.731276 -4.620543
v 0 0.879803 -4.858854
v 0 0.978925 -5.039291
v 0 -0.196156 -3.295449
v 0 1.02172 -5.226768
v 0 0.025918 -3.580818
v 0 0.013411 -3.719588
v 0 0.538582 -4.986804
v 0 0.155524 -4.853413
v 0 -0.426537 -4.338683
v 0 -0.544705 -4.081388
v 0 0.200999 -4.043509
v 0 0.28198 -4.137686
v 0 0.717232 -3.103353
v 0 0.814514 -3.098485
v 0 1.25369 -2.091797
v 0 1.310188 -1.904299
v 0 -0.130513 -3.040214
v 0 -0.110076 -3.093492
v 0 0.148988 -2.125949
v 0 0.149894 -2.25507
v 0 0.421325 -1.043023
v 0 0.385105 -1.262069
v 0 0.331885 -3.401907
v 0 0.39125 -3.429328
v 0 1.089726 -2.609831
v 0 1.199619 -2.442321
v 0 1.18564 -1.341708
v 0 0.806436 -1.19352
v 0 -0.234848 -3.245728
v 0 0.067784 -2.523974
v 0 0.326034 -1.546118
v 0 0.284378 -1.735154
v 0 0.157512 -3.586762
v 0 0.957545 -2.91565
v 0 1.283247 -1.674118
v 0 -0.097877 -2.889264
v 0 0.205018 -1.985198
v 0 1.231517 -1.46436
v 0 0.619363 -3.332966
v 0 1.236816 -2.157693
v 0 -0.167517 -3.150773
v 0 0.111887 -2.409534
v 0 0.385496 -1.513864
v 0 0.260084 -1.884776
v 0 1.243659 -1.602843
v 0 1.0346 -2.629442
v 0 0.32284 -3.44671
v 0 0.353308 -1.452788
v 0 0.192684 -2.385966
v 0 -0.137681 -3.102417
v 0 1.155263 -2.108706
v 0 0.725124 -3.166776
v 0 0.29162 -1.964322
v 0 1.209576 -1.632866
v 0 1.077481 -2.678721
v 0 0.280559 -3.561477
v 0 -0.4607249686366607 -3.6135729981978475
v 0 -0.3528609372733213 -3.4085689963956947
v 0 0.017903177651966737 -3.6384955523496103
v 0 0.013605 -2.642389
v 0 -0.02828 -2.789377
v 0 0.015152 -2.761158
v 0.058778 0.029992 -4.647532
v 0.097184 0.359812 -4.313669
v 0.097184 0.501405 -4.466155
v 0.058778 0.257762 -4.796842
v 0.058778 -0.320122 -4.261519
v 0.061399 -0.156026 -4.196407
v 0.061399 0.009747 -4.330085
v 0.058778 -0.197779 -4.49822
v 0.058778 -0.399417 -3.624235
v 0.058778 -0.435091 -3.857426
v 0.027126 0.767712 -4.983102
v 0.026401 0.896593 -5.084953
v 0.097184 0.057814 -3.94545
v 0.097184 0.012442 -3.836531
v 0.065533 0.827441 -4.856611
v 0.106038 0.667514 -4.644041
v 0.026401 0.926822 -5.016695
v 0.067631 0.549956 -4.893414
v 0.029389 -0.297189 -3.433403
v 0.061399 -0.1524 -3.349358
v 0.061399 -0.253735 -3.469955
v 0.061399 -0.303059 -3.65005
v 0.061399 -0.301887 -3.839321
v 0.065934 -0.031373 -3.700233
v 0.048592 -0.018306 -3.628969
v 0.058778 -0.430789 -4.029989
v 0.097184 0.218218 -4.161183
v 0.097184 0.137238 -4.067007
v 0.061399 0.073692 -4.364799
v 0.061399 -0.262672 -4.011489
v 0.115296 -0.142408 -3.688687
v 0.109595 -0.133913 -3.838677
v 0.120937 -0.186408 -3.850712
v 0.126579 -0.166079 -3.685738
v 0.061399 -0.120124 -3.68384
v 0.061399 -0.120608 -3.834898
v 0.115296 -0.232627 -3.491415
v 0.115296 -0.268443 -3.673697
v 0.061399 -0.096833 -3.597819
v 0.115296 -0.115001 -3.57848
v 0.061399 0.041222 -4.304584
v 0.061399 -0.044827 -4.144438
v 0.115296 -0.269341 -3.844596
v 0.115296 -0.225404 -3.994674
v 0.093052 -0.11346 -4.179355
v 0.089067 0.02325 -4.316064
v 0.061399 -0.016612 -3.526166
v 0.061399 -0.084397 -3.987492
v 0.115296 -0.115554 -3.986821
v 0.093052 -0.063607 -4.147583
v 0.126579 -0.149018 -3.573132
v 0.115296 -0.037848 -3.498877
v 0.126579 -0.054546 -3.477421
v 0.115296 -0.137583 -3.370717
v 0.126579 -0.239528 -3.67747
v 0.126579 -0.217582 -3.529024
v 0.126579 -0.122374 -3.39026
v 0.129966 0.717736 -3.10305
v 0.20995 0.798804 -3.081965
v 0.296529 1.149595 -2.11192
v 0.296529 1.195924 -1.926389
v 0.108502 -0.063873 -3.060093
v 0.065201 -0.047874 -3.102507
v 0.251279 0.164115 -2.122396
v 0.251279 0.168193 -2.250771
v 0.296529 0.464986 -1.112477
v 0.296529 0.358661 -1.267181
v 0.114589 0.308245 -3.354493
v 0.108502 0.3704 -3.387257
v 0.251279 1.012012 -2.604717
v 0.251279 1.109501 -2.441691
v 0.296529 1.073107 -1.363463
v 0.296529 0.774727 -1.240315
v 0.065201 -0.217746 -3.232419
v 0.065201 -0.196156 -3.295449
v 0.20995 0.104521 -2.509474
v 0.20995 0.060274 -2.62397
v 0.296529 0.312088 -1.548814
v 0.296529 0.279007 -1.736192
v 0.093652 0.007866 -3.557621
v 0.114589 0.163356 -3.551594
v 0.20995 0.913918 -2.890062
v 0.296529 1.167058 -1.696579
v 0.159113 -0.039246 -2.853957
v 0.251279 0.21054 -1.983901
v 0.296529 1.116553 -1.486584
v 0.159113 0.614153 -3.27665
v 0.251279 1.135481 -2.181498
v 0.065201 -0.154474 -3.140624
v 0.20995 0.139839 -2.398503
v 0.296529 0.364346 -1.517953
v 0.221653 0.016232 -3.082335
v 0.221653 -0.017724 -3.098134
v 0.065201 -0.099341 -3.12317
v 0.40773 0.203391 -2.284035
v 0.366401 0.24965 -2.395155
v 0.20995 0.211768 -2.378434
v 0.45298 0.456036 -1.336046
v 0.45298 0.470753 -1.500946
v 0.296529 0.334393 -1.456444
v 0.114589 0.331268 -3.422148
v 0.221653 0.297671 -3.322603
v 0.221653 0.280357 -3.26608
v 0.20995 0.979478 -2.630479
v 0.366402 0.877621 -2.601323
v 0.40773 0.895283 -2.559209
v 0.296529 1.130299 -1.624757
v 0.45298 0.976475 -1.619237
v 0.456936 0.970313 -1.490775
v 0.366401 0.126453 -2.626162
v 0.228985 0.140609 -2.735986
v 0.149678 0.057909 -2.735411
v 0.45298 0.377226 -1.736822
v 0.45298 0.341899 -1.906364
v 0.296529 0.260548 -1.884686
v 0.283332 0.649346 -2.966507
v 0.301026 0.714949 -2.975817
v 0.45298 0.998643 -2.105861
v 0.45298 1.032251 -1.893905
v 0.233703 0.029206 -3.041381
v 0.40773 0.229871 -2.154725
v 0.45298 0.584811 -1.218506
v 0.264953 0.31832 -3.272674
v 0.375247 0.996712 -2.422736
v 0.45298 0.918902 -1.360462
v 0.45298 0.739355 -1.284172
v 0.221653 -0.148517 -3.216742
v 0.153727 -0.177556 -3.31935
v 0.366401 0.161923 -2.502344
v 0.45298 0.434943 -1.570772
v 0.162234 -0.020179 -3.521584
v 0.221653 0.144218 -3.495287
v 0.366402 0.822346 -2.867844
v 0.45298 1.007342 -1.706176
v 0.315564 0.053094 -2.851413
v 0.251279 1.061479 -2.130737
v 0.159113 0.722662 -3.153904
v 0.251279 0.287279 -1.965342
v 0.159113 0.019521 -2.760592
v 0.296529 1.10059 -1.653935
v 0.20995 1.020367 -2.688643
v 0.114589 0.269801 -3.50867
v 0.257814 0.212851 -3.204225
v 0.337291 0.250358 -3.204477
v 0.480068 0.756568 -2.510309
v 0.480068 0.867431 -2.407631
v 0.530242 0.792192 -1.390449
v 0.53115 0.708703 -1.352702
v 0.293991 -0.087106 -3.275155
v 0.202663 -0.131149 -3.378985
v 0.43874 0.254051 -2.555091
v 0.43874 0.241954 -2.711502
v 0.528768 0.558947 -1.589082
v 0.52934 0.504986 -1.786526
v 0.202663 -0.063492 -3.465925
v 0.293991 0.087288 -3.411023
v 0.43874 0.591225 -2.891277
v 0.43874 0.715907 -2.807114
v 0.521164 0.880315 -1.87997
v 0.521625 0.828129 -1.650174
v 0.387902 0.120497 -2.912992
v 0.337291 0.068694 -3.084843
v 0.40773 0.288813 -2.037175
v 0.480068 0.469911 -2.072716
v 0.480068 0.348396 -2.185438
v 0.530558 0.834502 -1.472185
v 0.387902 0.482676 -3.08919
v 0.315564 0.554318 -3.161035
v 0.480068 0.848918 -2.184627
v 0.40773 0.995062 -2.20733
v 0.221653 -0.081953 -3.145169
v 0.293991 -0.032849 -3.202884
v 0.366401 0.190813 -2.411571
v 0.43874 0.327307 -2.45922
v 0.45298 0.478083 -1.543166
v 0.497174 0.633978 -1.577914
v 0.293991 0.187896 -3.369606
v 0.221653 0.251586 -3.444381
v 0.43874 0.790926 -2.624247
v 0.366402 0.902016 -2.649086
v 0.491913 0.76264 -1.609809
v 0.45298 0.946089 -1.656374
v 0.315564 0.090729 -2.753726
v 0.387902 0.183954 -2.805558
v 0.40773 0.354665 -2.005039
v 0.443591 0.550745 -2.056945
v 0.40773 0.951719 -2.141112
v 0.315564 0.655621 -3.030204
v 0.529193 0.718447 -1.436438
v 0.522805 0.841643 -1.59763
v 0.522747 0.732796 -1.566598
v 0.521403 0.872721 -2.082542
v 0.529635 0.504304 -1.988795
v 0.436197 0.794803 -2.125729
v 0.480068 0.325573 -2.353593
v 0.432976 0.708751 -2.561633
v 0.432976 0.396843 -2.459231
v 0.358355 0.536308 -2.891063
v 0.358355 0.263308 -2.785841
v 0.387902 0.559306 -2.946587
v 0.257814 0.079792 -3.120922
v 0.293991 0.239646 -3.272524
v 0.293991 0.044932 -3.141299
v 0.532098 0.621503 -1.313277
v 0.527581 0.581306 -1.394195
v 0.522681 0.607744 -1.530947
v 0.589927 0.532452 -1.328169
v 0.590931 0.54516 -1.393906
v 0.596624 0.56607 -1.732489
v 0.714028 0.324362 -1.332793
v 0.722994 0.363195 -1.849509
v 0.836111 0.143713 -1.275716
v 0.847854 0.207013 -1.937547
v 0.936576 0.043367 -1.902123
v 0.937484 0.052002 -1.946793
v 1.016877 -0.130164 -1.868396
v 1.017779 -0.123071 -1.931351
v 1.088634 -0.263354 -1.739116
v 1.089636 -0.251767 -1.799054
v 1.113664 -0.34532 -1.650084
v 1.10368 -0.307851 -1.724341
v 0.628091 0.54516 -1.393906
v 0.626893 0.532697 -1.329436
v 0.633589 0.58725 -1.72971
v 0.759959 0.384374 -1.846729
v 0.751812 0.324362 -1.332793
v 0.88482 0.207258 -1.938815
v 0.874565 0.143713 -1.275716
v 0.973825 0.043367 -1.902123
v 0.963939 -0.015471 -1.25807
v 0.974449 0.052247 -1.948061
v 1.054744 -0.101314 -1.92846
v 1.053527 -0.106939 -1.863906
v 1.126602 -0.251767 -1.799054
v 1.125072 -0.269135 -1.709211
v 1.140646 -0.307606 -1.725609
v 1.150578 -0.345652 -1.648369
v 1.110812 -0.355634 -1.477165
v 1.147778 -0.355389 -1.478433
v 1.149036 -0.363283 -1.557164
v 1.11207 -0.363534 -1.555864
v 0.835263 0.125387 -1.180921
v 0.872228 0.125632 -1.182189
v 0.961169 -0.036265 -1.150505
v 0.924203 -0.03651 -1.149237
v 0.750196 0.310693 -1.262087
v 0.713231 0.310448 -1.260819
v 1.082331 -0.33023 -1.365422
v 1.119296 -0.329985 -1.366689
v 1.042735 -0.176641 -1.206354
v 1.00577 -0.196062 -1.208793
v 1.121671 -0.293501 -1.463993
v 1.045625 -0.170218 -1.314624
v 1.006472 -0.178806 -1.316284
v 1.083381 -0.293501 -1.463993
v 0.925092 -0.015471 -1.25807
v -0.058778 0.029992 -4.647532
v -0.097184 0.359812 -4.313669
v -0.097184 0.501405 -4.466155
v -0.058778 0.257762 -4.796842
v -0.058778 -0.320122 -4.261519
v -0.061399 -0.156026 -4.196407
v -0.061399 0.009747 -4.330085
v -0.058778 -0.197779 -4.49822
v -0.058778 -0.399417 -3.624235
v -0.058778 -0.435091 -3.857426
v -0.027126 0.767712 -4.983102
v -0.026401 0.896593 -5.084953
v -0.097184 0.057814 -3.94545
v -0.097184 0.012442 -3.836531
v -0.065533 0.827441 -4.856611
v -0.106038 0.667514 -4.644041
v -0.026401 0.926822 -5.016695
v -0.067631 0.549956 -4.893414
v -0.029389 -0.297189 -3.433403
v -0.061399 -0.1524 -3.349358
v -0.061399 -0.253735 -3.469955
v -0.061399 -0.303059 -3.65005
v -0.061399 -0.301887 -3.839321
v -0.065934 -0.031373 -3.700233
v -0.048592 -0.018306 -3.628969
v -0.058778 -0.430789 -4.029989
v -0.097184 0.218218 -4.161183
v -0.097184 0.137238 -4.067007
v -0.061399 0.073692 -4.364799
v -0.061399 -0.262672 -4.011489
v -0.115296 -0.142408 -3.688687
v -0.109595 -0.133913 -3.838677
v -0.120937 -0.186408 -3.850712
v -0.126579 -0.166079 -3.685738
v -0.061399 -0.120124 -3.68384
v -0.061399 -0.120608 -3.834898
v -0.115296 -0.232627 -3.491415
v -0.115296 -0.268443 -3.673697
v -0.061399 -0.096833 -3.597819
v -0.115296 -0.115001 -3.57848
v -0.061399 0.041222 -4.304584
v -0.061399 -0.044827 -4.144438
v -0.115296 -0.269341 -3.844596
v -0.115296 -0.225404 -3.994674
v -0.093052 -0.11346 -4.179355
v -0.089067 0.02325 -4.316064
v -0.061399 -0.016612 -3.526166
v -0.061399 -0.084397 -3.987492
v -0.115296 -0.115554 -3.986821
v -0.093052 -0.063607 -4.147583
v -0.126579 -0.149018 -3.573132
v -0.115296 -0.037848 -3.498877
v -0.126579 -0.054546 -3.477421
v -0.115296 -0.137583 -3.370717
v -0.126579 -0.239528 -3.67747
v -0.126579 -0.217582 -3.529024
v -0.126579 -0.122374 -3.39026
v -0.129966 0.717736 -3.10305
v -0.20995 0.798804 -3.081965
v -0.296529 1.149595 -2.11192
v -0.296529 1.195924 -1.926389
v -0.108502 -0.063873 -3.060093
v -0.065201 -0.047874 -3.102507
v -0.251279 0.164115 -2.122396
v -0.251279 0.168193 -2.250771
v -0.296529 0.464986 -1.112477
v -0.296529 0.358661 -1.267181
v -0.114589 0.308245 -3.354493
v -0.108502 0.3704 -3.387257
v -0.251279 1.012012 -2.604717
v -0.251279 1.109501 -2.441691
v -0.296529 1.073107 -1.363463
v -0.296529 0.774727 -1.240315
v -0.065201 -0.217746 -3.232419
v -0.065201 -0.196156 -3.295449
v -0.20995 0.104521 -2.509474
v -0.20995 0.060274 -2.62397
v -0.296529 0.312088 -1.548814
v -0.296529 0.279007 -1.736192
v -0.093652 0.007866 -3.557621
v -0.114589 0.163356 -3.551594
v -0.20995 0.913918 -2.890062
v -0.296529 1.167058 -1.696579
v -0.159113 -0.039246 -2.853957
v -0.251279 0.21054 -1.983901
v -0.296529 1.116553 -1.486584
v -0.159113 0.614153 -3.27665
v -0.251279 1.135481 -2.181498
v -0.065201 -0.154474 -3.140624
v -0.20995 0.139839 -2.398503
v -0.296529 0.364346 -1.517953
v -0.221653 0.016232 -3.082335
v -0.221653 -0.017724 -3.098134
v -0.065201 -0.099341 -3.12317
v -0.40773 0.203391 -2.284035
v -0.366401 0.24965 -2.395155
v -0.20995 0.211768 -2.378434
v -0.45298 0.456036 -1.336046
v -0.45298 0.470753 -1.500946
v -0.296529 0.334393 -1.456444
v -0.114589 0.331268 -3.422148
v -0.221653 0.297671 -3.322603
v -0.221653 0.280357 -3.26608
v -0.20995 0.979478 -2.630479
v -0.366402 0.877621 -2.601323
v -0.40773 0.895283 -2.559209
v -0.296529 1.130299 -1.624757
v -0.45298 0.976475 -1.619237
v -0.456936 0.970313 -1.490775
v -0.366401 0.126453 -2.626162
v -0.228985 0.140609 -2.735986
v -0.149678 0.057909 -2.735411
v -0.45298 0.377226 -1.736822
v -0.45298 0.341899 -1.906364
v -0.296529 0.260548 -1.884686
v -0.283332 0.649346 -2.966507
v -0.301026 0.714949 -2.975817
v -0.45298 0.998643 -2.105861
v -0.45298 1.032251 -1.893905
v -0.233703 0.029206 -3.041381
v -0.40773 0.229871 -2.154725
v -0.45298 0.584811 -1.218506
v -0.264953 0.31832 -3.272674
v -0.375247 0.996712 -2.422736
v -0.45298 0.918902 -1.360462
v -0.45298 0.739355 -1.284172
v -0.221653 -0.148517 -3.216742
v -0.153727 -0.177556 -3.31935
v -0.366401 0.161923 -2.502344
v -0.45298 0.434943 -1.570772
v -0.162234 -0.020179 -3.521584
v -0.221653 0.144218 -3.495287
v -0.366402 0.822346 -2.867844
v -0.45298 1.007342 -1.706176
v -0.315564 0.053094 -2.851413
v -0.251279 1.061479 -2.130737
v -0.159113 0.722662 -3.153904
v -0.251279 0.287279 -1.965342
v -0.159113 0.019521 -2.760592
v -0.296529 1.10059 -1.653935
v -0.20995 1.020367 -2.688643
v -0.114589 0.269801 -3.50867
v -0.257814 0.212851 -3.204225
v -0.337291 0.250358 -3.204477
v -0.480068 0.756568 -2.510309
v -0.480068 0.867431 -2.407631
v -0.530242 0.792192 -1.390449
v -0.53115 0.708703 -1.352702
v -0.293991 -0.087106 -3.275155
v -0.202663 -0.131149 -3.378985
v -0.43874 0.254051 -2.555091
v -0.43874 0.241954 -2.711502
v -0.528768 0.558947 -1.589082
v -0.52934 0.504986 -1.786526
v -0.202663 -0.063492 -3.465925
v -0.293991 0.087288 -3.411023
v -0.43874 0.591225 -2.891277
v -0.43874 0.715907 -2.807114
v -0.521164 0.880315 -1.87997
v -0.521625 0.828129 -1.650174
v -0.387902 0.120497 -2.912992
v -0.337291 0.068694 -3.084843
v -0.40773 0.288813 -2.037175
v -0.480068 0.469911 -2.072716
v -0.480068 0.348396 -2.185438
v -0.530558 0.834502 -1.472185
v -0.387902 0.482676 -3.08919
v -0.315564 0.554318 -3.161035
v -0.480068 0.848918 -2.184627
v -0.40773 0.995062 -2.20733
v -0.221653 -0.081953 -3.145169
v -0.293991 -0.032849 -3.202884
v -0.366401 0.190813 -2.411571
v -0.43874 0.327307 -2.45922
v -0.45298 0.478083 -1.543166
v -0.497174 0.633978 -1.577914
v -0.293991 0.187896 -3.369606
v -0.221653 0.251586 -3.444381
v -0.43874 0.790926 -2.624247
v -0.366402 0.902016 -2.649086
v -0.491913 0.76264 -1.609809
v -0.45298 0.946089 -1.656374
v -0.315564 0.090729 -2.753726
v -0.387902 0.183954 -2.805558
v -0.40773 0.354665 -2.005039
v -0.443591 0.550745 -2.056945
v -0.40773 0.951719 -2.141112
v -0.315564 0.655621 -3.030204
v -0.529193 0.718447 -1.436438
v -0.522805 0.841643 -1.59763
v -0.522747 0.732796 -1.566598
v -0.521403 0.872721 -2.082542
v -0.529635 0.504304 -1.988795
v -0.436197 0.794803 -2.125729
v -0.480068 0.325573 -2.353593
v -0.432976 0.708751 -2.561633
v -0.432976 0.396843 -2.459231
v -0.358355 0.536308 -2.891063
v -0.358355 0.263308 -2.785841
v -0.387902 0.559306 -2.946587
v -0.257814 0.079792 -3.120922
v -0.293991 0.239646 -3.272524
v -0.293991 0.044932 -3.141299
v -0.532098 0.621503 -1.313277
v -0.527581 0.581306 -1.394195
v -0.522681 0.607744 -1.530947
v -0.589927 0.532452 -1.328169
v -0.590931 0.54516 -1.393906
v -0.596624 0.56607 -1.732489
v -0.714028 0.324362 -1.332793
v -0.722994 0.363195 -1.849509
v -0.836111 0.143713 -1.275716
v -0.847854 0.207013 -1.937547
v -0.936576 0.043367 -1.902123
v -0.937484 0.052002 -1.946793
v -1.016877 -0.130164 -1.868396
v -1.017779 -0.123071 -1.931351
v -1.088634 -0.263354 -1.739116
v -1.089636 -0.251767 -1.799054
v -1.113664 -0.34532 -1.650084
v -1.10368 -0.307851 -1.724341
v -0.628091 0.54516 -1.393906
v -0.626893 0.532697 -1.329436
v -0.633589 0.58725 -1.72971
v -0.759959 0.384374 -1.846729
v -0.751812 0.324362 -1.332793
v -0.88482 0.207258 -1.938815
v -0.874565 0.143713 -1.275716
v -0.973825 0.043367 -1.902123
v -0.963939 -0.015471 -1.25807
v -0.974449 0.052247 -1.948061
v -1.054744 -0.101314 -1.92846
v -1.053527 -0.106939 -1.863906
v -1.126602 -0.251767 -1.799054
v -1.125072 -0.269135 -1.709211
v -1.140646 -0.307606 -1.725609
v -1.150578 -0.345652 -1.648369
v -1.110812 -0.355634 -1.477165
v -1.147778 -0.355389 -1.478433
v -1.149036 -0.363283 -1.557164
v -1.11207 -0.363534 -1.555864
v -0.835263 0.125387 -1.180921
v -0.872228 0.125632 -1.182189
v -0.961169 -0.036265 -1.150505
v -0.924203 -0.03651 -1.149237
v -0.750196 0.310693 -1.262087
v -0.713231 0.310448 -1.260819
v -1.082331 -0.33023 -1.365422
v -1.119296 -0.329985 -1.366689
v -1.042735 -0.176641 -1.206354
v -1.00577 -0.196062 -1.208793
v -1.121671 -0.293501 -1.463993
v -1.045625 -0.170218 -1.314624
v -1.006472 -0.178806 -1.316284
v -1.083381 -0.293501 -1.463993
v -0.925092 -0.015471 -1.25807
vt 0.0078125 0.9765625
vt 0.0078125 0.9921875
vt 0.0078125 0.9765625
vt 0.0234375 0.9765625
vt 0.84375 0.875
vt 0.84375 0.875
vt 0.84375 0.875
vt 0.84375 0.875
vt 0.84375 0.875
vt 0.84375 0.875
vt 0.84375 0.875
vt 0.84375 0.875
vt 0.84375 0.875
vt 0.84375 0.875
vt 0.84375 0.875
vt 0.84375 0.875
vt 0.84375 0.875
vt 0.84375 0.875
vt 0.84375 0.875
vt 0.84375 0.875
vt 0.84375 0.875
vt 0.84375 0.875
vt 0.84375 0.875
vt 0.84375 0.875
vt 0.84375 0.875
vt 0.84375 0.875
vt 0.84375 0.875
vt 0.84375 0.875
vt 0.84375 0.875
vt 0.84375 0.875
vt 0.84375 0.875
vt 0.84375 0.875
vt 0.84375 0.875
vt 0.84375 0.875
vt 0.84375 0.875
vt 0.84375 0.875
vt 0.84375 0.875
vt 0.84375 0.875
vt 0.84375 0.875
vt 0.84375 0.875
vt 0.84375 0.875
vt 0.84375 0.875
vt 0.84375 0.875
vt 0.84375 0.875
vt 0.84375 0.875
vt 0.8125 0.90625
vt 0.84375 0.875
vt 0.84375 0.875
vt 0.84375 0.875
vt 0.84375 0.875
vt 0.84375 0.875
vt 0.84375 0.875
vt 0.84375 0.875
vt 0.84375 0.875
vt 0.84375 0.875
vt 0.84375 0.875
vt 0.84375 0.875
vt 0.84375 0.875
vt 0.84375 0.875
vt 0.84375 0.875
vt 0.84375 0.875
vt 0.84375 0.875
vt 0.84375 0.875
vt 0.84375 0.875
vt 0.84375 0.875
vt 0.84375 0.875
vt 0.84375 0.875
vt 0.84375 0.875
vt 0.84375 0.875
vt 0.84375 0.875
vt 0.84375 0.875
vt 0.84375 0.875
vt 0.84375 0.875
vt 0.84375 0.875
vt 0.84375 0.875
vt 0.84375 0.875
vt 0.84375 0.875
vt 0.84375 0.875
vt 0.84375 0.875
vt 0.84375 0.875
vt 0.84375 0.875
vt 0.84375 0.875
vt 0.84375 0.875
vt 0.84375 0.875
vt 0.84375 0.875
vt 0.84375 0.875
vt 0.84375 0.875
vt 0.84375 0.875
vt 0.84375 0.875
vt 0.84375 0.875
vt 0.84375 0.875
vt 0.84375 0.875
vt 0.84375 0.875
vt 0.84375 0.875
vt 0.84375 0.875
vt 0.84375 0.875
vt 0.84375 0.875
vt 0.84375 0.875
vt 0.84375 0.875
vt 0.84375 0.875
vt 0.84375 0.875
vt 0.84375 0.875
vt 0.84375 0.875
vt 0.84375 0.875
vt 0.84375 0.875
vt 0.84375 0.875
vt 0.84375 0.875
vt 0.84375 0.875
vt 0.84375 0.875
vt 0.84375 0.875
vt 0.84375 0.875
vt 0.84375 0.875
vt 0.84375 0.875
vt 0.84375 0.875
vt 0.84375 0.875
vt 0.84375 0.875
vt 0.84375 0.875
vt 0.84375 0.875
vt 0.84375 0.875
vt 0.84375 0.875
vt 0.84375 0.875
vt 0.84375 0.875
vt 0.84375 0.875
vt 0.84375 0.875
vt 0.84375 0.875
vt 0.84375 0.875
vt 0.84375 0.875
vt 0.84375 0.875
vt 0.84375 0.875
vt 0.15625 0.84375
vt 0.15625 0.84375
vt 0.15625 0.84375
vt 0.15625 0.84375
vt 0.15625 0.84375
vt 0.15625 0.84375
vt 0.15625 0.84375
vt 0.15625 0.84375
vt 0.84375 0.875
vt 0.84375 0.875
vt 0.84375 0.875
vt 0.84375 0.875
vt 0.15625 0.84375
vt 0.15625 0.84375
vt 0.15625 0.84375
vt 0.15625 0.84375
vt 0.15625 0.84375
vt 0.15625 0.84375
vt 0.15625 0.84375
vt 0.15625 0.84375
vt 0.84375 0.875
vt 0.84375 0.875
vt 0.84375 0.875
vt 0.84375 0.875
vt 0.15625 0.84375
vt 0.15625 0.84375
vt 0.15625 0.84375
vt 0.15625 0.84375
vt 0.15625 0.84375
vt 0.15625 0.84375
vt 0.15625 0.84375
vt 0.15625 0.84375
vt 0.15625 0.84375
vt 0.15625 0.84375
vt 0.15625 0.84375
vt 0.15625 0.84375
vt 0.84375 0.875
vt 0.84375 0.875
vt 0.84375 0.875
vt 0.84375 0.875
vt 0.84375 0.875
vt 0.84375 0.875
vt 0.84375 0.875
vt 0.84375 0.875
vt 0.15625 0.84375
vt 0.15625 0.84375
vt 0.15625 0.84375
vt 0.15625 0.84375
vt 0.15625 0.84375
vt 0.15625 0.84375
vt 0.15625 0.84375
vt 0.15625 0.84375
vt 0.15625 0.84375
vt 0.15625 0.84375
vt 0.15625 0.84375
vt 0.15625 0.84375
vt 0.15625 0.84375
vt 0.15625 0.84375
vt 0.15625 0.84375
vt 0.15625 0.84375
vt 0.15625 0.84375
vt 0.15625 0.84375
vt 0.15625 0.84375
vt 0.15625 0.84375
vt 0.15625 0.84375
vt 0.15625 0.84375
vt 0.15625 0.84375
vt 0.15625 0.84375
vt 0.15625 0.84375
vt 0.15625 0.84375
vt 0.15625 0.84375
vt 0.15625 0.84375
vt 0.15625 0.84375
vt 0.15625 0.84375
vt 0.15625 0.84375
vt 0.15625 0.84375
vt 0.15625 0.84375
vt 0.15625 0.84375
vt 0.15625 0.84375
vt 0.15625 0.84375
vt 0.15625 0.84375
vt 0.15625 0.84375
vt 0.15625 0.84375
vt 0.15625 0.84375
vt 0.15625 0.84375
vt 0.15625 0.84375
vt 0.15625 0.84375
vt 0.15625 0.84375
vt 0.15625 0.84375
vt 0.15625 0.84375
vt 0.15625 0.84375
vt 0.15625 0.84375
vt 0.15625 0.84375
vt 0.15625 0.84375
vt 0.15625 0.84375
vt 0.15625 0.84375
vt 0.15625 0.84375
vt 0.15625 0.84375
vt 0.15625 0.84375
vt 0.15625 0.84375
vt 0.15625 0.84375
vt 0.15625 0.84375
vt 0.15625 0.84375
vt 0.15625 0.84375
vt 0.15625 0.84375
vt 0.15625 0.84375
vt 0.15625 0.84375
vt 0.15625 0.84375
vt 0.15625 0.84375
vt 0.15625 0.84375
vt 0.15625 0.84375
vt 0.15625 0.84375
vt 0.15625 0.84375
vt 0.15625 0.84375
vt 0.15625 0.84375
vt 0.15625 0.84375
vt 0.15625 0.84375
vt 0.15625 0.84375
vt 0.15625 0.84375
vt 0.15625 0.84375
vt 0.15625 0.84375
vt 0.84375 0.875
vt 0.84375 0.875
vt 0.84375 0.875
vt 0.84375 0.875
vt 0.84375 0.875
vt 0.84375 0.875
vt 0.84375 0.875
vt 0.5625 0.875
vt 0.5625 0.875
vt 0.5625 0.875
vt 0.5625 0.875
vt 0.375 0.84375
vt 0.375 0.84375
vt 0.375 0.84375
vt 0.375 0.84375
vt 0.5625 0.875
vt 0.5625 0.875
vt 0.5625 0.875
vt 0.5625 0.875
vt 0.375 0.84375
vt 0.375 0.84375
vt 0.375 0.84375
vt 0.375 0.84375
vt 0.375 0.84375
vt 0.375 0.84375
vt 0.375 0.84375
vt 0.375 0.84375
vt 0.5625 0.875
vt 0.5625 0.875
vt 0.5625 0.875
vt 0.5625 0.875
vt 0.375 0.84375
vt 0.375 0.84375
vt 0.375 0.84375
vt 0.375 0.84375
vt 0.375 0.84375
vt 0.375 0.84375
vt 0.375 0.84375
vt 0.375 0.84375
vt 0.375 0.84375
vt 0.375 0.84375
vt 0.375 0.84375
vt 0.375 0.84375
vt 0.375 0.84375
vt 0.375 0.84375
vt 0.375 0.84375
vt 0.375 0.84375
vt 0.375 0.84375
vt 0.375 0.84375
vt 0.375 0.84375
vt 0.375 0.84375
vt 0.375 0.84375
vt 0.375 0.84375
vt 0.375 0.84375
vt 0.375 0.84375
vt 0.375 0.84375
vt 0.375 0.84375
vt 0.375 0.84375
vt 0.375 0.84375
vt 0.375 0.84375
vt 0.375 0.84375
vt 0.375 0.84375
vt 0.375 0.84375
vt 0.375 0.84375
vt 0.375 0.84375
vt 0.375 0.84375
vt 0.375 0.84375
vt 0.375 0.84375
vt 0.375 0.84375
vt 0.375 0.84375
vt 0.375 0.84375
vt 0.375 0.84375
vt 0.375 0.84375
vt 0.375 0.84375
vt 0.375 0.84375
vt 0.375 0.84375
vt 0.375 0.84375
vt 0.375 0.84375
vt 0.375 0.84375
vt 0.375 0.84375
vt 0.375 0.84375
vt 0.375 0.84375
vt 0.375 0.84375
vt 0.375 0.84375
vt 0.375 0.84375
vt 0.375 0.84375
vt 0.375 0.84375
vt 0.375 0.84375
vt 0.375 0.84375
vt 0.375 0.84375
vt 0.375 0.84375
vt 0.5625 0.875
vt 0.5625 0.875
vt 0.5625 0.875
vt 0.5625 0.875
vt 0.5625 0.875
vt 0.5625 0.875
vt 0.5625 0.875
vt 0.5625 0.875
vt 0.5625 0.875
vt 0.5625 0.875
vt 0.5625 0.875
vt 0.5625 0.875
vt 0.375 0.84375
vt 0.375 0.84375
vt 0.375 0.84375
vt 0.375 0.84375
vt 0.5625 0.875
vt 0.5625 0.875
vt 0.5625 0.875
vt 0.5625 0.875
vt 0.5625 0.875
vt 0.5625 0.875
vt 0.5625 0.875
vt 0.5625 0.875
vt 0.375 0.84375
vt 0.375 0.84375
vt 0.375 0.84375
vt 0.375 0.84375
vt 0.5625 0.875
vt 0.5625 0.875
vt 0.5625 0.875
vt 0.5625 0.875
vt 0.375 0.84375
vt 0.375 0.84375
vt 0.375 0.84375
vt 0.375 0.84375
vt 0.5625 0.875
vt 0.5625 0.875
vt 0.5625 0.875
vt 0.5625 0.875
vt 0.375 0.84375
vt 0.375 0.84375
vt 0.375 0.84375
vt 0.375 0.84375
vt 0.5625 0.875
vt 0.5625 0.875
vt 0.5625 0.875
vt 0.5625 0.875
vt 0.375 0.84375
vt 0.375 0.84375
vt 0.375 0.84375
vt 0.375 0.84375
vt 0.375 0.84375
vt 0.375 0.84375
vt 0.375 0.84375
vt 0.375 0.84375
vt 0.5625 0.875
vt 0.5625 0.875
vt 0.5625 0.875
vt 0.5625 0.875
vt 0.375 0.84375
vt 0.375 0.84375
vt 0.375 0.84375
vt 0.375 0.84375
vt 0.375 0.84375
vt 0.375 0.84375
vt 0.375 0.84375
vt 0.375 0.84375
vt 0.375 0.84375
vt 0.375 0.84375
vt 0.375 0.84375
vt 0.375 0.84375
vt 0.375 0.84375
vt 0.375 0.84375
vt 0.375 0.84375
vt 0.375 0.84375
vt 0.375 0.84375
vt 0.375 0.84375
vt 0.375 0.84375
vt 0.375 0.84375
vt 0.375 0.84375
vt 0.375 0.84375
vt 0.375 0.84375
vt 0.375 0.84375
vt 0.375 0.84375
vt 0.375 0.84375
vt 0.375 0.84375
vt 0.375 0.84375
vt 0.375 0.84375
vt 0.375 0.84375
vt 0.375 0.84375
vt 0.375 0.84375
vt 0.375 0.84375
vt 0.375 0.84375
vt 0.375 0.84375
vt 0.375 0.84375
vt 0.375 0.84375
vt 0.375 0.84375
vt 0.375 0.84375
vt 0.375 0.84375
vt 0.5625 0.875
vt 0.5625 0.875
vt 0.5625 0.875
vt 0.5625 0.875
vt 0.375 0.84375
vt 0.375 0.84375
vt 0.375 0.84375
vt 0.375 0.84375
vt 0.5625 0.875
vt 0.5625 0.875
vt 0.5625 0.875
vt 0.5625 0.875
vt 0.5625 0.875
vt 0.5625 0.875
vt 0.5625 0.875
vt 0.5625 0.875
vt 0.375 0.84375
vt 0.375 0.84375
vt 0.375 0.84375
vt 0.375 0.84375
vt 0.5625 0.875
vt 0.5625 0.875
vt 0.5625 0.875
vt 0.5625 0.875
vt 0.5625 0.875
vt 0.5625 0.875
vt 0.5625 0.875
vt 0.5625 0.875
vt 0.5625 0.875
vt 0.5625 0.875
vt 0.5625 0.875
vt 0.5625 0.875
vt 0.5625 0.875
vt 0.5625 0.875
vt 0.5625 0.875
vt 0.5625 0.875
vt 0.5625 0.875
vt 0.5625 0.875
vt 0.5625 0.875
vt 0.5625 0.875
vt 0.5625 0.875
vt 0.5625 0.875
vt 0.5625 0.875
vt 0.5625 0.875
vt 0.5625 0.875
vt 0.5625 0.875
vt 0.5625 0.875
vt 0.5625 0.875
vt 0.5625 0.875
vt 0.5625 0.875
vt 0.5625 0.875
vt 0.5625 0.875
vt 0.375 0.84375
vt 0.375 0.84375
vt 0.375 0.84375
vt 0.375 0.84375
vt 0.5625 0.875
vt 0.5625 0.875
vt 0.5625 0.875
vt 0.5625 0.875
vt 0.5625 0.875
vt 0.5625 0.875
vt 0.5625 0.875
vt 0.5625 0.875
vt 0.375 0.84375
vt 0.375 0.84375
vt 0.375 0.84375
vt 0.375 0.84375
vt 0.5625 0.875
vt 0.5625 0.875
vt 0.5625 0.875
vt 0.5625 0.875
vt 0.375 0.84375
vt 0.375 0.84375
vt 0.375 0.84375
vt 0.375 0.84375
vt 0.5625 0.875
vt 0.5625 0.875
vt 0.5625 0.875
vt 0.5625 0.875
vt 0.375 0.84375
vt 0.375 0.84375
vt 0.375 0.84375
vt 0.375 0.84375
vt 0.5625 0.875
vt 0.5625 0.875
vt 0.5625 0.875
vt 0.5625 0.875
vt 0.375 0.84375
vt 0.375 0.84375
vt 0.375 0.84375
vt 0.375 0.84375
vt 0.375 0.84375
vt 0.375 0.84375
vt 0.375 0.84375
vt 0.375 0.84375
vt 0.5625 0.875
vt 0.5625 0.875
vt 0.5625 0.875
vt 0.5625 0.875
vt 0.375 0.84375
vt 0.375 0.84375
vt 0.375 0.84375
vt 0.375 0.84375
vt 0.375 0.84375
vt 0.375 0.84375
vt 0.375 0.84375
vt 0.375 0.84375
vt 0.375 0.84375
vt 0.375 0.84375
vt 0.375 0.84375
vt 0.375 0.84375
vt 0.375 0.84375
vt 0.375 0.84375
vt 0.375 0.84375
vt 0.375 0.84375
vt 0.375 0.84375
vt 0.375 0.84375
vt 0.375 0.84375
vt 0.375 0.84375
vt 0.375 0.84375
vt 0.375 0.84375
vt 0.375 0.84375
vt 0.375 0.84375
vt 0.375 0.84375
vt 0.375 0.84375
vt 0.375 0.84375
vt 0.375 0.84375
vt 0.375 0.84375
vt 0.375 0.84375
vt 0.375 0.84375
vt 0.375 0.84375
vt 0.375 0.84375
vt 0.375 0.84375
vt 0.375 0.84375
vt 0.375 0.84375
vt 0.375 0.84375
vt 0.375 0.84375
vt 0.375 0.84375
vt 0.375 0.84375
vt 0.375 0.84375
vt 0.375 0.84375
vt 0.375 0.84375
vt 0.375 0.84375
vt 0.375 0.84375
vt 0.375 0.84375
vt 0.375 0.84375
vt 0.375 0.84375
vt 0.375 0.84375
vt 0.375 0.84375
vt 0.375 0.84375
vt 0.375 0.84375
vt 0.375 0.84375
vt 0.375 0.84375
vt 0.375 0.84375
vt 0.375 0.84375
vt 0.375 0.84375
vt 0.375 0.84375
vt 0.375 0.84375
vt 0.375 0.84375
vt 0.375 0.84375
vt 0.375 0.84375
vt 0.375 0.84375
vt 0.375 0.84375
vt 0.5625 0.875
vt 0.5625 0.875
vt 0.5625 0.875
vt 0.5625 0.875
vt 0.375 0.84375
vt 0.375 0.84375
vt 0.375 0.84375
vt 0.375 0.84375
vt 0.375 0.84375
vt 0.375 0.84375
vt 0.375 0.84375
vt 0.375 0.84375
vt 0.5625 0.875
vt 0.5625 0.875
vt 0.5625 0.875
vt 0.5625 0.875
vt 0.375 0.84375
vt 0.375 0.84375
vt 0.375 0.84375
vt 0.375 0.84375
vt 0.5625 0.875
vt 0.5625 0.875
vt 0.5625 0.875
vt 0.5625 0.875
vt 0.5625 0.875
vt 0.5625 0.875
vt 0.5625 0.875
vt 0.5625 0.875
vt 0.5625 0.875
vt 0.5625 0.875
vt 0.5625 0.875
vt 0.5625 0.875
vt 0.5625 0.875
vt 0.5625 0.875
vt 0.5625 0.875
vt 0.5625 0.875
vt 0.5625 0.875
vt 0.5625 0.875
vt 0.5625 0.875
vt 0.5625 0.875
vt 0.5625 0.875
vt 0.5625 0.875
vt 0.5625 0.875
vt 0.5625 0.875
vt 0.5625 0.875
vt 0.5625 0.875
vt 0.5625 0.875
vt 0.5625 0.875
vt 0.375 0.84375
vt 0.375 0.84375
vt 0.375 0.84375
vt 0.375 0.84375
vt 0.5625 0.875
vt 0.5625 0.875
vt 0.5625 0.875
vt 0.5625 0.875
vt 0.5625 0.875
vt 0.5625 0.875
vt 0.5625 0.875
vt 0.5625 0.875
vt 0.375 0.84375
vt 0.375 0.84375
vt 0.375 0.84375
vt 0.375 0.84375
vt 0.5625 0.875
vt 0.5625 0.875
vt 0.5625 0.875
vt 0.5625 0.875
vt 0.375 0.84375
vt 0.375 0.84375
vt 0.375 0.84375
vt 0.375 0.84375
vt 0.5625 0.875
vt 0.5625 0.875
vt 0.5625 0.875
vt 0.5625 0.875
vt 0.375 0.84375
vt 0.375 0.84375
vt 0.375 0.84375
vt 0.375 0.84375
vt 0.5625 0.875
vt 0.5625 0.875
vt 0.5625 0.875
vt 0.5625 0.875
vt 0.375 0.84375
vt 0.375 0.84375
vt 0.375 0.84375
vt 0.375 0.84375
vt 0.375 0.84375
vt 0.375 0.84375
vt 0.375 0.84375
vt 0.375 0.84375
vt 0.5625 0.875
vt 0.5625 0.875
vt 0.5625 0.875
vt 0.5625 0.875
vt 0.375 0.84375
vt 0.375 0.84375
vt 0.375 0.84375
vt 0.375 0.84375
vt 0.375 0.84375
vt 0.375 0.84375
vt 0.375 0.84375
vt 0.375 0.84375
vt 0.375 0.84375
vt 0.375 0.84375
vt 0.375 0.84375
vt 0.375 0.84375
vt 0.375 0.84375
vt 0.375 0.84375
vt 0.375 0.84375
vt 0.375 0.84375
vt 0.375 0.84375
vt 0.375 0.84375
vt 0.375 0.84375
vt 0.375 0.84375
vt 0.375 0.84375
vt 0.375 0.84375
vt 0.375 0.84375
vt 0.375 0.84375
vt 0.375 0.84375
vt 0.375 0.84375
vt 0.375 0.84375
vt 0.375 0.84375
vt 0.375 0.84375
vt 0.375 0.84375
vt 0.375 0.84375
vt 0.375 0.84375
vt 0.5625 0.875
vt 0.5625 0.875
vt 0.5625 0.875
vt 0.5625 0.875
vt 0.5625 0.875
vt 0.5625 0.875
vt 0.5625 0.875
vt 0.375 0.84375
vt 0.375 0.84375
vt 0.375 0.84375
vt 0.375 0.84375
vt 0.375 0.84375
vt 0.375 0.84375
vt 0.375 0.84375
vt 0.375 0.84375
vt 0.5625 0.875
vt 0.5625 0.875
vt 0.5625 0.875
vt 0.5625 0.875
vt 0.5625 0.875
vt 0.5625 0.875
vt 0.5625 0.875
vt 0.5625 0.875
vt 0.375 0.84375
vt 0.375 0.84375
vt 0.375 0.84375
vt 0.375 0.84375
vt 0.375 0.84375
vt 0.375 0.84375
vt 0.375 0.84375
vt 0.375 0.84375
vt 0.5625 0.875
vt 0.5625 0.875
vt 0.5625 0.875
vt 0.5625 0.875
vt 0.5625 0.875
vt 0.5625 0.875
vt 0.5625 0.875
vt 0.5625 0.875
vt 0.375 0.84375
vt 0.375 0.84375
vt 0.375 0.84375
vt 0.375 0.84375
vt 0.375 0.84375
vt 0.375 0.84375
vt 0.375 0.84375
vt 0.375 0.84375
vt 0.5625 0.875
vt 0.5625 0.875
vt 0.5625 0.875
vt 0.5625 0.875
vt 0.5625 0.875
vt 0.5625 0.875
vt 0.5625 0.875
vt 0.5625 0.875
vt 0.375 0.84375
vt 0.375 0.84375
vt 0.375 0.84375
vt 0.375 0.84375
vt 0.375 0.84375
vt 0.375 0.84375
vt 0.375 0.84375
vt 0.375 0.84375
vt 0.5625 0.875
vt 0.5625 0.875
vt 0.5625 0.875
vt 0.5625 0.875
vt 0.5625 0.875
vt 0.5625 0.875
vt 0.5625 0.875
vt 0.5625 0.875
vt 0.375 0.84375
vt 0.375 0.84375
vt 0.375 0.84375
vt 0.375 0.84375
vt 0.375 0.84375
vt 0.375 0.84375
vt 0.375 0.84375
vt 0.375 0.84375
vt 0.375 0.84375
vt 0.375 0.84375
vt 0.375 0.84375
vt 0.375 0.84375
vt 0.375 0.84375
vt 0.375 0.84375
vt 0.375 0.84375
vt 0.375 0.84375
vt 0.375 0.84375
vt 0.375 0.84375
vt 0.375 0.84375
vt 0.375 0.84375
vt 0.5625 0.875
vt 0.5625 0.875
vt 0.5625 0.875
vt 0.5625 0.875
vt 0.375 0.84375
vt 0.375 0.84375
vt 0.375 0.84375
vt 0.375 0.84375
vt 0.5625 0.875
vt 0.5625 0.875
vt 0.5625 0.875
vt 0.5625 0.875
vt 0.375 0.84375
vt 0.375 0.84375
vt 0.375 0.84375
vt 0.375 0.84375
vt 0.5625 0.875
vt 0.5625 0.875
vt 0.5625 0.875
vt 0.5625 0.875
vt 0.375 0.84375
vt 0.375 0.84375
vt 0.375 0.84375
vt 0.375 0.84375
vt 0.5625 0.875
vt 0.5625 0.875
vt 0.5625 0.875
vt 0.5625 0.875
vt 0.5625 0.875
vt 0.5625 0.875
vt 0.5625 0.875
vt 0.5625 0.875
vt 0.375 0.84375
vt 0.375 0.84375
vt 0.375 0.84375
vt 0.375 0.84375
vt 0.5625 0.875
vt 0.5625 0.875
vt 0.5625 0.875
vt 0.5625 0.875
vt 0.5625 0.875
vt 0.5625 0.875
vt 0.5625 0.875
vt 0.5625 0.875
vt 0.5625 0.875
vt 0.5625 0.875
vt 0.5625 0.875
vt 0.5625 0.875
vt 0.5625 0.875
vt 0.5625 0.875
vt 0.5625 0.875
vt 0.5625 0.875
vt 0.5625 0.875
vt 0.5625 0.875
vt 0.5625 0.875
vt 0.5625 0.875
vt 0.5625 0.875
vt 0.5625 0.875
vt 0.5625 0.875
vt 0.5625 0.875
vt 0.5625 0.875
vt 0.5625 0.875
vt 0.5625 0.875
vt 0.5625 0.875
vt 0.5625 0.875
vt 0.5625 0.875
vt 0.5625 0.875
vt 0.5625 0.875
vt 0.375 0.84375
vt 0.375 0.84375
vt 0.375 0.84375
vt 0.375 0.84375
vt 0.5625 0.875
vt 0.5625 0.875
vt 0.5625 0.875
vt 0.5625 0.875
vt 0.5625 0.875
vt 0.5625 0.875
vt 0.5625 0.875
vt 0.5625 0.875
vt 0.375 0.84375
vt 0.375 0.84375
vt 0.375 0.84375
vt 0.375 0.84375
vt 0.5625 0.875
vt 0.5625 0.875
vt 0.5625 0.875
vt 0.5625 0.875
vt 0.375 0.84375
vt 0.375 0.84375
vt 0.375 0.84375
vt 0.375 0.84375
vt 0.375 0.84375
vt 0.375 0.84375
vt 0.375 0.84375
vt 0.375 0.84375
vt 0.375 0.84375
vt 0.375 0.84375
vt 0.375 0.84375
vt 0.375 0.84375
vt 0.375 0.84375
vt 0.375 0.84375
vt 0.375 0.84375
vt 0.375 0.84375
vt 0.375 0.84375
vt 0.375 0.84375
vt 0.375 0.84375
vt 0.375 0.84375
vt 0.375 0.84375
vt 0.375 0.84375
vt 0.375 0.84375
vt 0.375 0.84375
vt 0.375 0.84375
vt 0.375 0.84375
vt 0.375 0.84375
vt 0.375 0.84375
vt 0.65625 0.8125
vt 0.65625 0.8125
vt 0.65625 0.8125
vt 0.65625 0.8125
vt 0.90625 0.8125
vt 0.90625 0.8125
vt 0.90625 0.8125
vt 0.90625 0.8125
vt 0.90625 0.8125
vt 0.90625 0.8125
vt 0.90625 0.8125
vt 0.90625 0.8125
vt 0.65625 0.8125
vt 0.65625 0.8125
vt 0.65625 0.8125
vt 0.65625 0.8125
vt 0.65625 0.8125
vt 0.65625 0.8125
vt 0.65625 0.8125
vt 0.625 0.8125
vt 0.65625 0.8125
vt 0.65625 0.8125
vt 0.65625 0.8125
vt 0.65625 0.8125
vt 0.625 0.8125
vt 0.65625 0.8125
vt 0.65625 0.8125
vt 0.65625 0.8125
vt 0.65625 0.8125
vt 0.65625 0.8125
vt 0.65625 0.8125
vt 0.90625 0.8125
vt 0.90625 0.8125
vt 0.90625 0.8125
vt 0.90625 0.8125
vt 0.90625 0.8125
vt 0.90625 0.8125
vt 0.90625 0.8125
vt 0.90625 0.8125
vt 0.90625 0.8125
vt 0.90625 0.8125
vt 0.90625 0.8125
vt 0.90625 0.8125
vt 0.65625 0.8125
vt 0.65625 0.8125
vt 0.65625 0.8125
vt 0.65625 0.8125
vt 0.65625 0.8125
vt 0.65625 0.8125
vt 0.65625 0.8125
vt 0.65625 0.8125
vt 0.65625 0.8125
vt 0.65625 0.8125
vt 0.65625 0.8125
vt 0.65625 0.8125
vt 0.65625 0.8125
vt 0.65625 0.8125
vt 0.65625 0.8125
vt 0.65625 0.84375
vt 0.65625 0.8125
vt 0.65625 0.8125
vt 0.65625 0.8125
vt 0.65625 0.8125
vt 0.90625 0.8125
vt 0.90625 0.8125
vt 0.90625 0.8125
vt 0.90625 0.8125
vt 0.65625 0.8125
vt 0.65625 0.8125
vt 0.65625 0.8125
vt 0.65625 0.8125
vt 0.65625 0.8125
vt 0.65625 0.8125
vt 0.65625 0.8125
vt 0.65625 0.8125
vt 0.65625 0.8125
vt 0.65625 0.8125
vt 0.65625 0.8125
vt 0.65625 0.8125
vt 0.65625 0.8125
vt 0.65625 0.8125
vt 0.65625 0.8125
vt 0.65625 0.8125
vt 0.65625 0.8125
vt 0.65625 0.8125
vt 0.65625 0.8125
vt 0.65625 0.8125
vt 0.90625 0.8125
vt 0.90625 0.8125
vt 0.90625 0.8125
vt 0.90625 0.8125
vt 0.65625 0.8125
vt 0.65625 0.8125
vt 0.65625 0.8125
vt 0.65625 0.8125
vt 0.65625 0.8125
vt 0.65625 0.8125
vt 0.65625 0.8125
vt 0.65625 0.8125
vt 0.65625 0.8125
vt 0.65625 0.8125
vt 0.65625 0.8125
vt 0.90625 0.8125
vt 0.90625 0.8125
vt 0.90625 0.8125
vt 0.65625 0.8125
vt 0.65625 0.8125
vt 0.65625 0.8125
vt 0.65625 0.8125
vt 0.65625 0.8125
vt 0.65625 0.8125
vt 0.65625 0.8125
vt 0.65625 0.8125
vt 0.375 0.84375
vt 0.375 0.84375
vt 0.375 0.84375
vt 0.375 0.84375
vt 0.375 0.84375
vt 0.375 0.84375
vt 0.375 0.84375
vt 0.375 0.84375
vt 0.90625 0.8125
vt 0.90625 0.8125
vt 0.90625 0.8125
vt 0.90625 0.8125
vt 0.65625 0.8125
vt 0.65625 0.8125
vt 0.65625 0.8125
vt 0.65625 0.8125
vt 0.65625 0.8125
vt 0.65625 0.8125
vt 0.65625 0.8125
vt 0.65625 0.8125
vt 0.65625 0.8125
vt 0.65625 0.8125
vt 0.65625 0.8125
vt 0.65625 0.8125
vt 0.65625 0.8125
vt 0.65625 0.8125
vt 0.65625 0.8125
vt 0.65625 0.8125
vt 0.65625 0.8125
vt 0.65625 0.8125
vt 0.65625 0.8125
vt 0.65625 0.8125
vt 0.65625 0.8125
vt 0.65625 0.8125
vt 0.65625 0.8125
vt 0.65625 0.8125
vt 0.90625 0.8125
vt 0.90625 0.8125
vt 0.90625 0.8125
vt 0.90625 0.8125
vt 0.90625 0.8125
vt 0.90625 0.8125
vt 0.90625 0.8125
vt 0.90625 0.8125
vt 0.65625 0.8125
vt 0.65625 0.8125
vt 0.65625 0.8125
vt 0.65625 0.8125
vt 0.65625 0.8125
vt 0.65625 0.8125
vt 0.65625 0.8125
vt 0.65625 0.8125
vt 0.65625 0.8125
vt 0.65625 0.8125
vt 0.65625 0.84375
vt 0.65625 0.8125
vt 0.65625 0.8125
vt 0.65625 0.8125
vt 0.65625 0.8125
vt 0.90625 0.8125
vt 0.90625 0.8125
vt 0.90625 0.8125
vt 0.90625 0.8125
vt 0.65625 0.8125
vt 0.65625 0.8125
vt 0.65625 0.8125
vt 0.625 0.84375
vt 0.65625 0.8125
vt 0.65625 0.8125
vt 0.65625 0.8125
vt 0.65625 0.8125
vt 0.65625 0.8125
vt 0.65625 0.8125
vt 0.625 0.84375
vt 0.65625 0.84375
vt 0.65625 0.8125
vt 0.65625 0.8125
vt 0.65625 0.8125
vt 0.65625 0.8125
vt 0.65625 0.8125
vt 0.65625 0.8125
vt 0.65625 0.8125
vt 0.65625 0.8125
vt 0.65625 0.8125
vt 0.65625 0.8125
vt 0.65625 0.8125
vt 0.65625 0.8125
vt 0.90625 0.8125
vt 0.90625 0.8125
vt 0.90625 0.8125
vt 0.90625 0.8125
vt 0.90625 0.8125
vt 0.90625 0.8125
vt 0.90625 0.8125
vt 0.90625 0.8125
vt 0.65625 0.84375
vt 0.625 0.84375
vt 0.625 0.8125
vt 0.65625 0.8125
vt 0.90625 0.8125
vt 0.90625 0.8125
vt 0.90625 0.8125
vt 0.90625 0.8125
vt 0.375 0.84375
vt 0.375 0.84375
vt 0.375 0.84375
vt 0.375 0.84375
vt 0.375 0.84375
vt 0.375 0.84375
vt 0.375 0.84375
vt 0.375 0.84375
vt 0.375 0.84375
vt 0.375 0.84375
vt 0.375 0.84375
vt 0.375 0.84375
vt 0.5625 0.875
vt 0.5625 0.875
vt 0.5625 0.875
vt 0.5625 0.875
vt 0.84375 0.875
vt 0.84375 0.875
vt 0.84375 0.875
vt 0.84375 0.875
vt 0.84375 0.875
vt 0.84375 0.875
vt 0.84375 0.875
vt 0.84375 0.875
vt 0.84375 0.875
vt 0.84375 0.875
vt 0.84375 0.875
vt 0.84375 0.875
vt 0.84375 0.875
vt 0.84375 0.875
vt 0.84375 0.875
vt 0.84375 0.875
vt 0.84375 0.875
vt 0.84375 0.875
vt 0.84375 0.875
vt 0.84375 0.875
vt 0.84375 0.875
vt 0.84375 0.875
vt 0.84375 0.875
vt 0.84375 0.875
vt 0.84375 0.875
vt 0.84375 0.875
vt 0.84375 0.875
vt 0.84375 0.875
vt 0.84375 0.875
vt 0.84375 0.875
vt 0.84375 0.875
vt 0.84375 0.875
vt 0.84375 0.875
vt 0.84375 0.875
vt 0.84375 0.875
vt 0.84375 0.875
vt 0.84375 0.875
vt 0.84375 0.875
vt 0.84375 0.875
vt 0.84375 0.875
vt 0.84375 0.875
vt 0.84375 0.875
vt 0.84375 0.875
vt 0.84375 0.875
vt 0.84375 0.875
vt 0.84375 0.875
vt 0.84375 0.875
vt 0.84375 0.875
vt 0.84375 0.875
vt 0.84375 0.875
vt 0.84375 0.875
vt 0.84375 0.875
vt 0.84375 0.875
vt 0.84375 0.875
vt 0.84375 0.875
vt 0.84375 0.875
vt 0.84375 0.875
vt 0.84375 0.875
vt 0.84375 0.875
vt 0.84375 0.90625
vt 0.8125 0.90625
vt 0.8125 0.875
vt 0.84375 0.875
vt 0.84375 0.875
vt 0.84375 0.875
vt 0.84375 0.875
vt 0.84375 0.875
vt 0.84375 0.875
vt 0.84375 0.875
vt 0.84375 0.875
vt 0.84375 0.875
vt 0.84375 0.875
vt 0.84375 0.875
vt 0.84375 0.875
vt 0.84375 0.875
vt 0.84375 0.875
vt 0.84375 0.875
vt 0.84375 0.875
vt 0.84375 0.875
vt 0.84375 0.875
vt 0.84375 0.875
vt 0.84375 0.875
vt 0.84375 0.875
vt 0.84375 0.875
vt 0.84375 0.875
vt 0.84375 0.875
vt 0.84375 0.875
vt 0.84375 0.875
vt 0.84375 0.875
vt 0.84375 0.875
vt 0.84375 0.875
vt 0.84375 0.875
vt 0.84375 0.875
vt 0.84375 0.875
vt 0.84375 0.875
vt 0.84375 0.875
vt 0.84375 0.875
vt 0.84375 0.875
vt 0.84375 0.875
vt 0.84375 0.875
vt 0.84375 0.875
vt 0.84375 0.875
vt 0.84375 0.875
vt 0.84375 0.875
vt 0.84375 0.875
vt 0.84375 0.875
vt 0.84375 0.875
vt 0.84375 0.875
vt 0.84375 0.875
vt 0.84375 0.875
vt 0.84375 0.875
vt 0.84375 0.875
vt 0.84375 0.875
vt 0.84375 0.875
vt 0.84375 0.875
vt 0.84375 0.875
vt 0.84375 0.875
vt 0.84375 0.875
vt 0.84375 0.875
vt 0.84375 0.875
vt 0.84375 0.875
vt 0.84375 0.875
vt 0.84375 0.875
vt 0.84375 0.875
vt 0.84375 0.875
vt 0.84375 0.875
vt 0.84375 0.875
vt 0.84375 0.875
vt 0.84375 0.875
vt 0.84375 0.875
vt 0.84375 0.875
vt 0.84375 0.875
vt 0.84375 0.875
vt 0.84375 0.875
vt 0.84375 0.875
vt 0.84375 0.875
vt 0.84375 0.875
vt 0.84375 0.875
vt 0.84375 0.875
vt 0.84375 0.875
vt 0.84375 0.875
vt 0.84375 0.90625
vt 0.84375 0.875
vt 0.84375 0.875
vt 0.15625 0.84375
vt 0.15625 0.84375
vt 0.15625 0.84375
vt 0.15625 0.84375
vt 0.15625 0.84375
vt 0.15625 0.84375
vt 0.15625 0.84375
vt 0.15625 0.84375
vt 0.84375 0.875
vt 0.84375 0.875
vt 0.84375 0.875
vt 0.84375 0.875
vt 0.15625 0.84375
vt 0.15625 0.875
vt 0.15625 0.84375
vt 0.15625 0.84375
vt 0.15625 0.84375
vt 0.15625 0.84375
vt 0.15625 0.84375
vt 0.15625 0.84375
vt 0.84375 0.875
vt 0.84375 0.875
vt 0.84375 0.875
vt 0.84375 0.875
vt 0.15625 0.84375
vt 0.15625 0.84375
vt 0.15625 0.84375
vt 0.15625 0.84375
vt 0.15625 0.84375
vt 0.15625 0.84375
vt 0.15625 0.84375
vt 0.15625 0.84375
vt 0.15625 0.84375
vt 0.15625 0.84375
vt 0.15625 0.84375
vt 0.15625 0.84375
vt 0.84375 0.875
vt 0.84375 0.875
vt 0.84375 0.875
vt 0.84375 0.875
vt 0.84375 0.875
vt 0.84375 0.875
vt 0.84375 0.875
vt 0.84375 0.875
vt 0.15625 0.84375
vt 0.15625 0.84375
vt 0.15625 0.84375
vt 0.15625 0.84375
vt 0.15625 0.84375
vt 0.15625 0.84375
vt 0.15625 0.84375
vt 0.15625 0.84375
vt 0.15625 0.84375
vt 0.15625 0.84375
vt 0.15625 0.84375
vt 0.15625 0.84375
vt 0.15625 0.84375
vt 0.15625 0.84375
vt 0.15625 0.84375
vt 0.15625 0.84375
vt 0.15625 0.84375
vt 0.15625 0.84375
vt 0.15625 0.84375
vt 0.15625 0.84375
vt 0.15625 0.84375
vt 0.15625 0.84375
vt 0.15625 0.84375
vt 0.15625 0.84375
vt 0.15625 0.84375
vt 0.15625 0.84375
vt 0.15625 0.875
vt 0.125 0.875
vt 0.125 0.84375
vt 0.15625 0.84375
vt 0.15625 0.84375
vt 0.15625 0.84375
vt 0.15625 0.84375
vt 0.15625 0.84375
vt 0.15625 0.84375
vt 0.15625 0.84375
vt 0.15625 0.84375
vt 0.15625 0.84375
vt 0.15625 0.84375
vt 0.15625 0.84375
vt 0.15625 0.84375
vt 0.15625 0.84375
vt 0.15625 0.84375
vt 0.15625 0.84375
vt 0.15625 0.84375
vt 0.15625 0.84375
vt 0.15625 0.84375
vt 0.15625 0.84375
vt 0.15625 0.84375
vt 0.15625 0.84375
vt 0.15625 0.84375
vt 0.15625 0.84375
vt 0.15625 0.84375
vt 0.15625 0.84375
vt 0.15625 0.84375
vt 0.15625 0.84375
vt 0.15625 0.84375
vt 0.15625 0.84375
vt 0.15625 0.84375
vt 0.15625 0.84375
vt 0.125 0.84375
vt 0.15625 0.84375
vt 0.15625 0.84375
vt 0.15625 0.84375
vt 0.15625 0.84375
vt 0.15625 0.84375
vt 0.15625 0.84375
vt 0.15625 0.84375
vt 0.15625 0.84375
vt 0.15625 0.84375
vt 0.15625 0.84375
vt 0.15625 0.84375
vt 0.15625 0.84375
vt 0.15625 0.84375
vt 0.15625 0.84375
vt 0.15625 0.84375
vt 0.15625 0.84375
vt 0.84375 0.875
vt 0.84375 0.875
vt 0.84375 0.875
vt 0.84375 0.875
vt 0.84375 0.875
vt 0.84375 0.875
vt 0.84375 0.875
vt 0.5625 0.875
vt 0.5625 0.875
vt 0.5625 0.875
vt 0.5625 0.875
vt 0.375 0.84375
vt 0.375 0.84375
vt 0.375 0.84375
vt 0.375 0.84375
vt 0.5625 0.875
vt 0.5625 0.875
vt 0.5625 0.875
vt 0.5625 0.875
vt 0.375 0.84375
vt 0.375 0.84375
vt 0.375 0.84375
vt 0.375 0.84375
vt 0.375 0.84375
vt 0.34375 0.84375
vt 0.375 0.84375
vt 0.375 0.84375
vt 0.5625 0.875
vt 0.5625 0.875
vt 0.5625 0.875
vt 0.5625 0.875
vt 0.375 0.84375
vt 0.375 0.84375
vt 0.375 0.84375
vt 0.375 0.84375
vt 0.375 0.84375
vt 0.375 0.84375
vt 0.375 0.84375
vt 0.375 0.84375
vt 0.375 0.84375
vt 0.375 0.84375
vt 0.375 0.84375
vt 0.375 0.84375
vt 0.375 0.84375
vt 0.375 0.84375
vt 0.375 0.84375
vt 0.375 0.84375
vt 0.375 0.84375
vt 0.375 0.84375
vt 0.375 0.84375
vt 0.375 0.84375
vt 0.375 0.84375
vt 0.375 0.84375
vt 0.375 0.84375
vt 0.375 0.84375
vt 0.375 0.84375
vt 0.375 0.84375
vt 0.375 0.84375
vt 0.375 0.84375
vt 0.375 0.84375
vt 0.375 0.84375
vt 0.375 0.84375
vt 0.375 0.84375
vt 0.375 0.84375
vt 0.375 0.84375
vt 0.375 0.84375
vt 0.375 0.84375
vt 0.375 0.84375
vt 0.375 0.84375
vt 0.375 0.84375
vt 0.375 0.84375
vt 0.375 0.84375
vt 0.375 0.84375
vt 0.375 0.84375
vt 0.375 0.84375
vt 0.375 0.84375
vt 0.375 0.84375
vt 0.375 0.84375
vt 0.375 0.84375
vt 0.375 0.84375
vt 0.375 0.84375
vt 0.375 0.84375
vt 0.375 0.84375
vt 0.375 0.84375
vt 0.375 0.84375
vt 0.375 0.84375
vt 0.375 0.84375
vt 0.375 0.84375
vt 0.375 0.84375
vt 0.375 0.84375
vt 0.375 0.84375
vt 0.5625 0.875
vt 0.5625 0.875
vt 0.5625 0.875
vt 0.5625 0.875
vt 0.5625 0.875
vt 0.5625 0.875
vt 0.5625 0.875
vt 0.5625 0.875
vt 0.5625 0.875
vt 0.5625 0.875
vt 0.5625 0.875
vt 0.5625 0.875
vt 0.375 0.84375
vt 0.375 0.84375
vt 0.375 0.84375
vt 0.375 0.84375
vt 0.5625 0.875
vt 0.5625 0.875
vt 0.5625 0.875
vt 0.5625 0.875
vt 0.5625 0.875
vt 0.5625 0.875
vt 0.5625 0.875
vt 0.5625 0.875
vt 0.375 0.84375
vt 0.375 0.84375
vt 0.375 0.84375
vt 0.375 0.84375
vt 0.5625 0.875
vt 0.5625 0.875
vt 0.5625 0.875
vt 0.5625 0.875
vt 0.375 0.84375
vt 0.375 0.84375
vt 0.375 0.84375
vt 0.375 0.84375
vt 0.5625 0.875
vt 0.5625 0.875
vt 0.5625 0.875
vt 0.5625 0.875
vt 0.375 0.84375
vt 0.375 0.84375
vt 0.375 0.84375
vt 0.375 0.84375
vt 0.5625 0.875
vt 0.5625 0.875
vt 0.5625 0.875
vt 0.5625 0.875
vt 0.375 0.84375
vt 0.375 0.84375
vt 0.375 0.84375
vt 0.375 0.84375
vt 0.34375 0.84375
vt 0.34375 0.875
vt 0.375 0.84375
vt 0.375 0.84375
vt 0.5625 0.875
vt 0.5625 0.875
vt 0.5625 0.875
vt 0.5625 0.875
vt 0.375 0.84375
vt 0.375 0.84375
vt 0.375 0.84375
vt 0.375 0.84375
vt 0.375 0.84375
vt 0.375 0.84375
vt 0.375 0.875
vt 0.375 0.84375
vt 0.375 0.84375
vt 0.375 0.84375
vt 0.375 0.84375
vt 0.375 0.84375
vt 0.375 0.84375
vt 0.375 0.84375
vt 0.375 0.84375
vt 0.375 0.84375
vt 0.375 0.84375
vt 0.375 0.84375
vt 0.375 0.84375
vt 0.375 0.84375
vt 0.375 0.84375
vt 0.375 0.84375
vt 0.375 0.84375
vt 0.375 0.84375
vt 0.375 0.84375
vt 0.375 0.84375
vt 0.375 0.84375
vt 0.375 0.84375
vt 0.375 0.84375
vt 0.375 0.84375
vt 0.375 0.84375
vt 0.375 0.84375
vt 0.375 0.84375
vt 0.375 0.84375
vt 0.375 0.84375
vt 0.375 0.84375
vt 0.375 0.84375
vt 0.375 0.84375
vt 0.375 0.84375
vt 0.375 0.84375
vt 0.5625 0.875
vt 0.5625 0.875
vt 0.5625 0.875
vt 0.5625 0.875
vt 0.375 0.84375
vt 0.375 0.84375
vt 0.375 0.84375
vt 0.375 0.84375
vt 0.5625 0.875
vt 0.5625 0.875
vt 0.5625 0.875
vt 0.5625 0.875
vt 0.5625 0.875
vt 0.5625 0.875
vt 0.5625 0.875
vt 0.5625 0.875
vt 0.375 0.84375
vt 0.375 0.84375
vt 0.375 0.84375
vt 0.375 0.84375
vt 0.5625 0.875
vt 0.5625 0.875
vt 0.5625 0.875
vt 0.5625 0.875
vt 0.5625 0.875
vt 0.5625 0.875
vt 0.5625 0.875
vt 0.5625 0.875
vt 0.5625 0.875
vt 0.5625 0.875
vt 0.5625 0.875
vt 0.5625 0.875
vt 0.5625 0.875
vt 0.5625 0.875
vt 0.5625 0.875
vt 0.5625 0.875
vt 0.5625 0.875
vt 0.5625 0.875
vt 0.5625 0.875
vt 0.5625 0.875
vt 0.5625 0.875
vt 0.5625 0.875
vt 0.5625 0.875
vt 0.5625 0.875
vt 0.5625 0.875
vt 0.5625 0.875
vt 0.5625 0.875
vt 0.5625 0.875
vt 0.5625 0.875
vt 0.5625 0.875
vt 0.5625 0.875
vt 0.5625 0.875
vt 0.375 0.84375
vt 0.375 0.84375
vt 0.375 0.84375
vt 0.375 0.84375
vt 0.5625 0.875
vt 0.5625 0.875
vt 0.5625 0.875
vt 0.5625 0.875
vt 0.5625 0.875
vt 0.5625 0.875
vt 0.5625 0.875
vt 0.5625 0.875
vt 0.375 0.84375
vt 0.375 0.84375
vt 0.375 0.84375
vt 0.375 0.84375
vt 0.5625 0.875
vt 0.5625 0.875
vt 0.5625 0.875
vt 0.5625 0.875
vt 0.375 0.84375
vt 0.375 0.84375
vt 0.375 0.84375
vt 0.375 0.84375
vt 0.5625 0.875
vt 0.5625 0.875
vt 0.5625 0.875
vt 0.5625 0.875
vt 0.375 0.84375
vt 0.375 0.84375
vt 0.375 0.84375
vt 0.375 0.84375
vt 0.5625 0.875
vt 0.5625 0.875
vt 0.5625 0.875
vt 0.5625 0.875
vt 0.375 0.84375
vt 0.375 0.84375
vt 0.375 0.84375
vt 0.375 0.84375
vt 0.375 0.84375
vt 0.375 0.84375
vt 0.375 0.84375
vt 0.375 0.84375
vt 0.5625 0.875
vt 0.5625 0.875
vt 0.5625 0.875
vt 0.5625 0.875
vt 0.375 0.84375
vt 0.375 0.84375
vt 0.375 0.84375
vt 0.375 0.84375
vt 0.375 0.84375
vt 0.375 0.84375
vt 0.375 0.84375
vt 0.375 0.875
vt 0.375 0.84375
vt 0.375 0.84375
vt 0.375 0.84375
vt 0.375 0.84375
vt 0.375 0.84375
vt 0.375 0.84375
vt 0.375 0.84375
vt 0.375 0.84375
vt 0.375 0.84375
vt 0.375 0.84375
vt 0.375 0.84375
vt 0.375 0.84375
vt 0.375 0.84375
vt 0.375 0.84375
vt 0.375 0.84375
vt 0.375 0.84375
vt 0.375 0.84375
vt 0.375 0.84375
vt 0.375 0.84375
vt 0.375 0.84375
vt 0.375 0.84375
vt 0.375 0.84375
vt 0.375 0.84375
vt 0.375 0.84375
vt 0.375 0.84375
vt 0.375 0.84375
vt 0.375 0.84375
vt 0.375 0.84375
vt 0.375 0.84375
vt 0.375 0.84375
vt 0.375 0.84375
vt 0.375 0.84375
vt 0.375 0.84375
vt 0.375 0.84375
vt 0.375 0.84375
vt 0.375 0.84375
vt 0.375 0.84375
vt 0.375 0.84375
vt 0.375 0.84375
vt 0.375 0.84375
vt 0.375 0.84375
vt 0.375 0.84375
vt 0.375 0.84375
vt 0.375 0.84375
vt 0.375 0.84375
vt 0.375 0.84375
vt 0.375 0.84375
vt 0.375 0.84375
vt 0.375 0.84375
vt 0.375 0.84375
vt 0.375 0.84375
vt 0.375 0.84375
vt 0.375 0.84375
vt 0.375 0.84375
vt 0.375 0.84375
vt 0.375 0.84375
vt 0.5625 0.875
vt 0.5625 0.875
vt 0.5625 0.875
vt 0.5625 0.875
vt 0.375 0.84375
vt 0.375 0.84375
vt 0.375 0.84375
vt 0.375 0.84375
vt 0.375 0.84375
vt 0.375 0.84375
vt 0.375 0.84375
vt 0.375 0.84375
vt 0.5625 0.875
vt 0.5625 0.875
vt 0.5625 0.875
vt 0.5625 0.875
vt 0.375 0.84375
vt 0.375 0.84375
vt 0.375 0.84375
vt 0.375 0.84375
vt 0.5625 0.875
vt 0.5625 0.875
vt 0.5625 0.875
vt 0.5625 0.875
vt 0.5625 0.875
vt 0.5625 0.875
vt 0.5625 0.875
vt 0.5625 0.875
vt 0.5625 0.875
vt 0.5625 0.875
vt 0.5625 0.875
vt 0.5625 0.875
vt 0.5625 0.875
vt 0.5625 0.875
vt 0.5625 0.875
vt 0.5625 0.875
vt 0.5625 0.875
vt 0.5625 0.875
vt 0.5625 0.875
vt 0.5625 0.875
vt 0.5625 0.875
vt 0.5625 0.875
vt 0.5625 0.875
vt 0.5625 0.875
vt 0.5625 0.875
vt 0.5625 0.875
vt 0.5625 0.875
vt 0.5625 0.875
vt 0.375 0.84375
vt 0.375 0.84375
vt 0.375 0.84375
vt 0.375 0.84375
vt 0.5625 0.875
vt 0.5625 0.875
vt 0.5625 0.875
vt 0.5625 0.875
vt 0.5625 0.875
vt 0.5625 0.875
vt 0.5625 0.875
vt 0.5625 0.875
vt 0.375 0.84375
vt 0.375 0.84375
vt 0.375 0.84375
vt 0.375 0.84375
vt 0.5625 0.875
vt 0.5625 0.875
vt 0.5625 0.875
vt 0.5625 0.875
vt 0.375 0.84375
vt 0.375 0.84375
vt 0.375 0.84375
vt 0.375 0.84375
vt 0.5625 0.875
vt 0.5625 0.875
vt 0.5625 0.875
vt 0.5625 0.875
vt 0.375 0.84375
vt 0.375 0.84375
vt 0.375 0.84375
vt 0.375 0.84375
vt 0.5625 0.875
vt 0.5625 0.875
vt 0.5625 0.875
vt 0.5625 0.875
vt 0.375 0.84375
vt 0.375 0.84375
vt 0.375 0.84375
vt 0.375 0.84375
vt 0.375 0.84375
vt 0.375 0.84375
vt 0.375 0.84375
vt 0.375 0.84375
vt 0.5625 0.875
vt 0.5625 0.875
vt 0.5625 0.875
vt 0.5625 0.875
vt 0.375 0.84375
vt 0.375 0.84375
vt 0.375 0.84375
vt 0.375 0.84375
vt 0.375 0.84375
vt 0.375 0.84375
vt 0.375 0.84375
vt 0.375 0.84375
vt 0.375 0.84375
vt 0.375 0.84375
vt 0.375 0.84375
vt 0.375 0.84375
vt 0.375 0.84375
vt 0.375 0.84375
vt 0.375 0.84375
vt 0.375 0.84375
vt 0.375 0.84375
vt 0.375 0.84375
vt 0.375 0.84375
vt 0.375 0.84375
vt 0.375 0.84375
vt 0.375 0.84375
vt 0.375 0.84375
vt 0.375 0.84375
vt 0.375 0.84375
vt 0.375 0.84375
vt 0.375 0.84375
vt 0.375 0.84375
vt 0.375 0.84375
vt 0.375 0.84375
vt 0.375 0.84375
vt 0.375 0.84375
vt 0.375 0.84375
vt 0.375 0.84375
vt 0.375 0.84375
vt 0.5625 0.875
vt 0.5625 0.875
vt 0.5625 0.875
vt 0.5625 0.875
vt 0.375 0.84375
vt 0.375 0.84375
vt 0.375 0.84375
vt 0.375 0.84375
vt 0.375 0.84375
vt 0.375 0.84375
vt 0.375 0.84375
vt 0.375 0.84375
vt 0.5625 0.875
vt 0.5625 0.875
vt 0.5625 0.875
vt 0.5625 0.875
vt 0.5625 0.875
vt 0.5625 0.875
vt 0.5625 0.875
vt 0.5625 0.875
vt 0.375 0.84375
vt 0.375 0.84375
vt 0.375 0.84375
vt 0.375 0.84375
vt 0.375 0.84375
vt 0.375 0.84375
vt 0.375 0.84375
vt 0.375 0.84375
vt 0.5625 0.875
vt 0.5625 0.875
vt 0.5625 0.875
vt 0.5625 0.875
vt 0.5625 0.875
vt 0.5625 0.875
vt 0.5625 0.875
vt 0.5625 0.875
vt 0.375 0.84375
vt 0.375 0.84375
vt 0.375 0.84375
vt 0.375 0.84375
vt 0.375 0.84375
vt 0.375 0.84375
vt 0.375 0.84375
vt 0.375 0.84375
vt 0.5625 0.875
vt 0.5625 0.875
vt 0.5625 0.875
vt 0.5625 0.875
vt 0.5625 0.875
vt 0.5625 0.875
vt 0.5625 0.875
vt 0.5625 0.875
vt 0.375 0.84375
vt 0.375 0.84375
vt 0.375 0.84375
vt 0.375 0.84375
vt 0.375 0.84375
vt 0.375 0.84375
vt 0.375 0.84375
vt 0.375 0.84375
vt 0.5625 0.875
vt 0.5625 0.875
vt 0.5625 0.875
vt 0.5625 0.875
vt 0.5625 0.875
vt 0.5625 0.875
vt 0.5625 0.875
vt 0.5625 0.875
vt 0.375 0.84375
vt 0.375 0.84375
vt 0.375 0.84375
vt 0.375 0.84375
vt 0.375 0.84375
vt 0.375 0.84375
vt 0.375 0.84375
vt 0.375 0.84375
vt 0.375 0.84375
vt 0.375 0.84375
vt 0.375 0.84375
vt 0.375 0.84375
vt 0.34375 0.875
vt 0.375 0.84375
vt 0.375 0.84375
vt 0.375 0.84375
vt 0.375 0.84375
vt 0.375 0.84375
vt 0.375 0.84375
vt 0.375 0.84375
vt 0.5625 0.875
vt 0.5625 0.875
vt 0.5625 0.875
vt 0.5625 0.875
vt 0.375 0.84375
vt 0.375 0.84375
vt 0.375 0.84375
vt 0.375 0.84375
vt 0.5625 0.875
vt 0.5625 0.875
vt 0.5625 0.875
vt 0.5625 0.875
vt 0.375 0.84375
vt 0.375 0.84375
vt 0.375 0.84375
vt 0.375 0.84375
vt 0.5625 0.875
vt 0.5625 0.875
vt 0.5625 0.875
vt 0.5625 0.875
vt 0.375 0.84375
vt 0.375 0.84375
vt 0.375 0.84375
vt 0.375 0.84375
vt 0.5625 0.875
vt 0.5625 0.875
vt 0.5625 0.875
vt 0.5625 0.875
vt 0.5625 0.875
vt 0.5625 0.875
vt 0.5625 0.875
vt 0.5625 0.875
vt 0.375 0.84375
vt 0.375 0.84375
vt 0.375 0.84375
vt 0.375 0.84375
vt 0.5625 0.875
vt 0.5625 0.875
vt 0.5625 0.875
vt 0.5625 0.875
vt 0.5625 0.875
vt 0.5625 0.875
vt 0.5625 0.875
vt 0.5625 0.875
vt 0.5625 0.875
vt 0.5625 0.875
vt 0.5625 0.875
vt 0.5625 0.875
vt 0.5625 0.875
vt 0.5625 0.875
vt 0.5625 0.875
vt 0.5625 0.875
vt 0.5625 0.875
vt 0.5625 0.875
vt 0.5625 0.875
vt 0.5625 0.875
vt 0.5625 0.875
vt 0.5625 0.875
vt 0.5625 0.875
vt 0.5625 0.875
vt 0.5625 0.875
vt 0.5625 0.875
vt 0.5625 0.875
vt 0.5625 0.875
vt 0.5625 0.875
vt 0.5625 0.875
vt 0.5625 0.875
vt 0.5625 0.875
vt 0.375 0.84375
vt 0.375 0.84375
vt 0.375 0.84375
vt 0.375 0.84375
vt 0.5625 0.875
vt 0.5625 0.875
vt 0.5625 0.875
vt 0.5625 0.875
vt 0.5625 0.875
vt 0.5625 0.875
vt 0.5625 0.875
vt 0.5625 0.875
vt 0.375 0.84375
vt 0.375 0.84375
vt 0.375 0.84375
vt 0.375 0.84375
vt 0.5625 0.875
vt 0.5625 0.875
vt 0.5625 0.875
vt 0.5625 0.875
vt 0.375 0.84375
vt 0.375 0.84375
vt 0.375 0.84375
vt 0.375 0.84375
vt 0.375 0.84375
vt 0.375 0.84375
vt 0.375 0.84375
vt 0.375 0.84375
vt 0.375 0.84375
vt 0.375 0.84375
vt 0.375 0.84375
vt 0.375 0.84375
vt 0.375 0.84375
vt 0.375 0.84375
vt 0.375 0.84375
vt 0.375 0.84375
vt 0.375 0.84375
vt 0.375 0.84375
vt 0.375 0.84375
vt 0.375 0.84375
vt 0.375 0.84375
vt 0.375 0.84375
vt 0.375 0.84375
vt 0.375 0.84375
vt 0.375 0.84375
vt 0.375 0.84375
vt 0.375 0.84375
vt 0.375 0.84375
vt 0.65625 0.8125
vt 0.65625 0.8125
vt 0.65625 0.8125
vt 0.65625 0.8125
vt 0.90625 0.8125
vt 0.90625 0.8125
vt 0.90625 0.8125
vt 0.90625 0.8125
vt 0.90625 0.8125
vt 0.90625 0.8125
vt 0.90625 0.8125
vt 0.90625 0.8125
vt 0.625 0.8125
vt 0.65625 0.8125
vt 0.625 0.84375
vt 0.65625 0.84375
vt 0.640625 0.828125
vt 0.65625 0.8125
vt 0.65625 0.8125
vt 0.65625 0.8125
vt 0.65625 0.8125
vt 0.65625 0.8125
vt 0.65625 0.8125
vt 0.65625 0.8125
vt 0.65625 0.8125
vt 0.65625 0.8125
vt 0.65625 0.8125
vt 0.65625 0.8125
vt 0.65625 0.8125
vt 0.65625 0.8125
vt 0.65625 0.8125
vt 0.90625 0.8125
vt 0.90625 0.8125
vt 0.90625 0.8125
vt 0.90625 0.8125
vt 0.90625 0.8125
vt 0.90625 0.8125
vt 0.90625 0.8125
vt 0.90625 0.8125
vt 0.90625 0.8125
vt 0.90625 0.8125
vt 0.90625 0.8125
vt 0.90625 0.8125
vt 0.625 0.84375
vt 0.65625 0.8125
vt 0.65625 0.8125
vt 0.65625 0.8125
vt 0.65625 0.8125
vt 0.65625 0.8125
vt 0.65625 0.8125
vt 0.65625 0.8125
vt 0.65625 0.8125
vt 0.65625 0.8125
vt 0.65625 0.8125
vt 0.65625 0.8125
vt 0.65625 0.8125
vt 0.65625 0.8125
vt 0.65625 0.8125
vt 0.65625 0.8125
vt 0.65625 0.8125
vt 0.65625 0.8125
vt 0.65625 0.8125
vt 0.65625 0.8125
vt 0.90625 0.8125
vt 0.90625 0.8125
vt 0.90625 0.8125
vt 0.90625 0.8125
vt 0.65625 0.8125
vt 0.65625 0.8125
vt 0.65625 0.8125
vt 0.65625 0.8125
vt 0.65625 0.8125
vt 0.65625 0.8125
vt 0.65625 0.8125
vt 0.65625 0.8125
vt 0.65625 0.8125
vt 0.65625 0.8125
vt 0.65625 0.8125
vt 0.65625 0.8125
vt 0.65625 0.8125
vt 0.65625 0.8125
vt 0.625 0.84375
vt 0.65625 0.84375
vt 0.65625 0.8125
vt 0.65625 0.8125
vt 0.65625 0.8125
vt 0.65625 0.8125
vt 0.90625 0.8125
vt 0.90625 0.8125
vt 0.90625 0.8125
vt 0.90625 0.8125
vt 0.65625 0.8125
vt 0.65625 0.8125
vt 0.65625 0.8125
vt 0.65625 0.8125
vt 0.65625 0.8125
vt 0.65625 0.8125
vt 0.65625 0.8125
vt 0.65625 0.8125
vt 0.65625 0.8125
vt 0.65625 0.8125
vt 0.65625 0.8125
vt 0.90625 0.8125
vt 0.90625 0.8125
vt 0.90625 0.8125
vt 0.65625 0.8125
vt 0.65625 0.8125
vt 0.65625 0.8125
vt 0.65625 0.8125
vt 0.65625 0.84375
vt 0.625 0.84375
vt 0.625 0.8125
vt 0.65625 0.8125
vt 0.375 0.84375
vt 0.375 0.84375
vt 0.375 0.84375
vt 0.375 0.84375
vt 0.375 0.84375
vt 0.375 0.84375
vt 0.375 0.84375
vt 0.375 0.84375
vt 0.90625 0.8125
vt 0.90625 0.8125
vt 0.90625 0.8125
vt 0.90625 0.8125
vt 0.65625 0.8125
vt 0.65625 0.8125
vt 0.65625 0.8125
vt 0.65625 0.8125
vt 0.65625 0.8125
vt 0.65625 0.8125
vt 0.65625 0.8125
vt 0.65625 0.8125
vt 0.65625 0.8125
vt 0.65625 0.8125
vt 0.65625 0.8125
vt 0.65625 0.8125
vt 0.65625 0.8125
vt 0.65625 0.8125
vt 0.65625 0.8125
vt 0.65625 0.8125
vt 0.65625 0.8125
vt 0.65625 0.8125
vt 0.65625 0.8125
vt 0.65625 0.8125
vt 0.65625 0.8125
vt 0.65625 0.8125
vt 0.65625 0.8125
vt 0.65625 0.8125
vt 0.90625 0.8125
vt 0.90625 0.8125
vt 0.90625 0.8125
vt 0.90625 0.8125
vt 0.90625 0.8125
vt 0.90625 0.8125
vt 0.90625 0.8125
vt 0.90625 0.8125
vt 0.65625 0.8125
vt 0.625 0.8125
vt 0.625 0.84375
vt 0.65625 0.8125
vt 0.65625 0.8125
vt 0.65625 0.8125
vt 0.65625 0.8125
vt 0.65625 0.8125
vt 0.65625 0.8125
vt 0.65625 0.8125
vt 0.65625 0.8125
vt 0.65625 0.8125
vt 0.65625 0.8125
vt 0.65625 0.8125
vt 0.65625 0.8125
vt 0.90625 0.8125
vt 0.90625 0.8125
vt 0.90625 0.8125
vt 0.90625 0.8125
vt 0.65625 0.8125
vt 0.65625 0.8125
vt 0.65625 0.8125
vt 0.65625 0.8125
vt 0.65625 0.8125
vt 0.65625 0.8125
vt 0.65625 0.8125
vt 0.65625 0.8125
vt 0.65625 0.8125
vt 0.65625 0.8125
vt 0.65625 0.8125
vt 0.65625 0.8125
vt 0.65625 0.8125
vt 0.65625 0.8125
vt 0.65625 0.8125
vt 0.65625 0.8125
vt 0.65625 0.8125
vt 0.65625 0.8125
vt 0.65625 0.8125
vt 0.65625 0.8125
vt 0.65625 0.8125
vt 0.65625 0.8125
vt 0.65625 0.8125
vt 0.65625 0.8125
vt 0.90625 0.84375
vt 0.875 0.84375
vt 0.875 0.8125
vt 0.90625 0.8125
vt 0.90625 0.8125
vt 0.90625 0.8125
vt 0.90625 0.8125
vt 0.90625 0.8125
vt 0.65625 0.8125
vt 0.65625 0.8125
vt 0.65625 0.8125
vt 0.65625 0.8125
vt 0.90625 0.8125
vt 0.90625 0.8125
vt 0.875 0.84375
vt 0.90625 0.84375
vt 0.375 0.84375
vt 0.375 0.84375
vt 0.34375 0.875
vt 0.375 0.875
vt 0.375 0.84375
vt 0.34375 0.84375
vt 0.375 0.84375
vt 0.375 0.84375
vt 0.375 0.875
vt 0.34375 0.875
vt 0.34375 0.84375
vt 0.375 0.84375
vt 0.5625 0.875
vt 0.5625 0.875
vt 0.5625 0.875
vt 0.5625 0.875
vt 0.84375 0.875
vt 0.84375 0.875
vt 0.84375 0.875
vt 0.84375 0.90625
vt 0.8125 0.90625
vt 0.84375 0.875
vt 0.84375 0.875
vt 0.84375 0.90625
vt 0.84375 0.875
vt 0.84375 0.875
vt 0.84375 0.875
vt 0.84375 0.875
vt 0.84375 0.875
vt 0.84375 0.875
vt 0.84375 0.875
vt 0.84375 0.875
vt 0.84375 0.875
vt 0.84375 0.875
vt 0.84375 0.875
vt 0.84375 0.875
vt 0.84375 0.875
vt 0.84375 0.875
vt 0.84375 0.875
vt 0.8125 0.90625
vt 0.84375 0.875
vt 0.84375 0.875
vt 0.84375 0.875
vn 0 0 0
vn 0.9966619758669213 -0.05982465961152631 -0.05555102126342655
vn 0.9998546203263549 -0.010703356234696475 -0.013273144968463999
vn 0.7269493834644816 -0.6751206413734375 0.12552574824365104
vn 0.871033125333627 -0.2605413792213925 -0.416436650986616
vn 0.5422145873673014 0.6157247409295324 0.571739787537449
vn 0.9211793508084194 -0.18882318108919285 -0.3402563885183304
vn 0.491114213045632 0.790171076221143 0.3666558332388707
vn 0.5508392049693355 0.7083060164408493 0.441450741694298
vn 0.7965686298626715 0.5298613587595498 0.2910762072244827
vn 0.9941960884976465 -0.09873890149507328 -0.04271729096661337
vn 0.7484858413289213 -0.44884147155207793 0.48817033783824093
vn 0.9857385508587193 0.029428620313904058 -0.16569087379023678
vn 0.9996508122886467 -0.026120598129414238 0.003995978479738601
vn 0.9621382170668256 -0.052100988820247246 -0.26753605032485384
vn 0.9884020462924225 0.13885255918210845 -0.06149277757209426
vn 0.8287525709313585 -0.18403396568657596 -0.5284890496957678
vn 0.8662142677574779 0.48714230440350353 0.11119899996771845
vn 0.5086170691586438 0.6292885207126553 0.5876262712470824
vn 0.9049090081858765 -0.3867652066879405 -0.17762984490137987
vn 0.495462816774593 -0.6035119429063278 -0.6247318880633639
vn 0.5479884523959269 0.6342485782868339 0.5453782146197692
vn 0.8084803227717107 -0.16220513708312329 -0.5657287876666661
vn 0.8967505866260834 -0.21473301872309344 -0.3869471747614175
vn 0.5422135025611861 0.6157213708797957 0.5717444456068076
vn 0.9999436023920882 -0.005066999821063225 -0.00933367815745506
vn 0.547987812543591 0.6342488961154962 0.5453784879145535
vn 0.9098789945801079 -0.3770134343899467 -0.17315047072240217
vn 0.9998568326144248 -0.014657858748801903 -0.008453487514058831
vn 0.999807657251711 -0.0196063660047756 -0.0004887872055570714
vn 0.4582323400534299 0.8062578770440747 0.3741274625492489
vn 0.7653757535159117 -0.6341957085552897 0.10952515318411733
vn 0.8709863677821673 -0.3645184752315664 0.3294070860690174
vn 0.9759543929806891 0.21655596701873783 -0.02483014237321635
vn 0.26588021211288787 0.9640011268602201 -0.0030887244992013605
vn 0.9986985718583709 -0.051001331989141696 0.00016341170068943816
vn 0.43485333225521045 -0.8685169421379801 0.23786740139378576
vn 0.3516011156003608 0.9036134219834941 -0.2446618873463169
vn 0.9839036955235939 -0.15741497613880645 -0.08458157732174486
vn 0.493258396733292 -0.8481597800978798 -0.19318680461257803
vn 0.7841278606265766 -0.3895652480069931 -0.4830966939800338
vn 0.48833068568886995 0.8490791169858654 0.20148894389802452
vn 0.9720539439126193 -0.2276340551407156 -0.05739222128578057
vn 0.9636524996030145 -0.25994013957368023 -0.06168455112325863
vn 0.9997772290896566 0.011343696103766817 -0.017799234604717516
vn 0.9027810517132335 0.41738737042830837 -0.10379863040758441
vn 0.928208828272215 0.2671651317035255 -0.25894239421029464
vn 0.993368937113384 0.008198115416148788 -0.11467757270647615
vn 0.9973866706067109 -0.06933801734222765 -0.020299474059925257
vn 0.4415779137057031 0.597690409071898 -0.6691600115299673
vn 0.5387745924478198 -0.8424338114334871 -0.005216501349916535
vn 0.4219537838175878 -0.694106284102724 0.5832422058554482
vn 0.6094292030887588 0.6978478750366172 0.3763035871865674
vn 0.5142408566750496 0.8316211935735573 0.20967243911731204
vn 0.5612950221011814 -0.39485754520083405 -0.7273482090184904
vn 0.6024774068484694 -0.6913944643613821 -0.39874135587819515
vn 0.6093865889098858 0.6984356992441039 0.37528064069196765
vn 0.9994243837418298 -0.0037948909266189083 -0.03371201544136752
vn 1 0 0
vn 1 0 0
vn 0.9052499007813841 -0.33380841876190553 0.2628584347114828
vn 0.8899176259377524 -0.4475635383107497 0.08794031055253826
vn 0.9316700991459916 -0.36330040205122954 0.0019089857813211761
vn 0.9991985751241532 0.0028542235674432837 -0.0399256919500381
vn 0.9784036904000851 0.19715899763894168 0.062085008347447235
vn 0.9919895622097514 -0.12590219387149543 0.010263822156000826
vn 0.9917055376047724 -0.1131309996061123 -0.061004127828788474
vn 0.0012854988018139724 0.250527358476077 -0.9681086664976354
vn 0.30835107110806165 0.922932886862762 -0.23046583975435336
vn 0.3308228745370751 -0.7204577200808255 -0.6095054546589109
vn 0.06050753520924637 -0.9976644965900162 -0.03169211931524124
vn 0.24619187030032422 -0.7987607739147248 0.5489724847869684
vn 0.26857736932699394 -0.4284656410779518 -0.8627186048191213
vn 0.2659446883900658 0.8273434763680879 -0.49474861781340834
vn 0.2079509909588075 0.3731662953042754 0.9041588916822818
vn 0.29982963001111795 -0.9025146631614931 -0.30914313148749256
vn 0.13701602763998874 -0.9239738717539342 0.35706987059370066
vn -0.04468918072940335 -0.983786853968668 0.17368449292946594
vn 0.24135390191975958 0.005116193160507011 -0.9704236799437923
vn 0.10407584821013711 0.8528906971319347 -0.5116108643931861
vn 0.36465285397858604 0.9238838237570786 0.11604730193016798
vn 0.33997728485975565 -0.9399916836240566 0.02882846678199118
vn 0.019192053385855834 -0.9479733170884957 0.31777075884207606
vn 0.36378498773871665 0.8783983809723747 0.3099625251559501
vn 0.3949237263832453 0.3103726300244842 -0.8646988382502062
vn 0.33631045445171404 0.937091447802928 -0.0935676048699233
vn 0.07614678358128835 -0.8209685215503667 0.5658730899889387
vn 0.11025550341320725 -0.9470937476033161 0.3014252099904828
vn -0.024388018230845042 -0.5083493382640903 0.8608055383495354
vn 0.05586578252471693 -0.4211929271723329 0.9052488787305418
vn 0.11399895219833496 -0.9014234011934453 -0.41766025748031455
vn 0.5022398676709207 -0.8613049137183245 -0.07686976601087069
vn 0.027715312960881238 0.9557803678175857 0.292772522484541
vn 0.4788075722534417 0.5365389673473271 -0.6948879372032796
vn 0.7008122533736275 0.7132339426698812 0.012630460995358365
vn 0.3283018201454702 -0.7931167808638797 -0.5130143144214282
vn 0.5241163752263291 -0.8337397536511406 0.17372405821114453
vn 0.5727592687190116 -0.2645848036892184 -0.7758490199473097
vn 0.6921604999096672 0.712838271063935 -0.11302849937683662
vn 0.5866005402961728 -0.805650251642316 0.0826285553117768
vn 0.41279332933367396 -0.8923076030522542 0.18272604847903276
vn 0.7130012398702672 -0.4726910407258118 0.5178729689422019
vn 0.4150780193730075 -0.5932405106334216 -0.6897651298643463
vn 0.6225579466024029 0.6917454804762375 -0.3659368707344194
vn 0.3451892085022688 0.3670272336712214 0.8637913058587866
vn 0.4054426802800949 -0.9140688838350427 -0.009711262114259435
vn 0.3220410610075126 -0.910117809485406 0.2607204017384174
vn 0.6188398509288212 -0.7419732387966267 0.2579010504283343
vn 0.45757582610817504 -0.02320078642023573 -0.888867868060773
vn 0.7963443035649425 0.11268150606661492 -0.5942546830864914
vn 0.7105329669011844 0.6975503221054452 0.0925551245323023
vn 0.5064962588241627 -0.8551022637348756 -0.1107323726496362
vn -0.017540040478017056 -0.99220949529708 0.12333963038027657
vn 0.22429988825927707 -0.9692991969012145 -0.10074039415019394
vn 0.36150575514521793 0.927789984108804 0.09230024043452514
vn 0.12949476570339336 0.509229341320573 -0.8508328764179478
vn -0.1373678934805006 0.9377116464358933 0.31910332179282613
vn -0.08594255700463409 -0.9882094819223908 0.12671186500949772
vn 0.0740558184727549 -0.9362166778434738 -0.34353175672426495
vn 0.43547106669373903 -0.3353928737273872 0.8353900707606611
vn -0.00653889125102201 0.21204516874351734 -0.9772379901097483
vn 0.007261420463980462 0.9949071146181038 0.10053409896709069
vn 0.0015806307374073441 -0.9489604566327798 -0.3153911117228548
vn 0.012023749526787168 -0.5463795682712566 0.8374513698257544
vn 0.20255535342486128 0.6861771372760164 -0.6986646299038047
vn 0.24228541533064488 0.7937045472571467 0.557970312096786
vn 0.32480917642338447 0.7710195078166293 -0.5477480419657977
vn -0.0626243524888252 -0.897299517849384 -0.43695739579805537
vn -0.010126382159378423 -0.26873289330670896 0.9631615069339966
vn 0.43340912788819747 -0.2719962327087126 0.8591708661584494
vn 0.2928156852998555 0.5408621702133715 0.7884967262293853
vn 0.2506837117470059 0.7252973431975993 -0.6411719275009223
vn -0.00011547261104091511 -0.23506890529729452 0.9719787016331211
vn 0.15594841179463845 -0.8359535052206567 0.5261766148053593
vn 0.2654599604215153 0.5206180390695876 0.8114726531487955
vn 0.23398475910615973 0.8595797237871358 -0.45428386605740684
vn 0.25666504290106573 0.3614595947606645 -0.8963648906042953
vn 0.2663895134231064 -0.5697007154684576 -0.7774816537597066
vn 0.8740393868590225 0.33014070350452146 -0.35645794437583245
vn 0.7218383078541972 0.2916115886886004 0.6276242017773852
vn 0.5648972509779471 -0.8108673879925226 -0.15292212046575404
vn 0.7984062211316634 -0.6003263860020599 0.04642990768850618
vn 0.8539482480620938 -0.5013153571415228 0.13948226527321778
vn 0.7176453279591548 -0.19080769212488305 -0.6697593656563325
vn 0.7111230969940265 0.3933557025702346 -0.5827308402488249
vn 0.9052498250697866 0.41471846433149484 0.09236530492369827
vn 0.6887314658548719 -0.7248472988285435 0.01566401360966252
vn 0.89983822572297 -0.2966686941460433 0.3198106524827132
vn 0.8348431431310821 0.487548793364191 0.25560340462548076
vn -0.00001866362007686225 -0.789189424678644 -0.6141498608866245
vn 0.7508755748418001 0.15500814653761408 -0.6419955962566798
vn 0.7726773704648723 0.6326227399420359 0.05251809287971029
vn 0.7147140682105377 -0.5593336663401653 0.41991624212503564
vn 0.8848376039619928 -0.37019737603482367 0.28287155634975214
vn 0.46566758320335494 0.06471367648409763 0.882590415781555
vn 0.8090920126874733 0.22371443089586027 -0.5434353396810655
vn 0.8592862098224269 0.47322224219443904 -0.1941337660003427
vn 0.31421956796371037 0.3907273064299769 0.8652157159452631
vn 0.8275381159533322 -0.48338502362718666 0.28551634905439965
vn 0.5836932457325543 0.10634177319842567 0.8049805104219672
vn 0.2399225478413335 0.42450887414812094 -0.8730574934142756
vn 0.23732661256891183 0.9476889120568911 0.21345211390612148
vn 0.4074226668495792 -0.8630803638100395 -0.2984946501073464
vn 0.1323943273555739 -0.12012163593975579 0.9838915258620851
vn 0.6022592486373386 0.6178409155542837 -0.5055258653104044
vn 0.4877251901005496 0.7774604246512499 0.3970886891394426
vn 0.34836821999853984 0.8766815434754891 -0.33176656646576536
vn 0.6294595805890899 -0.7655808325933398 -0.13291585748245294
vn 0.1656944606113857 -0.26502905706555324 0.949897333733307
vn 0.17630394845369357 -0.5815674589770542 0.794163842301203
vn 0.6438138475025562 0.6402277000907687 0.41906111940913854
vn 0.6024619063337616 0.6310804389523961 -0.4886482691960968
vn 0.3848216220499263 -0.40479406605160484 0.829490255091808
vn 0.37851248797649173 -0.8637141355664999 0.3327554484429371
vn 0.5688232707416743 0.5188500153449793 0.6381494717064793
vn 0.5135892865715774 0.806232662542286 -0.2936238044996938
vn 0.4831226556338473 0.37509782509826456 -0.7911347048511086
vn 0.46662734150466706 -0.4767241079982244 0.7449785560763372
vn 0.3183327406212065 -0.9033315788861094 0.28750013014904985
vn 0.33806529781793876 -0.6891521182430671 0.6409221577792128
vn 0.677863505313846 0.7288086680150906 -0.09663846847759441
vn 0.6230920145957114 0.22125767114144815 -0.7502008959659543
vn 0.6476315138021841 0.7018718160174452 0.29656260082934427
vn 0.5144073248413172 -0.7665763238904097 0.3843772155061549
vn 0.9999174377564577 -0.012574950349931406 -0.002643538208067114
vn 0.9978612963336693 -0.018413019256195685 -0.06271996493270708
vn 0.734264227933746 -0.18648769367707813 -0.6527467990606038
vn 0.6184219613075486 0.18949850033051097 0.7626562765394462
vn 0.9997407748291522 0.022553756053506936 0.0031162849493116844
vn 0.9997484739104582 0.022424854089480813 0.00033886985027087617
vn 0.5843875764543826 -0.2036759297109869 -0.7854981070264515
vn 0.6842353295972385 0.2065173772152025 0.699408740751152
vn 1 0 0
vn 1 0 0
vn 0.8040243232046222 -0.18547107830324386 -0.5649295237535218
vn 0.983598021663902 0.06048726762108077 0.16993005100509537
vn 1 0 0
vn 1 0 0
vn 0.23632372686776812 -0.34945295966436773 -0.9066607552448392
vn 0.8295237149469217 0.19642452639688163 0.5227884962108663
vn 1 0 0
vn 0.9754248276058047 -0.12118192843178505 -0.18401452636066498
vn 0.24046681163925743 -0.515074708188551 -0.8227233784720895
vn 0.7550660302962137 0.3664205932625553 0.5437014242448095
vn 1 0 0
vn 1 0 0
vn 0.8582339228021645 -0.4050583694681737 -0.31521778356462254
vn 0.6722077308348919 -0.6773245206948921 0.298945246276371
vn 0.8593871581300233 -0.5066798329655795 0.06876961034624844
vn 0.11184076462850309 -0.853520535870946 -0.5089148634240164
vn 0.8798380390966131 0.47497775073707255 -0.0167678640076281
vn 0.2725737571291727 -0.40238663364104654 -0.87394996652641
vn 0.858875281390432 -0.5121761154599427 0.002979558502557675
vn 0.382449193157106 -0.6919528568482644 -0.6123184290489745
vn 0.8895083194213751 0.45599664582723193 -0.029017385727782195
vn 0.6847953757227371 0.10032243806223304 -0.7217968563314784
vn 0.31609071297627417 0.8142683063591057 0.48688169654365143
vn 0.8220593212464093 -0.5528393034509927 -0.13633479714186808
vn 0.45790894160495144 -0.6288460128783726 -0.6283884891412373
vn 0.5892259252771297 0.1470906725672101 0.7944665776639294
vn 0.45546847806359114 -0.004644125803055348 -0.8902397977994254
vn 0.39772664299372557 0.7533652969918809 0.5236928935371157
vn 0.3200931723932565 -0.5445652744738696 -0.7752348178612852
vn 0.41608397406796055 -0.07033591586015939 0.9066018891795481
vn 0.5578989308569003 -0.09098488649324955 -0.8249063785536747
vn 0.5199455343122041 0.4943324330772251 0.6966290885089046
vn 0.7840562698396883 0.5477308219224495 -0.29197039651518086
vn 0.6454964173052927 -0.46167512953739537 -0.608432781835973
vn 0.6300069907062595 0.052345308197640335 0.7748233091298539
vn 0.70904197153343 -0.4377353789116848 0.5528537063754122
vn 0.537158472796407 0.38265389797444394 0.751689277207009
vn 0.8019720744136795 0.5262000125644867 -0.28276198230623933
vn 0 -0.7764315390172424 -0.630201606804772
vn -0.03533967162758253 -0.777164633028802 -0.6283042581253628
vn 5.399223858493253e-7 -0.7891943949108257 -0.6141434743128386
vn -0.000002028317968081038 -0.7891931185576251 -0.6141451144617016
vn -0.000006571354725359128 -0.7891937384310166 -0.614144317874955
vn 0.00002868429138783846 -0.7891862603557723 -0.6141539266689439
vn -0.000034621958769168176 -0.7891827614578572 -0.614158422411572
vn -0.9425305542559376 -0.32507027284678114 -0.07723646810486985
vn -0.8671643182063902 -0.49596580663806294 -0.04521021870664188
vn -0.8187172657939672 -0.5713462121685512 -0.05714494318397353
vn -0.8630822559032942 -0.49232579366737145 -0.11271349712733289
vn -0.8950881167499237 -0.43404301158751557 -0.10209763633461265
vn -0.8475345974596478 -0.5259159389976817 -0.07139699725548611
vn -0.9217858279636529 -0.37749040629054276 -0.08838484329320379
vn 0.863799769520357 0.5023795625654381 0.0382718342013744
vn 0.8646635610887283 0.4971989487101041 0.07176441685770338
vn 0.8313289847455458 0.5518785382469333 0.06574342662478298
vn 0.8718176865222451 0.48640619060217505 0.05781815641198743
vn 0.8816758796043546 0.4683473391106927 0.05743181410874575
vn 0.8556661092049883 0.5052112830717509 0.11223666519900088
vn 0.9736260241372792 0.22777931954169287 -0.012997950290629941
vn 0.010021602179531722 -0.9949451284219887 0.09991876159714791
vn 0.0321426499459664 0.20893990838205 0.977400104736925
vn -0.16849481443630993 0.4116467901861134 -0.8956318538537714
vn -0.015408990044526245 -0.7973764611968869 -0.6032854566081778
vn 0.030591203514418325 0.30568817501626694 0.9516401199627745
vn 0.014172417832622837 -0.9742335902809117 0.22509565553591301
vn 0.11620230074909398 -0.06573973820958247 -0.991047583176889
vn 0.03441695143397338 -0.35212210838597924 0.9353210647899491
vn -0.03367446618217187 0.4422444618063113 -0.8962621638387911
vn 0.03289125293137302 0.1485419086936341 0.9883589767095033
vn 0.028510075229430908 0.41200059229422376 0.9107374416151018
vn 0 -0.6520868311507219 -0.7581442901188469
vn -0.29191181660393983 0.6065034311272659 -0.7395546493382633
vn 0.27952002130459025 -0.6236997459905743 0.7299775233123103
vn -0.0345178527714962 0.039606417487564716 -0.998618971146576
vn 0.999213181115153 -0.01136059574184128 -0.03799941512875179
vn 0.998747575726039 -0.02507570572201655 -0.04329536885052287
vn 0.8085096966922143 0.5879610201057858 0.024777190938997308
vn 0.46807073780181346 0.8799935175577653 -0.08075390684033415
vn 0.8000309125224458 0.5850113592540224 0.13308737187375788
vn 0.8604009149787097 0.4957691037854428 0.11799686960075746
vn 0.8723292318198923 0.4861324970860308 0.05212395408463195
vn 0.9370241421245503 0.31889840623818155 0.1424414391056854
vn 0.8524935903761841 0.5092602740813753 0.11793494651749908
vn 0.8920376951105897 0.4473536915838977 0.06436944250221453
vn 0.8799987561066852 0.471292986566784 0.059034820772557846
vn 0.8634846153883968 0.49289322762779514 0.10700740696889603
vn 0.9570699316077438 0.2811453120449155 0.07052984848641192
vn -0.000012499400262812744 -0.9818231263875482 -0.18979817790048878
vn -0.009175380578950336 -0.8975073141200504 -0.44090410918049366
vn -0.9272432738237913 -0.3724653884890643 -0.03859333525659951
vn -0.9010655262168605 -0.4272410425145349 -0.07447153184020082
vn -0.8540693360222293 -0.508118320073578 -0.11127147914966162
vn -0.9159054387531195 -0.372841402786845 -0.14868260029469904
vn -0.8037345447599518 -0.5824505905345194 -0.12149934627603041
vn -0.8630948441893372 -0.4943661101057621 -0.1032929770733775
vn -0.8999842575085906 -0.4265698583369519 -0.08981365260974424
vn -0.8632913544773116 -0.501076887422769 -0.060415148559268335
vn -0.8717418700159419 -0.48603279422325907 -0.06195349062514368
vn -0.9465164673826589 -0.31828141635445734 -0.05294824809993752
vn -0.9014146115964944 -0.4294104946007215 -0.05530212588232856
vn 0.6657768435266267 0.31339061026081616 0.677146601574633
vn 0.15831240041806524 0.3766978444190143 0.9127080134873029
vn 0.3084228180871763 0.37199935215980495 0.875495201172371
vn 0.8523434651353803 -0.09273904889033276 -0.5146941676878896
vn 0.709754806404894 -0.623420701275225 0.3280163776500471
vn 0.6024850000277054 0.796908409530692 -0.044145345857505784
vn 0.6076272965554557 0.7866635246744809 -0.10931407698659437
vn 0.9713839363289805 -0.005777956291491653 0.23744444289793104
vn 0.7987778988494028 0.3298572870169451 0.5031381902733622
vn -0.9966619758669212 -0.0598246596115263 -0.05555102126342654
vn -0.9998546203263549 -0.010703356234696475 -0.013273144968463999
vn -0.7269493834644816 -0.6751206413734375 0.12552574824365104
vn -0.871033125333627 -0.26054137922139253 -0.41643665098661603
vn -0.5422145873673013 0.6157247409295324 0.5717397875374489
vn -0.9211793508084195 -0.1888231810891929 -0.34025638851833045
vn -0.49111421304563196 0.7901710762211428 0.36665583323887063
vn -0.5508392049693356 0.7083060164408492 0.4414507416942979
vn -0.7965686298626716 0.5298613587595495 0.29107620722448263
vn -0.9941960884976465 -0.09873890149507328 -0.04271729096661337
vn -0.7484858413289213 -0.44884147155207793 0.48817033783824093
vn -0.9857385508587193 0.02942862031390405 -0.16569087379023675
vn -0.9996508122886467 -0.02612059812941424 0.003995978479738602
vn -0.9621382170668256 -0.05210098882024727 -0.26753605032485395
vn -0.9884020462924225 0.13885255918210845 -0.06149277757209426
vn -0.8287525709313587 -0.18403396568657598 -0.5284890496957678
vn -0.8662142677574779 0.48714230440350353 0.11119899996771845
vn -0.5086170691586437 0.6292885207126553 0.5876262712470823
vn -0.9049090081858765 -0.38676520668794045 -0.17762984490137987
vn -0.4954628167745929 -0.6035119429063279 -0.6247318880633639
vn -0.5479884523959269 0.634248578286834 0.5453782146197692
vn -0.8084803227717108 -0.1622051370831233 -0.5657287876666661
vn -0.8967505866260834 -0.21473301872309347 -0.3869471747614175
vn -0.5422135025611861 0.6157213708797957 0.5717444456068076
vn -0.9999436023920882 -0.005066999821063225 -0.00933367815745506
vn -0.547987812543591 0.6342488961154962 0.5453784879145535
vn -0.909878994580108 -0.3770134343899468 -0.1731504707224022
vn -0.9998568326144248 -0.0146578587488019 -0.008453487514058831
vn -0.999807657251711 -0.0196063660047756 -0.0004887872055570735
vn -0.4582323400534299 0.8062578770440747 0.37412746254924895
vn -0.7653757535159117 -0.6341957085552897 0.10952515318411733
vn -0.8709863677821674 -0.3645184752315664 0.32940708606901736
vn -0.9759543929806891 0.21655596701873783 -0.02483014237321635
vn -0.26588021211288787 0.9640011268602201 -0.003088724499201357
vn -0.9986985718583709 -0.051001331989141696 0.00016341170068943857
vn -0.4348533322552103 -0.8685169421379801 0.23786740139378576
vn -0.35160111560036067 0.9036134219834941 -0.24466188734631686
vn -0.9839036955235939 -0.15741497613880648 -0.08458157732174483
vn -0.493258396733292 -0.8481597800978798 -0.19318680461257803
vn -0.7841278606265766 -0.3895652480069931 -0.4830966939800339
vn -0.4883306856888699 0.8490791169858654 0.20148894389802452
vn -0.9720539439126193 -0.2276340551407156 -0.05739222128578055
vn -0.9636524996030145 -0.25994013957368023 -0.061684551123258644
vn -0.9997772290896566 0.011343696103766818 -0.017799234604717516
vn -0.9027810517132336 0.4173873704283083 -0.10379863040758439
vn -0.9282088282722152 0.2671651317035254 -0.2589423942102945
vn -0.993368937113384 0.00819811541614879 -0.11467757270647615
vn -0.9973866706067109 -0.06933801734222765 -0.020299474059925257
vn -0.4415779137057032 0.597690409071898 -0.6691600115299673
vn -0.5387745924478198 -0.8424338114334871 -0.005216501349916527
vn -0.42195378381758775 -0.6941062841027241 0.5832422058554483
vn -0.6094292030887587 0.6978478750366173 0.37630358718656737
vn -0.5142408566750497 0.8316211935735573 0.20967243911731206
vn -0.5612950221011813 -0.39485754520083405 -0.7273482090184904
vn -0.6024774068484694 -0.6913944643613821 -0.39874135587819515
vn -0.6093865889098858 0.6984356992441038 0.3752806406919676
vn -0.9994243837418298 -0.0037948909266189014 -0.03371201544136751
vn -1 0 0
vn -1 0 0
vn -0.905249900781384 -0.33380841876190537 0.2628584347114827
vn -0.8899176259377524 -0.4475635383107497 0.08794031055253826
vn -0.9316700991459916 -0.36330040205122954 0.0019089857813211772
vn -0.9991985751241532 0.002854223567443284 -0.0399256919500381
vn -0.9784036904000851 0.1971589976389417 0.062085008347447235
vn -0.9919895622097514 -0.12590219387149545 0.01026382215600083
vn -0.9917055376047724 -0.1131309996061123 -0.06100412782878849
vn -0.001285498801813973 0.250527358476077 -0.9681086664976354
vn -0.3083510711080617 0.922932886862762 -0.23046583975435334
vn -0.3308228745370751 -0.7204577200808254 -0.6095054546589108
vn -0.06050753520924637 -0.9976644965900162 -0.03169211931524125
vn -0.24619187030032424 -0.7987607739147249 0.5489724847869684
vn -0.26857736932699394 -0.4284656410779519 -0.8627186048191213
vn -0.2659446883900658 0.8273434763680879 -0.49474861781340834
vn -0.20795099095880754 0.3731662953042754 0.9041588916822818
vn -0.29982963001111795 -0.9025146631614931 -0.30914313148749256
vn -0.13701602763998877 -0.9239738717539342 0.35706987059370066
vn 0.04468918072940336 -0.983786853968668 0.17368449292946594
vn -0.24135390191975956 0.005116193160506989 -0.9704236799437923
vn -0.10407584821013714 0.8528906971319347 -0.5116108643931861
vn -0.3646528539785861 0.9238838237570786 0.11604730193016795
vn -0.3399772848597556 -0.9399916836240565 0.028828466781991156
vn -0.01919205338585583 -0.9479733170884957 0.3177707588420761
vn -0.3637849877387167 0.8783983809723745 0.3099625251559501
vn -0.39492372638324535 0.3103726300244842 -0.8646988382502062
vn -0.33631045445171404 0.937091447802928 -0.09356760486992326
vn -0.07614678358128843 -0.8209685215503667 0.5658730899889387
vn -0.11025550341320728 -0.9470937476033161 0.3014252099904828
vn 0.024388018230845056 -0.5083493382640902 0.8608055383495355
vn -0.05586578252471693 -0.4211929271723329 0.9052488787305416
vn -0.11399895219833497 -0.9014234011934453 -0.4176602574803146
vn -0.5022398676709207 -0.8613049137183243 -0.07686976601087066
vn -0.027715312960881172 0.9557803678175859 0.29277252248454094
vn -0.47880757225344184 0.5365389673473271 -0.6948879372032796
vn -0.7008122533736275 0.7132339426698812 0.012630460995358361
vn -0.3283018201454702 -0.7931167808638797 -0.5130143144214283
vn -0.5241163752263291 -0.8337397536511406 0.17372405821114456
vn -0.5727592687190116 -0.26458480368921833 -0.7758490199473096
vn -0.6921604999096672 0.712838271063935 -0.11302849937683662
vn -0.5866005402961728 -0.8056502516423159 0.08262855531177647
vn -0.41279332933367396 -0.8923076030522542 0.18272604847903273
vn -0.7130012398702672 -0.4726910407258117 0.5178729689422018
vn -0.41507801937300753 -0.5932405106334215 -0.6897651298643465
vn -0.6225579466024029 0.6917454804762375 -0.3659368707344194
vn -0.3451892085022688 0.3670272336712214 0.8637913058587866
vn -0.4054426802800949 -0.9140688838350428 -0.009711262114259385
vn -0.3220410610075127 -0.9101178094854061 0.2607204017384173
vn -0.6188398509288212 -0.7419732387966267 0.25790105042833433
vn -0.457575826108175 -0.023200786420235642 -0.888867868060773
vn -0.7963443035649423 0.11268150606661503 -0.5942546830864914
vn -0.7105329669011844 0.6975503221054453 0.0925551245323023
vn -0.5064962588241628 -0.8551022637348757 -0.11073237264963616
vn 0.017540040478017056 -0.99220949529708 0.12333963038027655
vn -0.22429988825927707 -0.9692991969012145 -0.10074039415019391
vn -0.36150575514521793 0.927789984108804 0.09230024043452517
vn -0.12949476570339338 0.509229341320573 -0.8508328764179479
vn 0.13736789348050066 0.9377116464358934 0.31910332179282624
vn 0.0859425570046341 -0.9882094819223908 0.12671186500949772
vn -0.07405581847275486 -0.9362166778434738 -0.34353175672426484
vn -0.435471066693739 -0.33539287372738713 0.8353900707606611
vn 0.006538891251022011 0.21204516874351736 -0.9772379901097483
vn -0.007261420463980455 0.9949071146181038 0.10053409896709069
vn -0.0015806307374073418 -0.9489604566327798 -0.3153911117228548
vn -0.012023749526787171 -0.5463795682712566 0.8374513698257544
vn -0.20255535342486125 0.6861771372760164 -0.6986646299038048
vn -0.24228541533064488 0.7937045472571467 0.557970312096786
vn -0.32480917642338447 0.7710195078166293 -0.5477480419657977
vn 0.0626243524888252 -0.897299517849384 -0.43695739579805537
vn 0.010126382159378429 -0.2687328933067089 0.9631615069339966
vn -0.4334091278881974 -0.27199623270871254 0.8591708661584493
vn -0.29281568529985547 0.5408621702133715 0.7884967262293853
vn -0.2506837117470059 0.7252973431975993 -0.6411719275009222
vn 0.00011547261104090694 -0.23506890529729454 0.9719787016331211
vn -0.15594841179463845 -0.8359535052206567 0.5261766148053593
vn -0.2654599604215153 0.5206180390695876 0.8114726531487955
vn -0.23398475910615976 0.8595797237871358 -0.4542838660574067
vn -0.2566650429010657 0.36145959476066447 -0.8963648906042954
vn -0.26638951342310635 -0.5697007154684575 -0.7774816537597068
vn -0.8740393868590223 0.33014070350452146 -0.35645794437583245
vn -0.7218383078541972 0.2916115886886003 0.6276242017773851
vn -0.5648972509779471 -0.8108673879925226 -0.15292212046575404
vn -0.7984062211316635 -0.60032638600206 0.046429907688506175
vn -0.8539482480620938 -0.5013153571415228 0.1394822652732178
vn -0.7176453279591549 -0.19080769212488308 -0.6697593656563325
vn -0.7111230969940265 0.39335570257023456 -0.5827308402488249
vn -0.9052498250697866 0.41471846433149495 0.0923653049236983
vn -0.6887314658548718 -0.7248472988285435 0.01566401360966252
vn -0.89983822572297 -0.29666869414604335 0.3198106524827132
vn -0.8348431431310821 0.487548793364191 0.2556034046254808
vn 0.00001866362007686225 -0.789189424678644 -0.6141498608866245
vn -0.7508755748418003 0.1550081465376141 -0.6419955962566798
vn -0.7726773704648723 0.6326227399420359 0.05251809287971029
vn -0.7147140682105377 -0.5593336663401653 0.4199162421250356
vn -0.8848376039619928 -0.37019737603482367 0.2828715563497522
vn -0.4656675832033549 0.06471367648409762 0.8825904157815551
vn -0.8090920126874732 0.22371443089586027 -0.5434353396810655
vn -0.8592862098224269 0.47322224219443904 -0.1941337660003427
vn -0.3142195679637103 0.3907273064299769 0.8652157159452631
vn -0.8275381159533322 -0.48338502362718677 0.2855163490543997
vn -0.5836932457325542 0.10634177319842568 0.8049805104219672
vn -0.2399225478413335 0.42450887414812105 -0.8730574934142756
vn -0.237326612568912 0.9476889120568912 0.21345211390612154
vn -0.4074226668495791 -0.8630803638100395 -0.2984946501073464
vn -0.1323943273555739 -0.12012163593975582 0.9838915258620851
vn -0.6022592486373385 0.6178409155542837 -0.5055258653104044
vn -0.4877251901005496 0.7774604246512499 0.3970886891394426
vn -0.34836821999853984 0.8766815434754893 -0.33176656646576536
vn -0.6294595805890899 -0.7655808325933398 -0.1329158574824529
vn -0.16569446061138568 -0.26502905706555324 0.9498973337333072
vn -0.17630394845369357 -0.5815674589770542 0.794163842301203
vn -0.6438138475025562 0.6402277000907687 0.4190611194091385
vn -0.6024619063337616 0.6310804389523961 -0.4886482691960968
vn -0.3848216220499263 -0.4047940660516049 0.829490255091808
vn -0.37851248797649184 -0.8637141355665 0.33275544844293714
vn -0.5688232707416743 0.5188500153449793 0.6381494717064793
vn -0.5135892865715774 0.8062326625422862 -0.29362380449969383
vn -0.4831226556338473 0.3750978250982645 -0.7911347048511087
vn -0.46662734150466706 -0.4767241079982244 0.7449785560763371
vn -0.3183327406212065 -0.9033315788861094 0.2875001301490498
vn -0.33806529781793876 -0.6891521182430671 0.6409221577792128
vn -0.677863505313846 0.7288086680150905 -0.09663846847759437
vn -0.6230920145957114 0.22125767114144812 -0.7502008959659543
vn -0.6476315138021841 0.7018718160174452 0.2965626008293443
vn -0.5144073248413173 -0.7665763238904097 0.38437721550615495
vn -0.9999174377564577 -0.012574950349931406 -0.0026435382080671134
vn -0.9978612963336693 -0.018413019256195696 -0.0627199649327071
vn -0.734264227933746 -0.18648769367707813 -0.6527467990606038
vn -0.6184219613075486 0.18949850033051097 0.7626562765394462
vn -0.9997407748291524 0.02255375605350693 0.0031162849493116865
vn -0.9997484739104582 0.022424854089480813 0.00033886985027087454
vn -0.5843875764543826 -0.20367592971098694 -0.7854981070264515
vn -0.6842353295972387 0.20651737721520252 0.699408740751152
vn -1 0 0
vn -1 0 0
vn -0.8040243232046222 -0.18547107830324386 -0.5649295237535218
vn -0.983598021663902 0.06048726762108078 0.1699300510050954
vn -1 0 0
vn -1 0 0
vn -0.23632372686776804 -0.3494529596643678 -0.9066607552448392
vn -0.8295237149469217 0.19642452639688163 0.5227884962108663
vn -1 0 0
vn -0.9754248276058047 -0.12118192843178505 -0.18401452636066495
vn -0.24046681163925743 -0.515074708188551 -0.8227233784720898
vn -0.7550660302962137 0.3664205932625553 0.5437014242448095
vn -1 0 0
vn -1 0 0
vn -0.8582339228021645 -0.40505836946817364 -0.31521778356462243
vn -0.6722077308348919 -0.6773245206948921 0.29894524627637103
vn -0.8593871581300234 -0.5066798329655796 0.06876961034624846
vn -0.11184076462850309 -0.853520535870946 -0.5089148634240163
vn -0.8798380390966131 0.47497775073707255 -0.016767864007628072
vn -0.2725737571291728 -0.4023866336410467 -0.87394996652641
vn -0.858875281390432 -0.5121761154599427 0.0029795585025576697
vn -0.3824491931571062 -0.6919528568482644 -0.6123184290489745
vn -0.8895083194213751 0.45599664582723193 -0.02901738572778219
vn -0.6847953757227371 0.10032243806223304 -0.7217968563314784
vn -0.3160907129762741 0.8142683063591059 0.4868816965436515
vn -0.8220593212464093 -0.5528393034509926 -0.13633479714186808
vn -0.45790894160495155 -0.6288460128783725 -0.6283884891412373
vn -0.5892259252771297 0.14709067256721006 0.7944665776639294
vn -0.45546847806359114 -0.00464412580305536 -0.8902397977994254
vn -0.3977266429937255 0.7533652969918809 0.5236928935371156
vn -0.32009317239325646 -0.5445652744738697 -0.7752348178612853
vn -0.4160839740679606 -0.07033591586015939 0.9066018891795481
vn -0.5578989308569003 -0.09098488649324951 -0.8249063785536747
vn -0.5199455343122041 0.4943324330772252 0.6966290885089046
vn -0.7840562698396885 0.5477308219224494 -0.29197039651518086
vn -0.6454964173052927 -0.46167512953739537 -0.608432781835973
vn -0.6300069907062595 0.05234530819764035 0.7748233091298539
vn -0.70904197153343 -0.4377353789116848 0.5528537063754122
vn -0.5371584727964069 0.38265389797444394 0.751689277207009
vn -0.8019720744136795 0.5262000125644867 -0.28276198230623933
vn 0 -0.7764315390172424 -0.630201606804772
vn 0.03533967162758247 -0.7771646330288019 -0.628304258125363
vn -5.399223858493253e-7 -0.7891943949108257 -0.6141434743128386
vn 0.0000020283179680347115 -0.789193118557625 -0.6141451144617015
vn 0.000006571354725359126 -0.7891937384310165 -0.6141443178749549
vn -0.000028684291387902764 -0.7891862603557723 -0.6141539266689439
vn 0.00003462195876916818 -0.7891827614578572 -0.614158422411572
vn 0.9425305542559376 -0.3250702728467811 -0.0772364681048699
vn 0.86716431820639 -0.49596580663806294 -0.04521021870664186
vn 0.8187172657939672 -0.571346212168551 -0.057144943183973534
vn 0.8630822559032943 -0.49232579366737156 -0.1127134971273329
vn 0.8950881167499237 -0.43404301158751557 -0.10209763633461261
vn 0.8475345974596478 -0.5259159389976817 -0.07139699725548594
vn 0.9217858279636528 -0.37749040629054287 -0.08838484329320383
vn -0.863799769520357 0.5023795625654381 0.03827183420137442
vn -0.8646635610887283 0.4971989487101041 0.07176441685770339
vn -0.8313289847455458 0.5518785382469333 0.06574342662478296
vn -0.8718176865222451 0.48640619060217494 0.05781815641198744
vn -0.8816758796043547 0.46834733911069265 0.05743181410874566
vn -0.8556661092049881 0.505211283071751 0.11223666519900087
vn -0.9736260241372794 0.22777931954169278 -0.012997950290629945
vn -0.010021602179531738 -0.9949451284219887 0.09991876159714794
vn -0.032142649945966384 0.20893990838205004 0.977400104736925
vn 0.1684948144363101 0.41164679018611344 -0.8956318538537715
vn 0.015408990044526413 -0.7973764611968867 -0.6032854566081778
vn -0.030591203514418373 0.305688175016267 0.9516401199627745
vn -0.014172417832622797 -0.9742335902809117 0.225095655535913
vn -0.11620230074909398 -0.06573973820958245 -0.991047583176889
vn -0.03441695143397346 -0.3521221083859791 0.9353210647899491
vn 0.033674466182172035 0.4422444618063113 -0.896262163838791
vn -0.032891252931373016 0.1485419086936341 0.9883589767095033
vn -0.02851007522943077 0.4120005922942237 0.9107374416151018
vn 0 -0.6520868311507219 -0.7581442901188467
vn 0.29191181660393983 0.6065034311272659 -0.7395546493382633
vn -0.2795200213045903 -0.6236997459905743 0.7299775233123104
vn 0.03451785277149622 0.03960641748756472 -0.998618971146576
vn -0.999213181115153 -0.011360595741841277 -0.03799941512875178
vn -0.998747575726039 -0.02507570572201655 -0.04329536885052286
vn -0.8085096966922144 0.5879610201057859 0.024777190938997346
vn -0.46807073780181346 0.8799935175577653 -0.08075390684033414
vn -0.8000309125224458 0.5850113592540224 0.13308737187375788
vn -0.8604009149787095 0.4957691037854428 0.11799686960075749
vn -0.8723292318198923 0.4861324970860308 0.052123954084631975
vn -0.9370241421245503 0.3188984062381815 0.1424414391056854
vn -0.8524935903761841 0.5092602740813753 0.11793494651749903
vn -0.8920376951105897 0.4473536915838977 0.06436944250221455
vn -0.8799987561066852 0.4712929865667841 0.05903482077255783
vn -0.8634846153883969 0.49289322762779525 0.10700740696889591
vn -0.9570699316077436 0.2811453120449155 0.0705298484864119
vn 0.00001249940026280682 -0.9818231263875482 -0.18979817790048878
vn 0.009175380578950338 -0.8975073141200504 -0.4409041091804937
vn 0.9272432738237913 -0.3724653884890643 -0.03859333525659952
vn 0.9010655262168603 -0.4272410425145349 -0.07447153184020085
vn 0.8540693360222293 -0.5081183200735782 -0.11127147914966162
vn 0.9159054387531197 -0.372841402786845 -0.14868260029469907
vn 0.8037345447599519 -0.5824505905345195 -0.12149934627603047
vn 0.8630948441893372 -0.49436611010576204 -0.10329297707337752
vn 0.8999842575085906 -0.4265698583369518 -0.08981365260974426
vn 0.8632913544773119 -0.501076887422769 -0.060415148559268335
vn 0.8717418700159419 -0.4860327942232591 -0.06195349062514371
vn 0.9465164673826589 -0.3182814163544574 -0.05294824809993752
vn 0.9014146115964944 -0.42941049460072156 -0.055302125882328544
vn -0.6657768435266268 0.31339061026081616 0.6771466015746331
vn -0.15831240041806524 0.3766978444190143 0.9127080134873029
vn -0.3084228180871764 0.37199935215980495 0.8754952011723708
vn -0.8523434651353803 -0.0927390488903328 -0.5146941676878894
vn -0.709754806404894 -0.623420701275225 0.3280163776500471
vn 1 0 0
vn -0.6024850000277054 0.7969084095306921 -0.044145345857505826
vn -0.6076272965554557 0.7866635246744809 -0.10931407698659437
vn -0.9713839363289805 -0.0057779562914916606 0.237444442897931
vn -0.798777898849403 0.3298572870169451 0.5031381902733623
vn 1 0 0
usemtl m_5143ec23-4d41-5536-d4d7-f46662849c1b
f 13/1/1 347/2/1 13/1/1 91/4/1
f 75/5/2 74/6/2 73/7/2 76/8/2
f 79/9/3 78/10/3 77/11/3 80/12/3
f 81/13/4 67/14/4 1/15/4 82/16/4
f 83/17/5 3/18/5 2/19/5 84/20/5
f 75/21/6 5/22/6 4/23/6 74/24/6
f 80/25/7 7/26/7 6/27/7 73/28/7
f 85/29/8 9/30/8 8/31/8 86/32/8
f 87/33/9 11/34/9 10/35/9 88/36/9
f 89/37/10 12/38/10 11/39/10 87/40/10
f 88/41/11 75/42/11 76/43/11 90/44/11
f 92/45/12 13/46/12 91/47/12 93/48/12
f 87/49/13 88/50/13 90/51/13 83/52/13
f 94/53/14 81/54/14 82/55/14 95/56/14
f 89/57/15 87/58/15 83/59/15 84/60/15
f 89/61/16 84/62/16 14/63/16
f 76/64/17 18/65/17 17/66/17 90/67/17
f 14/68/18 12/69/18 89/70/18
f 88/71/19 10/72/19 5/73/19 75/74/19
f 98/75/20 20/76/20 19/77/20 77/78/20
f 2/79/21 14/80/21 84/81/21
f 99/82/22 22/83/22 21/84/22 100/85/22
f 90/86/23 17/87/23 3/88/23 83/89/23
f 73/90/24 6/91/24 18/92/24 76/93/24
f 74/94/25 4/95/25 22/96/25 99/97/25
f 101/98/26 79/99/26 80/100/26 73/101/26
f 100/102/27 21/103/27 9/104/27 85/105/27
f 77/106/28 19/107/28 7/108/28 80/109/28
f 78/110/29 102/111/29 98/112/29 77/113/29
f 95/114/30 82/115/30 98/116/30 102/117/30
f 86/118/31 8/119/31 16/120/31 96/121/31
f 82/122/32 1/123/32 20/124/32 98/125/32
f 93/126/33 91/127/33 81/128/33 94/129/33
f 105/130/34 104/131/34 103/132/34 106/133/34
f 104/134/35 108/135/35 107/136/35 103/137/35
f 96/138/36 107/139/36 108/140/36 86/141/36
f 109/142/37 93/143/37 94/144/37 110/145/37
f 103/146/38 107/147/38 111/148/38 112/149/38
f 100/150/39 114/151/39 113/152/39 99/153/39
f 115/154/40 95/155/40 102/156/40 116/157/40
f 117/158/41 78/159/41 79/160/41 118/161/41
f 121/162/42 120/163/42 108/164/42 104/165/42
f 85/166/43 120/167/43 114/168/43 100/169/43
f 86/170/44 108/171/44 120/172/44 85/173/44
f 117/174/45 118/175/45 122/176/45
f 106/177/46 103/178/46 112/179/46 123/180/46
f 123/181/47 112/182/47 124/183/47 125/184/47
f 121/185/48 116/186/48 117/187/48 122/188/48
f 115/189/49 116/190/49 105/191/49
f 112/192/50 111/193/50 119/194/50 124/195/50
f 110/196/51 94/197/51 95/198/51 115/199/51
f 126/200/52 92/201/52 93/202/52 109/203/52
f 101/204/53 113/205/53 118/206/53
f 122/207/54 114/208/54 120/209/54 121/210/54
f 79/211/55 101/212/55 118/213/55
f 116/214/56 102/215/56 78/216/56 117/217/56
f 118/218/57 113/219/57 114/220/57 122/221/57
f 127/222/58 105/223/58 106/224/58
f 123/225/59 128/226/59 127/227/59 106/228/59
f 125/229/60 129/230/60 128/231/60 123/232/60
f 129/233/61 126/234/61 109/235/61 128/236/61
f 128/237/62 109/238/62 110/239/62 127/240/62
f 127/241/63 110/242/63 115/243/63 105/244/63
f 121/245/64 105/246/64 116/247/64
f 104/248/65 105/249/65 121/250/65
f 101/251/66 73/252/66 74/253/66
f 113/254/67 101/255/67 74/256/67 99/257/67
f 131/258/68 130/259/68 23/260/68 24/261/68
f 133/262/69 132/263/69 25/264/69 26/265/69
f 135/266/70 134/267/70 27/268/70 28/269/70
f 137/270/71 136/271/71 29/272/71 30/273/71
f 139/274/72 138/275/72 31/276/72 32/277/72
f 141/278/73 140/279/73 33/280/73 34/281/73
f 143/282/74 142/283/74 35/284/74 36/285/74
f 145/286/75 144/287/75 37/288/75 38/289/75
f 147/290/76 146/291/76 39/292/76 13/293/76
f 149/294/77 148/295/77 40/296/77 70/297/77
f 151/298/78 150/299/78 41/300/78 42/301/78
f 153/302/79 152/303/79 15/304/79 43/305/79
f 154/306/80 131/307/80 24/308/80 44/309/80
f 155/310/81 133/311/81 26/312/81 45/313/81
f 134/314/82 156/315/82 46/316/82 27/317/82
f 136/318/83 157/319/83 47/320/83 29/321/83
f 144/322/84 158/323/84 48/324/84 37/325/84
f 159/326/85 141/327/85 34/328/85 49/329/85
f 160/330/86 143/331/86 36/332/86 50/333/86
f 146/334/87 161/335/87 51/336/87 39/337/87
f 148/338/88 162/339/88 52/340/88 40/341/88
f 150/342/89 163/343/89 53/344/89 41/345/89
f 165/346/90 164/347/90 135/348/90 166/349/90
f 168/350/91 167/351/91 137/352/91 169/353/91
f 171/354/92 170/355/92 139/356/92 172/357/92
f 175/358/93 174/359/93 173/360/93 140/361/93
f 178/362/94 177/363/94 176/364/94 142/365/94
f 181/366/95 180/367/95 179/368/95 158/369/95
f 183/370/96 182/371/96 149/372/96 184/373/96
f 186/374/97 185/375/97 151/376/97 187/377/97
f 189/378/98 188/379/98 130/380/98 131/381/98
f 191/382/99 190/383/99 132/384/99 133/385/99
f 164/386/100 192/387/100 134/388/100 135/389/100
f 167/390/101 193/391/101 136/392/101 137/393/101
f 170/394/102 194/395/102 138/396/102 139/397/102
f 195/398/103 175/399/103 140/400/103 141/401/103
f 196/402/104 178/403/104 142/404/104 143/405/104
f 198/406/105 197/407/105 144/408/105 145/409/105
f 200/410/106 199/411/106 146/412/106 147/413/106
f 182/414/107 201/415/107 148/416/107 149/417/107
f 185/418/108 202/419/108 150/420/108 151/421/108
f 204/422/109 203/423/109 152/424/109 153/425/109
f 205/426/110 189/427/110 131/428/110 154/429/110
f 206/430/111 191/431/111 133/432/111 155/433/111
f 192/434/112 207/435/112 156/436/112 134/437/112
f 187/438/113 151/439/113 42/440/113 54/441/113
f 184/442/114 149/443/114 70/444/114 72/445/114
f 158/446/115 179/447/115 55/448/115 48/449/115
f 142/450/116 176/451/116 56/452/116 35/453/116
f 140/454/117 173/455/117 57/456/117 33/457/117
f 172/458/118 139/459/118 32/460/118 58/461/118
f 169/462/119 137/463/119 30/464/119 59/465/119
f 166/466/120 135/467/120 28/468/120 60/469/120
f 132/470/121 208/471/121 61/472/121 25/473/121
f 130/474/122 209/475/122 62/476/122 23/477/122
f 210/478/123 187/479/123 54/480/123 63/481/123
f 211/482/124 184/483/124 72/484/124 71/485/124
f 179/486/125 212/487/125 64/488/125 55/489/125
f 176/490/126 213/491/126 65/492/126 56/493/126
f 173/494/127 214/495/127 66/496/127 57/497/127
f 163/498/128 172/499/128 58/500/128 53/501/128
f 162/502/129 169/503/129 59/504/129 52/505/129
f 161/506/130 166/507/130 60/508/130 51/509/130
f 208/510/131 160/511/131 50/512/131 61/513/131
f 209/514/132 159/515/132 49/516/132 62/517/132
f 157/518/133 210/519/133 63/520/133 47/521/133
f 156/522/134 211/523/134 71/524/134 46/525/134
f 212/526/135 155/527/135 45/528/135 64/529/135
f 213/530/136 154/531/136 44/532/136 65/533/136
f 214/534/137 153/535/137 43/536/137 66/537/137
f 216/538/138 215/539/138 175/540/138 195/541/138
f 218/542/139 217/543/139 178/544/139 196/545/139
f 220/546/140 219/547/140 197/548/140 198/549/140
f 222/550/141 221/551/141 199/552/141 200/553/141
f 224/554/142 223/555/142 201/556/142 182/557/142
f 226/558/143 225/559/143 202/560/143 185/561/143
f 228/562/144 227/563/144 203/564/144 204/565/144
f 230/566/145 229/567/145 189/568/145 205/569/145
f 232/570/146 231/571/146 191/572/146 206/573/146
f 234/574/147 233/575/147 207/576/147 192/577/147
f 237/578/148 236/579/148 235/580/148 193/581/148
f 219/582/149 238/583/149 181/584/149 197/585/149
f 227/586/150 222/587/150 200/588/150 203/589/150
f 239/590/151 216/591/151 195/592/151 240/593/151
f 241/594/152 218/595/152 196/596/152 242/597/152
f 221/598/153 244/599/153 243/600/153 199/601/153
f 223/602/154 246/603/154 245/604/154 201/605/154
f 225/606/155 248/607/155 247/608/155 202/609/155
f 249/610/156 228/611/156 204/612/156 250/613/156
f 251/614/157 230/615/157 205/616/157 252/617/157
f 253/618/158 232/619/158 206/620/158 254/621/158
f 233/622/159 256/623/159 255/624/159 207/625/159
f 236/626/160 258/627/160 257/628/160 235/629/160
f 190/630/161 259/631/161 208/632/161 132/633/161
f 188/634/162 260/635/162 209/636/162 130/637/162
f 257/638/163 186/639/163 187/640/163 210/641/163
f 255/642/164 183/643/164 184/644/164 211/645/164
f 180/646/165 254/647/165 212/648/165 179/649/165
f 177/650/166 252/651/166 213/652/166 176/653/166
f 174/654/167 250/655/167 214/656/167 173/657/167
f 247/658/168 171/659/168 172/660/168 163/661/168
f 245/662/169 168/663/169 169/664/169 162/665/169
f 243/666/170 165/667/170 166/668/170 161/669/170
f 259/670/171 242/671/171 160/672/171 208/673/171
f 260/674/172 240/675/172 159/676/172 209/677/172
f 235/678/173 257/679/173 210/680/173 157/681/173
f 207/682/174 255/683/174 211/684/174 156/685/174
f 254/686/175 206/687/175 155/688/175 212/689/175
f 252/690/176 205/691/176 154/692/176 213/693/176
f 250/694/177 204/695/177 153/696/177 214/697/177
f 202/698/178 247/699/178 163/700/178 150/701/178
f 201/702/179 245/703/179 162/704/179 148/705/179
f 199/706/180 243/707/180 161/708/180 146/709/180
f 242/710/181 196/711/181 143/712/181 160/713/181
f 240/714/182 195/715/182 141/716/182 159/717/182
f 197/718/183 181/719/183 158/720/183 144/721/183
f 193/722/184 235/723/184 157/724/184 136/725/184
f 261/726/185 238/727/185 219/728/185 220/729/185
f 263/730/186 262/731/186 238/732/186 261/733/186
f 253/734/187 262/735/187 263/736/187
f 225/737/188 232/738/188 253/739/188 248/740/188
f 226/741/189 231/742/189 232/743/189 225/744/189
f 265/745/190 264/746/190 231/747/190 226/748/190
f 258/749/191 266/750/191 264/751/191 265/752/191
f 236/753/192 241/754/192 266/755/192 258/756/192
f 237/757/193 218/758/193 241/759/193 236/760/193
f 267/761/194 217/762/194 218/763/194 237/764/194
f 269/765/195 268/766/195 217/767/195 267/768/195
f 246/769/196 251/770/196 268/771/196 269/772/196
f 223/773/197 230/774/197 251/775/197 246/776/197
f 224/777/198 229/778/198 230/779/198 223/780/198
f 271/781/199 270/782/199 229/783/199 224/784/199
f 256/785/200 272/786/200 270/787/200 271/788/200
f 233/789/201 239/790/201 272/791/201 256/792/201
f 234/793/202 216/794/202 239/795/202 233/796/202
f 273/797/203 215/798/203 216/799/203 234/800/203
f 275/801/204 274/802/204 215/803/204 273/804/204
f 244/805/205 249/806/205 274/807/205 275/808/205
f 221/809/206 228/810/206 249/811/206 244/812/206
f 222/813/207 227/814/207 228/815/207 221/816/207
f 277/817/208 276/818/208 194/819/208 170/820/208
f 267/821/209 237/822/209 193/823/209 167/824/209
f 273/825/210 234/826/210 192/827/210 164/828/210
f 231/829/211 264/830/211 190/831/211 191/832/211
f 229/833/212 270/834/212 188/835/212 189/836/212
f 265/837/213 226/838/213 185/839/213 186/840/213
f 271/841/214 224/842/214 182/843/214 183/844/214
f 238/845/215 262/846/215 180/847/215 181/848/215
f 217/849/216 268/850/216 177/851/216 178/852/216
f 215/853/217 274/854/217 174/855/217 175/856/217
f 278/857/218 277/858/218 170/859/218 171/860/218
f 269/861/219 267/862/219 167/863/219 168/864/219
f 275/865/220 273/866/220 164/867/220 165/868/220
f 264/869/221 266/870/221 259/871/221 190/872/221
f 270/873/222 272/874/222 260/875/222 188/876/222
f 258/877/223 265/878/223 186/879/223 257/880/223
f 256/881/224 271/882/224 183/883/224 255/884/224
f 262/885/225 253/886/225 254/887/225 180/888/225
f 268/889/226 251/890/226 252/891/226 177/892/226
f 274/893/227 249/894/227 250/895/227 174/896/227
f 248/897/228 278/898/228 171/899/228 247/900/228
f 246/901/229 269/902/229 168/903/229 245/904/229
f 244/905/230 275/906/230 165/907/230 243/908/230
f 266/909/231 241/910/231 242/911/231 259/912/231
f 272/913/232 239/914/232 240/915/232 260/916/232
f 147/917/233 13/918/233 92/919/233
f 147/920/234 92/921/234 126/922/234 200/923/234
f 124/924/235 119/925/235 152/926/235 203/927/235
f 119/928/236 15/929/236 152/930/236
f 129/931/237 125/932/237 203/933/237 200/934/237
f 126/935/238 129/936/238 200/937/238
f 124/938/239 203/939/239 125/940/239
f 280/941/240 279/942/240 220/943/240 261/944/240
f 282/945/241 280/946/241 281/947/241 283/948/241
f 284/949/242 282/950/242 283/951/242 285/952/242
f 286/953/243 285/954/243 287/955/243
f 288/956/244 286/957/244 287/958/244 289/959/244
f 290/960/245 288/961/245 289/962/245 291/963/245
f 292/964/246 290/965/246 291/966/246 293/967/246
f 294/968/247 261/969/247 220/970/247 295/971/247
f 298/972/248 297/973/248 296/974/248 294/975/248
f 300/976/249 299/977/249 297/978/249 298/979/249
f 302/980/250 301/981/250 299/982/250 300/983/250
f 305/984/251 304/985/251 303/986/251 301/987/251
f 307/988/252 306/989/252 304/990/252 305/991/252
f 309/992/253 308/993/253 306/994/253 307/995/253
f 312/996/254 311/997/254 310/998/254 313/999/254
f 316/1000/255 315/1001/255 314/1002/255 317/1003/255
f 296/1004/256 297/1005/256 283/1006/256 281/1007/256
f 306/1008/257 308/1009/257 293/1010/257 291/1011/257
f 318/1012/258 295/1013/258 279/1014/258 319/1015/258
f 311/1016/259 321/1017/259 320/1018/259 310/1019/259
f 303/1020/260 304/1021/260 289/1022/260 287/1023/260
f 322/1024/261 316/1025/261 317/1026/261 323/1027/261
f 297/1028/262 299/1029/262 285/1030/262 283/1031/262
f 295/1032/263 220/1033/263 279/1034/263
f 315/1035/264 318/1036/264 319/1037/264 314/1038/264
f 304/1039/265 306/1040/265 291/1041/265 289/1042/265
f 296/1043/266 281/1044/266 263/1045/266
f 321/1046/267 322/1047/267 323/1048/267 320/1049/267
f 299/1050/268 303/1051/268 287/1052/268 285/1053/268
f 277/1054/269 278/1055/269 263/1056/269 261/1057/269
f 276/1058/270 277/1059/270 261/1060/270 220/1061/270
f 296/1062/271 263/1063/271 261/1064/271 294/1065/271
f 321/1066/272 311/1067/272 312/1068/272 324/1069/272
f 318/1070/273 315/1071/273 300/1072/273 298/1073/273
f 315/1074/274 316/1075/274 302/1076/274 300/1077/274
f 316/1078/275 322/1079/275 325/1080/275 302/1081/275
f 322/1082/276 321/1083/276 324/1084/276 325/1085/276
f 295/1086/277 318/1087/277 298/1088/277 294/1089/277
f 302/1090/278 325/1091/278 305/1092/278 301/1093/278
f 325/1094/279 324/1095/279 307/1096/279 305/1097/279
f 299/1098/280 301/1099/280 303/1100/280
f 324/1101/281 312/1102/281 309/1103/281 307/1104/281
f 292/1105/282 309/1106/282 312/1107/282 313/1108/282
f 293/1109/283 308/1110/283 309/1111/283 292/1112/283
f 263/1113/284 281/1114/284 280/1115/284 261/1116/284
f 320/1117/285 323/1118/285 326/1119/285 327/1120/285
f 319/1121/286 279/1122/286 280/1123/286 282/1124/286
f 310/1125/287 320/1126/287 327/1127/287 313/1128/287
f 314/1129/288 319/1130/288 282/1131/288 284/1132/288
f 317/1133/289 314/1134/289 284/1135/289 328/1136/289
f 323/1137/290 317/1138/290 328/1139/290 326/1140/290
f 327/1141/291 326/1142/291 288/1143/291 290/1144/291
f 284/1145/292 285/1146/292 286/1147/292 328/1148/292
f 313/1149/293 327/1150/293 290/1151/293 292/1152/293
f 326/1153/294 328/1154/294 286/1155/294 288/1156/294
f 194/1157/295 276/1158/295 220/1159/295 198/1160/295
f 31/1161/296 138/1162/296 145/1163/296 38/1164/296
f 138/1165/297 194/1166/297 198/1167/297 145/1168/297
f 278/1169/298 248/1170/298 253/1171/298 263/1172/298
f 68/1173/299 67/1174/299 81/1175/299 91/1176/299
f 16/1177/300 69/1178/300 97/1179/300 96/1180/300
f 69/1181/301 15/1182/301 97/1183/301
f 107/1184/302 96/1185/302 97/1186/302 111/1187/302
f 111/1188/303 97/1189/303 15/1190/303 119/1191/303
f 329/1192/304 330/1193/304 331/1194/304 332/1195/304
f 333/1196/305 334/1197/305 335/1198/305 336/1199/305
f 1/1200/306 67/1201/306 337/1202/306 338/1203/306
f 2/1204/307 3/1205/307 339/1206/307 340/1207/307
f 4/1208/308 5/1209/308 331/1210/308 330/1211/308
f 6/1212/309 7/1213/309 336/1214/309 329/1215/309
f 8/1216/310 9/1217/310 341/1218/310 342/1219/310
f 10/1220/311 11/1221/311 343/1222/311 344/1223/311
f 11/1224/312 12/1225/312 345/1226/312 343/1227/312
f 332/1228/313 331/1229/313 344/1230/313 346/1231/313
f 347/1232/314 13/1233/314 348/1234/314 349/1235/314
f 346/1236/315 344/1237/315 343/1238/315 339/1239/315
f 338/1240/316 337/1241/316 350/1242/316 351/1243/316
f 339/1244/317 343/1245/317 345/1246/317 340/1247/317
f 340/1248/318 345/1249/318 14/1250/318
f 17/1251/319 18/1252/319 332/1253/319 346/1254/319
f 12/1255/320 14/1256/320 345/1257/320
f 5/1258/321 10/1259/321 344/1260/321 331/1261/321
f 19/1262/322 20/1263/322 354/1264/322 333/1265/322
f 14/1266/323 2/1267/323 340/1268/323
f 21/1269/324 22/1270/324 355/1271/324 356/1272/324
f 3/1273/325 17/1274/325 346/1275/325 339/1276/325
f 18/1277/326 6/1278/326 329/1279/326 332/1280/326
f 22/1281/327 4/1282/327 330/1283/327 355/1284/327
f 336/1285/328 335/1286/328 357/1287/328 329/1288/328
f 9/1289/329 21/1290/329 356/1291/329 341/1292/329
f 7/1293/330 19/1294/330 333/1295/330 336/1296/330
f 354/1297/331 358/1298/331 334/1299/331 333/1300/331
f 354/1301/332 338/1302/332 351/1303/332 358/1304/332
f 16/1305/333 8/1306/333 342/1307/333 352/1308/333
f 20/1309/334 1/1310/334 338/1311/334 354/1312/334
f 337/1313/335 347/1314/335 349/1315/335 350/1316/335
f 359/1317/336 360/1318/336 361/1319/336 362/1320/336
f 363/1321/337 364/1322/337 360/1323/337 359/1324/337
f 364/1325/338 363/1326/338 352/1327/338 342/1328/338
f 350/1329/339 349/1330/339 365/1331/339 366/1332/339
f 367/1333/340 363/1334/340 359/1335/340 368/1336/340
f 369/1337/341 370/1338/341 356/1339/341 355/1340/341
f 358/1341/342 351/1342/342 371/1343/342 372/1344/342
f 335/1345/343 334/1346/343 373/1347/343 374/1348/343
f 364/1349/344 376/1350/344 377/1351/344 360/1352/344
f 370/1353/345 376/1354/345 341/1355/345 356/1356/345
f 376/1357/346 364/1358/346 342/1359/346 341/1360/346
f 374/1361/347 373/1362/347 378/1363/347
f 368/1364/348 359/1365/348 362/1366/348 379/1367/348
f 380/1368/349 368/1369/349 379/1370/349 381/1371/349
f 373/1372/350 372/1373/350 377/1374/350 378/1375/350
f 372/1376/351 371/1377/351 361/1378/351
f 375/1379/352 367/1380/352 368/1381/352 380/1382/352
f 351/1383/353 350/1384/353 366/1385/353 371/1386/353
f 349/1387/354 348/1388/354 382/1389/354 365/1390/354
f 369/1391/355 357/1392/355 374/1393/355
f 376/1394/356 370/1395/356 378/1396/356 377/1397/356
f 357/1398/357 335/1399/357 374/1400/357
f 334/1401/358 358/1402/358 372/1403/358 373/1404/358
f 370/1405/359 369/1406/359 374/1407/359 378/1408/359
f 361/1409/360 383/1410/360 362/1411/360
f 383/1412/361 384/1413/361 379/1414/361 362/1415/361
f 384/1416/362 385/1417/362 381/1418/362 379/1419/362
f 365/1420/363 382/1421/363 385/1422/363 384/1423/363
f 366/1424/364 365/1425/364 384/1426/364 383/1427/364
f 371/1428/365 366/1429/365 383/1430/365 361/1431/365
f 361/1432/366 377/1433/366 372/1434/366
f 361/1435/367 360/1436/367 377/1437/367
f 329/1438/368 357/1439/368 330/1440/368
f 330/1441/369 357/1442/369 369/1443/369 355/1444/369
f 23/1445/370 386/1446/370 387/1447/370 24/1448/370
f 25/1449/371 388/1450/371 389/1451/371 26/1452/371
f 27/1453/372 390/1454/372 391/1455/372 28/1456/372
f 29/1457/373 392/1458/373 393/1459/373 30/1460/373
f 31/1461/374 394/1462/374 395/1463/374 32/1464/374
f 33/1465/375 396/1466/375 397/1467/375 34/1468/375
f 35/1469/376 398/1470/376 399/1471/376 36/1472/376
f 37/1473/377 400/1474/377 401/1475/377 38/1476/377
f 39/1477/378 402/1478/378 403/1479/378 13/1480/378
f 40/1481/379 404/1482/379 405/1483/379 70/1484/379
f 41/1485/380 406/1486/380 407/1487/380 42/1488/380
f 15/1489/381 408/1490/381 409/1491/381 43/1492/381
f 24/1493/382 387/1494/382 410/1495/382 44/1496/382
f 26/1497/383 389/1498/383 411/1499/383 45/1500/383
f 46/1501/384 412/1502/384 390/1503/384 27/1504/384
f 47/1505/385 413/1506/385 392/1507/385 29/1508/385
f 48/1509/386 414/1510/386 400/1511/386 37/1512/386
f 34/1513/387 397/1514/387 415/1515/387 49/1516/387
f 36/1517/388 399/1518/388 416/1519/388 50/1520/388
f 51/1521/389 417/1522/389 402/1523/389 39/1524/389
f 52/1525/390 418/1526/390 404/1527/390 40/1528/390
f 53/1529/391 419/1530/391 406/1531/391 41/1532/391
f 391/1533/392 420/1534/392 421/1535/392 422/1536/392
f 393/1537/393 423/1538/393 424/1539/393 425/1540/393
f 395/1541/394 426/1542/394 427/1543/394 428/1544/394
f 429/1545/395 430/1546/395 431/1547/395 396/1548/395
f 432/1549/396 433/1550/396 434/1551/396 398/1552/396
f 435/1553/397 436/1554/397 437/1555/397 414/1556/397
f 405/1557/398 438/1558/398 439/1559/398 440/1560/398
f 407/1561/399 441/1562/399 442/1563/399 443/1564/399
f 386/1565/400 444/1566/400 445/1567/400 387/1568/400
f 388/1569/401 446/1570/401 447/1571/401 389/1572/401
f 390/1573/402 448/1574/402 420/1575/402 391/1576/402
f 392/1577/403 449/1578/403 423/1579/403 393/1580/403
f 394/1581/404 450/1582/404 426/1583/404 395/1584/404
f 396/1585/405 431/1586/405 451/1587/405 397/1588/405
f 398/1589/406 434/1590/406 452/1591/406 399/1592/406
f 400/1593/407 453/1594/407 454/1595/407 401/1596/407
f 402/1597/408 455/1598/408 456/1599/408 403/1600/408
f 404/1601/409 457/1602/409 438/1603/409 405/1604/409
f 406/1605/410 458/1606/410 441/1607/410 407/1608/410
f 408/1609/411 459/1610/411 460/1611/411 409/1612/411
f 387/1613/412 445/1614/412 461/1615/412 410/1616/412
f 389/1617/413 447/1618/413 462/1619/413 411/1620/413
f 412/1621/414 463/1622/414 448/1623/414 390/1624/414
f 42/1625/415 407/1626/415 443/1627/415 54/1628/415
f 70/1629/416 405/1630/416 440/1631/416 72/1632/416
f 55/1633/417 435/1634/417 414/1635/417 48/1636/417
f 56/1637/418 432/1638/418 398/1639/418 35/1640/418
f 57/1641/419 429/1642/419 396/1643/419 33/1644/419
f 32/1645/420 395/1646/420 428/1647/420 58/1648/420
f 30/1649/421 393/1650/421 425/1651/421 59/1652/421
f 28/1653/422 391/1654/422 422/1655/422 60/1656/422
f 61/1657/423 464/1658/423 388/1659/423 25/1660/423
f 62/1661/424 465/1662/424 386/1663/424 23/1664/424
f 54/1665/425 443/1666/425 466/1667/425 63/1668/425
f 72/1669/426 440/1670/426 467/1671/426 71/1672/426
f 64/1673/427 468/1674/427 435/1675/427 55/1676/427
f 65/1677/428 469/1678/428 432/1679/428 56/1680/428
f 66/1681/429 470/1682/429 429/1683/429 57/1684/429
f 58/1685/430 428/1686/430 419/1687/430 53/1688/430
f 59/1689/431 425/1690/431 418/1691/431 52/1692/431
f 60/1693/432 422/1694/432 417/1695/432 51/1696/432
f 50/1697/433 416/1698/433 464/1699/433 61/1700/433
f 49/1701/434 415/1702/434 465/1703/434 62/1704/434
f 63/1705/435 466/1706/435 413/1707/435 47/1708/435
f 71/1709/436 467/1710/436 412/1711/436 46/1712/436
f 45/1713/437 411/1714/437 468/1715/437 64/1716/437
f 44/1717/438 410/1718/438 469/1719/438 65/1720/438
f 43/1721/439 409/1722/439 470/1723/439 66/1724/439
f 431/1725/440 471/1726/440 472/1727/440 451/1728/440
f 434/1729/441 473/1730/441 474/1731/441 452/1732/441
f 453/1733/442 475/1734/442 476/1735/442 454/1736/442
f 455/1737/443 477/1738/443 478/1739/443 456/1740/443
f 457/1741/444 479/1742/444 480/1743/444 438/1744/444
f 458/1745/445 481/1746/445 482/1747/445 441/1748/445
f 459/1749/446 483/1750/446 484/1751/446 460/1752/446
f 445/1753/447 485/1754/447 486/1755/447 461/1756/447
f 447/1757/448 487/1758/448 488/1759/448 462/1760/448
f 463/1761/449 489/1762/449 490/1763/449 448/1764/449
f 491/1765/450 492/1766/450 493/1767/450 449/1768/450
f 437/1769/451 494/1770/451 475/1771/451 453/1772/451
f 456/1773/452 478/1774/452 483/1775/452 459/1776/452
f 451/1777/453 472/1778/453 495/1779/453 496/1780/453
f 452/1781/454 474/1782/454 497/1783/454 498/1784/454
f 499/1785/455 500/1786/455 477/1787/455 455/1788/455
f 501/1789/456 502/1790/456 479/1791/456 457/1792/456
f 503/1793/457 504/1794/457 481/1795/457 458/1796/457
f 460/1797/458 484/1798/458 505/1799/458 506/1800/458
f 461/1801/459 486/1802/459 507/1803/459 508/1804/459
f 462/1805/460 488/1806/460 509/1807/460 510/1808/460
f 511/1809/461 512/1810/461 489/1811/461 463/1812/461
f 513/1813/462 514/1814/462 492/1815/462 491/1816/462
f 464/1817/463 515/1818/463 446/1819/463 388/1820/463
f 465/1821/464 516/1822/464 444/1823/464 386/1824/464
f 443/1825/465 442/1826/465 513/1827/465 466/1828/465
f 440/1829/466 439/1830/466 511/1831/466 467/1832/466
f 468/1833/467 510/1834/467 436/1835/467 435/1836/467
f 469/1837/468 508/1838/468 433/1839/468 432/1840/468
f 470/1841/469 506/1842/469 430/1843/469 429/1844/469
f 428/1845/470 427/1846/470 503/1847/470 419/1848/470
f 425/1849/471 424/1850/471 501/1851/471 418/1852/471
f 422/1853/472 421/1854/472 499/1855/472 417/1856/472
f 416/1857/473 498/1858/473 515/1859/473 464/1860/473
f 415/1861/474 496/1862/474 516/1863/474 465/1864/474
f 466/1865/475 513/1866/475 491/1867/475 413/1868/475
f 467/1869/476 511/1870/476 463/1871/476 412/1872/476
f 411/1873/477 462/1874/477 510/1875/477 468/1876/477
f 410/1877/478 461/1878/478 508/1879/478 469/1880/478
f 409/1881/479 460/1882/479 506/1883/479 470/1884/479
f 419/1885/480 503/1886/480 458/1887/480 406/1888/480
f 418/1889/481 501/1890/481 457/1891/481 404/1892/481
f 417/1893/482 499/1894/482 455/1895/482 402/1896/482
f 399/1897/483 452/1898/483 498/1899/483 416/1900/483
f 397/1901/484 451/1902/484 496/1903/484 415/1904/484
f 414/1905/485 437/1906/485 453/1907/485 400/1908/485
f 413/1909/486 491/1910/486 449/1911/486 392/1912/486
f 475/1913/487 494/1914/487 517/1915/487 476/1916/487
f 494/1917/488 518/1918/488 519/1919/488 517/1920/488
f 518/1921/489 509/1922/489 519/1923/489
f 509/1924/490 488/1925/490 481/1926/490 504/1927/490
f 488/1928/491 487/1929/491 482/1930/491 481/1931/491
f 487/1932/492 520/1933/492 521/1934/492 482/1935/492
f 520/1936/493 522/1937/493 514/1938/493 521/1939/493
f 522/1940/494 497/1941/494 492/1942/494 514/1943/494
f 497/1944/495 474/1945/495 493/1946/495 492/1947/495
f 474/1948/496 473/1949/496 523/1950/496 493/1951/496
f 473/1952/497 524/1953/497 525/1954/497 523/1955/497
f 524/1956/498 507/1957/498 502/1958/498 525/1959/498
f 507/1960/499 486/1961/499 479/1962/499 502/1963/499
f 486/1964/500 485/1965/500 480/1966/500 479/1967/500
f 485/1968/501 526/1969/501 527/1970/501 480/1971/501
f 526/1972/502 528/1973/502 512/1974/502 527/1975/502
f 528/1976/503 495/1977/503 489/1978/503 512/1979/503
f 495/1980/504 472/1981/504 490/1982/504 489/1983/504
f 472/1984/505 471/1985/505 529/1986/505 490/1987/505
f 471/1988/506 530/1989/506 531/1990/506 529/1991/506
f 530/1992/507 505/1993/507 500/1994/507 531/1995/507
f 505/1996/508 484/1997/508 477/1998/508 500/1999/508
f 484/2000/509 483/2001/509 478/2002/509 477/2003/509
f 450/2004/510 532/2005/510 533/2006/510 426/2007/510
f 449/2008/511 493/2009/511 523/2010/511 423/2011/511
f 448/2012/512 490/2013/512 529/2014/512 420/2015/512
f 446/2016/513 520/2017/513 487/2018/513 447/2019/513
f 444/2020/514 526/2021/514 485/2022/514 445/2023/514
f 441/2024/515 482/2025/515 521/2026/515 442/2027/515
f 438/2028/516 480/2029/516 527/2030/516 439/2031/516
f 436/2032/517 518/2033/517 494/2034/517 437/2035/517
f 433/2036/518 524/2037/518 473/2038/518 434/2039/518
f 430/2040/519 530/2041/519 471/2042/519 431/2043/519
f 426/2044/520 533/2045/520 534/2046/520 427/2047/520
f 423/2048/521 523/2049/521 525/2050/521 424/2051/521
f 420/2052/522 529/2053/522 531/2054/522 421/2055/522
f 515/2056/523 522/2057/523 520/2058/523 446/2059/523
f 516/2060/524 528/2061/524 526/2062/524 444/2063/524
f 442/2064/525 521/2065/525 514/2066/525 513/2067/525
f 439/2068/526 527/2069/526 512/2070/526 511/2071/526
f 510/2072/527 509/2073/527 518/2074/527 436/2075/527
f 508/2076/528 507/2077/528 524/2078/528 433/2079/528
f 506/2080/529 505/2081/529 530/2082/529 430/2083/529
f 427/2084/530 534/2085/530 504/2086/530 503/2087/530
f 424/2088/531 525/2089/531 502/2090/531 501/2091/531
f 421/2092/532 531/2093/532 500/2094/532 499/2095/532
f 498/2096/533 497/2097/533 522/2098/533 515/2099/533
f 496/2100/534 495/2101/534 528/2102/534 516/2103/534
f 13/2104/535 403/2105/535 348/2106/535
f 382/2107/536 348/2108/536 403/2109/536 456/2110/536
f 408/2111/537 375/2112/537 380/2113/537 459/2114/537
f 15/2115/538 375/2116/538 408/2117/538
f 459/2118/539 381/2119/539 385/2120/539 456/2121/539
f 385/2122/540 382/2123/540 456/2124/540
f 459/2125/541 380/2126/541 381/2127/541
f 476/2128/542 535/2129/542 536/2130/542 517/2131/542
f 537/2132/543 536/2133/543 538/2134/543 539/2135/543
f 539/2136/544 538/2137/544 540/2138/544 541/2139/544
f 541/2140/545 542/2141/545 543/2142/545
f 543/2143/546 542/2144/546 544/2145/546 545/2146/546
f 545/2147/547 544/2148/547 546/2149/547 547/2150/547
f 547/2151/548 546/2152/548 548/2153/548 549/2154/548
f 476/2155/549 517/2156/549 550/2157/549 551/2158/549
f 552/2159/550 553/2160/550 554/2161/550 550/2162/550
f 553/2163/551 555/2164/551 556/2165/551 554/2166/551
f 555/2167/552 557/2168/552 558/2169/552 556/2170/552
f 559/2171/553 560/2172/553 561/2173/553 557/2174/553
f 560/2175/554 562/2176/554 563/2177/554 561/2178/554
f 562/2179/555 564/2180/555 565/2181/555 563/2182/555
f 566/2183/556 567/2184/556 568/2185/556 569/2186/556
f 570/2187/557 571/2188/557 572/2189/557 573/2190/557
f 539/2191/558 553/2192/558 552/2193/558 537/2194/558
f 549/2195/559 564/2196/559 562/2197/559 547/2198/559
f 535/2199/560 551/2200/560 574/2201/560 575/2202/560
f 576/2203/561 577/2204/561 567/2205/561 566/2206/561
f 545/2207/562 560/2208/562 559/2209/562 543/2210/562
f 573/2211/563 572/2212/563 578/2213/563 579/2214/563
f 541/2215/564 555/2216/564 553/2217/564 539/2218/564
f 476/2219/565 551/2220/565 535/2221/565
f 575/2222/566 574/2223/566 571/2224/566 570/2225/566
f 547/2226/567 562/2227/567 560/2228/567 545/2229/567
f 537/2230/568 552/2231/568 519/2232/568
f 579/2233/569 578/2234/569 577/2235/569 576/2236/569
f 543/2237/570 559/2238/570 555/2239/570 541/2240/570
f 519/2241/571 534/2242/571 533/2243/571 517/2244/571
f 517/2245/572 533/2246/572 532/2247/572 476/2248/572
f 517/2249/573 519/2250/573 552/2251/573 550/2252/573
f 568/2253/574 567/2254/574 577/2255/574 580/2256/574
f 556/2257/575 571/2258/575 574/2259/575 554/2260/575
f 558/2261/576 572/2262/576 571/2263/576 556/2264/576
f 581/2265/577 578/2266/577 572/2267/577 558/2268/577
f 580/2269/578 577/2270/578 578/2271/578 581/2272/578
f 554/2273/579 574/2274/579 551/2275/579 550/2276/579
f 561/2277/580 581/2278/580 558/2279/580 557/2280/580
f 563/2281/581 580/2282/581 581/2283/581 561/2284/581
f 557/2285/582 555/2286/582 559/2287/582
f 565/2288/583 568/2289/583 580/2290/583 563/2291/583
f 568/2292/584 565/2293/584 548/2294/584 569/2295/584
f 565/2296/585 564/2297/585 549/2298/585 548/2299/585
f 536/2300/586 537/2301/586 519/2302/586 517/2303/586
f 582/2304/587 579/2305/587 576/2306/587 583/2307/587
f 536/2308/588 535/2309/588 575/2310/588 538/2311/588
f 583/2312/589 576/2313/589 566/2314/589 569/2315/589
f 538/2316/590 575/2317/590 570/2318/590 540/2319/590
f 540/2320/591 570/2321/591 573/2322/591 584/2323/591
f 584/2324/592 573/2325/592 579/2326/592 582/2327/592
f 544/2328/593 582/2329/593 583/2330/593 546/2331/593
f 542/2332/594 541/2333/594 540/2334/594 584/2335/594
f 546/2336/595 583/2337/595 569/2338/595 548/2339/595
f 542/2340/596 584/2341/596 582/2342/596 544/2343/596
f 476/2344/597 532/2345/597 450/2346/597 454/2347/597
f 401/2348/598 394/2349/598 31/2350/598 38/2351/598
f 454/2352/599 450/2353/599 394/2354/599 401/2355/599
f 509/2356/600 504/2357/600 534/2358/600 519/2359/600
f 337/2360/601 67/2361/601 68/2362/601 347/2363/601
f 13/2364/602 39/2365/602 68/2366/602 347/2367/602
f 353/2368/603 69/2369/603 16/2370/603 352/2371/603
f 15/2372/604 69/2373/604 353/2374/604
f 353/2375/605 352/2376/605 363/2377/605 367/2378/605
f 15/2379/606 353/2380/606 367/2381/606 375/2382/606
f 13/2383/607 39/2384/607 68/2385/607 91/2386/607