# Made in Blockbench 5.1.4
mtllib Mo_Arena.mtl

o Ground
v 0 -0.375 0
v 0 1.8125 0
v 1.876946408018958 -0.375 7.004859375373465
v 1.876946408018958 1.8125 7.004859375373465
v 3.625981795275535 -0.375 6.280385219381135
v 3.625981795275535 1.8125 6.280385219381135
v 5.127913219019035 -0.375 5.127913020237754
v 5.127913219019035 1.8125 5.127913020237754
v 6.280385223926725 -0.375 3.6259822619528794
v 6.280385223926725 1.8125 3.6259822619528794
v 7.0048594282567125 -0.375 1.8769461563544296
v 7.0048594282567125 1.8125 1.8769461563544296
v 7.251964057228415 -0.375 -4.54558934936955e-9
v 7.251964057228415 1.8125 -4.54558934936955e-9
v 7.004859375373465 -0.375 -1.876946408018958
v 7.004859375373465 1.8125 -1.876946408018958
v 6.280385219381135 -0.375 -3.625981795275535
v 6.280385219381135 1.8125 -3.625981795275535
v 5.127913020237754 -0.375 -5.127913219019035
v 5.127913020237754 1.8125 -5.127913219019035
v 3.6259822619528794 -0.375 -6.280385223926725
v 3.6259822619528794 1.8125 -6.280385223926725
v 1.8769461563544296 -0.375 -7.0048594282567125
v 1.8769461563544296 1.8125 -7.0048594282567125
v -4.54558934936955e-9 -0.375 -7.251964057228415
v -4.54558934936955e-9 1.8125 -7.251964057228415
v -1.876946408018958 -0.375 -7.004859375373465
v -1.876946408018958 1.8125 -7.004859375373465
v -3.625981795275535 -0.375 -6.280385219381135
v -3.625981795275535 1.8125 -6.280385219381135
v -5.127913219019035 -0.375 -5.127913020237754
v -5.127913219019035 1.8125 -5.127913020237754
v -6.280385223926725 -0.375 -3.6259822619528794
v -6.280385223926725 1.8125 -3.6259822619528794
v -7.0048594282567125 -0.375 -1.8769461563544296
v -7.0048594282567125 1.8125 -1.8769461563544296
v -7.251964057228415 -0.375 4.54558934936955e-9
v -7.251964057228415 1.8125 4.54558934936955e-9
v -7.004859375373465 -0.375 1.876946408018958
v -7.004859375373465 1.8125 1.876946408018958
v -6.280385219381135 -0.375 3.625981795275535
v -6.280385219381135 1.8125 3.625981795275535
v -5.127913020237754 -0.375 5.127913219019035
v -5.127913020237754 1.8125 5.127913219019035
v -3.6259822619528794 -0.375 6.280385223926725
v -3.6259822619528794 1.8125 6.280385223926725
v -1.8769461563544296 -0.375 7.0048594282567125
v -1.8769461563544296 1.8125 7.0048594282567125
v 4.54558934936955e-9 -0.375 7.251964057228415
v 4.54558934936955e-9 1.8125 7.251964057228415
v 1.876946408018958 0.03515625 7.004859375373465
v 3.625981795275535 0.03515625 6.280385219381135
v 3.625981795275535 1.40234375 6.280385219381135
v 1.876946408018958 1.40234375 7.004859375373465
v 5.127913219019035 0.03515625 5.127913020237754
v 5.127913219019035 1.40234375 5.127913020237754
v 6.280385223926725 0.03515625 3.6259822619528794
v 6.280385223926725 1.40234375 3.6259822619528794
v 7.0048594282567125 0.03515625 1.8769461563544296
v 7.0048594282567125 1.40234375 1.8769461563544296
v 7.251964057228415 0.03515625 -4.54558934936955e-9
v 7.251964057228415 1.40234375 -4.54558934936955e-9
v 7.004859375373465 0.03515625 -1.876946408018958
v 7.004859375373465 1.40234375 -1.876946408018958
v 6.280385219381135 0.03515625 -3.625981795275535
v 6.280385219381135 1.40234375 -3.625981795275535
v 5.127913020237754 0.03515625 -5.127913219019035
v 5.127913020237754 1.40234375 -5.127913219019035
v 3.6259822619528794 0.03515625 -6.280385223926725
v 3.6259822619528794 1.40234375 -6.280385223926725
v 1.8769461563544296 0.03515625 -7.0048594282567125
v 1.8769461563544296 1.40234375 -7.0048594282567125
v -4.54558934936955e-9 0.03515625 -7.251964057228415
v -4.54558934936955e-9 1.40234375 -7.251964057228415
v -1.876946408018958 0.03515625 -7.004859375373465
v -1.876946408018958 1.40234375 -7.004859375373465
v -3.625981795275535 0.03515625 -6.280385219381135
v -3.625981795275535 1.40234375 -6.280385219381135
v -5.127913219019035 0.03515625 -5.127913020237754
v -5.127913219019035 1.40234375 -5.127913020237754
v -6.280385223926725 0.03515625 -3.6259822619528794
v -6.280385223926725 1.40234375 -3.6259822619528794
v -7.0048594282567125 0.03515625 -1.8769461563544296
v -7.0048594282567125 1.40234375 -1.8769461563544296
v -7.251964057228415 0.03515625 4.54558934936955e-9
v -7.251964057228415 1.40234375 4.54558934936955e-9
v -7.004859375373465 0.03515625 1.876946408018958
v -7.004859375373465 1.40234375 1.876946408018958
v -6.280385219381135 0.03515625 3.625981795275535
v -6.280385219381135 1.40234375 3.625981795275535
v -5.127913020237754 0.03515625 5.127913219019035
v -5.127913020237754 1.40234375 5.127913219019035
v -3.6259822619528794 0.03515625 6.280385223926725
v -3.6259822619528794 1.40234375 6.280385223926725
v -1.8769461563544296 0.03515625 7.0048594282567125
v -1.8769461563544296 1.40234375 7.0048594282567125
v 4.54558934936955e-9 0.03515625 7.251964057228415
v 4.54558934936955e-9 1.40234375 7.251964057228415
v 2.0277948912857173 0.03515625 7.567834149486067
v 3.917399172029417 0.03515625 6.785134569508514
v 3.917399172029417 1.40234375 6.785134569508514
v 2.0277948912857173 1.40234375 7.567834149486067
v 5.540039167511736 0.03515625 5.540039337239374
v 5.540039167511736 1.40234375 5.540039337239374
v 6.785134721662837 0.03515625 3.917399219457879
v 6.785134721662837 1.40234375 3.917399219457879
v 7.567834228525092 0.03515625 2.0277949819743304
v 7.567834228525092 1.40234375 2.0277949819743304
v 7.834798391487296 0.03515625 -1.5215432314086286e-7
v 7.834798391487296 1.40234375 -1.5215432314086286e-7
v 7.567834149486067 0.03515625 -2.0277948912857173
v 7.567834149486067 1.40234375 -2.0277948912857173
v 6.785134569508514 0.03515625 -3.917399172029417
v 6.785134569508514 1.40234375 -3.917399172029417
v 5.540039337239374 0.03515625 -5.540039167511736
v 5.540039337239374 1.40234375 -5.540039167511736
v 3.917399219457879 0.03515625 -6.785134721662837
v 3.917399219457879 1.40234375 -6.785134721662837
v 2.0277949819743304 0.03515625 -7.567834228525092
v 2.0277949819743304 1.40234375 -7.567834228525092
v -1.5215432314086286e-7 0.03515625 -7.834798391487296
v -1.5215432314086286e-7 1.40234375 -7.834798391487296
v -2.0277948912857173 0.03515625 -7.567834149486067
v -2.0277948912857173 1.40234375 -7.567834149486067
v -3.917399172029417 0.03515625 -6.785134569508514
v -3.917399172029417 1.40234375 -6.785134569508514
v -5.540039167511736 0.03515625 -5.540039337239374
v -5.540039167511736 1.40234375 -5.540039337239374
v -6.785134721662837 0.03515625 -3.917399219457879
v -6.785134721662837 1.40234375 -3.917399219457879
v -7.567834228525092 0.03515625 -2.0277949819743304
v -7.567834228525092 1.40234375 -2.0277949819743304
v -7.834798391487296 0.03515625 1.5215432314086286e-7
v -7.834798391487296 1.40234375 1.5215432314086286e-7
v -7.567834149486067 0.03515625 2.0277948912857173
v -7.567834149486067 1.40234375 2.0277948912857173
v -6.785134569508514 0.03515625 3.917399172029417
v -6.785134569508514 1.40234375 3.917399172029417
v -5.540039337239374 0.03515625 5.540039167511736
v -5.540039337239374 1.40234375 5.540039167511736
v -3.917399219457879 0.03515625 6.785134721662837
v -3.917399219457879 1.40234375 6.785134721662837
v -2.0277949819743304 0.03515625 7.567834228525092
v -2.0277949819743304 1.40234375 7.567834228525092
v 1.5215432314086286e-7 0.03515625 7.834798391487296
v 1.5215432314086286e-7 1.40234375 7.834798391487296
v 3.026297183910472 0.03515625 11.294293826427909
v 5.846356525029835 0.03515625 10.126187028208046
v 5.846356525029835 1.40234375 10.126187028208046
v 3.026297183910472 1.40234375 11.294293826427909
v 8.267997126378319 0.03515625 8.267996801606142
v 8.267997126378319 1.40234375 8.267996801606142
v 10.126186763506407 0.03515625 5.846356918950222
v 10.126186763506407 1.40234375 5.846356918950222
v 11.294293985516616 0.03515625 3.02629670004959
v 11.294293985516616 1.40234375 3.02629670004959
v 11.692713443980056 0.03515625 2.6470163705383243e-7
v 11.692713443980056 1.40234375 2.6470163705383243e-7
v 11.294293826427909 0.03515625 -3.026297183910472
v 11.294293826427909 1.40234375 -3.026297183910472
v 10.126187028208046 0.03515625 -5.846356525029835
v 10.126187028208046 1.40234375 -5.846356525029835
v 8.267996801606142 0.03515625 -8.267997126378319
v 8.267996801606142 1.40234375 -8.267997126378319
v 5.846356918950222 0.03515625 -10.126186763506407
v 5.846356918950222 1.40234375 -10.126186763506407
v 3.02629670004959 0.03515625 -11.294293985516616
v 3.02629670004959 1.40234375 -11.294293985516616
v 2.6470163705383243e-7 0.03515625 -11.692713443980056
v 2.6470163705383243e-7 1.40234375 -11.692713443980056
v -3.026297183910472 0.03515625 -11.294293826427909
v -3.026297183910472 1.40234375 -11.294293826427909
v -5.846356525029835 0.03515625 -10.126187028208046
v -5.846356525029835 1.40234375 -10.126187028208046
v -8.267997126378319 0.03515625 -8.267996801606142
v -8.267997126378319 1.40234375 -8.267996801606142
v -10.126186763506407 0.03515625 -5.846356918950222
v -10.126186763506407 1.40234375 -5.846356918950222
v -11.294293985516616 0.03515625 -3.02629670004959
v -11.294293985516616 1.40234375 -3.02629670004959
v -11.692713443980056 0.03515625 -2.6470163705383243e-7
v -11.692713443980056 1.40234375 -2.6470163705383243e-7
v -11.294293826427909 0.03515625 3.026297183910472
v -11.294293826427909 1.40234375 3.026297183910472
v -10.126187028208046 0.03515625 5.846356525029835
v -10.126187028208046 1.40234375 5.846356525029835
v -8.267996801606142 0.03515625 8.267997126378319
v -8.267996801606142 1.40234375 8.267997126378319
v -5.846356918950222 0.03515625 10.126186763506407
v -5.846356918950222 1.40234375 10.126186763506407
v -3.02629670004959 0.03515625 11.294293985516616
v -3.02629670004959 1.40234375 11.294293985516616
v -2.6470163705383243e-7 0.03515625 11.692713443980056
v -2.6470163705383243e-7 1.40234375 11.692713443980056
v 5.846356525029835 1.8125 10.126187028208046
v 8.267997126378319 1.8125 8.267996801606142
v 5.540039167511736 1.8125 5.540039337239374
v 3.917399172029417 1.8125 6.785134569508514
v 10.126186763506407 1.8125 5.846356918950222
v 6.785134721662837 1.8125 3.917399219457879
v 11.294293985516616 1.8125 3.02629670004959
v 7.567834228525092 1.8125 2.0277949819743304
v 11.692713443980056 1.8125 2.6470163705383243e-7
v 7.834798391487296 1.8125 -1.5215432314086286e-7
v 11.294293826427909 1.8125 -3.026297183910472
v 7.567834149486067 1.8125 -2.0277948912857173
v 10.126187028208046 1.8125 -5.846356525029835
v 6.785134569508514 1.8125 -3.917399172029417
v 8.267996801606142 1.8125 -8.267997126378319
v 5.540039337239374 1.8125 -5.540039167511736
v 5.846356918950222 1.8125 -10.126186763506407
v 3.917399219457879 1.8125 -6.785134721662837
v 3.02629670004959 1.8125 -11.294293985516616
v 2.0277949819743304 1.8125 -7.567834228525092
v 2.6470163705383243e-7 1.8125 -11.692713443980056
v -1.5215432314086286e-7 1.8125 -7.834798391487296
v -3.026297183910472 1.8125 -11.294293826427909
v -2.0277948912857173 1.8125 -7.567834149486067
v -5.846356525029835 1.8125 -10.126187028208046
v -3.917399172029417 1.8125 -6.785134569508514
v -8.267997126378319 1.8125 -8.267996801606142
v -5.540039167511736 1.8125 -5.540039337239374
v -10.126186763506407 1.8125 -5.846356918950222
v -6.785134721662837 1.8125 -3.917399219457879
v -11.294293985516616 1.8125 -3.02629670004959
v -7.567834228525092 1.8125 -2.0277949819743304
v -11.692713443980056 1.8125 -2.6470163705383243e-7
v -7.834798391487296 1.8125 1.5215432314086286e-7
v -11.294293826427909 1.8125 3.026297183910472
v -7.567834149486067 1.8125 2.0277948912857173
v -10.126187028208046 1.8125 5.846356525029835
v -6.785134569508514 1.8125 3.917399172029417
v -8.267996801606142 1.8125 8.267997126378319
v -5.540039337239374 1.8125 5.540039167511736
v -5.846356918950222 1.8125 10.126186763506407
v -3.917399219457879 1.8125 6.785134721662837
v -3.02629670004959 1.8125 11.294293985516616
v -2.0277949819743304 1.8125 7.567834228525092
v -2.6470163705383243e-7 1.8125 11.692713443980056
v 1.5215432314086286e-7 1.8125 7.834798391487296
v 3.026297183910472 1.8125 11.294293826427909
v 2.0277948912857173 1.8125 7.567834149486067
v 10.126186763506407 -0.375 5.846356918950222
v 8.267997126378319 -0.375 8.267996801606142
v 5.540039167511736 -0.375 5.540039337239374
v 6.785134721662837 -0.375 3.917399219457879
v 5.846356525029835 -0.375 10.126187028208046
v 3.917399172029417 -0.375 6.785134569508514
v 3.026297183910472 -0.375 11.294293826427909
v 2.0277948912857173 -0.375 7.567834149486067
v -2.6470163705383243e-7 -0.375 11.692713443980056
v -3.02629670004959 -0.375 11.294293985516616
v -2.0277949819743304 -0.375 7.567834228525092
v 1.5215432314086286e-7 -0.375 7.834798391487296
v -5.846356918950222 -0.375 10.126186763506407
v -3.917399219457879 -0.375 6.785134721662837
v -8.267996801606142 -0.375 8.267997126378319
v -5.540039337239374 -0.375 5.540039167511736
v -10.126187028208046 -0.375 5.846356525029835
v -6.785134569508514 -0.375 3.917399172029417
v -11.294293826427909 -0.375 3.026297183910472
v -7.567834149486067 -0.375 2.0277948912857173
v -11.692713443980056 -0.375 -2.6470163705383243e-7
v -7.834798391487296 -0.375 1.5215432314086286e-7
v -11.294293985516616 -0.375 -3.02629670004959
v -7.567834228525092 -0.375 -2.0277949819743304
v -10.126186763506407 -0.375 -5.846356918950222
v -6.785134721662837 -0.375 -3.917399219457879
v -8.267997126378319 -0.375 -8.267996801606142
v -5.540039167511736 -0.375 -5.540039337239374
v -5.846356525029835 -0.375 -10.126187028208046
v -3.026297183910472 -0.375 -11.294293826427909
v -2.0277948912857173 -0.375 -7.567834149486067
v -3.917399172029417 -0.375 -6.785134569508514
v 2.6470163705383243e-7 -0.375 -11.692713443980056
v -1.5215432314086286e-7 -0.375 -7.834798391487296
v 3.02629670004959 -0.375 -11.294293985516616
v 2.0277949819743304 -0.375 -7.567834228525092
v 5.846356918950222 -0.375 -10.126186763506407
v 3.917399219457879 -0.375 -6.785134721662837
v 8.267996801606142 -0.375 -8.267997126378319
v 5.540039337239374 -0.375 -5.540039167511736
v 10.126187028208046 -0.375 -5.846356525029835
v 6.785134569508514 -0.375 -3.917399172029417
v 11.294293826427909 -0.375 -3.026297183910472
v 7.567834149486067 -0.375 -2.0277948912857173
v 11.692713443980056 -0.375 2.6470163705383243e-7
v 7.834798391487296 -0.375 -1.5215432314086286e-7
v 11.294293985516616 -0.375 3.02629670004959
v 7.567834228525092 -0.375 2.0277949819743304
vt 0.0625 0.9375
vt 0.0625 0.9375
vt 0.0625 0.9375
vt 0.0625 0.9375
vt 0.0625 0.9375
vt 0.0625 0.9375
vt 0.0625 0.9375
vt 0.0625 0.9375
vt 0.0625 0.9375
vt 0.0625 0.9375
vt 0.0625 0.9375
vt 0.0625 0.9375
vt 0.0625 0.9375
vt 0.0625 0.9375
vt 0.0625 0.9375
vt 0.0625 0.9375
vt 0.0625 0.9375
vt 0.0625 0.9375
vt 0.0625 0.9375
vt 0.0625 0.9375
vt 0.0625 0.9375
vt 0.0625 0.9375
vt 0.0625 0.9375
vt 0.0625 0.9375
vt 0.0625 0.9375
vt 0.0625 0.9375
vt 0.0625 0.9375
vt 0.0625 0.9375
vt 0.0625 0.9375
vt 0.0625 0.9375
vt 0.0625 0.9375
vt 0.0625 0.9375
vt 0.0625 0.9375
vt 0.0625 0.9375
vt 0.0625 0.9375
vt 0.0625 0.9375
vt 0.0625 0.9375
vt 0.0625 0.9375
vt 0.0625 0.9375
vt 0.0625 0.9375
vt 0.0625 0.9375
vt 0.0625 0.9375
vt 0.0625 0.9375
vt 0.0625 0.9375
vt 0.0625 0.9375
vt 0.0625 0.9375
vt 0.0625 0.9375
vt 0.0625 0.9375
vt 0.0625 0.9375
vt 0.0625 0.9375
vt 0.0625 0.9375
vt 0.0625 0.9375
vt 0.0625 0.9375
vt 0.0625 0.9375
vt 0.0625 0.9375
vt 0.0625 0.9375
vt 0.0625 0.9375
vt 0.0625 0.9375
vt 0.0625 0.9375
vt 0.0625 0.9375
vt 0.0625 0.9375
vt 0.0625 0.9375
vt 0.0625 0.9375
vt 0.0625 0.9375
vt 0.0625 0.9375
vt 0.0625 0.9375
vt 0.0625 0.9375
vt 0.0625 0.9375
vt 0.0625 0.9375
vt 0.0625 0.9375
vt 0.0625 0.9375
vt 0.0625 0.9375
vt 0.0625 0.9375
vt 0.0625 0.9375
vt 0.0625 0.9375
vt 0.0625 0.9375
vt 0.0625 0.9375
vt 0.0625 0.9375
vt 0.0625 0.9375
vt 0.0625 0.9375
vt 0.0625 0.9375
vt 0.0625 0.9375
vt 0.0625 0.9375
vt 0.0625 0.9375
vt 0.0625 0.9375
vt 0.0625 0.9375
vt 0.0625 0.9375
vt 0.0625 0.9375
vt 0.0625 0.9375
vt 0.0625 0.9375
vt 0.0625 0.9375
vt 0.0625 0.9375
vt 0.0625 0.9375
vt 0.0625 0.9375
vt 0.0625 0.9375
vt 0.0625 0.9375
vt 0.0625 0.9375
vt 0.0625 0.9375
vt 0.0625 0.9375
vt 0.0625 0.9375
vt 0.0625 0.9375
vt 0.0625 0.9375
vt 0.0625 0.9375
vt 0.0625 0.9375
vt 0.0625 0.9375
vt 0.0625 0.9375
vt 0.0625 0.9375
vt 0.0625 0.9375
vt 0.0625 0.9375
vt 0.0625 0.9375
vt 0.0625 0.9375
vt 0.0625 0.9375
vt 0.0625 0.9375
vt 0.0625 0.9375
vt 0.0625 0.9375
vt 0.0625 0.9375
vt 0.0625 0.9375
vt 0.0625 0.9375
vt 0.0625 0.9375
vt 0.0625 0.9375
vt 0.0625 0.9375
vt 0.0625 0.9375
vt 0.0625 0.9375
vt 0.0625 0.9375
vt 0.0625 0.9375
vt 0.0625 0.9375
vt 0.0625 0.9375
vt 0.0625 0.9375
vt 0.0625 0.9375
vt 0.0625 0.9375
vt 0.0625 0.9375
vt 0.0625 0.9375
vt 0.0625 0.9375
vt 0.0625 0.9375
vt 0.0625 0.9375
vt 0.0625 0.9375
vt 0.0625 0.9375
vt 0.0625 0.9375
vt 0.0625 0.9375
vt 0.0625 0.9375
vt 0.0625 0.9375
vt 0.0625 0.9375
vt 0.0625 0.9375
vt 0.0625 0.9375
vt 0.0625 0.9375
vt 0.0625 0.9375
vt 0.0625 0.9375
vt 0.0625 0.9375
vt 0.0625 0.9375
vt 0.0625 0.9375
vt 0.0625 0.9375
vt 0.0625 0.9375
vt 0.0625 0.9375
vt 0.0625 0.9375
vt 0.0625 0.9375
vt 0.0625 0.9375
vt 0.0625 0.9375
vt 0.0625 0.9375
vt 0.0625 0.9375
vt 0.0625 0.9375
vt 0.0625 0.9375
vt 0.0625 0.9375
vt 0.0625 0.9375
vt 0.0625 0.9375
vt 0.0625 0.9375
vt 0.0625 0.9375
vt 0.0625 0.9375
vt 0.0625 0.9375
vt 0.0625 0.9375
vt 0.0625 0.9375
vt 0.0625 0.9375
vt 0.0625 0.9375
vt 0.0625 0.9375
vt 0.0625 0.9375
vt 0.0625 0.9375
vt 0.0625 0.9375
vt 0.0625 0.9375
vt 0.0625 0.9375
vt 0.0625 0.9375
vt 0.0625 0.9375
vt 0.0625 0.9375
vt 0.0625 0.9375
vt 0.0625 0.9375
vt 0.0625 0.9375
vt 0.0625 0.9375
vt 0.0625 0.9375
vt 0.0625 0.9375
vt 0.0625 0.9375
vt 0.0625 0.9375
vt 0.0625 0.9375
vt 0.0625 0.9375
vt 0.0625 0.9375
vt 0.0625 0.9375
vt 0.0625 0.9375
vt 0.0625 0.9375
vt 0.0625 0.9375
vt 0.0625 0.9375
vt 0.0625 0.9375
vt 0.0625 0.9375
vt 0.0625 0.9375
vt 0.0625 0.9375
vt 0.0625 0.9375
vt 0.0625 0.9375
vt 0.0625 0.9375
vt 0.0625 0.9375
vt 0.0625 0.9375
vt 0.0625 0.9375
vt 0.0625 0.9375
vt 0.0625 0.9375
vt 0.0625 0.9375
vt 0.0625 0.9375
vt 0.0625 0.9375
vt 0.0625 0.9375
vt 0.0625 0.9375
vt 0.0625 0.9375
vt 0.0625 0.9375
vt 0.0625 0.9375
vt 0.0625 0.9375
vt 0.0625 0.9375
vt 0.0625 0.9375
vt 0.0625 0.9375
vt 0.0625 0.9375
vt 0.0625 0.9375
vt 0.0625 0.9375
vt 0.0625 0.9375
vt 0.0625 0.9375
vt 0.0625 0.9375
vt 0.0625 0.9375
vt 0.0625 0.9375
vt 0.0625 0.9375
vt 0.0625 0.9375
vt 0.0625 0.9375
vt 0.0625 0.9375
vt 0.0625 0.9375
vt 0.0625 0.9375
vt 0.0625 0.9375
vt 0.0625 0.9375
vt 0.0625 0.9375
vt 0.0625 0.9375
vt 0.0625 0.9375
vt 0.0625 0.9375
vt 0.0625 0.9375
vt 0.0625 0.9375
vt 0.0625 0.9375
vt 0.0625 0.9375
vt 0.0625 0.9375
vt 0.0625 0.9375
vt 0.0625 0.9375
vt 0.0625 0.9375
vt 0.0625 0.9375
vt 0.0625 0.9375
vt 0.0625 0.9375
vt 0.0625 0.9375
vt 0.0625 0.9375
vt 0.0625 0.9375
vt 0.0625 0.9375
vt 0.0625 0.9375
vt 0.0625 0.9375
vt 0.0625 0.9375
vt 0.0625 0.9375
vt 0.0625 0.9375
vt 0.0625 0.9375
vt 0.0625 0.9375
vt 0.0625 0.9375
vt 0.0625 0.9375
vt 0.0625 0.9375
vt 0.0625 0.9375
vt 0.0625 0.9375
vt 0.0625 0.9375
vt 0.0625 0.9375
vt 0.0625 0.9375
vt 0.0625 0.9375
vt 0.0625 0.9375
vt 0.0625 0.9375
vt 0.0625 0.9375
vt 0.0625 0.9375
vt 0.0625 0.9375
vt 0.0625 0.9375
vt 0.0625 0.9375
vt 0.0625 0.9375
vt 0.0625 0.9375
vt 0.0625 0.9375
vt 0.0625 0.9375
vt 0.0625 0.9375
vt 0.0625 0.9375
vt 0.0625 0.9375
vt 0.0625 0.9375
vt 0.0625 0.9375
vt 0.0625 0.9375
vt 0.0625 0.9375
vt 0.0625 0.9375
vt 0.0625 0.9375
vt 0.0625 0.9375
vt 0.0625 0.9375
vt 0.0625 0.9375
vt 0.0625 0.9375
vt 0.0625 0.9375
vt 0.0625 0.9375
vt 0.0625 0.9375
vt 0.0625 0.9375
vt 0.0625 0.9375
vt 0.0625 0.9375
vt 0.0625 0.9375
vt 0.0625 0.9375
vt 0.0625 0.9375
vt 0.0625 0.9375
vt 0.0625 0.9375
vt 0.0625 0.9375
vt 0.0625 0.9375
vt 0.0625 0.9375
vt 0.0625 0.9375
vt 0.0625 0.9375
vt 0.0625 0.9375
vt 0.0625 0.9375
vt 0.0625 0.9375
vt 0.0625 0.9375
vt 0.0625 0.9375
vt 0.0625 0.9375
vt 0.0625 0.9375
vt 0.0625 0.9375
vt 0.0625 0.9375
vt 0.0625 0.9375
vt 0.0625 0.9375
vt 0.0625 0.9375
vt 0.0625 0.9375
vt 0.0625 0.9375
vt 0.0625 0.9375
vt 0.0625 0.9375
vt 0.0625 0.9375
vt 0.0625 0.9375
vt 0.0625 0.9375
vt 0.0625 0.9375
vt 0.0625 0.9375
vt 0.0625 0.9375
vt 0.0625 0.9375
vt 0.0625 0.9375
vt 0.0625 0.9375
vt 0.0625 0.9375
vt 0.0625 0.9375
vt 0.0625 0.9375
vt 0.0625 0.9375
vt 0.0625 0.9375
vt 0.0625 0.9375
vt 0.0625 0.9375
vt 0.0625 0.9375
vt 0.0625 0.9375
vt 0.0625 0.9375
vt 0.0625 0.9375
vt 0.0625 0.9375
vt 0.0625 0.9375
vt 0.0625 0.9375
vt 0.0625 0.9375
vt 0.0625 0.9375
vt 0.0625 0.9375
vt 0.0625 0.9375
vt 0.0625 0.9375
vt 0.0625 0.9375
vt 0.0625 0.9375
vt 0.0625 0.9375
vt 0.0625 0.9375
vt 0.0625 0.9375
vt 0.0625 0.9375
vt 0.0625 0.9375
vt 0.0625 0.9375
vt 0.0625 0.9375
vt 0.0625 0.9375
vt 0.0625 0.9375
vt 0.0625 0.9375
vt 0.0625 0.9375
vt 0.0625 0.9375
vt 0.0625 0.9375
vt 0.0625 0.9375
vt 0.0625 0.9375
vt 0.0625 0.9375
vt 0.0625 0.9375
vt 0.0625 0.9375
vt 0.0625 0.9375
vt 0.0625 0.9375
vt 0.0625 0.9375
vt 0.0625 0.9375
vt 0.0625 0.9375
vt 0.0625 0.9375
vt 0.0625 0.9375
vt 0.0625 0.9375
vt 0.0625 0.9375
vt 0.0625 0.9375
vt 0.0625 0.9375
vt 0.0625 0.9375
vt 0.0625 0.9375
vt 0.0625 0.9375
vt 0.0625 0.9375
vt 0.0625 0.9375
vt 0.0625 0.9375
vt 0.0625 0.9375
vt 0.0625 0.9375
vt 0.0625 0.9375
vt 0.0625 0.9375
vt 0.0625 0.9375
vt 0.0625 0.9375
vt 0.0625 0.9375
vt 0.0625 0.9375
vt 0.0625 0.9375
vt 0.0625 0.9375
vt 0.0625 0.9375
vt 0.0625 0.9375
vt 0.0625 0.9375
vt 0.0625 0.9375
vt 0.0625 0.9375
vt 0.0625 0.9375
vt 0.0625 0.9375
vt 0.0625 0.9375
vt 0.0625 0.9375
vt 0.0625 0.9375
vt 0.0625 0.9375
vt 0.0625 0.9375
vt 0.0625 0.9375
vt 0.0625 0.9375
vt 0.0625 0.9375
vt 0.0625 0.9375
vt 0.0625 0.9375
vt 0.0625 0.9375
vt 0.0625 0.9375
vt 0.0625 0.9375
vt 0.0625 0.9375
vt 0.0625 0.9375
vt 0.0625 0.9375
vt 0.0625 0.9375
vt 0.0625 0.9375
vt 0.0625 0.9375
vt 0.0625 0.9375
vt 0.0625 0.9375
vt 0.0625 0.9375
vt 0.0625 0.9375
vt 0.0625 0.9375
vt 0.0625 0.9375
vt 0.0625 0.9375
vt 0.4375 0.65625
vt 0.4375 0.65625
vt 0.4375 0.65625
vt 0.4375 0.65625
vt 0.0625 0.9375
vt 0.0625 0.9375
vt 0.0625 0.9375
vt 0.0625 0.9375
vt 0.0625 0.9375
vt 0.0625 0.9375
vt 0.0625 0.9375
vt 0.0625 0.9375
vt 0.03125 0.9375
vt 0.0625 0.9375
vt 0.0625 0.9375
vt 0.0625 0.9375
vt 0.375 0.65625
vt 0.375 0.65625
vt 0.375 0.65625
vt 0.375 0.65625
vt 0.0625 0.9375
vt 0.03125 0.9375
vt 0.0625 0.9375
vt 0.0625 0.9375
vt 0.0625 0.9375
vt 0.0625 0.9375
vt 0.0625 0.9375
vt 0.0625 0.9375
vt 0.0625 0.9375
vt 0.0625 0.9375
vt 0.0625 0.9375
vt 0.0625 0.9375
vt 0.34375 0.625
vt 0.34375 0.625
vt 0.34375 0.625
vt 0.34375 0.625
vt 0.0625 0.9375
vt 0.0625 0.9375
vt 0.0625 0.9375
vt 0.0625 0.9375
vt 0.0625 0.9375
vt 0.0625 0.9375
vt 0.0625 0.9375
vt 0.0625 0.9375
vt 0.0625 0.9375
vt 0.0625 0.9375
vt 0.0625 0.9375
vt 0.0625 0.9375
vt 0.375 0.625
vt 0.375 0.625
vt 0.375 0.625
vt 0.375 0.625
vt 0.0625 0.9375
vt 0.0625 0.9375
vt 0.0625 0.9375
vt 0.0625 0.9375
vt 0.0625 0.9375
vt 0.0625 0.9375
vt 0.0625 0.9375
vt 0.0625 0.9375
vt 0.0625 0.9375
vt 0.0625 0.9375
vt 0.0625 0.9375
vt 0.0625 0.9375
vt 0.4375 0.59375
vt 0.4375 0.59375
vt 0.4375 0.59375
vt 0.4375 0.59375
vt 0.0625 0.9375
vt 0.0625 0.9375
vt 0.0625 0.9375
vt 0.0625 0.9375
vt 0.0625 0.9375
vt 0.0625 0.9375
vt 0.0625 0.9375
vt 0.0625 0.9375
vt 0.0625 0.9375
vt 0.0625 0.9375
vt 0.0625 0.9375
vt 0.0625 0.9375
vt 0.375 0.65625
vt 0.375 0.65625
vt 0.375 0.65625
vt 0.375 0.65625
vt 0.0625 0.9375
vt 0.0625 0.9375
vt 0.0625 0.9375
vt 0.0625 0.9375
vt 0.0625 0.9375
vt 0.0625 0.9375
vt 0.0625 0.9375
vt 0.0625 0.9375
vt 0.0625 0.9375
vt 0.0625 0.9375
vt 0.0625 0.9375
vt 0.0625 0.9375
vt 0.34375 0.65625
vt 0.34375 0.65625
vt 0.34375 0.65625
vt 0.34375 0.65625
vt 0.0625 0.9375
vt 0.0625 0.9375
vt 0.0625 0.9375
vt 0.0625 0.9375
vt 0.0625 0.9375
vt 0.0625 0.9375
vt 0.0625 0.9375
vt 0.0625 0.9375
vt 0.0625 0.9375
vt 0.0625 0.9375
vt 0.0625 0.9375
vt 0.0625 0.9375
vt 0.375 0.625
vt 0.375 0.625
vt 0.375 0.625
vt 0.375 0.625
vt 0.0625 0.9375
vt 0.0625 0.9375
vt 0.0625 0.9375
vt 0.0625 0.9375
vt 0.0625 0.9375
vt 0.0625 0.9375
vt 0.0625 0.9375
vt 0.0625 0.9375
vt 0.0625 0.9375
vt 0.0625 0.9375
vt 0.0625 0.9375
vt 0.0625 0.9375
vt 0.34375 0.625
vt 0.34375 0.625
vt 0.34375 0.625
vt 0.34375 0.625
vt 0.0625 0.9375
vt 0.0625 0.9375
vt 0.0625 0.9375
vt 0.0625 0.9375
vt 0.0625 0.9375
vt 0.0625 0.9375
vt 0.0625 0.9375
vt 0.0625 0.9375
vt 0.0625 0.9375
vt 0.0625 0.9375
vt 0.0625 0.9375
vt 0.0625 0.9375
vt 0.3125 0.625
vt 0.3125 0.625
vt 0.3125 0.625
vt 0.3125 0.625
vt 0.0625 0.9375
vt 0.0625 0.9375
vt 0.0625 0.9375
vt 0.0625 0.9375
vt 0.0625 0.9375
vt 0.0625 0.9375
vt 0.0625 0.9375
vt 0.0625 0.9375
vt 0.0625 0.9375
vt 0.0625 0.9375
vt 0.0625 0.9375
vt 0.0625 0.9375
vt 0.375 0.65625
vt 0.375 0.65625
vt 0.375 0.65625
vt 0.375 0.65625
vt 0.0625 0.9375
vt 0.0625 0.9375
vt 0.0625 0.9375
vt 0.0625 0.9375
vt 0.0625 0.9375
vt 0.0625 0.9375
vt 0.0625 0.9375
vt 0.0625 0.9375
vt 0.0625 0.9375
vt 0.0625 0.9375
vt 0.0625 0.9375
vt 0.0625 0.9375
vt 0.3125 0.6875
vt 0.3125 0.6875
vt 0.3125 0.6875
vt 0.3125 0.6875
vt 0.0625 0.9375
vt 0.0625 0.9375
vt 0.0625 0.9375
vt 0.0625 0.9375
vt 0.0625 0.9375
vt 0.0625 0.9375
vt 0.0625 0.9375
vt 0.0625 0.9375
vt 0.0625 0.9375
vt 0.0625 0.9375
vt 0.0625 0.9375
vt 0.0625 0.9375
vt 0.0625 0.9375
vt 0.0625 0.9375
vt 0.0625 0.9375
vt 0.0625 0.9375
vt 0.0625 0.9375
vt 0.0625 0.9375
vt 0.0625 0.9375
vt 0.0625 0.9375
vt 0.0625 0.9375
vt 0.0625 0.9375
vt 0.0625 0.9375
vt 0.0625 0.9375
vt 0.0625 0.9375
vt 0.0625 0.9375
vt 0.0625 0.9375
vt 0.03125 0.96875
vt 0.0625 0.9375
vt 0.0625 0.9375
vt 0.0625 0.9375
vt 0.0625 0.9375
vt 0.0625 0.9375
vt 0.0625 0.9375
vt 0.03125 0.96875
vt 0.0625 0.96875
vt 0.0625 0.9375
vt 0.0625 0.9375
vt 0.0625 0.9375
vt 0.0625 0.9375
vt 0.0625 0.9375
vt 0.0625 0.9375
vt 0.0625 0.96875
vt 0.0625 0.9375
vt 0.0625 0.9375
vt 0.0625 0.9375
vt 0.0625 0.9375
vt 0.0625 0.9375
vt 0.0625 0.9375
vt 0.0625 0.9375
vt 0.0625 0.9375
vt 0.0625 0.9375
vt 0.0625 0.9375
vt 0.0625 0.9375
vt 0.0625 0.9375
vt 0.0625 0.9375
vt 0.0625 0.9375
vt 0.0625 0.9375
vt 0.0625 0.9375
vt 0.0625 0.9375
vt 0.0625 0.9375
vt 0.0625 0.9375
vt 0.0625 0.9375
vt 0.0625 0.9375
vt 0.0625 0.9375
vt 0.0625 0.9375
vt 0.0625 0.9375
vt 0.0625 0.9375
vt 0.0625 0.9375
vt 0.0625 0.9375
vt 0.0625 0.9375
vt 0.0625 0.9375
vt 0.0625 0.9375
vt 0.0625 0.9375
vt 0.0625 0.9375
vt 0.0625 0.9375
vt 0.0625 0.9375
vt 0.0625 0.9375
vt 0.0625 0.9375
vt 0.0625 0.9375
vt 0.0625 0.9375
vt 0.0625 0.9375
vt 0.0625 0.9375
vt 0.0625 0.9375
vt 0.0625 0.9375
vt 0.0625 0.9375
vt 0.0625 0.9375
vt 0.0625 0.9375
vt 0.0625 0.9375
vt 0.0625 0.9375
vt 0.0625 0.9375
vt 0.0625 0.9375
vt 0.0625 0.9375
vt 0.0625 0.9375
vt 0.0625 0.9375
vt 0.0625 0.9375
vt 0.0625 0.9375
vt 0.0625 0.9375
vt 0.0625 0.9375
vt 0.0625 0.9375
vt 0.0625 0.9375
vt 0.0625 0.9375
vt 0.0625 0.9375
vt 0.0625 0.9375
vt 0.0625 0.9375
vt 0.0625 0.9375
vt 0.0625 0.9375
vt 0.0625 0.9375
vt 0.0625 0.9375
vt 0.0625 0.9375
vt 0.0625 0.9375
vt 0.0625 0.9375
vt 0.0625 0.9375
vt 0.0625 0.9375
vt 0.0625 0.9375
vt 0.0625 0.9375
vt 0.0625 0.9375
vt 0.0625 0.9375
vt 0.0625 0.9375
vt 0.0625 0.9375
vt 0.0625 0.9375
vt 0.0625 0.9375
vt 0.0625 0.9375
vt 0.0625 0.9375
vt 0.0625 0.9375
vt 0.0625 0.9375
vt 0.0625 0.9375
vt 0.0625 0.9375
vt 0.0625 0.9375
vt 0.0625 0.9375
vt 0.0625 0.9375
vt 0.0625 0.9375
vt 0.0625 0.9375
vt 0.0625 0.9375
vt 0.0625 0.9375
vt 0.0625 0.9375
vt 0.0625 0.9375
vt 0.0625 0.9375
vt 0.0625 0.9375
vt 0.0625 0.9375
vt 0.0625 0.9375
vt 0.0625 0.9375
vt 0.0625 0.9375
vt 0.0625 0.9375
vt 0.0625 0.9375
vt 0.0625 0.9375
vt 0.0625 0.9375
vt 0.0625 0.9375
vt 0.0625 0.9375
vt 0.0625 0.9375
vt 0.0625 0.9375
vt 0.0625 0.9375
vt 0.0625 0.9375
vt 0.0625 0.9375
vt 0.0625 0.9375
vt 0.0625 0.9375
vt 0.0625 0.9375
vt 0.0625 0.9375
vt 0.0625 0.9375
vt 0.0625 0.9375
vt 0.0625 0.9375
vt 0.0625 0.9375
vt 0.0625 0.9375
vt 0.0625 0.9375
vt 0.0625 0.9375
vt 0.0625 0.9375
vt 0.0625 0.9375
vt 0.0625 0.9375
vt 0.0625 0.9375
vt 0.0625 0.9375
vt 0.0625 0.9375
vt 0.0625 0.9375
vt 0.0625 0.9375
vt 0.0625 0.9375
vt 0.0625 0.9375
vt 0.0625 0.9375
vt 0.0625 0.9375
vt 0.0625 0.9375
vt 0.0625 0.9375
vt 0.0625 0.9375
vt 0.0625 0.9375
vt 0.0625 0.9375
vt 0.0625 0.9375
vt 0.0625 0.9375
vt 0.0625 0.9375
vt 0.0625 0.9375
vt 0.0625 0.9375
vt 0.0625 0.9375
vt 0.0625 0.9375
vt 0.0625 0.9375
vt 0.0625 0.9375
vt 0.0625 0.9375
vt 0.0625 0.9375
vt 0.0625 0.9375
vt 0.0625 0.9375
vt 0.0625 0.9375
vt 0.0625 0.9375
vt 0.0625 0.9375
vt 0.0625 0.9375
vt 0.0625 0.9375
vt 0.0625 0.9375
vt 0.0625 0.9375
vt 0.0625 0.9375
vt 0.0625 0.9375
vt 0.0625 0.9375
vt 0.0625 0.9375
vt 0.0625 0.9375
vt 0.0625 0.9375
vt 0.0625 0.9375
vt 0.0625 0.9375
vt 0.0625 0.9375
vt 0.0625 0.9375
vt 0.0625 0.9375
vt 0.0625 0.9375
vt 0.0625 0.9375
vt 0.0625 0.9375
vt 0.0625 0.9375
vt 0.0625 0.9375
vt 0.0625 0.9375
vt 0.0625 0.9375
vt 0.0625 0.9375
vt 0.0625 0.9375
vt 0.0625 0.9375
vt 0.0625 0.9375
vt 0.0625 0.9375
vt 0.0625 0.9375
vt 0.0625 0.9375
vt 0.0625 0.9375
vt 0.0625 0.9375
vt 0.0625 0.9375
vt 0.0625 0.9375
vt 0.0625 0.9375
vt 0.0625 0.9375
vt 0.0625 0.9375
vt 0.0625 0.9375
vt 0.0625 0.9375
vt 0.0625 0.9375
vt 0.0625 0.9375
vt 0.0625 0.9375
vt 0.0625 0.9375
vt 0.0625 0.9375
vt 0.0625 0.9375
vt 0.0625 0.9375
vt 0.0625 0.9375
vt 0.0625 0.9375
vt 0.0625 0.9375
vt 0.0625 0.9375
vt 0.0625 0.9375
vt 0.0625 0.9375
vt 0.0625 0.9375
vt 0.0625 0.9375
vt 0.0625 0.9375
vt 0.0625 0.9375
vt 0.0625 0.9375
vt 0.0625 0.9375
vt 0.0625 0.9375
vt 0.0625 0.9375
vt 0.0625 0.9375
vt 0.0625 0.9375
vt 0.0625 0.9375
vt 0.0625 0.9375
vt 0.0625 0.9375
vt 0.0625 0.9375
vt 0.0625 0.9375
vt 0.0625 0.9375
vt 0.0625 0.9375
vt 0.0625 0.9375
vt 0.0625 0.9375
vt 0.0625 0.9375
vt 0.0625 0.9375
vt 0.0625 0.9375
vt 0.0625 0.9375
vt 0.0625 0.9375
vt 0.0625 0.9375
vt 0.0625 0.9375
vt 0.0625 0.9375
vt 0.0625 0.9375
vt 0.0625 0.9375
vt 0.0625 0.9375
vt 0.0625 0.9375
vt 0.0625 0.9375
vt 0.0625 0.9375
vt 0.0625 0.9375
vt 0.0625 0.9375
vt 0.0625 0.9375
vt 0.0625 0.9375
vt 0.0625 0.9375
vt 0.0625 0.9375
vt 0.0625 0.9375
vt 0.0625 0.9375
vt 0.0625 0.9375
vt 0.0625 0.9375
vt 0.0625 0.9375
vt 0.0625 0.9375
vt 0.0625 0.9375
vt 0.0625 0.9375
vt 0.0625 0.9375
vt 0.0625 0.9375
vt 0.0625 0.9375
vt 0.0625 0.9375
vt 0.0625 0.9375
vt 0.0625 0.9375
vt 0.0625 0.9375
vt 0.0625 0.9375
vt 0.0625 0.9375
vt 0.0625 0.9375
vt 0.0625 0.9375
vt 0.0625 0.9375
vt 0.0625 0.9375
vt 0.0625 0.9375
vt 0.0625 0.9375
vt 0.0625 0.9375
vt 0.0625 0.9375
vt 0.0625 0.9375
vt 0.0625 0.9375
vt 0.0625 0.9375
vt 0.0625 0.9375
vt 0.0625 0.9375
vt 0.0625 0.9375
vt 0.0625 0.9375
vt 0.0625 0.9375
vt 0.0625 0.9375
vt 0.0625 0.9375
vt 0.0625 0.9375
vt 0.0625 0.9375
vt 0.0625 0.9375
vt 0.0625 0.9375
vt 0.0625 0.9375
vt 0.0625 0.9375
vt 0.0625 0.9375
vt 0.0625 0.9375
vt 0.0625 0.9375
vt 0.0625 0.9375
vt 0.0625 0.9375
vt 0.0625 0.9375
vt 0.0625 0.9375
vt 0.0625 0.9375
vt 0.0625 0.9375
vt 0.0625 0.9375
vt 0.0625 0.9375
vt 0.0625 0.9375
vt 0.0625 0.9375
vt 0.0625 0.9375
vt 0.0625 0.9375
vt 0.0625 0.9375
vt 0.0625 0.9375
vt 0.0625 0.9375
vt 0.0625 0.9375
vt 0.0625 0.9375
vt 0.0625 0.9375
vt 0.0625 0.9375
vt 0.0625 0.9375
vt 0.0625 0.9375
vt 0.0625 0.9375
vt 0.0625 0.9375
vt 0.0625 0.9375
vt 0.0625 0.9375
vt 0.0625 0.9375
vt 0.0625 0.9375
vt 0.0625 0.9375
vt 0.0625 0.9375
vt 0.0625 0.9375
vt 0.0625 0.9375
vt 0.0625 0.9375
vt 0.0625 0.9375
vt 0.0625 0.9375
vt 0.0625 0.9375
vt 0.0625 0.9375
vt 0.0625 0.9375
vt 0.0625 0.9375
vt 0.0625 0.9375
vt 0.0625 0.9375
vt 0.0625 0.9375
vt 0.0625 0.9375
vt 0.0625 0.9375
vt 0.0625 0.9375
vt 0.0625 0.9375
vt 0.0625 0.9375
vt 0.0625 0.9375
vt 0.0625 0.9375
vt 0.0625 0.9375
vt 0.0625 0.9375
vt 0.0625 0.9375
vt 0.0625 0.9375
vt 0.0625 0.9375
vt 0.0625 0.9375
vt 0.0625 0.9375
vt 0.0625 0.9375
vt 0.0625 0.9375
vt 0.0625 0.9375
vt 0.0625 0.9375
vt 0.0625 0.9375
vt 0.0625 0.9375
vt 0.0625 0.9375
vt 0.0625 0.9375
vt 0.0625 0.9375
vt 0.03125 0.96875
vt 0.0625 0.9375
vt 0.0625 0.9375
vt 0.03125 0.9375
vt 0.0625 0.9375
vt 0.0625 0.9375
vt 0.0625 0.9375
vt 0.0625 0.9375
vt 0.0625 0.9375
vt 0.0625 0.9375
vt 0.0625 0.9375
vt 0.0625 0.9375
vt 0.0625 0.9375
vt 0.0625 0.9375
vt 0.0625 0.9375
vt 0.0625 0.9375
vt 0.0625 0.9375
vt 0.0625 0.9375
vt 0.0625 0.9375
vt 0.0625 0.9375
vt 0.0625 0.9375
vt 0.0625 0.9375
vt 0.0625 0.9375
vt 0.0625 0.9375
vt 0.0625 0.9375
vt 0.0625 0.9375
vt 0.0625 0.9375
vt 0.0625 0.9375
vt 0.0625 0.9375
vt 0.0625 0.9375
vt 0.0625 0.9375
vt 0.0625 0.9375
vt 0.0625 0.9375
vt 0.0625 0.9375
vt 0.0625 0.9375
vt 0.0625 0.9375
vt 0.0625 0.9375
vt 0.0625 0.9375
vt 0.0625 0.9375
vt 0.0625 0.9375
vt 0.0625 0.9375
vt 0.0625 0.9375
vt 0.0625 0.9375
vt 0.0625 0.9375
vt 0.0625 0.9375
vt 0.0625 0.9375
vt 0.0625 0.9375
vt 0.0625 0.9375
vt 0.0625 0.9375
vt 0.0625 0.9375
vt 0.0625 0.9375
vt 0.0625 0.9375
vt 0.0625 0.9375
vt 0.0625 0.9375
vt 0.0625 0.9375
vt 0.0625 0.9375
vt 0.0625 0.9375
vt 0.0625 0.9375
vt 0.0625 0.9375
vt 0.0625 0.9375
vt 0.0625 0.9375
vt 0.0625 0.9375
vt 0.0625 0.9375
vt 0.0625 0.9375
vt 0.0625 0.9375
vt 0.0625 0.9375
vt 0.0625 0.9375
vt 0.0625 0.9375
vt 0.0625 0.9375
vt 0.0625 0.9375
vt 0.0625 0.9375
vt 0.0625 0.9375
vt 0.0625 0.9375
vt 0.0625 0.9375
vt 0.0625 0.9375
vt 0.0625 0.9375
vt 0.0625 0.9375
vt 0.0625 0.9375
vt 0.0625 0.9375
vt 0.0625 0.9375
vt 0.0625 0.9375
vt 0.0625 0.9375
vt 0.0625 0.9375
vt 0.0625 0.9375
vt 0.0625 0.9375
vt 0.0625 0.9375
vt 0.0625 0.9375
vt 0.0625 0.9375
vt 0.0625 0.9375
vt 0.0625 0.9375
vt 0.0625 0.9375
vt 0.0625 0.9375
vt 0.0625 0.9375
vt 0.0625 0.9375
vt 0.0625 0.9375
vt 0.0625 0.9375
vt 0.0625 0.9375
vt 0.0625 0.9375
vt 0.0625 0.9375
vt 0.0625 0.9375
vt 0.0625 0.9375
vt 0.0625 0.9375
vt 0.0625 0.9375
vt 0.0625 0.9375
vt 0.0625 0.9375
vt 0.0625 0.9375
vt 0.0625 0.9375
vt 0.0625 0.9375
vt 0.0625 0.9375
vt 0.0625 0.9375
vt 0.0625 0.9375
vt 0.0625 0.9375
vt 0.0625 0.9375
vt 0.0625 0.9375
vt 0.0625 0.9375
vt 0.0625 0.9375
vt 0.0625 0.9375
vt 0.0625 0.9375
vt 0.0625 0.9375
vt 0.0625 0.9375
vt 0.0625 0.9375
vt 0.0625 0.9375
vt 0.0625 0.9375
vt 0.0625 0.9375
vt 0.0625 0.9375
vt 0.0625 0.9375
vt 0.0625 0.9375
vt 0.0625 0.9375
vt 0.0625 0.9375
vt 0.0625 0.9375
vt 0.0625 0.9375
vt 0.0625 0.9375
vt 0.0625 0.9375
vt 0.0625 0.9375
vt 0.0625 0.9375
vt 0.0625 0.9375
vt 0.0625 0.9375
vt 0.0625 0.9375
vt 0.0625 0.9375
vt 0.0625 0.9375
vt 0.0625 0.9375
vt 0.0625 0.9375
vt 0.0625 0.9375
vt 0.0625 0.9375
vt 0.0625 0.9375
vt 0.0625 0.9375
vt 0.0625 0.9375
vt 0.0625 0.9375
vt 0.0625 0.9375
vt 0.0625 0.9375
vt 0.0625 0.9375
vt 0.0625 0.9375
vt 0.0625 0.9375
vt 0.0625 0.9375
vt 0.0625 0.9375
vt 0.0625 0.9375
vt 0.0625 0.9375
vt 0.0625 0.9375
vt 0.0625 0.9375
vt 0.0625 0.9375
vt 0.0625 0.9375
vt 0.0625 0.9375
vt 0.0625 0.9375
vt 0.0625 0.9375
vt 0.0625 0.9375
vt 0.0625 0.9375
vt 0.0625 0.9375
vt 0.0625 0.9375
vt 0.0625 0.9375
vt 0.0625 0.9375
vt 0.0625 0.9375
vt 0.0625 0.9375
vt 0.0625 0.9375
vt 0.0625 0.9375
vt 0.0625 0.9375
vt 0.0625 0.9375
vt 0.0625 0.9375
vt 0.0625 0.96875
vt 0.0625 0.9375
vt 0.0625 0.9375
vt 0.0625 0.9375
vt 0.0625 0.9375
vt 0.0625 0.9375
vt 0.0625 0.9375
vt 0.0625 0.96875
vt 0.03125 0.96875
vt 0.03125 0.9375
vt 0.0625 0.9375
vn 0 -1 0
vn 0.3826834246559794 0 0.923879535704505
vn 0 1 0
vn 0 -1 0
vn 0.6087614368446826 0 0.7933533342784902
vn 0 1 0
vn 0 -1 0
vn 0.7933533402912352 0 0.6087614290087207
vn 0 1 0
vn 0 -1 0
vn 0.9238795287315171 0 0.3826834414902608
vn 0 1 0
vn 0 -1 0
vn 0.9914448624629576 0 0.130526183947157
vn 0 1 0
vn 0 -1 0
vn 0.9914448613738104 0 -0.13052619222005157
vn 0 1 0
vn 0 -1 0
vn 0.923879535704505 0 -0.3826834246559794
vn 0 1 0
vn 0 -1 0
vn 0.7933533342784902 0 -0.6087614368446826
vn 0 1 0
vn 0 -1 0
vn 0.6087614290087207 0 -0.7933533402912352
vn 0 1 0
vn 0 -1 0
vn 0.3826834414902608 0 -0.9238795287315171
vn 0 1 0
vn 0 -1 0
vn 0.130526183947157 0 -0.9914448624629576
vn 0 1 0
vn 0 -1 0
vn -0.13052619222005157 0 -0.9914448613738104
vn 0 1 0
vn 0 -1 0
vn -0.3826834246559794 0 -0.923879535704505
vn 0 1 0
vn 0 -1 0
vn -0.6087614368446826 0 -0.7933533342784902
vn 0 1 0
vn 0 -1 0
vn -0.7933533402912352 0 -0.6087614290087207
vn 0 1 0
vn 0 -1 0
vn -0.9238795287315171 0 -0.3826834414902608
vn 0 1 0
vn 0 -1 0
vn -0.9914448624629576 0 -0.130526183947157
vn 0 1 0
vn 0 -1 0
vn -0.9914448613738104 0 0.13052619222005157
vn 0 1 0
vn 0 -1 0
vn -0.923879535704505 0 0.3826834246559794
vn 0 1 0
vn 0 -1 0
vn -0.7933533342784902 0 0.6087614368446826
vn 0 1 0
vn 0 -1 0
vn -0.6087614290087207 0 0.7933533402912352
vn 0 1 0
vn 0 -1 0
vn -0.3826834414902608 0 0.9238795287315171
vn 0 1 0
vn 0 -1 0
vn -0.130526183947157 0 0.9914448624629576
vn 0 1 0
vn 0 -1 0
vn 0.13052619222005157 0 0.9914448613738104
vn 0 1 0
vn 0.3826834222297032 0 0.9238795367095014
vn 0.3826834222297032 0 0.9238795367095014
vn 0.6087613238195937 0 0.7933534210056801
vn 0.6087613238195937 0 0.7933534210056801
vn 0.7933533402912353 0 0.6087614290087207
vn 0.7933533402912353 0 0.6087614290087207
vn 0.9238795832505042 0 0.38268330986975985
vn 0.9238795832505042 0 0.38268330986975985
vn 0.9914448628057433 0 0.13052618134344202
vn 0.9914448628057433 0 0.13052618134344202
vn 0.9914448613738104 0 -0.13052619222005157
vn 0.9914448613738104 0 -0.13052619222005157
vn 0.9238795367095014 0 -0.3826834222297032
vn 0.9238795367095014 0 -0.3826834222297032
vn 0.7933534210056801 0 -0.6087613238195937
vn 0.7933534210056801 0 -0.6087613238195937
vn 0.6087614290087207 0 -0.7933533402912353
vn 0.6087614290087207 0 -0.7933533402912353
vn 0.38268330986975985 0 -0.9238795832505042
vn 0.38268330986975985 0 -0.9238795832505042
vn 0.13052618134344202 0 -0.9914448628057433
vn 0.13052618134344202 0 -0.9914448628057433
vn -0.13052619222005157 0 -0.9914448613738104
vn -0.13052619222005157 0 -0.9914448613738104
vn -0.3826834222297032 0 -0.9238795367095014
vn -0.3826834222297032 0 -0.9238795367095014
vn -0.6087613238195937 0 -0.7933534210056801
vn -0.6087613238195937 0 -0.7933534210056801
vn -0.7933533402912353 0 -0.6087614290087207
vn -0.7933533402912353 0 -0.6087614290087207
vn -0.9238795832505042 0 -0.38268330986975985
vn -0.9238795832505042 0 -0.38268330986975985
vn -0.9914448628057433 0 -0.13052618134344202
vn -0.9914448628057433 0 -0.13052618134344202
vn -0.9914448613738104 0 0.13052619222005157
vn -0.9914448613738104 0 0.13052619222005157
vn -0.9238795367095014 0 0.3826834222297032
vn -0.9238795367095014 0 0.3826834222297032
vn -0.7933534210056801 0 0.6087613238195937
vn -0.7933534210056801 0 0.6087613238195937
vn -0.6087614290087207 0 0.7933533402912353
vn -0.6087614290087207 0 0.7933533402912353
vn -0.38268330986975985 0 0.9238795832505042
vn -0.38268330986975985 0 0.9238795832505042
vn -0.13052618134344202 0 0.9914448628057433
vn -0.13052618134344202 0 0.9914448628057433
vn 0.13052619222005157 0 0.9914448613738104
vn 0.13052619222005157 0 0.9914448613738104
vn 0 -1 0
vn 0 1 0
vn 0 -1 0
vn 0 1 0
vn 0 -1 0
vn 0 1 0
vn 0 -1 0
vn 0 1 0
vn 0 -1 0
vn 0 1 0
vn 0 -1 0
vn 0 1 0
vn 0 -1 0
vn 0 1 0
vn 0 -1 0
vn 0 1 0
vn 0 -1 0
vn 0 1 0
vn 0 -1 0
vn 0 1 0
vn 0 -1 0
vn 0 1 0
vn 0 -1 0
vn 0 1 0
vn 0 -1 0
vn 0 1 0
vn 0 -1 0
vn 0 1 0
vn 0 -1 0
vn 0 1 0
vn 0 -1 0
vn 0 1 0
vn 0 -1 0
vn 0 1 0
vn 0 -1 0
vn 0 1 0
vn 0 -1 0
vn 0 1 0
vn 0 -1 0
vn 0 1 0
vn 0 -1 0
vn 0 1 0
vn 0 -1 0
vn 0 1 0
vn 0 -1 0
vn 0 1 0
vn 0 -1 0
vn 0 1 0
vn 0 -1 0
vn 0 1 0
vn 0 -1 0
vn 0 1 0
vn 0 -1 0
vn 0 1 0
vn 0 -1 0
vn 0 1 0
vn 0 -1 0
vn 0 1 0
vn 0 -1 0
vn 0 1 0
vn 0 -1 0
vn 0 1 0
vn 0 -1 0
vn 0 1 0
vn 0 -1 0
vn 0 1 0
vn 0 -1 0
vn 0 1 0
vn 0 -1 0
vn 0 1 0
vn 0 -1 0
vn 0 1 0
vn 0 -1 0
vn 0 1 0
vn 0 -1 0
vn 0 1 0
vn 0 -1 0
vn 0 1 0
vn 0 -1 0
vn 0 1 0
vn 0 -1 0
vn 0 1 0
vn 0 -1 0
vn 0 1 0
vn 0 -1 0
vn 0 1 0
vn 0 -1 0
vn 0 1 0
vn 0 -1 0
vn 0 1 0
vn 0 -1 0
vn 0 1 0
vn 0 -1 0
vn 0 1 0
vn 0 -1 0
vn 0 1 0
vn 0.6087614368446826 0 0.7933533342784902
vn -0.6087613588331404 0 -0.793353394138847
vn 0.7933533402912353 0 0.6087614290087207
vn -0.7933533402912353 0 -0.6087614290087207
vn 0.9238795287315171 0 0.3826834414902608
vn -0.923879566361309 0 -0.38268335064389714
vn 0.9914448624629577 0 0.13052618394715704
vn -0.9914448696650442 0 -0.13052612924186432
vn 0.9914448613738104 0 -0.13052619222005157
vn -0.9914448613738104 0 0.13052619222005157
vn 0.9238795357045049 0 -0.3826834246559793
vn -0.9238795568199578 0 0.38268337367876143
vn 0.7933533342784902 0 -0.6087614368446826
vn -0.793353394138847 0 0.6087613588331404
vn 0.6087614290087207 0 -0.7933533402912353
vn -0.6087614290087207 0 0.7933533402912353
vn 0.3826834414902608 0 -0.9238795287315171
vn -0.38268335064389714 0 0.923879566361309
vn 0.13052618394715704 0 -0.9914448624629577
vn -0.13052612924186432 0 0.9914448696650442
vn -0.13052619222005157 0 -0.9914448613738104
vn 0.13052619222005157 0 0.9914448613738104
vn -0.3826834246559793 0 -0.9238795357045049
vn 0.38268337367876143 0 0.9238795568199578
vn -0.6087614368446826 0 -0.7933533342784902
vn 0.6087613588331404 0 0.793353394138847
vn -0.7933533402912353 0 -0.6087614290087207
vn 0.7933533402912353 0 0.6087614290087207
vn -0.9238795287315171 0 -0.3826834414902608
vn 0.923879566361309 0 0.38268335064389714
vn -0.9914448624629577 0 -0.13052618394715704
vn 0.9914448696650442 0 0.13052612924186432
vn -0.9914448613738104 0 0.13052619222005157
vn 0.9914448613738104 0 -0.13052619222005157
vn -0.9238795357045049 0 0.3826834246559793
vn 0.9238795568199578 0 -0.38268337367876143
vn -0.7933533342784902 0 0.6087614368446826
vn 0.793353394138847 0 -0.6087613588331404
vn -0.6087614290087207 0 0.7933533402912353
vn 0.6087614290087207 0 -0.7933533402912353
vn -0.3826834414902608 0 0.9238795287315171
vn 0.38268335064389714 0 -0.923879566361309
vn -0.13052618394715704 0 0.9914448624629577
vn 0.13052612924186432 0 -0.9914448696650442
vn 0.13052619222005157 0 0.9914448613738104
vn -0.13052619222005157 0 -0.9914448613738104
vn 0.3826834246559793 0 0.9238795357045049
vn -0.38268337367876143 0 -0.9238795568199578
vn 0.7933533402912353 0 0.6087614290087207
vn -0.7933533402912353 0 -0.6087614290087207
vn 0.6087614368446826 0 0.7933533342784902
vn -0.6087613588331404 0 -0.793353394138847
vn 0.3826834246559793 0 0.9238795357045049
vn -0.38268337367876143 0 -0.9238795568199578
vn -0.13052618394715704 0 0.9914448624629577
vn 0.13052612924186432 0 -0.9914448696650442
vn 0.13052619222005157 0 0.9914448613738104
vn -0.13052619222005157 0 -0.9914448613738104
vn -0.3826834414902608 0 0.9238795287315171
vn 0.38268335064389714 0 -0.923879566361309
vn -0.6087614290087207 0 0.7933533402912353
vn 0.6087614290087207 0 -0.7933533402912353
vn -0.7933533342784902 0 0.6087614368446826
vn 0.793353394138847 0 -0.6087613588331404
vn -0.9238795357045049 0 0.3826834246559793
vn 0.9238795568199578 0 -0.38268337367876143
vn -0.9914448613738104 0 0.13052619222005157
vn 0.9914448613738104 0 -0.13052619222005157
vn -0.9914448624629577 0 -0.13052618394715704
vn 0.9914448696650442 0 0.13052612924186432
vn -0.9238795287315171 0 -0.3826834414902608
vn 0.923879566361309 0 0.38268335064389714
vn -0.7933533402912353 0 -0.6087614290087207
vn 0.7933533402912353 0 0.6087614290087207
vn -0.3826834246559793 0 -0.9238795357045049
vn 0.38268337367876143 0 0.9238795568199578
vn -0.6087614368446826 0 -0.7933533342784902
vn 0.6087613588331404 0 0.793353394138847
vn -0.13052619222005157 0 -0.9914448613738104
vn 0.13052619222005157 0 0.9914448613738104
vn 0.13052618394715704 0 -0.9914448624629577
vn -0.13052612924186432 0 0.9914448696650442
vn 0.3826834414902608 0 -0.9238795287315171
vn -0.38268335064389714 0 0.923879566361309
vn 0.6087614290087207 0 -0.7933533402912353
vn -0.6087614290087207 0 0.7933533402912353
vn 0.7933533342784902 0 -0.6087614368446826
vn -0.793353394138847 0 0.6087613588331404
vn 0.9238795357045049 0 -0.3826834246559793
vn -0.9238795568199578 0 0.38268337367876143
vn 0.9914448613738104 0 -0.13052619222005157
vn -0.9914448613738104 0 0.13052619222005157
vn 0.9914448624629577 0 0.13052618394715704
vn -0.9914448696650442 0 -0.13052612924186432
vn 0.9238795287315171 0 0.3826834414902608
vn -0.923879566361309 0 -0.38268335064389714
usemtl m_13075929-be01-9684-f420-f0ae119147d0
f 5/1/1 3/2/1 1/3/1
f 147/4/2 148/5/2 149/6/2 150/7/2
f 4/8/3 6/9/3 2/10/3
f 7/11/4 5/12/4 1/13/4
f 148/14/5 151/15/5 152/16/5 149/17/5
f 6/18/6 8/19/6 2/20/6
f 9/21/7 7/22/7 1/23/7
f 151/24/8 153/25/8 154/26/8 152/27/8
f 8/28/9 10/29/9 2/30/9
f 11/31/10 9/32/10 1/33/10
f 153/34/11 155/35/11 156/36/11 154/37/11
f 10/38/12 12/39/12 2/40/12
f 13/41/13 11/42/13 1/43/13
f 155/44/14 157/45/14 158/46/14 156/47/14
f 12/48/15 14/49/15 2/50/15
f 15/51/16 13/52/16 1/53/16
f 157/54/17 159/55/17 160/56/17 158/57/17
f 14/58/18 16/59/18 2/60/18
f 17/61/19 15/62/19 1/63/19
f 159/64/20 161/65/20 162/66/20 160/67/20
f 16/68/21 18/69/21 2/70/21
f 19/71/22 17/72/22 1/73/22
f 161/74/23 163/75/23 164/76/23 162/77/23
f 18/78/24 20/79/24 2/80/24
f 21/81/25 19/82/25 1/83/25
f 163/84/26 165/85/26 166/86/26 164/87/26
f 20/88/27 22/89/27 2/90/27
f 23/91/28 21/92/28 1/93/28
f 165/94/29 167/95/29 168/96/29 166/97/29
f 22/98/30 24/99/30 2/100/30
f 25/101/31 23/102/31 1/103/31
f 167/104/32 169/105/32 170/106/32 168/107/32
f 24/108/33 26/109/33 2/110/33
f 27/111/34 25/112/34 1/113/34
f 169/114/35 171/115/35 172/116/35 170/117/35
f 26/118/36 28/119/36 2/120/36
f 29/121/37 27/122/37 1/123/37
f 171/124/38 173/125/38 174/126/38 172/127/38
f 28/128/39 30/129/39 2/130/39
f 31/131/40 29/132/40 1/133/40
f 173/134/41 175/135/41 176/136/41 174/137/41
f 30/138/42 32/139/42 2/140/42
f 33/141/43 31/142/43 1/143/43
f 175/144/44 177/145/44 178/146/44 176/147/44
f 32/148/45 34/149/45 2/150/45
f 35/151/46 33/152/46 1/153/46
f 177/154/47 179/155/47 180/156/47 178/157/47
f 34/158/48 36/159/48 2/160/48
f 37/161/49 35/162/49 1/163/49
f 179/164/50 181/165/50 182/166/50 180/167/50
f 36/168/51 38/169/51 2/170/51
f 39/171/52 37/172/52 1/173/52
f 181/174/53 183/175/53 184/176/53 182/177/53
f 38/178/54 40/179/54 2/180/54
f 41/181/55 39/182/55 1/183/55
f 183/184/56 185/185/56 186/186/56 184/187/56
f 40/188/57 42/189/57 2/190/57
f 43/191/58 41/192/58 1/193/58
f 185/194/59 187/195/59 188/196/59 186/197/59
f 42/198/60 44/199/60 2/200/60
f 45/201/61 43/202/61 1/203/61
f 187/204/62 189/205/62 190/206/62 188/207/62
f 44/208/63 46/209/63 2/210/63
f 47/211/64 45/212/64 1/213/64
f 189/214/65 191/215/65 192/216/65 190/217/65
f 46/218/66 48/219/66 2/220/66
f 49/221/67 47/222/67 1/223/67
f 191/224/68 193/225/68 194/226/68 192/227/68
f 48/228/69 50/229/69 2/230/69
f 3/231/70 49/232/70 1/233/70
f 193/234/71 147/235/71 150/236/71 194/237/71
f 50/238/72 4/239/72 2/240/72
f 52/241/73 51/242/73 3/243/73 5/244/73
f 54/245/74 53/246/74 6/247/74 4/248/74
f 55/249/75 52/250/75 5/251/75 7/252/75
f 53/253/76 56/254/76 8/255/76 6/256/76
f 57/257/77 55/258/77 7/259/77 9/260/77
f 56/261/78 58/262/78 10/263/78 8/264/78
f 59/265/79 57/266/79 9/267/79 11/268/79
f 58/269/80 60/270/80 12/271/80 10/272/80
f 61/273/81 59/274/81 11/275/81 13/276/81
f 60/277/82 62/278/82 14/279/82 12/280/82
f 63/281/83 61/282/83 13/283/83 15/284/83
f 62/285/84 64/286/84 16/287/84 14/288/84
f 65/289/85 63/290/85 15/291/85 17/292/85
f 64/293/86 66/294/86 18/295/86 16/296/86
f 67/297/87 65/298/87 17/299/87 19/300/87
f 66/301/88 68/302/88 20/303/88 18/304/88
f 69/305/89 67/306/89 19/307/89 21/308/89
f 68/309/90 70/310/90 22/311/90 20/312/90
f 71/313/91 69/314/91 21/315/91 23/316/91
f 70/317/92 72/318/92 24/319/92 22/320/92
f 73/321/93 71/322/93 23/323/93 25/324/93
f 72/325/94 74/326/94 26/327/94 24/328/94
f 75/329/95 73/330/95 25/331/95 27/332/95
f 74/333/96 76/334/96 28/335/96 26/336/96
f 77/337/97 75/338/97 27/339/97 29/340/97
f 76/341/98 78/342/98 30/343/98 28/344/98
f 79/345/99 77/346/99 29/347/99 31/348/99
f 78/349/100 80/350/100 32/351/100 30/352/100
f 81/353/101 79/354/101 31/355/101 33/356/101
f 80/357/102 82/358/102 34/359/102 32/360/102
f 83/361/103 81/362/103 33/363/103 35/364/103
f 82/365/104 84/366/104 36/367/104 34/368/104
f 85/369/105 83/370/105 35/371/105 37/372/105
f 84/373/106 86/374/106 38/375/106 36/376/106
f 87/377/107 85/378/107 37/379/107 39/380/107
f 86/381/108 88/382/108 40/383/108 38/384/108
f 89/385/109 87/386/109 39/387/109 41/388/109
f 88/389/110 90/390/110 42/391/110 40/392/110
f 91/393/111 89/394/111 41/395/111 43/396/111
f 90/397/112 92/398/112 44/399/112 42/400/112
f 93/401/113 91/402/113 43/403/113 45/404/113
f 92/405/114 94/406/114 46/407/114 44/408/114
f 95/409/115 93/410/115 45/411/115 47/412/115
f 94/413/116 96/414/116 48/415/116 46/416/116
f 97/417/117 95/418/117 47/419/117 49/420/117
f 96/421/118 98/422/118 50/423/118 48/424/118
f 51/425/119 97/426/119 49/427/119 3/428/119
f 98/429/120 54/430/120 4/431/120 50/432/120
f 100/433/121 99/434/121 51/435/121 52/436/121
f 102/437/122 101/438/122 53/439/122 54/440/122
f 103/441/123 100/442/123 52/443/123 55/444/123
f 101/445/124 104/446/124 56/447/124 53/448/124
f 105/449/125 103/450/125 55/451/125 57/452/125
f 104/453/126 106/454/126 58/455/126 56/456/126
f 107/457/127 105/458/127 57/459/127 59/460/127
f 106/461/128 108/462/128 60/463/128 58/464/128
f 109/465/129 107/466/129 59/467/129 61/468/129
f 108/469/130 110/470/130 62/471/130 60/472/130
f 111/473/131 109/474/131 61/475/131 63/476/131
f 110/477/132 112/478/132 64/479/132 62/480/132
f 113/481/133 111/482/133 63/483/133 65/484/133
f 112/485/134 114/486/134 66/487/134 64/488/134
f 115/489/135 113/490/135 65/491/135 67/492/135
f 114/493/136 116/494/136 68/495/136 66/496/136
f 117/497/137 115/498/137 67/499/137 69/500/137
f 116/501/138 118/502/138 70/503/138 68/504/138
f 119/505/139 117/506/139 69/507/139 71/508/139
f 118/509/140 120/510/140 72/511/140 70/512/140
f 121/513/141 119/514/141 71/515/141 73/516/141
f 120/517/142 122/518/142 74/519/142 72/520/142
f 123/521/143 121/522/143 73/523/143 75/524/143
f 122/525/144 124/526/144 76/527/144 74/528/144
f 125/529/145 123/530/145 75/531/145 77/532/145
f 124/533/146 126/534/146 78/535/146 76/536/146
f 127/537/147 125/538/147 77/539/147 79/540/147
f 126/541/148 128/542/148 80/543/148 78/544/148
f 129/545/149 127/546/149 79/547/149 81/548/149
f 128/549/150 130/550/150 82/551/150 80/552/150
f 131/553/151 129/554/151 81/555/151 83/556/151
f 130/557/152 132/558/152 84/559/152 82/560/152
f 133/561/153 131/562/153 83/563/153 85/564/153
f 132/565/154 134/566/154 86/567/154 84/568/154
f 135/569/155 133/570/155 85/571/155 87/572/155
f 134/573/156 136/574/156 88/575/156 86/576/156
f 137/577/157 135/578/157 87/579/157 89/580/157
f 136/581/158 138/582/158 90/583/158 88/584/158
f 139/585/159 137/586/159 89/587/159 91/588/159
f 138/589/160 140/590/160 92/591/160 90/592/160
f 141/593/161 139/594/161 91/595/161 93/596/161
f 140/597/162 142/598/162 94/599/162 92/600/162
f 143/601/163 141/602/163 93/603/163 95/604/163
f 142/605/164 144/606/164 96/607/164 94/608/164
f 145/609/165 143/610/165 95/611/165 97/612/165
f 144/613/166 146/614/166 98/615/166 96/616/166
f 99/617/167 145/618/167 97/619/167 51/620/167
f 146/621/168 102/622/168 54/623/168 98/624/168
f 247/625/169 249/626/169 250/627/169 248/628/169
f 241/629/170 195/630/170 198/631/170 242/632/170
f 244/633/171 247/634/171 248/635/171 245/636/171
f 195/637/172 196/638/172 197/639/172 198/640/172
f 243/641/173 244/642/173 245/643/173 246/644/173
f 196/645/174 199/646/174 200/647/174 197/648/174
f 289/649/175 243/650/175 246/651/175 290/652/175
f 199/653/176 201/654/176 202/655/176 200/656/176
f 287/657/177 289/658/177 290/659/177 288/660/177
f 201/661/178 203/662/178 204/663/178 202/664/178
f 285/665/179 287/666/179 288/667/179 286/668/179
f 203/669/180 205/670/180 206/671/180 204/672/180
f 283/673/181 285/674/181 286/675/181 284/676/181
f 205/677/182 207/678/182 208/679/182 206/680/182
f 281/681/183 283/682/183 284/683/183 282/684/183
f 207/685/184 209/686/184 210/687/184 208/688/184
f 279/689/185 281/690/185 282/691/185 280/692/185
f 209/693/186 211/694/186 212/695/186 210/696/186
f 277/697/187 279/698/187 280/699/187 278/700/187
f 211/701/188 213/702/188 214/703/188 212/704/188
f 275/705/189 277/706/189 278/707/189 276/708/189
f 213/709/190 215/710/190 216/711/190 214/712/190
f 272/713/191 275/714/191 276/715/191 273/716/191
f 215/717/192 217/718/192 218/719/192 216/720/192
f 271/721/193 272/722/193 273/723/193 274/724/193
f 217/725/194 219/726/194 220/727/194 218/728/194
f 269/729/195 271/730/195 274/731/195 270/732/195
f 219/733/196 221/734/196 222/735/196 220/736/196
f 267/737/197 269/738/197 270/739/197 268/740/197
f 221/741/198 223/742/198 224/743/198 222/744/198
f 265/745/199 267/746/199 268/747/199 266/748/199
f 223/749/200 225/750/200 226/751/200 224/752/200
f 263/753/201 265/754/201 266/755/201 264/756/201
f 225/757/202 227/758/202 228/759/202 226/760/202
f 261/761/203 263/762/203 264/763/203 262/764/203
f 227/765/204 229/766/204 230/767/204 228/768/204
f 259/769/205 261/770/205 262/771/205 260/772/205
f 229/773/206 231/774/206 232/775/206 230/776/206
f 257/777/207 259/778/207 260/779/207 258/780/207
f 231/781/208 233/782/208 234/783/208 232/784/208
f 255/785/209 257/786/209 258/787/209 256/788/209
f 233/789/210 235/790/210 236/791/210 234/792/210
f 252/793/211 255/794/211 256/795/211 253/796/211
f 235/797/212 237/798/212 238/799/212 236/800/212
f 251/801/213 252/802/213 253/803/213 254/804/213
f 237/805/214 239/806/214 240/807/214 238/808/214
f 249/809/215 251/810/215 254/811/215 250/812/215
f 239/813/216 241/814/216 242/815/216 240/816/216
f 196/817/217 195/818/217 149/819/217 152/820/217
f 198/821/218 197/822/218 104/823/218 101/824/218
f 199/825/219 196/826/219 152/827/219 154/828/219
f 197/829/220 200/830/220 106/831/220 104/832/220
f 201/833/221 199/834/221 154/835/221 156/836/221
f 200/837/222 202/838/222 108/839/222 106/840/222
f 203/841/223 201/842/223 156/843/223 158/844/223
f 202/845/224 204/846/224 110/847/224 108/848/224
f 205/849/225 203/850/225 158/851/225 160/852/225
f 204/853/226 206/854/226 112/855/226 110/856/226
f 207/857/227 205/858/227 160/859/227 162/860/227
f 206/861/228 208/862/228 114/863/228 112/864/228
f 209/865/229 207/866/229 162/867/229 164/868/229
f 208/869/230 210/870/230 116/871/230 114/872/230
f 211/873/231 209/874/231 164/875/231 166/876/231
f 210/877/232 212/878/232 118/879/232 116/880/232
f 213/881/233 211/882/233 166/883/233 168/884/233
f 212/885/234 214/886/234 120/887/234 118/888/234
f 215/889/235 213/890/235 168/891/235 170/892/235
f 214/893/236 216/894/236 122/895/236 120/896/236
f 217/897/237 215/898/237 170/899/237 172/900/237
f 216/901/238 218/902/238 124/903/238 122/904/238
f 219/905/239 217/906/239 172/907/239 174/908/239
f 218/909/240 220/910/240 126/911/240 124/912/240
f 221/913/241 219/914/241 174/915/241 176/916/241
f 220/917/242 222/918/242 128/919/242 126/920/242
f 223/921/243 221/922/243 176/923/243 178/924/243
f 222/925/244 224/926/244 130/927/244 128/928/244
f 225/929/245 223/930/245 178/931/245 180/932/245
f 224/933/246 226/934/246 132/935/246 130/936/246
f 227/937/247 225/938/247 180/939/247 182/940/247
f 226/941/248 228/942/248 134/943/248 132/944/248
f 229/945/249 227/946/249 182/947/249 184/948/249
f 228/949/250 230/950/250 136/951/250 134/952/250
f 231/953/251 229/954/251 184/955/251 186/956/251
f 230/957/252 232/958/252 138/959/252 136/960/252
f 233/961/253 231/962/253 186/963/253 188/964/253
f 232/965/254 234/966/254 140/967/254 138/968/254
f 235/969/255 233/970/255 188/971/255 190/972/255
f 234/973/256 236/974/256 142/975/256 140/976/256
f 237/977/257 235/978/257 190/979/257 192/980/257
f 236/981/258 238/982/258 144/983/258 142/984/258
f 239/985/259 237/986/259 192/987/259 194/988/259
f 238/989/260 240/990/260 146/991/260 144/992/260
f 241/993/261 239/994/261 194/995/261 150/996/261
f 240/997/262 242/998/262 102/999/262 146/1000/262
f 195/1001/263 241/1002/263 150/1003/263 149/1004/263
f 242/1005/264 198/1006/264 101/1007/264 102/1008/264
f 244/1009/265 243/1010/265 153/1011/265 151/1012/265
f 246/1013/266 245/1014/266 103/1015/266 105/1016/266
f 247/1017/267 244/1018/267 151/1019/267 148/1020/267
f 245/1021/268 248/1022/268 100/1023/268 103/1024/268
f 249/1025/269 247/1026/269 148/1027/269 147/1028/269
f 248/1029/270 250/1030/270 99/1031/270 100/1032/270
f 252/1033/271 251/1034/271 193/1035/271 191/1036/271
f 254/1037/272 253/1038/272 143/1039/272 145/1040/272
f 251/1041/273 249/1042/273 147/1043/273 193/1044/273
f 250/1045/274 254/1046/274 145/1047/274 99/1048/274
f 255/1049/275 252/1050/275 191/1051/275 189/1052/275
f 253/1053/276 256/1054/276 141/1055/276 143/1056/276
f 257/1057/277 255/1058/277 189/1059/277 187/1060/277
f 256/1061/278 258/1062/278 139/1063/278 141/1064/278
f 259/1065/279 257/1066/279 187/1067/279 185/1068/279
f 258/1069/280 260/1070/280 137/1071/280 139/1072/280
f 261/1073/281 259/1074/281 185/1075/281 183/1076/281
f 260/1077/282 262/1078/282 135/1079/282 137/1080/282
f 263/1081/283 261/1082/283 183/1083/283 181/1084/283
f 262/1085/284 264/1086/284 133/1087/284 135/1088/284
f 265/1089/285 263/1090/285 181/1091/285 179/1092/285
f 264/1093/286 266/1094/286 131/1095/286 133/1096/286
f 267/1097/287 265/1098/287 179/1099/287 177/1100/287
f 266/1101/288 268/1102/288 129/1103/288 131/1104/288
f 269/1105/289 267/1106/289 177/1107/289 175/1108/289
f 268/1109/290 270/1110/290 127/1111/290 129/1112/290
f 272/1113/291 271/1114/291 173/1115/291 171/1116/291
f 274/1117/292 273/1118/292 123/1119/292 125/1120/292
f 271/1121/293 269/1122/293 175/1123/293 173/1124/293
f 270/1125/294 274/1126/294 125/1127/294 127/1128/294
f 275/1129/295 272/1130/295 171/1131/295 169/1132/295
f 273/1133/296 276/1134/296 121/1135/296 123/1136/296
f 277/1137/297 275/1138/297 169/1139/297 167/1140/297
f 276/1141/298 278/1142/298 119/1143/298 121/1144/298
f 279/1145/299 277/1146/299 167/1147/299 165/1148/299
f 278/1149/300 280/1150/300 117/1151/300 119/1152/300
f 281/1153/301 279/1154/301 165/1155/301 163/1156/301
f 280/1157/302 282/1158/302 115/1159/302 117/1160/302
f 283/1161/303 281/1162/303 163/1163/303 161/1164/303
f 282/1165/304 284/1166/304 113/1167/304 115/1168/304
f 285/1169/305 283/1170/305 161/1171/305 159/1172/305
f 284/1173/306 286/1174/306 111/1175/306 113/1176/306
f 287/1177/307 285/1178/307 159/1179/307 157/1180/307
f 286/1181/308 288/1182/308 109/1183/308 111/1184/308
f 289/1185/309 287/1186/309 157/1187/309 155/1188/309
f 288/1189/310 290/1190/310 107/1191/310 109/1192/310
f 243/1193/311 289/1194/311 155/1195/311 153/1196/311
f 290/1197/312 246/1198/312 105/1199/312 107/1200/312
o Wall
v 3.0592074258183977 1.09375 11.417118333551764
v 3.0592074258183977 4.75 11.417118333551764
v 5.909935362036891 1.09375 10.23630792423892
v 5.909935362036891 4.75 10.23630792423892
v 8.357910577988179 1.09375 8.357910591071427
v 8.357910577988179 4.75 8.357910591071427
v 10.236308128577981 1.09375 5.909935242860025
v 10.236308128577981 4.75 5.909935242860025
v 11.417118016889825 1.09375 3.059207755563585
v 11.417118016889825 4.75 3.059207755563585
v 11.819870604896918 1.09375 -2.043390612271878e-7
v 11.819870604896918 4.75 -2.043390612271878e-7
v 11.417118333551764 1.09375 -3.0592074258183977
v 11.417118333551764 4.75 -3.0592074258183977
v 10.23630792423892 1.09375 -5.909935362036891
v 10.23630792423892 4.75 -5.909935362036891
v 8.357910591071427 1.09375 -8.357910577988179
v 8.357910591071427 4.75 -8.357910577988179
v 5.909935242860025 1.09375 -10.236308128577981
v 5.909935242860025 4.75 -10.236308128577981
v 3.059207755563585 1.09375 -11.417118016889825
v 3.059207755563585 4.75 -11.417118016889825
v -2.043390612271878e-7 1.09375 -11.819870604896918
v -2.043390612271878e-7 4.75 -11.819870604896918
v -3.0592074258183977 1.09375 -11.417118333551764
v -3.0592074258183977 4.75 -11.417118333551764
v -5.909935362036891 1.09375 -10.23630792423892
v -5.909935362036891 4.75 -10.23630792423892
v -8.357910577988179 1.09375 -8.357910591071427
v -8.357910577988179 4.75 -8.357910591071427
v -10.236308128577981 1.09375 -5.909935242860025
v -10.236308128577981 4.75 -5.909935242860025
v -11.417118016889825 1.09375 -3.059207755563585
v -11.417118016889825 4.75 -3.059207755563585
v -11.819870604896918 1.09375 2.043390612271878e-7
v -11.819870604896918 4.75 2.043390612271878e-7
v -11.417118333551764 1.09375 3.0592074258183977
v -11.417118333551764 4.75 3.0592074258183977
v -10.23630792423892 1.09375 5.909935362036891
v -10.23630792423892 4.75 5.909935362036891
v -8.357910591071427 1.09375 8.357910577988179
v -8.357910591071427 4.75 8.357910577988179
v -5.909935242860025 1.09375 10.236308128577981
v -5.909935242860025 4.75 10.236308128577981
v -3.059207755563585 1.09375 11.417118016889825
v -3.059207755563585 4.75 11.417118016889825
v 2.043390612271878e-7 1.09375 11.819870604896918
v 2.043390612271878e-7 4.75 11.819870604896918
v 4.130600023879592 1.09375 7.154409219964225
v 2.1381560512388393 1.09375 7.979706502585458
v 2.1381560512388393 4.75 7.979706502585458
v 4.130600023879592 4.75 7.154409219964225
v 5.8415506240337285 1.09375 5.8415505400462
v 5.8415506240337285 4.75 5.8415505400462
v 7.1544090866339225 1.09375 4.13060008063633
v 7.1544090866339225 4.75 4.13060008063633
v 7.979706591285038 1.09375 2.1381558785517285
v 7.979706591285038 4.75 2.1381558785517285
v 8.261200104515922 1.09375 1.3333030368656296e-7
v 8.261200104515922 4.75 1.3333030368656296e-7
v 7.979706502585458 1.09375 -2.1381560512388393
v 7.979706502585458 4.75 -2.1381560512388393
v 7.154409219964225 1.09375 -4.130600023879592
v 7.154409219964225 4.75 -4.130600023879592
v 5.8415505400462 1.09375 -5.8415506240337285
v 5.8415505400462 4.75 -5.8415506240337285
v 4.13060008063633 1.09375 -7.1544090866339225
v 4.13060008063633 4.75 -7.1544090866339225
v 2.1381558785517285 1.09375 -7.979706591285038
v 2.1381558785517285 4.75 -7.979706591285038
v 1.3333030368656296e-7 1.09375 -8.261200104515922
v 1.3333030368656296e-7 4.75 -8.261200104515922
v -2.1381560512388393 1.09375 -7.979706502585458
v -2.1381560512388393 4.75 -7.979706502585458
v -4.130600023879592 1.09375 -7.154409219964225
v -4.130600023879592 4.75 -7.154409219964225
v -5.8415506240337285 1.09375 -5.8415505400462
v -5.8415506240337285 4.75 -5.8415505400462
v -7.1544090866339225 1.09375 -4.13060008063633
v -7.1544090866339225 4.75 -4.13060008063633
v -7.979706591285038 1.09375 -2.1381558785517285
v -7.979706591285038 4.75 -2.1381558785517285
v -8.261200104515922 1.09375 -1.3333030368656296e-7
v -8.261200104515922 4.75 -1.3333030368656296e-7
v -7.979706502585458 1.09375 2.1381560512388393
v -7.979706502585458 4.75 2.1381560512388393
v -7.154409219964225 1.09375 4.130600023879592
v -7.154409219964225 4.75 4.130600023879592
v -5.8415505400462 1.09375 5.8415506240337285
v -5.8415505400462 4.75 5.8415506240337285
v -4.13060008063633 1.09375 7.1544090866339225
v -4.13060008063633 4.75 7.1544090866339225
v -2.1381558785517285 1.09375 7.979706591285038
v -2.1381558785517285 4.75 7.979706591285038
v -1.3333030368656296e-7 1.09375 8.261200104515922
v -1.3333030368656296e-7 4.75 8.261200104515922
vt 0.34375 0.9375
vt 0.34375 0.9375
vt 0.34375 0.9375
vt 0.34375 0.9375
vt 0.15625 0.8125
vt 0.15625 0.8125
vt 0.15625 0.8125
vt 0.15625 0.8125
vt 0.15625 0.8125
vt 0.15625 0.8125
vt 0.15625 0.8125
vt 0.15625 0.8125
vt 0.34375 0.9375
vt 0.34375 0.9375
vt 0.34375 0.9375
vt 0.34375 0.9375
vt 0.34375 0.9375
vt 0.34375 0.9375
vt 0.34375 0.9375
vt 0.34375 0.9375
vt 0.125 0.875
vt 0.125 0.875
vt 0.125 0.875
vt 0.125 0.875
vt 0.125 0.875
vt 0.125 0.875
vt 0.125 0.875
vt 0.125 0.875
vt 0.34375 0.9375
vt 0.34375 0.9375
vt 0.34375 0.9375
vt 0.34375 0.9375
vt 0.34375 0.9375
vt 0.34375 0.9375
vt 0.34375 0.9375
vt 0.34375 0.9375
vt 0.15625 0.84375
vt 0.15625 0.84375
vt 0.15625 0.84375
vt 0.15625 0.84375
vt 0.15625 0.84375
vt 0.15625 0.84375
vt 0.15625 0.84375
vt 0.15625 0.84375
vt 0.34375 0.9375
vt 0.34375 0.9375
vt 0.34375 0.9375
vt 0.34375 0.9375
vt 0.34375 0.9375
vt 0.34375 0.9375
vt 0.34375 0.9375
vt 0.34375 0.9375
vt 0.125 0.875
vt 0.125 0.875
vt 0.125 0.875
vt 0.125 0.875
vt 0.125 0.875
vt 0.125 0.875
vt 0.125 0.875
vt 0.125 0.875
vt 0.34375 0.9375
vt 0.34375 0.9375
vt 0.34375 0.9375
vt 0.34375 0.9375
vt 0.34375 0.9375
vt 0.34375 0.9375
vt 0.34375 0.9375
vt 0.34375 0.9375
vt 0.0625 0.875
vt 0.0625 0.875
vt 0.0625 0.875
vt 0.0625 0.875
vt 0.0625 0.875
vt 0.0625 0.875
vt 0.0625 0.875
vt 0.0625 0.875
vt 0.34375 0.9375
vt 0.34375 0.9375
vt 0.34375 0.9375
vt 0.34375 0.9375
vt 0.34375 0.9375
vt 0.34375 0.9375
vt 0.34375 0.9375
vt 0.34375 0.9375
vt 0.0625 0.875
vt 0.0625 0.875
vt 0.0625 0.875
vt 0.0625 0.875
vt 0.0625 0.875
vt 0.0625 0.875
vt 0.0625 0.875
vt 0.0625 0.875
vt 0.34375 0.9375
vt 0.34375 0.9375
vt 0.34375 0.9375
vt 0.34375 0.9375
vt 0.34375 0.9375
vt 0.34375 0.96875
vt 0.34375 0.9375
vt 0.34375 0.9375
vt 0.34375 0.96875
vt 0.34375 0.9375
vt 0.34375 0.9375
vt 0.34375 0.9375
vt 0.15625 0.84375
vt 0.15625 0.8125
vt 0.15625 0.8125
vt 0.15625 0.8125
vt 0.15625 0.8125
vt 0.15625 0.84375
vt 0.15625 0.8125
vt 0.15625 0.8125
vt 0.15625 0.8125
vt 0.15625 0.8125
vt 0.15625 0.8125
vt 0.15625 0.8125
vt 0.15625 0.8125
vt 0.15625 0.8125
vt 0.15625 0.8125
vt 0.15625 0.8125
vt 0.34375 0.9375
vt 0.34375 0.9375
vt 0.34375 0.9375
vt 0.34375 0.9375
vt 0.34375 0.9375
vt 0.34375 0.9375
vt 0.34375 0.9375
vt 0.34375 0.9375
vt 0.34375 0.9375
vt 0.34375 0.9375
vt 0.34375 0.9375
vt 0.34375 0.9375
vt 0.34375 0.9375
vt 0.34375 0.9375
vt 0.34375 0.9375
vt 0.34375 0.9375
vt 0.125 0.875
vt 0.125 0.875
vt 0.125 0.875
vt 0.125 0.875
vt 0.125 0.875
vt 0.125 0.875
vt 0.125 0.875
vt 0.125 0.875
vt 0.125 0.875
vt 0.125 0.875
vt 0.125 0.875
vt 0.125 0.875
vt 0.125 0.875
vt 0.125 0.875
vt 0.125 0.875
vt 0.125 0.875
vt 0.34375 0.9375
vt 0.34375 0.9375
vt 0.34375 0.9375
vt 0.34375 0.9375
vt 0.34375 0.9375
vt 0.34375 0.9375
vt 0.34375 0.9375
vt 0.34375 0.9375
vt 0.34375 0.9375
vt 0.34375 0.9375
vt 0.34375 0.9375
vt 0.34375 0.9375
vt 0.34375 0.9375
vt 0.34375 0.9375
vt 0.34375 0.9375
vt 0.34375 0.9375
vt 0.15625 0.84375
vt 0.15625 0.84375
vt 0.15625 0.84375
vt 0.15625 0.84375
vt 0.15625 0.84375
vt 0.15625 0.84375
vt 0.15625 0.84375
vt 0.15625 0.84375
vt 0.15625 0.84375
vt 0.15625 0.84375
vt 0.15625 0.84375
vt 0.15625 0.84375
vt 0.15625 0.84375
vt 0.15625 0.84375
vt 0.15625 0.84375
vt 0.15625 0.84375
vt 0.34375 0.9375
vt 0.34375 0.9375
vt 0.34375 0.9375
vt 0.34375 0.9375
vt 0.34375 0.9375
vt 0.34375 0.9375
vt 0.34375 0.9375
vt 0.34375 0.9375
vt 0.34375 0.9375
vt 0.34375 0.9375
vt 0.34375 0.9375
vt 0.34375 0.9375
vt 0.34375 0.9375
vt 0.34375 0.9375
vt 0.34375 0.9375
vt 0.34375 0.9375
vt 0.125 0.875
vt 0.125 0.875
vt 0.125 0.875
vt 0.125 0.875
vt 0.125 0.875
vt 0.125 0.875
vt 0.125 0.875
vt 0.125 0.875
vt 0.125 0.875
vt 0.125 0.875
vt 0.125 0.875
vt 0.125 0.875
vt 0.125 0.875
vt 0.125 0.875
vt 0.125 0.875
vt 0.125 0.875
vt 0.34375 0.9375
vt 0.34375 0.9375
vt 0.34375 0.9375
vt 0.34375 0.9375
vt 0.34375 0.9375
vt 0.34375 0.9375
vt 0.34375 0.9375
vt 0.34375 0.9375
vt 0.34375 0.9375
vt 0.34375 0.9375
vt 0.34375 0.9375
vt 0.34375 0.9375
vt 0.34375 0.9375
vt 0.34375 0.9375
vt 0.34375 0.9375
vt 0.34375 0.9375
vt 0.0625 0.875
vt 0.0625 0.875
vt 0.0625 0.875
vt 0.0625 0.875
vt 0.0625 0.875
vt 0.0625 0.875
vt 0.0625 0.875
vt 0.0625 0.875
vt 0.0625 0.875
vt 0.0625 0.875
vt 0.0625 0.875
vt 0.0625 0.875
vt 0.0625 0.875
vt 0.0625 0.875
vt 0.0625 0.875
vt 0.0625 0.875
vt 0.34375 0.9375
vt 0.34375 0.9375
vt 0.34375 0.9375
vt 0.34375 0.9375
vt 0.34375 0.9375
vt 0.34375 0.9375
vt 0.34375 0.9375
vt 0.34375 0.9375
vt 0.34375 0.9375
vt 0.34375 0.9375
vt 0.34375 0.9375
vt 0.34375 0.9375
vt 0.34375 0.9375
vt 0.34375 0.9375
vt 0.34375 0.9375
vt 0.34375 0.9375
vt 0.0625 0.875
vt 0.0625 0.875
vt 0.0625 0.875
vt 0.0625 0.875
vt 0.0625 0.875
vt 0.0625 0.875
vt 0.0625 0.875
vt 0.0625 0.875
vt 0.0625 0.875
vt 0.0625 0.875
vt 0.0625 0.875
vt 0.0625 0.875
vt 0.0625 0.875
vt 0.0625 0.875
vt 0.0625 0.875
vt 0.0625 0.875
vt 0.34375 0.9375
vt 0.34375 0.9375
vt 0.34375 0.9375
vt 0.34375 0.9375
vt 0.34375 0.9375
vt 0.34375 0.9375
vt 0.34375 0.9375
vt 0.34375 0.9375
vt 0.125 0.65625
vt 0.125 0.65625
vt 0.125 0.65625
vt 0.125 0.65625
vt 0.125 0.65625
vt 0.125 0.65625
vt 0.125 0.65625
vt 0.125 0.65625
vt 0.125 0.65625
vt 0.125 0.65625
vt 0.125 0.65625
vt 0.125 0.65625
vt 0.125 0.65625
vt 0.125 0.65625
vt 0.125 0.65625
vt 0.125 0.65625
vt 0.125 0.65625
vt 0.125 0.65625
vt 0.125 0.65625
vt 0.125 0.65625
vt 0.125 0.65625
vt 0.125 0.65625
vt 0.125 0.65625
vt 0.125 0.65625
vt 0.125 0.65625
vt 0.125 0.65625
vt 0.125 0.65625
vt 0.125 0.65625
vt 0.125 0.65625
vt 0.125 0.65625
vt 0.125 0.65625
vt 0.125 0.65625
vt 0.125 0.65625
vt 0.125 0.65625
vt 0.125 0.65625
vt 0.125 0.65625
vt 0.125 0.65625
vt 0.125 0.65625
vt 0.125 0.65625
vt 0.125 0.65625
vt 0.125 0.65625
vt 0.125 0.65625
vt 0.125 0.65625
vt 0.125 0.65625
vt 0.125 0.65625
vt 0.125 0.65625
vt 0.125 0.65625
vt 0.125 0.65625
vt 0.125 0.65625
vt 0.125 0.65625
vt 0.125 0.65625
vt 0.125 0.65625
vt 0.125 0.65625
vt 0.125 0.65625
vt 0.125 0.65625
vt 0.125 0.65625
vt 0.125 0.65625
vt 0.125 0.65625
vt 0.125 0.65625
vt 0.125 0.65625
vt 0.125 0.65625
vt 0.125 0.65625
vt 0.125 0.65625
vt 0.125 0.65625
vt 0.125 0.65625
vt 0.125 0.65625
vt 0.125 0.65625
vt 0.125 0.65625
vt 0.125 0.65625
vt 0.125 0.65625
vt 0.125 0.65625
vt 0.125 0.65625
vt 0.125 0.65625
vt 0.125 0.65625
vt 0.125 0.65625
vt 0.125 0.65625
vt 0.125 0.65625
vt 0.125 0.65625
vt 0.125 0.65625
vt 0.125 0.65625
vt 0.125 0.65625
vt 0.125 0.65625
vt 0.125 0.65625
vt 0.125 0.65625
vt 0.125 0.65625
vt 0.125 0.65625
vt 0.125 0.65625
vt 0.125 0.65625
vt 0.125 0.65625
vt 0.125 0.65625
vt 0.125 0.65625
vt 0.125 0.65625
vt 0.125 0.65625
vt 0.125 0.65625
vt 0.125 0.65625
vt 0.125 0.65625
vn 0.38268349750879493 0 0.9238795055278779
vn 0.6087614053598938 0 0.7933533584376177
vn 0.7933533402912352 0 0.6087614290087207
vn 0.9238795439185795 0 0.3826834048254478
vn 0.9914448521702706 0 0.13052626212785892
vn 0.9914448613738104 0 -0.13052619222005157
vn 0.9238795055278779 0 -0.38268349750879493
vn 0.7933533584376177 0 -0.6087614053598938
vn 0.6087614290087207 0 -0.7933533402912352
vn 0.3826834048254478 0 -0.9238795439185795
vn 0.13052626212785892 0 -0.9914448521702706
vn -0.13052619222005157 0 -0.9914448613738104
vn -0.38268349750879493 0 -0.9238795055278779
vn -0.6087614053598938 0 -0.7933533584376177
vn -0.7933533402912352 0 -0.6087614290087207
vn -0.9238795439185795 0 -0.3826834048254478
vn -0.9914448521702706 0 -0.13052626212785892
vn -0.9914448613738104 0 0.13052619222005157
vn -0.9238795055278779 0 0.38268349750879493
vn -0.7933533584376177 0 0.6087614053598938
vn -0.6087614290087207 0 0.7933533402912352
vn -0.3826834048254478 0 0.9238795439185795
vn -0.13052626212785892 0 0.9914448521702706
vn 0.13052619222005157 0 0.9914448613738104
vn 0 -1 0
vn 0 1 0
vn 0 -1 0
vn 0 1 0
vn 0 -1 0
vn 0 1 0
vn 0 -1 0
vn 0 1 0
vn 0 -1 0
vn 0 1 0
vn 0 -1 0
vn 0 1 0
vn 0 -1 0
vn 0 1 0
vn 0 -1 0
vn 0 1 0
vn 0 -1 0
vn 0 1 0
vn 0 -1 0
vn 0 1 0
vn 0 -1 0
vn 0 1 0
vn 0 -1 0
vn 0 1 0
vn 0 -1 0
vn 0 1 0
vn 0 -1 0
vn 0 1 0
vn 0 -1 0
vn 0 1 0
vn 0 -1 0
vn 0 1 0
vn 0 -1 0
vn 0 1 0
vn 0 -1 0
vn 0 1 0
vn 0 -1 0
vn 0 1 0
vn 0 -1 0
vn 0 1 0
vn 0 -1 0
vn 0 1 0
vn 0 -1 0
vn 0 1 0
vn 0 -1 0
vn 0 1 0
vn 0 -1 0
vn 0 1 0
vn -0.13052619222005157 0 -0.9914448613738104
vn 0.13052617815507078 0 -0.9914448632255002
vn 0.3826834695198613 0 -0.9238795171212756
vn 0.6087614290087207 0 -0.7933533402912352
vn 0.7933533158092635 0 -0.608761460914246
vn 0.9238795379401668 0 -0.3826834192586141
vn 0.9914448613738104 0 -0.13052619222005157
vn 0.9914448632255002 0 0.13052617815507078
vn 0.9238795171212756 0 0.3826834695198613
vn 0.7933533402912352 0 0.6087614290087207
vn 0.608761460914246 0 0.7933533158092635
vn 0.3826834192586141 0 0.9238795379401668
vn 0.13052619222005157 0 0.9914448613738104
vn -0.13052617815507078 0 0.9914448632255002
vn -0.3826834695198613 0 0.9238795171212756
vn -0.6087614290087207 0 0.7933533402912352
vn -0.7933533158092635 0 0.608761460914246
vn -0.9238795379401668 0 0.3826834192586141
vn -0.9914448613738104 0 0.13052619222005157
vn -0.9914448632255002 0 -0.13052617815507078
vn -0.9238795171212756 0 -0.3826834695198613
vn -0.7933533402912352 0 -0.6087614290087207
vn -0.608761460914246 0 -0.7933533158092635
vn -0.3826834192586141 0 -0.9238795379401668
usemtl m_13075929-be01-9684-f420-f0ae119147d0
f 291/1201/313 293/1202/313 294/1203/313 292/1204/313
f 293/1205/314 295/1206/314 296/1207/314 294/1208/314
f 295/1209/315 297/1210/315 298/1211/315 296/1212/315
f 297/1213/316 299/1214/316 300/1215/316 298/1216/316
f 299/1217/317 301/1218/317 302/1219/317 300/1220/317
f 301/1221/318 303/1222/318 304/1223/318 302/1224/318
f 303/1225/319 305/1226/319 306/1227/319 304/1228/319
f 305/1229/320 307/1230/320 308/1231/320 306/1232/320
f 307/1233/321 309/1234/321 310/1235/321 308/1236/321
f 309/1237/322 311/1238/322 312/1239/322 310/1240/322
f 311/1241/323 313/1242/323 314/1243/323 312/1244/323
f 313/1245/324 315/1246/324 316/1247/324 314/1248/324
f 315/1249/325 317/1250/325 318/1251/325 316/1252/325
f 317/1253/326 319/1254/326 320/1255/326 318/1256/326
f 319/1257/327 321/1258/327 322/1259/327 320/1260/327
f 321/1261/328 323/1262/328 324/1263/328 322/1264/328
f 323/1265/329 325/1266/329 326/1267/329 324/1268/329
f 325/1269/330 327/1270/330 328/1271/330 326/1272/330
f 327/1273/331 329/1274/331 330/1275/331 328/1276/331
f 329/1277/332 331/1278/332 332/1279/332 330/1280/332
f 331/1281/333 333/1282/333 334/1283/333 332/1284/333
f 333/1285/334 335/1286/334 336/1287/334 334/1288/334
f 335/1289/335 337/1290/335 338/1291/335 336/1292/335
f 337/1293/336 291/1294/336 292/1295/336 338/1296/336
f 340/1297/337 339/1298/337 293/1299/337 291/1300/337
f 342/1301/338 341/1302/338 292/1303/338 294/1304/338
f 339/1305/339 343/1306/339 295/1307/339 293/1308/339
f 344/1309/340 342/1310/340 294/1311/340 296/1312/340
f 343/1313/341 345/1314/341 297/1315/341 295/1316/341
f 346/1317/342 344/1318/342 296/1319/342 298/1320/342
f 345/1321/343 347/1322/343 299/1323/343 297/1324/343
f 348/1325/344 346/1326/344 298/1327/344 300/1328/344
f 347/1329/345 349/1330/345 301/1331/345 299/1332/345
f 350/1333/346 348/1334/346 300/1335/346 302/1336/346
f 349/1337/347 351/1338/347 303/1339/347 301/1340/347
f 352/1341/348 350/1342/348 302/1343/348 304/1344/348
f 351/1345/349 353/1346/349 305/1347/349 303/1348/349
f 354/1349/350 352/1350/350 304/1351/350 306/1352/350
f 353/1353/351 355/1354/351 307/1355/351 305/1356/351
f 356/1357/352 354/1358/352 306/1359/352 308/1360/352
f 355/1361/353 357/1362/353 309/1363/353 307/1364/353
f 358/1365/354 356/1366/354 308/1367/354 310/1368/354
f 357/1369/355 359/1370/355 311/1371/355 309/1372/355
f 360/1373/356 358/1374/356 310/1375/356 312/1376/356
f 359/1377/357 361/1378/357 313/1379/357 311/1380/357
f 362/1381/358 360/1382/358 312/1383/358 314/1384/358
f 361/1385/359 363/1386/359 315/1387/359 313/1388/359
f 364/1389/360 362/1390/360 314/1391/360 316/1392/360
f 363/1393/361 365/1394/361 317/1395/361 315/1396/361
f 366/1397/362 364/1398/362 316/1399/362 318/1400/362
f 365/1401/363 367/1402/363 319/1403/363 317/1404/363
f 368/1405/364 366/1406/364 318/1407/364 320/1408/364
f 367/1409/365 369/1410/365 321/1411/365 319/1412/365
f 370/1413/366 368/1414/366 320/1415/366 322/1416/366
f 369/1417/367 371/1418/367 323/1419/367 321/1420/367
f 372/1421/368 370/1422/368 322/1423/368 324/1424/368
f 371/1425/369 373/1426/369 325/1427/369 323/1428/369
f 374/1429/370 372/1430/370 324/1431/370 326/1432/370
f 373/1433/371 375/1434/371 327/1435/371 325/1436/371
f 376/1437/372 374/1438/372 326/1439/372 328/1440/372
f 375/1441/373 377/1442/373 329/1443/373 327/1444/373
f 378/1445/374 376/1446/374 328/1447/374 330/1448/374
f 377/1449/375 379/1450/375 331/1451/375 329/1452/375
f 380/1453/376 378/1454/376 330/1455/376 332/1456/376
f 379/1457/377 381/1458/377 333/1459/377 331/1460/377
f 382/1461/378 380/1462/378 332/1463/378 334/1464/378
f 381/1465/379 383/1466/379 335/1467/379 333/1468/379
f 384/1469/380 382/1470/380 334/1471/380 336/1472/380
f 383/1473/381 385/1474/381 337/1475/381 335/1476/381
f 386/1477/382 384/1478/382 336/1479/382 338/1480/382
f 385/1481/383 340/1482/383 291/1483/383 337/1484/383
f 341/1485/384 386/1486/384 338/1487/384 292/1488/384
f 341/1489/385 340/1490/385 385/1491/385 386/1492/385
f 386/1493/386 385/1494/386 383/1495/386 384/1496/386
f 384/1497/387 383/1498/387 381/1499/387 382/1500/387
f 382/1501/388 381/1502/388 379/1503/388 380/1504/388
f 380/1505/389 379/1506/389 377/1507/389 378/1508/389
f 378/1509/390 377/1510/390 375/1511/390 376/1512/390
f 376/1513/391 375/1514/391 373/1515/391 374/1516/391
f 374/1517/392 373/1518/392 371/1519/392 372/1520/392
f 372/1521/393 371/1522/393 369/1523/393 370/1524/393
f 370/1525/394 369/1526/394 367/1527/394 368/1528/394
f 368/1529/395 367/1530/395 365/1531/395 366/1532/395
f 366/1533/396 365/1534/396 363/1535/396 364/1536/396
f 364/1537/397 363/1538/397 361/1539/397 362/1540/397
f 362/1541/398 361/1542/398 359/1543/398 360/1544/398
f 360/1545/399 359/1546/399 357/1547/399 358/1548/399
f 358/1549/400 357/1550/400 355/1551/400 356/1552/400
f 356/1553/401 355/1554/401 353/1555/401 354/1556/401
f 354/1557/402 353/1558/402 351/1559/402 352/1560/402
f 352/1561/403 351/1562/403 349/1563/403 350/1564/403
f 350/1565/404 349/1566/404 347/1567/404 348/1568/404
f 348/1569/405 347/1570/405 345/1571/405 346/1572/405
f 346/1573/406 345/1574/406 343/1575/406 344/1576/406
f 344/1577/407 343/1578/407 339/1579/407 342/1580/407
f 342/1581/408 339/1582/408 340/1583/408 341/1584/408
o GlassWall
v 2.145524071906163 4.75 8.007205667067804
v 2.145524071906163 5.625 8.007205667067804
v 4.1448348992362565 4.75 7.179063995913234
v 4.1448348992362565 5.625 7.179063995913234
v 5.861681080343406 4.75 5.861681461056359
v 5.861681080343406 5.625 5.861681461056359
v 7.17906420862417 4.75 4.144834342527947
v 7.17906420862417 5.625 4.144834342527947
v 8.007205532962521 4.75 2.1455245867243984
v 8.007205532962521 5.625 2.1455245867243984
v 8.289669241764205 4.75 -2.1271093531005647e-7
v 8.289669241764205 5.625 -2.1271093531005647e-7
v 8.007205667067804 4.75 -2.145524071906163
v 8.007205667067804 5.625 -2.145524071906163
v 7.179063995913234 4.75 -4.1448348992362565
v 7.179063995913234 5.625 -4.1448348992362565
v 5.861681461056359 4.75 -5.861681080343406
v 5.861681461056359 5.625 -5.861681080343406
v 4.144834342527947 4.75 -7.17906420862417
v 4.144834342527947 5.625 -7.17906420862417
v 2.1455245867243984 4.75 -8.007205532962521
v 2.1455245867243984 5.625 -8.007205532962521
v -2.1271093531005647e-7 4.75 -8.289669241764205
v -2.1271093531005647e-7 5.625 -8.289669241764205
v -2.145524071906163 4.75 -8.007205667067804
v -2.145524071906163 5.625 -8.007205667067804
v -4.1448348992362565 4.75 -7.179063995913234
v -4.1448348992362565 5.625 -7.179063995913234
v -5.861681080343406 4.75 -5.861681461056359
v -5.861681080343406 5.625 -5.861681461056359
v -7.17906420862417 4.75 -4.144834342527947
v -7.17906420862417 5.625 -4.144834342527947
v -8.007205532962521 4.75 -2.1455245867243984
v -8.007205532962521 5.625 -2.1455245867243984
v -8.289669241764205 4.75 2.1271093531005647e-7
v -8.289669241764205 5.625 2.1271093531005647e-7
v -8.007205667067804 4.75 2.145524071906163
v -8.007205667067804 5.625 2.145524071906163
v -7.179063995913234 4.75 4.1448348992362565
v -7.179063995913234 5.625 4.1448348992362565
v -5.861681461056359 4.75 5.861681080343406
v -5.861681461056359 5.625 5.861681080343406
v -4.144834342527947 4.75 7.17906420862417
v -4.144834342527947 5.625 7.17906420862417
v -2.1455245867243984 4.75 8.007205532962521
v -2.1455245867243984 5.625 8.007205532962521
v 2.1271093531005647e-7 4.75 8.289669241764205
v 2.1271093531005647e-7 5.625 8.289669241764205
v 4.097555296311285 4.75 7.097173386940764
v 2.1210503331840265 4.75 7.915868730841486
v 2.1210503331840265 5.625 7.915868730841486
v 4.097555296311285 5.625 7.097173386940764
v 5.7948178844218905 4.75 5.794818083959581
v 5.7948178844218905 5.625 5.794818083959581
v 7.097173677332576 4.75 4.0975549701716485
v 7.097173677332576 5.625 4.0975549701716485
v 7.9158684171436065 4.75 2.1210508464195947
v 7.9158684171436065 5.625 2.1210508464195947
v 8.195110266482933 4.75 -2.90391811486046e-7
v 8.195110266482933 5.625 -2.90391811486046e-7
v 7.915868730841486 4.75 -2.1210503331840265
v 7.915868730841486 5.625 -2.1210503331840265
v 7.097173386940764 4.75 -4.097555296311285
v 7.097173386940764 5.625 -4.097555296311285
v 5.794818083959581 4.75 -5.7948178844218905
v 5.794818083959581 5.625 -5.7948178844218905
v 4.0975549701716485 4.75 -7.097173677332576
v 4.0975549701716485 5.625 -7.097173677332576
v 2.1210508464195947 4.75 -7.9158684171436065
v 2.1210508464195947 5.625 -7.9158684171436065
v -2.90391811486046e-7 4.75 -8.195110266482933
v -2.90391811486046e-7 5.625 -8.195110266482933
v -2.1210503331840265 4.75 -7.915868730841486
v -2.1210503331840265 5.625 -7.915868730841486
v -4.097555296311285 4.75 -7.097173386940764
v -4.097555296311285 5.625 -7.097173386940764
v -5.7948178844218905 4.75 -5.794818083959581
v -5.7948178844218905 5.625 -5.794818083959581
v -7.097173677332576 4.75 -4.0975549701716485
v -7.097173677332576 5.625 -4.0975549701716485
v -7.9158684171436065 4.75 -2.1210508464195947
v -7.9158684171436065 5.625 -2.1210508464195947
v -8.195110266482933 4.75 2.90391811486046e-7
v -8.195110266482933 5.625 2.90391811486046e-7
v -7.915868730841486 4.75 2.1210503331840265
v -7.915868730841486 5.625 2.1210503331840265
v -7.097173386940764 4.75 4.097555296311285
v -7.097173386940764 5.625 4.097555296311285
v -5.794818083959581 4.75 5.7948178844218905
v -5.794818083959581 5.625 5.7948178844218905
v -4.0975549701716485 4.75 7.097173677332576
v -4.0975549701716485 5.625 7.097173677332576
v -2.1210508464195947 4.75 7.9158684171436065
v -2.1210508464195947 5.625 7.9158684171436065
v 2.90391811486046e-7 4.75 8.195110266482933
v 2.90391811486046e-7 5.625 8.195110266482933
vt 0.84375 0.9375
vt 0.84375 0.9375
vt 0.84375 0.9375
vt 0.84375 0.9375
vt 0.84375 0.9375
vt 0.84375 0.9375
vt 0.84375 0.9375
vt 0.84375 0.9375
vt 0.84375 0.9375
vt 0.84375 0.9375
vt 0.84375 0.9375
vt 0.84375 0.9375
vt 0.84375 0.9375
vt 0.84375 0.9375
vt 0.84375 0.9375
vt 0.84375 0.9375
vt 0.84375 0.9375
vt 0.84375 0.9375
vt 0.84375 0.9375
vt 0.84375 0.9375
vt 0.84375 0.9375
vt 0.84375 0.9375
vt 0.84375 0.9375
vt 0.84375 0.9375
vt 0.84375 0.9375
vt 0.84375 0.9375
vt 0.84375 0.9375
vt 0.84375 0.9375
vt 0.84375 0.9375
vt 0.84375 0.9375
vt 0.84375 0.9375
vt 0.84375 0.9375
vt 0.84375 0.9375
vt 0.84375 0.9375
vt 0.84375 0.9375
vt 0.84375 0.9375
vt 0.84375 0.9375
vt 0.84375 0.9375
vt 0.84375 0.9375
vt 0.84375 0.9375
vt 0.84375 0.9375
vt 0.84375 0.9375
vt 0.84375 0.9375
vt 0.84375 0.9375
vt 0.84375 0.9375
vt 0.84375 0.9375
vt 0.84375 0.9375
vt 0.84375 0.9375
vt 0.84375 0.9375
vt 0.84375 0.9375
vt 0.84375 0.9375
vt 0.84375 0.9375
vt 0.84375 0.9375
vt 0.84375 0.9375
vt 0.84375 0.9375
vt 0.84375 0.9375
vt 0.84375 0.9375
vt 0.84375 0.9375
vt 0.84375 0.9375
vt 0.84375 0.9375
vt 0.84375 0.9375
vt 0.84375 0.9375
vt 0.84375 0.9375
vt 0.84375 0.9375
vt 0.84375 0.9375
vt 0.84375 0.9375
vt 0.84375 0.9375
vt 0.84375 0.9375
vt 0.84375 0.9375
vt 0.84375 0.9375
vt 0.84375 0.9375
vt 0.84375 0.9375
vt 0.84375 0.9375
vt 0.84375 0.9375
vt 0.84375 0.9375
vt 0.84375 0.9375
vt 0.84375 0.9375
vt 0.84375 0.9375
vt 0.84375 0.9375
vt 0.84375 0.9375
vt 0.84375 0.9375
vt 0.84375 0.9375
vt 0.84375 0.9375
vt 0.84375 0.9375
vt 0.84375 0.9375
vt 0.84375 0.9375
vt 0.84375 0.9375
vt 0.84375 0.9375
vt 0.84375 0.9375
vt 0.84375 0.9375
vt 0.84375 0.9375
vt 0.84375 0.9375
vt 0.84375 0.9375
vt 0.84375 0.9375
vt 0.84375 0.9375
vt 0.84375 0.9375
vt 0.8125 0.9375
vt 0.8125 0.96875
vt 0.84375 0.9375
vt 0.84375 0.9375
vt 0.84375 0.96875
vt 0.84375 0.9375
vt 0.84375 0.9375
vt 0.84375 0.9375
vt 0.8125 0.96875
vt 0.84375 0.9375
vt 0.84375 0.9375
vt 0.84375 0.9375
vt 0.84375 0.9375
vt 0.84375 0.96875
vt 0.84375 0.9375
vt 0.84375 0.9375
vt 0.84375 0.9375
vt 0.84375 0.9375
vt 0.84375 0.9375
vt 0.84375 0.9375
vt 0.84375 0.9375
vt 0.84375 0.9375
vt 0.84375 0.9375
vt 0.84375 0.9375
vt 0.84375 0.9375
vt 0.84375 0.9375
vt 0.84375 0.9375
vt 0.84375 0.9375
vt 0.84375 0.9375
vt 0.84375 0.9375
vt 0.84375 0.9375
vt 0.84375 0.9375
vt 0.84375 0.9375
vt 0.84375 0.9375
vt 0.84375 0.9375
vt 0.84375 0.9375
vt 0.84375 0.9375
vt 0.84375 0.9375
vt 0.84375 0.9375
vt 0.84375 0.9375
vt 0.84375 0.9375
vt 0.84375 0.9375
vt 0.84375 0.9375
vt 0.84375 0.9375
vt 0.84375 0.9375
vt 0.84375 0.9375
vt 0.84375 0.9375
vt 0.84375 0.9375
vt 0.84375 0.9375
vt 0.84375 0.9375
vt 0.84375 0.9375
vt 0.84375 0.9375
vt 0.84375 0.9375
vt 0.84375 0.9375
vt 0.84375 0.9375
vt 0.84375 0.9375
vt 0.84375 0.9375
vt 0.84375 0.9375
vt 0.84375 0.9375
vt 0.84375 0.9375
vt 0.84375 0.9375
vt 0.84375 0.9375
vt 0.84375 0.9375
vt 0.84375 0.9375
vt 0.84375 0.9375
vt 0.84375 0.9375
vt 0.84375 0.9375
vt 0.84375 0.9375
vt 0.84375 0.9375
vt 0.84375 0.9375
vt 0.84375 0.9375
vt 0.84375 0.9375
vt 0.84375 0.9375
vt 0.84375 0.9375
vt 0.84375 0.9375
vt 0.84375 0.9375
vt 0.84375 0.9375
vt 0.84375 0.9375
vt 0.84375 0.9375
vt 0.84375 0.9375
vt 0.84375 0.9375
vt 0.84375 0.9375
vt 0.84375 0.9375
vt 0.84375 0.9375
vt 0.84375 0.9375
vt 0.84375 0.9375
vt 0.84375 0.9375
vt 0.84375 0.9375
vt 0.84375 0.9375
vt 0.84375 0.9375
vt 0.84375 0.9375
vt 0.84375 0.9375
vt 0.84375 0.9375
vt 0.84375 0.9375
vt 0.84375 0.9375
vt 0.84375 0.9375
vt 0.84375 0.9375
vt 0.84375 0.9375
vt 0.84375 0.9375
vt 0.84375 0.9375
vt 0.84375 0.9375
vt 0.84375 0.9375
vt 0.84375 0.9375
vt 0.84375 0.9375
vt 0.84375 0.9375
vt 0.84375 0.9375
vt 0.84375 0.9375
vt 0.84375 0.9375
vt 0.84375 0.9375
vt 0.84375 0.9375
vt 0.84375 0.9375
vt 0.84375 0.9375
vt 0.84375 0.9375
vt 0.84375 0.9375
vt 0.84375 0.9375
vt 0.84375 0.9375
vt 0.84375 0.9375
vt 0.84375 0.9375
vt 0.84375 0.9375
vt 0.84375 0.9375
vt 0.84375 0.9375
vt 0.84375 0.9375
vt 0.84375 0.9375
vt 0.84375 0.9375
vt 0.84375 0.9375
vt 0.84375 0.9375
vt 0.84375 0.9375
vt 0.84375 0.9375
vt 0.84375 0.9375
vt 0.84375 0.9375
vt 0.84375 0.9375
vt 0.84375 0.9375
vt 0.84375 0.9375
vt 0.84375 0.9375
vt 0.84375 0.9375
vt 0.84375 0.9375
vt 0.84375 0.9375
vt 0.84375 0.9375
vt 0.84375 0.9375
vt 0.84375 0.9375
vt 0.84375 0.9375
vt 0.84375 0.9375
vt 0.84375 0.9375
vt 0.84375 0.9375
vt 0.84375 0.9375
vt 0.84375 0.9375
vt 0.84375 0.9375
vt 0.84375 0.9375
vt 0.84375 0.9375
vt 0.84375 0.9375
vt 0.84375 0.9375
vt 0.84375 0.9375
vt 0.84375 0.9375
vt 0.84375 0.9375
vt 0.84375 0.9375
vt 0.84375 0.9375
vt 0.84375 0.9375
vt 0.84375 0.9375
vt 0.84375 0.9375
vt 0.84375 0.9375
vt 0.84375 0.9375
vt 0.84375 0.9375
vt 0.84375 0.9375
vt 0.84375 0.9375
vt 0.84375 0.9375
vt 0.84375 0.9375
vt 0.84375 0.9375
vt 0.84375 0.9375
vt 0.84375 0.9375
vt 0.84375 0.9375
vt 0.84375 0.9375
vt 0.84375 0.9375
vt 0.84375 0.9375
vt 0.84375 0.9375
vt 0.84375 0.9375
vt 0.84375 0.9375
vt 0.84375 0.9375
vt 0.84375 0.9375
vt 0.84375 0.9375
vt 0.84375 0.9375
vt 0.84375 0.9375
vt 0.84375 0.9375
vt 0.84375 0.9375
vt 0.84375 0.9375
vt 0.84375 0.9375
vt 0.8125 0.9375
vt 0.84375 0.9375
vt 0.84375 0.9375
vt 0.84375 0.9375
vt 0.84375 0.9375
vt 0.84375 0.9375
vt 0.84375 0.9375
vt 0.84375 0.9375
vt 0.8125 0.9375
vt 0.84375 0.9375
vt 0.84375 0.9375
vt 0.84375 0.9375
vt 0.84375 0.9375
vt 0.84375 0.9375
vt 0.84375 0.9375
vt 0.84375 0.9375
vt 0.84375 0.9375
vt 0.84375 0.9375
vt 0.84375 0.9375
vt 0.84375 0.9375
vt 0.84375 0.9375
vt 0.84375 0.9375
vt 0.84375 0.9375
vt 0.84375 0.9375
vt 0.84375 0.9375
vt 0.84375 0.9375
vt 0.84375 0.9375
vt 0.84375 0.9375
vt 0.84375 0.9375
vt 0.84375 0.9375
vt 0.84375 0.9375
vt 0.84375 0.9375
vt 0.84375 0.9375
vt 0.84375 0.9375
vt 0.84375 0.9375
vt 0.84375 0.9375
vt 0.84375 0.9375
vt 0.84375 0.9375
vt 0.84375 0.9375
vt 0.84375 0.9375
vt 0.84375 0.9375
vt 0.84375 0.9375
vt 0.84375 0.9375
vt 0.84375 0.9375
vt 0.84375 0.9375
vt 0.84375 0.9375
vt 0.84375 0.9375
vt 0.84375 0.9375
vt 0.84375 0.9375
vt 0.84375 0.9375
vt 0.84375 0.9375
vt 0.84375 0.9375
vt 0.84375 0.9375
vt 0.84375 0.9375
vt 0.84375 0.9375
vt 0.84375 0.9375
vt 0.84375 0.9375
vt 0.84375 0.9375
vt 0.84375 0.9375
vt 0.84375 0.9375
vt 0.84375 0.9375
vt 0.84375 0.9375
vt 0.84375 0.9375
vt 0.84375 0.9375
vt 0.84375 0.9375
vt 0.84375 0.9375
vt 0.84375 0.9375
vt 0.84375 0.9375
vt 0.84375 0.9375
vt 0.84375 0.9375
vt 0.84375 0.9375
vt 0.84375 0.9375
vt 0.84375 0.9375
vt 0.84375 0.9375
vt 0.84375 0.9375
vt 0.84375 0.9375
vt 0.84375 0.9375
vt 0.84375 0.9375
vt 0.84375 0.9375
vt 0.84375 0.9375
vt 0.84375 0.9375
vt 0.84375 0.9375
vt 0.84375 0.9375
vt 0.84375 0.9375
vt 0.84375 0.9375
vt 0.84375 0.9375
vt 0.84375 0.9375
vt 0.84375 0.9375
vt 0.84375 0.9375
vt 0.84375 0.9375
vt 0.84375 0.9375
vt 0.84375 0.9375
vt 0.84375 0.9375
vt 0.84375 0.9375
vt 0.84375 0.9375
vt 0.84375 0.9375
vt 0.84375 0.9375
vt 0.8125 0.96875
vt 0.84375 0.96875
vt 0.84375 0.96875
vt 0.8125 0.96875
vt 0.8125 0.9375
vt 0.84375 0.9375
vn 0.382683436733388 0 0.9238795307018786
vn 0.6087614656222555 0 0.7933533121966806
vn 0.7933533402912353 0 0.6087614290087207
vn 0.9238795148503111 0 0.3826834750024546
vn 0.991444860756655 0 0.13052619690781292
vn 0.9914448613738104 0 -0.13052619222005157
vn 0.9238795307018786 0 -0.382683436733388
vn 0.7933533121966806 0 -0.6087614656222555
vn 0.6087614290087207 0 -0.7933533402912353
vn 0.3826834750024546 0 -0.9238795148503111
vn 0.13052619690781292 0 -0.991444860756655
vn -0.13052619222005157 0 -0.9914448613738104
vn -0.382683436733388 0 -0.9238795307018786
vn -0.6087614656222555 0 -0.7933533121966806
vn -0.7933533402912353 0 -0.6087614290087207
vn -0.9238795148503111 0 -0.3826834750024546
vn -0.991444860756655 0 -0.13052619690781292
vn -0.9914448613738104 0 0.13052619222005157
vn -0.9238795307018786 0 0.382683436733388
vn -0.7933533121966806 0 0.6087614656222555
vn -0.6087614290087207 0 0.7933533402912353
vn -0.3826834750024546 0 0.9238795148503111
vn -0.13052619690781292 0 0.991444860756655
vn 0.13052619222005157 0 0.9914448613738104
vn 0 -1 0
vn 0 1 0
vn 0 -1 0
vn 0 1 0
vn 0 -1 0
vn 0 1 0
vn 0 -1 0
vn 0 1 0
vn 0 -1 0
vn 0 1 0
vn 0 -1 0
vn 0 1 0
vn 0 -1 0
vn 0 1 0
vn 0 -1 0
vn 0 1 0
vn 0 -1 0
vn 0 1 0
vn 0 -1 0
vn 0 1 0
vn 0 -1 0
vn 0 1 0
vn 0 -1 0
vn 0 1 0
vn 0 -1 0
vn 0 1 0
vn 0 -1 0
vn 0 1 0
vn 0 -1 0
vn 0 1 0
vn 0 -1 0
vn 0 1 0
vn 0 -1 0
vn 0 1 0
vn 0 -1 0
vn 0 1 0
vn 0 -1 0
vn 0 1 0
vn 0 -1 0
vn 0 1 0
vn 0 -1 0
vn 0 1 0
vn 0 -1 0
vn 0 1 0
vn 0 -1 0
vn 0 1 0
vn 0 -1 0
vn 0 1 0
vn -0.13052619222005157 0 -0.9914448613738104
vn 0.130526270176719 0 -0.9914448511106174
vn 0.3826834027077331 0 -0.9238795447957657
vn 0.6087614290087207 0 -0.7933533402912352
vn 0.7933533598330194 0 -0.6087614035413709
vn 0.9238795024211334 0 -0.3826835050091383
vn 0.9914448613738104 0 -0.13052619222005157
vn 0.9914448511106174 0 0.130526270176719
vn 0.9238795447957657 0 0.3826834027077331
vn 0.7933533402912352 0 0.6087614290087207
vn 0.6087614035413709 0 0.7933533598330194
vn 0.3826835050091383 0 0.9238795024211334
vn 0.13052619222005157 0 0.9914448613738104
vn -0.130526270176719 0 0.9914448511106174
vn -0.3826834027077331 0 0.9238795447957657
vn -0.6087614290087207 0 0.7933533402912352
vn -0.7933533598330194 0 0.6087614035413709
vn -0.9238795024211334 0 0.3826835050091383
vn -0.9914448613738104 0 0.13052619222005157
vn -0.9914448511106174 0 -0.130526270176719
vn -0.9238795447957657 0 -0.3826834027077331
vn -0.7933533402912352 0 -0.6087614290087207
vn -0.6087614035413709 0 -0.7933533598330194
vn -0.3826835050091383 0 -0.9238795024211334
usemtl m_13075929-be01-9684-f420-f0ae119147d0
f 387/1585/409 389/1586/409 390/1587/409 388/1588/409
f 389/1589/410 391/1590/410 392/1591/410 390/1592/410
f 391/1593/411 393/1594/411 394/1595/411 392/1596/411
f 393/1597/412 395/1598/412 396/1599/412 394/1600/412
f 395/1601/413 397/1602/413 398/1603/413 396/1604/413
f 397/1605/414 399/1606/414 400/1607/414 398/1608/414
f 399/1609/415 401/1610/415 402/1611/415 400/1612/415
f 401/1613/416 403/1614/416 404/1615/416 402/1616/416
f 403/1617/417 405/1618/417 406/1619/417 404/1620/417
f 405/1621/418 407/1622/418 408/1623/418 406/1624/418
f 407/1625/419 409/1626/419 410/1627/419 408/1628/419
f 409/1629/420 411/1630/420 412/1631/420 410/1632/420
f 411/1633/421 413/1634/421 414/1635/421 412/1636/421
f 413/1637/422 415/1638/422 416/1639/422 414/1640/422
f 415/1641/423 417/1642/423 418/1643/423 416/1644/423
f 417/1645/424 419/1646/424 420/1647/424 418/1648/424
f 419/1649/425 421/1650/425 422/1651/425 420/1652/425
f 421/1653/426 423/1654/426 424/1655/426 422/1656/426
f 423/1657/427 425/1658/427 426/1659/427 424/1660/427
f 425/1661/428 427/1662/428 428/1663/428 426/1664/428
f 427/1665/429 429/1666/429 430/1667/429 428/1668/429
f 429/1669/430 431/1670/430 432/1671/430 430/1672/430
f 431/1673/431 433/1674/431 434/1675/431 432/1676/431
f 433/1677/432 387/1678/432 388/1679/432 434/1680/432
f 436/1681/433 435/1682/433 389/1683/433 387/1684/433
f 438/1685/434 437/1686/434 388/1687/434 390/1688/434
f 435/1689/435 439/1690/435 391/1691/435 389/1692/435
f 440/1693/436 438/1694/436 390/1695/436 392/1696/436
f 439/1697/437 441/1698/437 393/1699/437 391/1700/437
f 442/1701/438 440/1702/438 392/1703/438 394/1704/438
f 441/1705/439 443/1706/439 395/1707/439 393/1708/439
f 444/1709/440 442/1710/440 394/1711/440 396/1712/440
f 443/1713/441 445/1714/441 397/1715/441 395/1716/441
f 446/1717/442 444/1718/442 396/1719/442 398/1720/442
f 445/1721/443 447/1722/443 399/1723/443 397/1724/443
f 448/1725/444 446/1726/444 398/1727/444 400/1728/444
f 447/1729/445 449/1730/445 401/1731/445 399/1732/445
f 450/1733/446 448/1734/446 400/1735/446 402/1736/446
f 449/1737/447 451/1738/447 403/1739/447 401/1740/447
f 452/1741/448 450/1742/448 402/1743/448 404/1744/448
f 451/1745/449 453/1746/449 405/1747/449 403/1748/449
f 454/1749/450 452/1750/450 404/1751/450 406/1752/450
f 453/1753/451 455/1754/451 407/1755/451 405/1756/451
f 456/1757/452 454/1758/452 406/1759/452 408/1760/452
f 455/1761/453 457/1762/453 409/1763/453 407/1764/453
f 458/1765/454 456/1766/454 408/1767/454 410/1768/454
f 457/1769/455 459/1770/455 411/1771/455 409/1772/455
f 460/1773/456 458/1774/456 410/1775/456 412/1776/456
f 459/1777/457 461/1778/457 413/1779/457 411/1780/457
f 462/1781/458 460/1782/458 412/1783/458 414/1784/458
f 461/1785/459 463/1786/459 415/1787/459 413/1788/459
f 464/1789/460 462/1790/460 414/1791/460 416/1792/460
f 463/1793/461 465/1794/461 417/1795/461 415/1796/461
f 466/1797/462 464/1798/462 416/1799/462 418/1800/462
f 465/1801/463 467/1802/463 419/1803/463 417/1804/463
f 468/1805/464 466/1806/464 418/1807/464 420/1808/464
f 467/1809/465 469/1810/465 421/1811/465 419/1812/465
f 470/1813/466 468/1814/466 420/1815/466 422/1816/466
f 469/1817/467 471/1818/467 423/1819/467 421/1820/467
f 472/1821/468 470/1822/468 422/1823/468 424/1824/468
f 471/1825/469 473/1826/469 425/1827/469 423/1828/469
f 474/1829/470 472/1830/470 424/1831/470 426/1832/470
f 473/1833/471 475/1834/471 427/1835/471 425/1836/471
f 476/1837/472 474/1838/472 426/1839/472 428/1840/472
f 475/1841/473 477/1842/473 429/1843/473 427/1844/473
f 478/1845/474 476/1846/474 428/1847/474 430/1848/474
f 477/1849/475 479/1850/475 431/1851/475 429/1852/475
f 480/1853/476 478/1854/476 430/1855/476 432/1856/476
f 479/1857/477 481/1858/477 433/1859/477 431/1860/477
f 482/1861/478 480/1862/478 432/1863/478 434/1864/478
f 481/1865/479 436/1866/479 387/1867/479 433/1868/479
f 437/1869/480 482/1870/480 434/1871/480 388/1872/480
f 437/1873/481 436/1874/481 481/1875/481 482/1876/481
f 482/1877/482 481/1878/482 479/1879/482 480/1880/482
f 480/1881/483 479/1882/483 477/1883/483 478/1884/483
f 478/1885/484 477/1886/484 475/1887/484 476/1888/484
f 476/1889/485 475/1890/485 473/1891/485 474/1892/485
f 474/1893/486 473/1894/486 471/1895/486 472/1896/486
f 472/1897/487 471/1898/487 469/1899/487 470/1900/487
f 470/1901/488 469/1902/488 467/1903/488 468/1904/488
f 468/1905/489 467/1906/489 465/1907/489 466/1908/489
f 466/1909/490 465/1910/490 463/1911/490 464/1912/490
f 464/1913/491 463/1914/491 461/1915/491 462/1916/491
f 462/1917/492 461/1918/492 459/1919/492 460/1920/492
f 460/1921/493 459/1922/493 457/1923/493 458/1924/493
f 458/1925/494 457/1926/494 455/1927/494 456/1928/494
f 456/1929/495 455/1930/495 453/1931/495 454/1932/495
f 454/1933/496 453/1934/496 451/1935/496 452/1936/496
f 452/1937/497 451/1938/497 449/1939/497 450/1940/497
f 450/1941/498 449/1942/498 447/1943/498 448/1944/498
f 448/1945/499 447/1946/499 445/1947/499 446/1948/499
f 446/1949/500 445/1950/500 443/1951/500 444/1952/500
f 444/1953/501 443/1954/501 441/1955/501 442/1956/501
f 442/1957/502 441/1958/502 439/1959/502 440/1960/502
f 440/1961/503 439/1962/503 435/1963/503 438/1964/503
f 438/1965/504 435/1966/504 436/1967/504 437/1968/504
o CircleBorder
v 2.2434190267947067 4.125 8.372553411973078
v 2.2434190267947067 4.90625 8.372553411973078
v 4.3339526097042365 4.125 7.5066258937289465
v 4.3339526097042365 4.90625 7.5066258937289465
v 6.129134402103633 4.125 6.129134268211568
v 6.129134402103633 4.90625 6.129134268211568
v 7.506625795716375 4.125 4.33395253318505
v 7.506625795716375 4.90625 4.33395253318505
v 8.372553295006277 4.125 2.243419009869447
v 8.372553295006277 4.90625 2.243419009869447
v 8.667905142889287 4.125 9.80125705041246e-8
v 8.667905142889287 4.90625 9.80125705041246e-8
v 8.372553411973078 4.125 -2.2434190267947067
v 8.372553411973078 4.90625 -2.2434190267947067
v 7.5066258937289465 4.125 -4.3339526097042365
v 7.5066258937289465 4.90625 -4.3339526097042365
v 6.129134268211568 4.125 -6.129134402103633
v 6.129134268211568 4.90625 -6.129134402103633
v 4.33395253318505 4.125 -7.506625795716375
v 4.33395253318505 4.90625 -7.506625795716375
v 2.243419009869447 4.125 -8.372553295006277
v 2.243419009869447 4.90625 -8.372553295006277
v 9.80125705041246e-8 4.125 -8.667905142889287
v 9.80125705041246e-8 4.90625 -8.667905142889287
v -2.2434190267947067 4.125 -8.372553411973078
v -2.2434190267947067 4.90625 -8.372553411973078
v -4.3339526097042365 4.125 -7.5066258937289465
v -4.3339526097042365 4.90625 -7.5066258937289465
v -6.129134402103633 4.125 -6.129134268211568
v -6.129134402103633 4.90625 -6.129134268211568
v -7.506625795716375 4.125 -4.33395253318505
v -7.506625795716375 4.90625 -4.33395253318505
v -8.372553295006277 4.125 -2.243419009869447
v -8.372553295006277 4.90625 -2.243419009869447
v -8.667905142889287 4.125 -9.80125705041246e-8
v -8.667905142889287 4.90625 -9.80125705041246e-8
v -8.372553411973078 4.125 2.2434190267947067
v -8.372553411973078 4.90625 2.2434190267947067
v -7.5066258937289465 4.125 4.3339526097042365
v -7.5066258937289465 4.90625 4.3339526097042365
v -6.129134268211568 4.125 6.129134402103633
v -6.129134268211568 4.90625 6.129134402103633
v -4.33395253318505 4.125 7.506625795716375
v -4.33395253318505 4.90625 7.506625795716375
v -2.243419009869447 4.125 8.372553295006277
v -2.243419009869447 4.90625 8.372553295006277
v -9.80125705041246e-8 4.125 8.667905142889287
v -9.80125705041246e-8 4.90625 8.667905142889287
v 3.8900104048500923 4.125 6.7376961789909515
v 2.013617346185164 4.125 7.514923280645306
v 2.013617346185164 4.90625 7.514923280645306
v 3.8900104048500923 4.90625 6.7376961789909515
v 5.501305775725877 4.125 5.501305561560502
v 5.501305775725877 4.90625 5.501305561560502
v 6.737695827909328 4.125 3.890010674826566
v 6.737695827909328 4.90625 3.890010674826566
v 7.514923527398704 4.125 2.013617423340558
v 7.514923527398704 4.90625 2.013617423340558
v 7.780020998097788 4.125 -2.6857141510738813e-7
v 7.780020998097788 4.90625 -2.6857141510738813e-7
v 7.514923280645306 4.125 -2.013617346185164
v 7.514923280645306 4.90625 -2.013617346185164
v 6.7376961789909515 4.125 -3.8900104048500923
v 6.7376961789909515 4.90625 -3.8900104048500923
v 5.501305561560502 4.125 -5.501305775725877
v 5.501305561560502 4.90625 -5.501305775725877
v 3.890010674826566 4.125 -6.737695827909328
v 3.890010674826566 4.90625 -6.737695827909328
v 2.013617423340558 4.125 -7.514923527398704
v 2.013617423340558 4.90625 -7.514923527398704
v -2.6857141510738813e-7 4.125 -7.780020998097788
v -2.6857141510738813e-7 4.90625 -7.780020998097788
v -2.013617346185164 4.125 -7.514923280645306
v -2.013617346185164 4.90625 -7.514923280645306
v -3.8900104048500923 4.125 -6.7376961789909515
v -3.8900104048500923 4.90625 -6.7376961789909515
v -5.501305775725877 4.125 -5.501305561560502
v -5.501305775725877 4.90625 -5.501305561560502
v -6.737695827909328 4.125 -3.890010674826566
v -6.737695827909328 4.90625 -3.890010674826566
v -7.514923527398704 4.125 -2.013617423340558
v -7.514923527398704 4.90625 -2.013617423340558
v -7.780020998097788 4.125 2.6857141510738813e-7
v -7.780020998097788 4.90625 2.6857141510738813e-7
v -7.514923280645306 4.125 2.013617346185164
v -7.514923280645306 4.90625 2.013617346185164
v -6.7376961789909515 4.125 3.8900104048500923
v -6.7376961789909515 4.90625 3.8900104048500923
v -5.501305561560502 4.125 5.501305775725877
v -5.501305561560502 4.90625 5.501305775725877
v -3.890010674826566 4.125 6.737695827909328
v -3.890010674826566 4.90625 6.737695827909328
v -2.013617423340558 4.125 7.514923527398704
v -2.013617423340558 4.90625 7.514923527398704
v 2.6857141510738813e-7 4.125 7.780020998097788
v 2.6857141510738813e-7 4.90625 7.780020998097788
vt 0.53125 0.9375
vt 0.53125 0.9375
vt 0.53125 0.9375
vt 0.53125 0.9375
vt 0.53125 0.9375
vt 0.53125 0.9375
vt 0.53125 0.9375
vt 0.53125 0.9375
vt 0.53125 0.9375
vt 0.53125 0.9375
vt 0.53125 0.9375
vt 0.53125 0.9375
vt 0.53125 0.9375
vt 0.53125 0.9375
vt 0.53125 0.9375
vt 0.53125 0.9375
vt 0.53125 0.9375
vt 0.53125 0.9375
vt 0.53125 0.9375
vt 0.53125 0.9375
vt 0.53125 0.9375
vt 0.53125 0.9375
vt 0.53125 0.9375
vt 0.53125 0.9375
vt 0.53125 0.9375
vt 0.53125 0.9375
vt 0.53125 0.9375
vt 0.53125 0.9375
vt 0.53125 0.9375
vt 0.53125 0.9375
vt 0.53125 0.9375
vt 0.53125 0.9375
vt 0.53125 0.9375
vt 0.53125 0.9375
vt 0.53125 0.9375
vt 0.53125 0.9375
vt 0.53125 0.9375
vt 0.53125 0.9375
vt 0.53125 0.9375
vt 0.53125 0.9375
vt 0.53125 0.9375
vt 0.53125 0.9375
vt 0.53125 0.9375
vt 0.53125 0.9375
vt 0.53125 0.9375
vt 0.53125 0.9375
vt 0.53125 0.9375
vt 0.53125 0.9375
vt 0.53125 0.9375
vt 0.53125 0.9375
vt 0.53125 0.9375
vt 0.53125 0.9375
vt 0.53125 0.9375
vt 0.53125 0.9375
vt 0.53125 0.9375
vt 0.53125 0.9375
vt 0.53125 0.9375
vt 0.53125 0.9375
vt 0.53125 0.9375
vt 0.53125 0.9375
vt 0.53125 0.9375
vt 0.53125 0.9375
vt 0.53125 0.9375
vt 0.53125 0.9375
vt 0.53125 0.9375
vt 0.53125 0.9375
vt 0.53125 0.9375
vt 0.53125 0.9375
vt 0.53125 0.9375
vt 0.53125 0.9375
vt 0.53125 0.9375
vt 0.53125 0.9375
vt 0.53125 0.9375
vt 0.53125 0.9375
vt 0.53125 0.9375
vt 0.53125 0.9375
vt 0.53125 0.9375
vt 0.53125 0.9375
vt 0.53125 0.9375
vt 0.53125 0.9375
vt 0.53125 0.9375
vt 0.53125 0.9375
vt 0.53125 0.9375
vt 0.53125 0.9375
vt 0.53125 0.9375
vt 0.53125 0.9375
vt 0.53125 0.9375
vt 0.53125 0.9375
vt 0.53125 0.9375
vt 0.53125 0.9375
vt 0.53125 0.9375
vt 0.53125 0.9375
vt 0.53125 0.9375
vt 0.53125 0.9375
vt 0.53125 0.9375
vt 0.53125 0.9375
vt 0.53125 0.9375
vt 0.53125 0.96875
vt 0.53125 0.9375
vt 0.53125 0.9375
vt 0.53125 0.96875
vt 0.53125 0.9375
vt 0.53125 0.9375
vt 0.53125 0.9375
vt 0.53125 0.96875
vt 0.53125 0.9375
vt 0.53125 0.9375
vt 0.53125 0.9375
vt 0.53125 0.9375
vt 0.53125 0.96875
vt 0.53125 0.9375
vt 0.53125 0.9375
vt 0.53125 0.9375
vt 0.53125 0.9375
vt 0.53125 0.9375
vt 0.53125 0.9375
vt 0.53125 0.9375
vt 0.53125 0.9375
vt 0.53125 0.9375
vt 0.53125 0.9375
vt 0.53125 0.9375
vt 0.53125 0.9375
vt 0.53125 0.9375
vt 0.53125 0.9375
vt 0.53125 0.9375
vt 0.53125 0.9375
vt 0.53125 0.9375
vt 0.53125 0.9375
vt 0.53125 0.9375
vt 0.53125 0.9375
vt 0.53125 0.9375
vt 0.53125 0.9375
vt 0.53125 0.9375
vt 0.53125 0.9375
vt 0.53125 0.9375
vt 0.53125 0.9375
vt 0.53125 0.9375
vt 0.53125 0.9375
vt 0.53125 0.9375
vt 0.53125 0.9375
vt 0.53125 0.9375
vt 0.53125 0.9375
vt 0.53125 0.9375
vt 0.53125 0.9375
vt 0.53125 0.9375
vt 0.53125 0.9375
vt 0.53125 0.9375
vt 0.53125 0.9375
vt 0.53125 0.9375
vt 0.53125 0.9375
vt 0.53125 0.9375
vt 0.53125 0.9375
vt 0.53125 0.9375
vt 0.53125 0.9375
vt 0.53125 0.9375
vt 0.53125 0.9375
vt 0.53125 0.9375
vt 0.53125 0.9375
vt 0.53125 0.9375
vt 0.53125 0.9375
vt 0.53125 0.9375
vt 0.53125 0.9375
vt 0.53125 0.9375
vt 0.53125 0.9375
vt 0.53125 0.9375
vt 0.53125 0.9375
vt 0.53125 0.9375
vt 0.53125 0.9375
vt 0.53125 0.9375
vt 0.53125 0.9375
vt 0.53125 0.9375
vt 0.53125 0.9375
vt 0.53125 0.9375
vt 0.53125 0.9375
vt 0.53125 0.9375
vt 0.53125 0.9375
vt 0.53125 0.9375
vt 0.53125 0.9375
vt 0.53125 0.9375
vt 0.53125 0.9375
vt 0.53125 0.9375
vt 0.53125 0.9375
vt 0.53125 0.9375
vt 0.53125 0.9375
vt 0.53125 0.9375
vt 0.53125 0.9375
vt 0.53125 0.9375
vt 0.53125 0.9375
vt 0.53125 0.9375
vt 0.53125 0.9375
vt 0.53125 0.9375
vt 0.53125 0.9375
vt 0.53125 0.9375
vt 0.53125 0.9375
vt 0.53125 0.9375
vt 0.53125 0.9375
vt 0.53125 0.9375
vt 0.53125 0.9375
vt 0.53125 0.9375
vt 0.53125 0.9375
vt 0.53125 0.9375
vt 0.53125 0.9375
vt 0.53125 0.9375
vt 0.53125 0.9375
vt 0.53125 0.9375
vt 0.53125 0.9375
vt 0.53125 0.9375
vt 0.53125 0.9375
vt 0.53125 0.9375
vt 0.53125 0.9375
vt 0.53125 0.9375
vt 0.53125 0.9375
vt 0.53125 0.9375
vt 0.53125 0.9375
vt 0.53125 0.9375
vt 0.53125 0.9375
vt 0.53125 0.9375
vt 0.53125 0.9375
vt 0.53125 0.9375
vt 0.53125 0.9375
vt 0.53125 0.9375
vt 0.53125 0.9375
vt 0.53125 0.9375
vt 0.53125 0.9375
vt 0.53125 0.9375
vt 0.53125 0.9375
vt 0.53125 0.9375
vt 0.53125 0.9375
vt 0.53125 0.9375
vt 0.53125 0.9375
vt 0.53125 0.9375
vt 0.53125 0.9375
vt 0.53125 0.9375
vt 0.53125 0.9375
vt 0.53125 0.9375
vt 0.53125 0.9375
vt 0.53125 0.9375
vt 0.53125 0.9375
vt 0.53125 0.9375
vt 0.53125 0.9375
vt 0.53125 0.9375
vt 0.53125 0.9375
vt 0.53125 0.9375
vt 0.53125 0.9375
vt 0.53125 0.9375
vt 0.53125 0.9375
vt 0.53125 0.9375
vt 0.53125 0.9375
vt 0.53125 0.9375
vt 0.53125 0.9375
vt 0.53125 0.9375
vt 0.53125 0.9375
vt 0.53125 0.9375
vt 0.53125 0.9375
vt 0.53125 0.9375
vt 0.53125 0.9375
vt 0.53125 0.9375
vt 0.53125 0.9375
vt 0.53125 0.9375
vt 0.53125 0.9375
vt 0.53125 0.9375
vt 0.53125 0.9375
vt 0.53125 0.9375
vt 0.53125 0.9375
vt 0.53125 0.9375
vt 0.53125 0.9375
vt 0.53125 0.9375
vt 0.53125 0.9375
vt 0.53125 0.9375
vt 0.53125 0.9375
vt 0.53125 0.9375
vt 0.53125 0.9375
vt 0.53125 0.9375
vt 0.53125 0.9375
vt 0.53125 0.9375
vt 0.53125 0.9375
vt 0.53125 0.9375
vt 0.53125 0.9375
vt 0.53125 0.9375
vt 0.53125 0.9375
vt 0.53125 0.9375
vt 0.53125 0.9375
vt 0.53125 0.9375
vt 0.53125 0.9375
vt 0.53125 0.9375
vt 0.53125 0.9375
vt 0.53125 0.9375
vt 0.53125 0.9375
vt 0.53125 0.9375
vt 0.53125 0.9375
vt 0.53125 0.9375
vt 0.53125 0.9375
vt 0.53125 0.9375
vt 0.53125 0.9375
vt 0.53125 0.9375
vt 0.53125 0.9375
vt 0.53125 0.9375
vt 0.53125 0.9375
vt 0.53125 0.9375
vt 0.53125 0.9375
vt 0.53125 0.9375
vt 0.53125 0.9375
vt 0.53125 0.9375
vt 0.53125 0.9375
vt 0.53125 0.9375
vt 0.53125 0.9375
vt 0.53125 0.9375
vt 0.53125 0.9375
vt 0.53125 0.9375
vt 0.53125 0.9375
vt 0.53125 0.9375
vt 0.53125 0.9375
vt 0.53125 0.9375
vt 0.53125 0.9375
vt 0.53125 0.9375
vt 0.53125 0.9375
vt 0.53125 0.9375
vt 0.53125 0.9375
vt 0.53125 0.9375
vt 0.53125 0.9375
vt 0.53125 0.9375
vt 0.53125 0.9375
vt 0.53125 0.9375
vt 0.53125 0.9375
vt 0.53125 0.9375
vt 0.53125 0.9375
vt 0.53125 0.9375
vt 0.53125 0.9375
vt 0.53125 0.9375
vt 0.53125 0.9375
vt 0.53125 0.9375
vt 0.53125 0.9375
vt 0.53125 0.9375
vt 0.53125 0.9375
vt 0.53125 0.9375
vt 0.53125 0.9375
vt 0.53125 0.9375
vt 0.53125 0.9375
vt 0.53125 0.9375
vt 0.53125 0.9375
vt 0.53125 0.9375
vt 0.53125 0.9375
vt 0.53125 0.9375
vt 0.53125 0.9375
vt 0.53125 0.9375
vt 0.53125 0.9375
vt 0.53125 0.9375
vt 0.53125 0.9375
vt 0.53125 0.9375
vt 0.53125 0.9375
vt 0.53125 0.9375
vt 0.53125 0.9375
vt 0.53125 0.9375
vt 0.53125 0.9375
vt 0.53125 0.9375
vt 0.53125 0.9375
vt 0.53125 0.9375
vt 0.53125 0.9375
vt 0.53125 0.9375
vt 0.53125 0.9375
vt 0.53125 0.9375
vt 0.53125 0.9375
vt 0.53125 0.9375
vt 0.53125 0.9375
vt 0.53125 0.9375
vt 0.53125 0.9375
vt 0.53125 0.9375
vt 0.53125 0.9375
vt 0.53125 0.9375
vt 0.53125 0.9375
vt 0.53125 0.9375
vt 0.53125 0.9375
vt 0.53125 0.9375
vt 0.53125 0.9375
vt 0.53125 0.9375
vt 0.53125 0.9375
vt 0.53125 0.9375
vt 0.53125 0.9375
vt 0.53125 0.96875
vt 0.53125 0.96875
vt 0.53125 0.96875
vt 0.53125 0.96875
vt 0.53125 0.9375
vt 0.53125 0.9375
vn 0.3826834910622171 0 0.9238795081981384
vn 0.6087614812692829 0 0.7933533001902928
vn 0.7933533402912352 0 0.6087614290087207
vn 0.9238795073027797 0 0.38268349322380424
vn 0.9914448530810469 0 0.13052625520982866
vn 0.9914448613738104 0 -0.13052619222005157
vn 0.9238795081981384 0 -0.3826834910622171
vn 0.7933533001902928 0 -0.6087614812692829
vn 0.6087614290087207 0 -0.7933533402912352
vn 0.38268349322380424 0 -0.9238795073027797
vn 0.13052625520982866 0 -0.9914448530810469
vn -0.13052619222005157 0 -0.9914448613738104
vn -0.3826834910622171 0 -0.9238795081981384
vn -0.6087614812692829 0 -0.7933533001902928
vn -0.7933533402912352 0 -0.6087614290087207
vn -0.9238795073027797 0 -0.38268349322380424
vn -0.9914448530810469 0 -0.13052625520982866
vn -0.9914448613738104 0 0.13052619222005157
vn -0.9238795081981384 0 0.3826834910622171
vn -0.7933533001902928 0 0.6087614812692829
vn -0.6087614290087207 0 0.7933533402912352
vn -0.38268349322380424 0 0.9238795073027797
vn -0.13052625520982866 0 0.9914448530810469
vn 0.13052619222005157 0 0.9914448613738104
vn 0 -1 0
vn 0 1 0
vn 0 -1 0
vn 0 1 0
vn 0 -1 0
vn 0 1 0
vn 0 -1 0
vn 0 1 0
vn 0 -1 0
vn 0 1 0
vn 0 -1 0
vn 0 1 0
vn 0 -1 0
vn 0 1 0
vn 0 -1 0
vn 0 1 0
vn 0 -1 0
vn 0 1 0
vn 0 -1 0
vn 0 1 0
vn 0 -1 0
vn 0 1 0
vn 0 -1 0
vn 0 1 0
vn 0 -1 0
vn 0 1 0
vn 0 -1 0
vn 0 1 0
vn 0 -1 0
vn 0 1 0
vn 0 -1 0
vn 0 1 0
vn 0 -1 0
vn 0 1 0
vn 0 -1 0
vn 0 1 0
vn 0 -1 0
vn 0 1 0
vn 0 -1 0
vn 0 1 0
vn 0 -1 0
vn 0 1 0
vn 0 -1 0
vn 0 1 0
vn 0 -1 0
vn 0 1 0
vn 0 -1 0
vn 0 1 0
vn -0.13052619222005157 0 -0.9914448613738104
vn 0.13052603365452675 0 -0.9914448822493449
vn 0.3826835022879872 0 -0.9238795035482712
vn 0.6087614290087207 0 -0.7933533402912352
vn 0.793353294217733 0 -0.6087614890528732
vn 0.9238795937152824 0 -0.38268328460554
vn 0.9914448613738104 0 -0.13052619222005157
vn 0.9914448822493449 0 0.13052603365452675
vn 0.9238795035482712 0 0.3826835022879872
vn 0.7933533402912352 0 0.6087614290087207
vn 0.6087614890528732 0 0.793353294217733
vn 0.38268328460554 0 0.9238795937152824
vn 0.13052619222005157 0 0.9914448613738104
vn -0.13052603365452675 0 0.9914448822493449
vn -0.3826835022879872 0 0.9238795035482712
vn -0.6087614290087207 0 0.7933533402912352
vn -0.793353294217733 0 0.6087614890528732
vn -0.9238795937152824 0 0.38268328460554
vn -0.9914448613738104 0 0.13052619222005157
vn -0.9914448822493449 0 -0.13052603365452675
vn -0.9238795035482712 0 -0.3826835022879872
vn -0.7933533402912352 0 -0.6087614290087207
vn -0.6087614890528732 0 -0.793353294217733
vn -0.38268328460554 0 -0.9238795937152824
usemtl m_13075929-be01-9684-f420-f0ae119147d0
f 483/1969/505 485/1970/505 486/1971/505 484/1972/505
f 485/1973/506 487/1974/506 488/1975/506 486/1976/506
f 487/1977/507 489/1978/507 490/1979/507 488/1980/507
f 489/1981/508 491/1982/508 492/1983/508 490/1984/508
f 491/1985/509 493/1986/509 494/1987/509 492/1988/509
f 493/1989/510 495/1990/510 496/1991/510 494/1992/510
f 495/1993/511 497/1994/511 498/1995/511 496/1996/511
f 497/1997/512 499/1998/512 500/1999/512 498/2000/512
f 499/2001/513 501/2002/513 502/2003/513 500/2004/513
f 501/2005/514 503/2006/514 504/2007/514 502/2008/514
f 503/2009/515 505/2010/515 506/2011/515 504/2012/515
f 505/2013/516 507/2014/516 508/2015/516 506/2016/516
f 507/2017/517 509/2018/517 510/2019/517 508/2020/517
f 509/2021/518 511/2022/518 512/2023/518 510/2024/518
f 511/2025/519 513/2026/519 514/2027/519 512/2028/519
f 513/2029/520 515/2030/520 516/2031/520 514/2032/520
f 515/2033/521 517/2034/521 518/2035/521 516/2036/521
f 517/2037/522 519/2038/522 520/2039/522 518/2040/522
f 519/2041/523 521/2042/523 522/2043/523 520/2044/523
f 521/2045/524 523/2046/524 524/2047/524 522/2048/524
f 523/2049/525 525/2050/525 526/2051/525 524/2052/525
f 525/2053/526 527/2054/526 528/2055/526 526/2056/526
f 527/2057/527 529/2058/527 530/2059/527 528/2060/527
f 529/2061/528 483/2062/528 484/2063/528 530/2064/528
f 532/2065/529 531/2066/529 485/2067/529 483/2068/529
f 534/2069/530 533/2070/530 484/2071/530 486/2072/530
f 531/2073/531 535/2074/531 487/2075/531 485/2076/531
f 536/2077/532 534/2078/532 486/2079/532 488/2080/532
f 535/2081/533 537/2082/533 489/2083/533 487/2084/533
f 538/2085/534 536/2086/534 488/2087/534 490/2088/534
f 537/2089/535 539/2090/535 491/2091/535 489/2092/535
f 540/2093/536 538/2094/536 490/2095/536 492/2096/536
f 539/2097/537 541/2098/537 493/2099/537 491/2100/537
f 542/2101/538 540/2102/538 492/2103/538 494/2104/538
f 541/2105/539 543/2106/539 495/2107/539 493/2108/539
f 544/2109/540 542/2110/540 494/2111/540 496/2112/540
f 543/2113/541 545/2114/541 497/2115/541 495/2116/541
f 546/2117/542 544/2118/542 496/2119/542 498/2120/542
f 545/2121/543 547/2122/543 499/2123/543 497/2124/543
f 548/2125/544 546/2126/544 498/2127/544 500/2128/544
f 547/2129/545 549/2130/545 501/2131/545 499/2132/545
f 550/2133/546 548/2134/546 500/2135/546 502/2136/546
f 549/2137/547 551/2138/547 503/2139/547 501/2140/547
f 552/2141/548 550/2142/548 502/2143/548 504/2144/548
f 551/2145/549 553/2146/549 505/2147/549 503/2148/549
f 554/2149/550 552/2150/550 504/2151/550 506/2152/550
f 553/2153/551 555/2154/551 507/2155/551 505/2156/551
f 556/2157/552 554/2158/552 506/2159/552 508/2160/552
f 555/2161/553 557/2162/553 509/2163/553 507/2164/553
f 558/2165/554 556/2166/554 508/2167/554 510/2168/554
f 557/2169/555 559/2170/555 511/2171/555 509/2172/555
f 560/2173/556 558/2174/556 510/2175/556 512/2176/556
f 559/2177/557 561/2178/557 513/2179/557 511/2180/557
f 562/2181/558 560/2182/558 512/2183/558 514/2184/558
f 561/2185/559 563/2186/559 515/2187/559 513/2188/559
f 564/2189/560 562/2190/560 514/2191/560 516/2192/560
f 563/2193/561 565/2194/561 517/2195/561 515/2196/561
f 566/2197/562 564/2198/562 516/2199/562 518/2200/562
f 565/2201/563 567/2202/563 519/2203/563 517/2204/563
f 568/2205/564 566/2206/564 518/2207/564 520/2208/564
f 567/2209/565 569/2210/565 521/2211/565 519/2212/565
f 570/2213/566 568/2214/566 520/2215/566 522/2216/566
f 569/2217/567 571/2218/567 523/2219/567 521/2220/567
f 572/2221/568 570/2222/568 522/2223/568 524/2224/568
f 571/2225/569 573/2226/569 525/2227/569 523/2228/569
f 574/2229/570 572/2230/570 524/2231/570 526/2232/570
f 573/2233/571 575/2234/571 527/2235/571 525/2236/571
f 576/2237/572 574/2238/572 526/2239/572 528/2240/572
f 575/2241/573 577/2242/573 529/2243/573 527/2244/573
f 578/2245/574 576/2246/574 528/2247/574 530/2248/574
f 577/2249/575 532/2250/575 483/2251/575 529/2252/575
f 533/2253/576 578/2254/576 530/2255/576 484/2256/576
f 533/2257/577 532/2258/577 577/2259/577 578/2260/577
f 578/2261/578 577/2262/578 575/2263/578 576/2264/578
f 576/2265/579 575/2266/579 573/2267/579 574/2268/579
f 574/2269/580 573/2270/580 571/2271/580 572/2272/580
f 572/2273/581 571/2274/581 569/2275/581 570/2276/581
f 570/2277/582 569/2278/582 567/2279/582 568/2280/582
f 568/2281/583 567/2282/583 565/2283/583 566/2284/583
f 566/2285/584 565/2286/584 563/2287/584 564/2288/584
f 564/2289/585 563/2290/585 561/2291/585 562/2292/585
f 562/2293/586 561/2294/586 559/2295/586 560/2296/586
f 560/2297/587 559/2298/587 557/2299/587 558/2300/587
f 558/2301/588 557/2302/588 555/2303/588 556/2304/588
f 556/2305/589 555/2306/589 553/2307/589 554/2308/589
f 554/2309/590 553/2310/590 551/2311/590 552/2312/590
f 552/2313/591 551/2314/591 549/2315/591 550/2316/591
f 550/2317/592 549/2318/592 547/2319/592 548/2320/592
f 548/2321/593 547/2322/593 545/2323/593 546/2324/593
f 546/2325/594 545/2326/594 543/2327/594 544/2328/594
f 544/2329/595 543/2330/595 541/2331/595 542/2332/595
f 542/2333/596 541/2334/596 539/2335/596 540/2336/596
f 540/2337/597 539/2338/597 537/2339/597 538/2340/597
f 538/2341/598 537/2342/598 535/2343/598 536/2344/598
f 536/2345/599 535/2346/599 531/2347/599 534/2348/599
f 534/2349/600 531/2350/600 532/2351/600 533/2352/600
o CircleLight
v 2.2842083847805874 4.09375 8.5247816662099
v 2.2842083847805874 4.1875 8.5247816662099
v 4.412751507617541 4.09375 7.643110089851296
v 4.412751507617541 4.1875 7.643110089851296
v 6.240573475074849 4.09375 6.240573175653622
v 6.240573475074849 4.1875 6.240573175653622
v 7.643110068921611 4.09375 4.41275190021424
v 7.643110068921611 4.1875 4.41275190021424
v 8.524781560434208 4.09375 2.2842081911350514
v 8.524781560434208 4.1875 2.2842081911350514
v 8.825503407831782 4.09375 2.0929684874104737e-8
v 8.825503407831782 4.1875 2.0929684874104737e-8
v 8.5247816662099 4.09375 -2.2842083847805874
v 8.5247816662099 4.1875 -2.2842083847805874
v 7.643110089851296 4.09375 -4.412751507617541
v 7.643110089851296 4.1875 -4.412751507617541
v 6.240573175653622 4.09375 -6.240573475074849
v 6.240573175653622 4.1875 -6.240573475074849
v 4.41275190021424 4.09375 -7.643110068921611
v 4.41275190021424 4.1875 -7.643110068921611
v 2.2842081911350514 4.09375 -8.524781560434208
v 2.2842081911350514 4.1875 -8.524781560434208
v 2.0929684874104737e-8 4.09375 -8.825503407831782
v 2.0929684874104737e-8 4.1875 -8.825503407831782
v -2.2842083847805874 4.09375 -8.5247816662099
v -2.2842083847805874 4.1875 -8.5247816662099
v -4.412751507617541 4.09375 -7.643110089851296
v -4.412751507617541 4.1875 -7.643110089851296
v -6.240573475074849 4.09375 -6.240573175653622
v -6.240573475074849 4.1875 -6.240573175653622
v -7.643110068921611 4.09375 -4.41275190021424
v -7.643110068921611 4.1875 -4.41275190021424
v -8.524781560434208 4.09375 -2.2842081911350514
v -8.524781560434208 4.1875 -2.2842081911350514
v -8.825503407831782 4.09375 -2.0929684874104737e-8
v -8.825503407831782 4.1875 -2.0929684874104737e-8
v -8.5247816662099 4.09375 2.2842083847805874
v -8.5247816662099 4.1875 2.2842083847805874
v -7.643110089851296 4.09375 4.412751507617541
v -7.643110089851296 4.1875 4.412751507617541
v -6.240573175653622 4.09375 6.240573475074849
v -6.240573175653622 4.1875 6.240573475074849
v -4.41275190021424 4.09375 7.643110068921611
v -4.41275190021424 4.1875 7.643110068921611
v -2.2842081911350514 4.09375 8.524781560434208
v -2.2842081911350514 4.1875 8.524781560434208
v -2.0929684874104737e-8 4.09375 8.825503407831782
v -2.0929684874104737e-8 4.1875 8.825503407831782
v 3.960737935554168 4.09375 6.8601999202113895
v 2.0502287820722556 4.09375 7.651558462247072
v 2.0502287820722556 4.1875 7.651558462247072
v 3.960737935554168 4.1875 6.8601999202113895
v 5.601329710115085 4.09375 5.601329285094552
v 5.601329710115085 4.1875 5.601329285094552
v 6.860199424898477 4.09375 3.960738331687464
v 6.860199424898477 4.1875 3.960738331687464
v 7.651558686819845 4.09375 2.050228670553117
v 7.651558686819845 4.1875 2.050228670553117
v 7.921476185662762 4.09375 -1.243401257511323e-7
v 7.921476185662762 4.1875 -1.243401257511323e-7
v 7.651558462247072 4.09375 -2.0502287820722556
v 7.651558462247072 4.1875 -2.0502287820722556
v 6.8601999202113895 4.09375 -3.960737935554168
v 6.8601999202113895 4.1875 -3.960737935554168
v 5.601329285094552 4.09375 -5.601329710115085
v 5.601329285094552 4.1875 -5.601329710115085
v 3.960738331687464 4.09375 -6.860199424898477
v 3.960738331687464 4.1875 -6.860199424898477
v 2.050228670553117 4.09375 -7.651558686819845
v 2.050228670553117 4.1875 -7.651558686819845
v -1.243401257511323e-7 4.09375 -7.921476185662762
v -1.243401257511323e-7 4.1875 -7.921476185662762
v -2.0502287820722556 4.09375 -7.651558462247072
v -2.0502287820722556 4.1875 -7.651558462247072
v -3.960737935554168 4.09375 -6.8601999202113895
v -3.960737935554168 4.1875 -6.8601999202113895
v -5.601329710115085 4.09375 -5.601329285094552
v -5.601329710115085 4.1875 -5.601329285094552
v -6.860199424898477 4.09375 -3.960738331687464
v -6.860199424898477 4.1875 -3.960738331687464
v -7.651558686819845 4.09375 -2.050228670553117
v -7.651558686819845 4.1875 -2.050228670553117
v -7.921476185662762 4.09375 1.243401257511323e-7
v -7.921476185662762 4.1875 1.243401257511323e-7
v -7.651558462247072 4.09375 2.0502287820722556
v -7.651558462247072 4.1875 2.0502287820722556
v -6.8601999202113895 4.09375 3.960737935554168
v -6.8601999202113895 4.1875 3.960737935554168
v -5.601329285094552 4.09375 5.601329710115085
v -5.601329285094552 4.1875 5.601329710115085
v -3.960738331687464 4.09375 6.860199424898477
v -3.960738331687464 4.1875 6.860199424898477
v -2.050228670553117 4.09375 7.651558686819845
v -2.050228670553117 4.1875 7.651558686819845
v 1.243401257511323e-7 4.09375 7.921476185662762
v 1.243401257511323e-7 4.1875 7.921476185662762
vt 0.34375 0.53125
vt 0.34375 0.53125
vt 0.34375 0.53125
vt 0.34375 0.53125
vt 0.34375 0.53125
vt 0.34375 0.53125
vt 0.34375 0.53125
vt 0.34375 0.53125
vt 0.34375 0.53125
vt 0.34375 0.53125
vt 0.34375 0.53125
vt 0.34375 0.53125
vt 0.34375 0.53125
vt 0.34375 0.53125
vt 0.34375 0.53125
vt 0.34375 0.53125
vt 0.34375 0.53125
vt 0.34375 0.53125
vt 0.34375 0.53125
vt 0.34375 0.53125
vt 0.34375 0.53125
vt 0.34375 0.53125
vt 0.34375 0.53125
vt 0.34375 0.53125
vt 0.34375 0.53125
vt 0.34375 0.53125
vt 0.34375 0.53125
vt 0.34375 0.53125
vt 0.34375 0.53125
vt 0.34375 0.53125
vt 0.34375 0.53125
vt 0.34375 0.53125
vt 0.34375 0.53125
vt 0.34375 0.53125
vt 0.34375 0.53125
vt 0.34375 0.53125
vt 0.34375 0.53125
vt 0.34375 0.53125
vt 0.34375 0.53125
vt 0.34375 0.53125
vt 0.34375 0.53125
vt 0.34375 0.53125
vt 0.34375 0.53125
vt 0.34375 0.53125
vt 0.34375 0.53125
vt 0.34375 0.53125
vt 0.34375 0.53125
vt 0.34375 0.53125
vt 0.34375 0.53125
vt 0.34375 0.53125
vt 0.34375 0.53125
vt 0.34375 0.53125
vt 0.34375 0.53125
vt 0.34375 0.53125
vt 0.34375 0.53125
vt 0.34375 0.53125
vt 0.34375 0.53125
vt 0.34375 0.53125
vt 0.34375 0.53125
vt 0.34375 0.53125
vt 0.34375 0.53125
vt 0.34375 0.53125
vt 0.34375 0.53125
vt 0.34375 0.53125
vt 0.34375 0.53125
vt 0.34375 0.53125
vt 0.34375 0.53125
vt 0.34375 0.53125
vt 0.34375 0.53125
vt 0.34375 0.53125
vt 0.34375 0.53125
vt 0.34375 0.53125
vt 0.34375 0.53125
vt 0.34375 0.53125
vt 0.34375 0.53125
vt 0.34375 0.53125
vt 0.34375 0.53125
vt 0.34375 0.53125
vt 0.34375 0.53125
vt 0.34375 0.53125
vt 0.34375 0.53125
vt 0.34375 0.53125
vt 0.34375 0.53125
vt 0.34375 0.53125
vt 0.34375 0.53125
vt 0.34375 0.53125
vt 0.34375 0.53125
vt 0.34375 0.53125
vt 0.34375 0.53125
vt 0.34375 0.53125
vt 0.34375 0.53125
vt 0.34375 0.53125
vt 0.34375 0.53125
vt 0.34375 0.53125
vt 0.34375 0.53125
vt 0.34375 0.53125
vt 0.3125 0.53125
vt 0.3125 0.5625
vt 0.34375 0.53125
vt 0.34375 0.53125
vt 0.34375 0.5625
vt 0.34375 0.53125
vt 0.34375 0.53125
vt 0.34375 0.53125
vt 0.3125 0.5625
vt 0.34375 0.53125
vt 0.34375 0.53125
vt 0.34375 0.53125
vt 0.34375 0.53125
vt 0.34375 0.5625
vt 0.34375 0.53125
vt 0.34375 0.53125
vt 0.34375 0.53125
vt 0.34375 0.53125
vt 0.34375 0.53125
vt 0.34375 0.53125
vt 0.34375 0.53125
vt 0.34375 0.53125
vt 0.34375 0.53125
vt 0.34375 0.53125
vt 0.34375 0.53125
vt 0.34375 0.53125
vt 0.34375 0.53125
vt 0.34375 0.53125
vt 0.34375 0.53125
vt 0.34375 0.53125
vt 0.34375 0.53125
vt 0.34375 0.53125
vt 0.34375 0.53125
vt 0.34375 0.53125
vt 0.34375 0.53125
vt 0.34375 0.53125
vt 0.34375 0.53125
vt 0.34375 0.53125
vt 0.34375 0.53125
vt 0.34375 0.53125
vt 0.34375 0.53125
vt 0.34375 0.53125
vt 0.34375 0.53125
vt 0.34375 0.53125
vt 0.34375 0.53125
vt 0.34375 0.53125
vt 0.34375 0.53125
vt 0.34375 0.53125
vt 0.34375 0.53125
vt 0.34375 0.53125
vt 0.34375 0.53125
vt 0.34375 0.53125
vt 0.34375 0.53125
vt 0.34375 0.53125
vt 0.34375 0.53125
vt 0.34375 0.53125
vt 0.34375 0.53125
vt 0.34375 0.53125
vt 0.34375 0.53125
vt 0.34375 0.53125
vt 0.34375 0.53125
vt 0.34375 0.53125
vt 0.34375 0.53125
vt 0.34375 0.53125
vt 0.34375 0.53125
vt 0.34375 0.53125
vt 0.34375 0.53125
vt 0.34375 0.53125
vt 0.34375 0.53125
vt 0.34375 0.53125
vt 0.34375 0.53125
vt 0.34375 0.53125
vt 0.34375 0.53125
vt 0.34375 0.53125
vt 0.34375 0.53125
vt 0.34375 0.53125
vt 0.34375 0.53125
vt 0.34375 0.53125
vt 0.34375 0.53125
vt 0.34375 0.53125
vt 0.34375 0.53125
vt 0.34375 0.53125
vt 0.34375 0.53125
vt 0.34375 0.53125
vt 0.34375 0.53125
vt 0.34375 0.53125
vt 0.34375 0.53125
vt 0.34375 0.53125
vt 0.34375 0.53125
vt 0.34375 0.53125
vt 0.34375 0.53125
vt 0.34375 0.53125
vt 0.34375 0.53125
vt 0.34375 0.53125
vt 0.34375 0.53125
vt 0.34375 0.53125
vt 0.34375 0.53125
vt 0.34375 0.53125
vt 0.34375 0.53125
vt 0.34375 0.53125
vt 0.34375 0.53125
vt 0.34375 0.53125
vt 0.34375 0.53125
vt 0.34375 0.53125
vt 0.34375 0.53125
vt 0.34375 0.53125
vt 0.34375 0.53125
vt 0.34375 0.53125
vt 0.34375 0.53125
vt 0.34375 0.53125
vt 0.34375 0.53125
vt 0.34375 0.53125
vt 0.34375 0.53125
vt 0.34375 0.53125
vt 0.34375 0.53125
vt 0.34375 0.53125
vt 0.34375 0.53125
vt 0.34375 0.53125
vt 0.34375 0.53125
vt 0.34375 0.53125
vt 0.34375 0.53125
vt 0.34375 0.53125
vt 0.34375 0.53125
vt 0.34375 0.53125
vt 0.34375 0.53125
vt 0.34375 0.53125
vt 0.34375 0.53125
vt 0.34375 0.53125
vt 0.34375 0.53125
vt 0.34375 0.53125
vt 0.34375 0.53125
vt 0.34375 0.53125
vt 0.34375 0.53125
vt 0.34375 0.53125
vt 0.34375 0.53125
vt 0.34375 0.53125
vt 0.34375 0.53125
vt 0.34375 0.53125
vt 0.34375 0.53125
vt 0.34375 0.53125
vt 0.34375 0.53125
vt 0.34375 0.53125
vt 0.34375 0.53125
vt 0.34375 0.53125
vt 0.34375 0.53125
vt 0.34375 0.53125
vt 0.34375 0.53125
vt 0.34375 0.53125
vt 0.34375 0.53125
vt 0.34375 0.53125
vt 0.34375 0.53125
vt 0.34375 0.53125
vt 0.34375 0.53125
vt 0.34375 0.53125
vt 0.34375 0.53125
vt 0.34375 0.53125
vt 0.34375 0.53125
vt 0.34375 0.53125
vt 0.34375 0.53125
vt 0.34375 0.53125
vt 0.34375 0.53125
vt 0.34375 0.53125
vt 0.34375 0.53125
vt 0.34375 0.53125
vt 0.34375 0.53125
vt 0.34375 0.53125
vt 0.34375 0.53125
vt 0.34375 0.53125
vt 0.34375 0.53125
vt 0.34375 0.53125
vt 0.34375 0.53125
vt 0.34375 0.53125
vt 0.34375 0.53125
vt 0.34375 0.53125
vt 0.34375 0.53125
vt 0.34375 0.53125
vt 0.34375 0.53125
vt 0.34375 0.53125
vt 0.34375 0.53125
vt 0.34375 0.53125
vt 0.34375 0.53125
vt 0.34375 0.53125
vt 0.34375 0.53125
vt 0.34375 0.53125
vt 0.34375 0.53125
vt 0.3125 0.53125
vt 0.34375 0.53125
vt 0.34375 0.53125
vt 0.34375 0.53125
vt 0.34375 0.53125
vt 0.34375 0.53125
vt 0.34375 0.53125
vt 0.34375 0.53125
vt 0.3125 0.53125
vt 0.34375 0.53125
vt 0.34375 0.53125
vt 0.34375 0.53125
vt 0.34375 0.53125
vt 0.34375 0.53125
vt 0.34375 0.53125
vt 0.34375 0.53125
vt 0.34375 0.53125
vt 0.34375 0.53125
vt 0.34375 0.53125
vt 0.34375 0.53125
vt 0.34375 0.53125
vt 0.34375 0.53125
vt 0.34375 0.53125
vt 0.34375 0.53125
vt 0.34375 0.53125
vt 0.34375 0.53125
vt 0.34375 0.53125
vt 0.34375 0.53125
vt 0.34375 0.53125
vt 0.34375 0.53125
vt 0.34375 0.53125
vt 0.34375 0.53125
vt 0.34375 0.53125
vt 0.34375 0.53125
vt 0.34375 0.53125
vt 0.34375 0.53125
vt 0.34375 0.53125
vt 0.34375 0.53125
vt 0.34375 0.53125
vt 0.34375 0.53125
vt 0.34375 0.53125
vt 0.34375 0.53125
vt 0.34375 0.53125
vt 0.34375 0.53125
vt 0.34375 0.53125
vt 0.34375 0.53125
vt 0.34375 0.53125
vt 0.34375 0.53125
vt 0.34375 0.53125
vt 0.34375 0.53125
vt 0.34375 0.53125
vt 0.34375 0.53125
vt 0.34375 0.53125
vt 0.34375 0.53125
vt 0.34375 0.53125
vt 0.34375 0.53125
vt 0.34375 0.53125
vt 0.34375 0.53125
vt 0.34375 0.53125
vt 0.34375 0.53125
vt 0.34375 0.53125
vt 0.34375 0.53125
vt 0.34375 0.53125
vt 0.34375 0.53125
vt 0.34375 0.53125
vt 0.34375 0.53125
vt 0.34375 0.53125
vt 0.34375 0.53125
vt 0.34375 0.53125
vt 0.34375 0.53125
vt 0.34375 0.53125
vt 0.34375 0.53125
vt 0.34375 0.53125
vt 0.34375 0.53125
vt 0.34375 0.53125
vt 0.34375 0.53125
vt 0.34375 0.53125
vt 0.34375 0.53125
vt 0.34375 0.53125
vt 0.34375 0.53125
vt 0.34375 0.53125
vt 0.34375 0.53125
vt 0.34375 0.53125
vt 0.34375 0.53125
vt 0.34375 0.53125
vt 0.34375 0.53125
vt 0.34375 0.53125
vt 0.34375 0.53125
vt 0.34375 0.53125
vt 0.34375 0.53125
vt 0.34375 0.53125
vt 0.34375 0.53125
vt 0.34375 0.53125
vt 0.34375 0.53125
vt 0.34375 0.53125
vt 0.34375 0.53125
vt 0.34375 0.53125
vt 0.3125 0.5625
vt 0.34375 0.5625
vt 0.34375 0.5625
vt 0.3125 0.5625
vt 0.3125 0.53125
vt 0.34375 0.53125
vn 0.3826834867453121 0 0.9238795099862593
vn 0.6087613714602216 0 0.7933533844497485
vn 0.7933533402912352 0 0.6087614290087207
vn 0.9238795602704877 0 0.38268336534844405
vn 0.9914448536909419 0 0.13052625057721887
vn 0.9914448613738104 0 -0.13052619222005157
vn 0.9238795099862593 0 -0.3826834867453121
vn 0.7933533844497485 0 -0.6087613714602216
vn 0.6087614290087207 0 -0.7933533402912352
vn 0.38268336534844405 0 -0.9238795602704877
vn 0.13052625057721887 0 -0.9914448536909419
vn -0.13052619222005157 0 -0.9914448613738104
vn -0.3826834867453121 0 -0.9238795099862593
vn -0.6087613714602216 0 -0.7933533844497485
vn -0.7933533402912352 0 -0.6087614290087207
vn -0.9238795602704877 0 -0.38268336534844405
vn -0.9914448536909419 0 -0.13052625057721887
vn -0.9914448613738104 0 0.13052619222005157
vn -0.9238795099862593 0 0.3826834867453121
vn -0.7933533844497485 0 0.6087613714602216
vn -0.6087614290087207 0 0.7933533402912352
vn -0.38268336534844405 0 0.9238795602704877
vn -0.13052625057721887 0 0.9914448536909419
vn 0.13052619222005157 0 0.9914448613738104
vn 0 -1 0
vn 0 1 0
vn 0 -1 0
vn 0 1 0
vn 0 -1 0
vn 0 1 0
vn 0 -1 0
vn 0 1 0
vn 0 -1 0
vn 0 1 0
vn 0 -1 0
vn 0 1 0
vn 0 -1 0
vn 0 1 0
vn 0 -1 0
vn 0 1 0
vn 0 -1 0
vn 0 1 0
vn 0 -1 0
vn 0 1 0
vn 0 -1 0
vn 0 1 0
vn 0 -1 0
vn 0 1 0
vn 0 -1 0
vn 0 1 0
vn 0 -1 0
vn 0 1 0
vn 0 -1 0
vn 0 1 0
vn 0 -1 0
vn 0 1 0
vn 0 -1 0
vn 0 1 0
vn 0 -1 0
vn 0 1 0
vn 0 -1 0
vn 0 1 0
vn 0 -1 0
vn 0 1 0
vn 0 -1 0
vn 0 1 0
vn 0 -1 0
vn 0 1 0
vn 0 -1 0
vn 0 1 0
vn 0 -1 0
vn 0 1 0
vn -0.13052619222005157 0 -0.9914448613738104
vn 0.1305260768883893 0 -0.9914448765575051
vn 0.38268353523900567 0 -0.923879489899509
vn 0.6087614290087207 0 -0.7933533402912352
vn 0.7933532725056899 0 -0.6087615173485531
vn 0.9238795770276403 0 -0.382683324893088
vn 0.9914448613738104 0 -0.13052619222005157
vn 0.9914448765575051 0 0.1305260768883893
vn 0.923879489899509 0 0.38268353523900567
vn 0.7933533402912352 0 0.6087614290087207
vn 0.6087615173485531 0 0.7933532725056899
vn 0.382683324893088 0 0.9238795770276403
vn 0.13052619222005157 0 0.9914448613738104
vn -0.1305260768883893 0 0.9914448765575051
vn -0.38268353523900567 0 0.923879489899509
vn -0.6087614290087207 0 0.7933533402912352
vn -0.7933532725056899 0 0.6087615173485531
vn -0.9238795770276403 0 0.382683324893088
vn -0.9914448613738104 0 0.13052619222005157
vn -0.9914448765575051 0 -0.1305260768883893
vn -0.923879489899509 0 -0.38268353523900567
vn -0.7933533402912352 0 -0.6087614290087207
vn -0.6087615173485531 0 -0.7933532725056899
vn -0.382683324893088 0 -0.9238795770276403
usemtl m_13075929-be01-9684-f420-f0ae119147d0
f 579/2353/601 581/2354/601 582/2355/601 580/2356/601
f 581/2357/602 583/2358/602 584/2359/602 582/2360/602
f 583/2361/603 585/2362/603 586/2363/603 584/2364/603
f 585/2365/604 587/2366/604 588/2367/604 586/2368/604
f 587/2369/605 589/2370/605 590/2371/605 588/2372/605
f 589/2373/606 591/2374/606 592/2375/606 590/2376/606
f 591/2377/607 593/2378/607 594/2379/607 592/2380/607
f 593/2381/608 595/2382/608 596/2383/608 594/2384/608
f 595/2385/609 597/2386/609 598/2387/609 596/2388/609
f 597/2389/610 599/2390/610 600/2391/610 598/2392/610
f 599/2393/611 601/2394/611 602/2395/611 600/2396/611
f 601/2397/612 603/2398/612 604/2399/612 602/2400/612
f 603/2401/613 605/2402/613 606/2403/613 604/2404/613
f 605/2405/614 607/2406/614 608/2407/614 606/2408/614
f 607/2409/615 609/2410/615 610/2411/615 608/2412/615
f 609/2413/616 611/2414/616 612/2415/616 610/2416/616
f 611/2417/617 613/2418/617 614/2419/617 612/2420/617
f 613/2421/618 615/2422/618 616/2423/618 614/2424/618
f 615/2425/619 617/2426/619 618/2427/619 616/2428/619
f 617/2429/620 619/2430/620 620/2431/620 618/2432/620
f 619/2433/621 621/2434/621 622/2435/621 620/2436/621
f 621/2437/622 623/2438/622 624/2439/622 622/2440/622
f 623/2441/623 625/2442/623 626/2443/623 624/2444/623
f 625/2445/624 579/2446/624 580/2447/624 626/2448/624
f 628/2449/625 627/2450/625 581/2451/625 579/2452/625
f 630/2453/626 629/2454/626 580/2455/626 582/2456/626
f 627/2457/627 631/2458/627 583/2459/627 581/2460/627
f 632/2461/628 630/2462/628 582/2463/628 584/2464/628
f 631/2465/629 633/2466/629 585/2467/629 583/2468/629
f 634/2469/630 632/2470/630 584/2471/630 586/2472/630
f 633/2473/631 635/2474/631 587/2475/631 585/2476/631
f 636/2477/632 634/2478/632 586/2479/632 588/2480/632
f 635/2481/633 637/2482/633 589/2483/633 587/2484/633
f 638/2485/634 636/2486/634 588/2487/634 590/2488/634
f 637/2489/635 639/2490/635 591/2491/635 589/2492/635
f 640/2493/636 638/2494/636 590/2495/636 592/2496/636
f 639/2497/637 641/2498/637 593/2499/637 591/2500/637
f 642/2501/638 640/2502/638 592/2503/638 594/2504/638
f 641/2505/639 643/2506/639 595/2507/639 593/2508/639
f 644/2509/640 642/2510/640 594/2511/640 596/2512/640
f 643/2513/641 645/2514/641 597/2515/641 595/2516/641
f 646/2517/642 644/2518/642 596/2519/642 598/2520/642
f 645/2521/643 647/2522/643 599/2523/643 597/2524/643
f 648/2525/644 646/2526/644 598/2527/644 600/2528/644
f 647/2529/645 649/2530/645 601/2531/645 599/2532/645
f 650/2533/646 648/2534/646 600/2535/646 602/2536/646
f 649/2537/647 651/2538/647 603/2539/647 601/2540/647
f 652/2541/648 650/2542/648 602/2543/648 604/2544/648
f 651/2545/649 653/2546/649 605/2547/649 603/2548/649
f 654/2549/650 652/2550/650 604/2551/650 606/2552/650
f 653/2553/651 655/2554/651 607/2555/651 605/2556/651
f 656/2557/652 654/2558/652 606/2559/652 608/2560/652
f 655/2561/653 657/2562/653 609/2563/653 607/2564/653
f 658/2565/654 656/2566/654 608/2567/654 610/2568/654
f 657/2569/655 659/2570/655 611/2571/655 609/2572/655
f 660/2573/656 658/2574/656 610/2575/656 612/2576/656
f 659/2577/657 661/2578/657 613/2579/657 611/2580/657
f 662/2581/658 660/2582/658 612/2583/658 614/2584/658
f 661/2585/659 663/2586/659 615/2587/659 613/2588/659
f 664/2589/660 662/2590/660 614/2591/660 616/2592/660
f 663/2593/661 665/2594/661 617/2595/661 615/2596/661
f 666/2597/662 664/2598/662 616/2599/662 618/2600/662
f 665/2601/663 667/2602/663 619/2603/663 617/2604/663
f 668/2605/664 666/2606/664 618/2607/664 620/2608/664
f 667/2609/665 669/2610/665 621/2611/665 619/2612/665
f 670/2613/666 668/2614/666 620/2615/666 622/2616/666
f 669/2617/667 671/2618/667 623/2619/667 621/2620/667
f 672/2621/668 670/2622/668 622/2623/668 624/2624/668
f 671/2625/669 673/2626/669 625/2627/669 623/2628/669
f 674/2629/670 672/2630/670 624/2631/670 626/2632/670
f 673/2633/671 628/2634/671 579/2635/671 625/2636/671
f 629/2637/672 674/2638/672 626/2639/672 580/2640/672
f 629/2641/673 628/2642/673 673/2643/673 674/2644/673
f 674/2645/674 673/2646/674 671/2647/674 672/2648/674
f 672/2649/675 671/2650/675 669/2651/675 670/2652/675
f 670/2653/676 669/2654/676 667/2655/676 668/2656/676
f 668/2657/677 667/2658/677 665/2659/677 666/2660/677
f 666/2661/678 665/2662/678 663/2663/678 664/2664/678
f 664/2665/679 663/2666/679 661/2667/679 662/2668/679
f 662/2669/680 661/2670/680 659/2671/680 660/2672/680
f 660/2673/681 659/2674/681 657/2675/681 658/2676/681
f 658/2677/682 657/2678/682 655/2679/682 656/2680/682
f 656/2681/683 655/2682/683 653/2683/683 654/2684/683
f 654/2685/684 653/2686/684 651/2687/684 652/2688/684
f 652/2689/685 651/2690/685 649/2691/685 650/2692/685
f 650/2693/686 649/2694/686 647/2695/686 648/2696/686
f 648/2697/687 647/2698/687 645/2699/687 646/2700/687
f 646/2701/688 645/2702/688 643/2703/688 644/2704/688
f 644/2705/689 643/2706/689 641/2707/689 642/2708/689
f 642/2709/690 641/2710/690 639/2711/690 640/2712/690
f 640/2713/691 639/2714/691 637/2715/691 638/2716/691
f 638/2717/692 637/2718/692 635/2719/692 636/2720/692
f 636/2721/693 635/2722/693 633/2723/693 634/2724/693
f 634/2725/694 633/2726/694 631/2727/694 632/2728/694
f 632/2729/695 631/2730/695 627/2731/695 630/2732/695
f 630/2733/696 627/2734/696 628/2735/696 629/2736/696
o SkyBorder
v 2.2434190267947067 9.5 8.372553411973078
v 2.2434190267947067 10.28125 8.372553411973078
v 4.3339526097042365 9.5 7.5066258937289465
v 4.3339526097042365 10.28125 7.5066258937289465
v 6.129134402103633 9.5 6.129134268211568
v 6.129134402103633 10.28125 6.129134268211568
v 7.506625795716375 9.5 4.33395253318505
v 7.506625795716375 10.28125 4.33395253318505
v 8.372553295006277 9.5 2.243419009869447
v 8.372553295006277 10.28125 2.243419009869447
v 8.667905142889287 9.5 9.80125705041246e-8
v 8.667905142889287 10.28125 9.80125705041246e-8
v 8.372553411973078 9.5 -2.2434190267947067
v 8.372553411973078 10.28125 -2.2434190267947067
v 7.5066258937289465 9.5 -4.3339526097042365
v 7.5066258937289465 10.28125 -4.3339526097042365
v 6.129134268211568 9.5 -6.129134402103633
v 6.129134268211568 10.28125 -6.129134402103633
v 4.33395253318505 9.5 -7.506625795716375
v 4.33395253318505 10.28125 -7.506625795716375
v 2.243419009869447 9.5 -8.372553295006277
v 2.243419009869447 10.28125 -8.372553295006277
v 9.80125705041246e-8 9.5 -8.667905142889287
v 9.80125705041246e-8 10.28125 -8.667905142889287
v -2.2434190267947067 9.5 -8.372553411973078
v -2.2434190267947067 10.28125 -8.372553411973078
v -4.3339526097042365 9.5 -7.5066258937289465
v -4.3339526097042365 10.28125 -7.5066258937289465
v -6.129134402103633 9.5 -6.129134268211568
v -6.129134402103633 10.28125 -6.129134268211568
v -7.506625795716375 9.5 -4.33395253318505
v -7.506625795716375 10.28125 -4.33395253318505
v -8.372553295006277 9.5 -2.243419009869447
v -8.372553295006277 10.28125 -2.243419009869447
v -8.667905142889287 9.5 -9.80125705041246e-8
v -8.667905142889287 10.28125 -9.80125705041246e-8
v -8.372553411973078 9.5 2.2434190267947067
v -8.372553411973078 10.28125 2.2434190267947067
v -7.5066258937289465 9.5 4.3339526097042365
v -7.5066258937289465 10.28125 4.3339526097042365
v -6.129134268211568 9.5 6.129134402103633
v -6.129134268211568 10.28125 6.129134402103633
v -4.33395253318505 9.5 7.506625795716375
v -4.33395253318505 10.28125 7.506625795716375
v -2.243419009869447 9.5 8.372553295006277
v -2.243419009869447 10.28125 8.372553295006277
v -9.80125705041246e-8 9.5 8.667905142889287
v -9.80125705041246e-8 10.28125 8.667905142889287
v 3.44873577428443 9.5 5.973385290638637
v 1.7851968175336241 9.5 6.66244507323488
v 1.7851968175336241 10.28125 6.66244507323488
v 3.44873577428443 10.28125 5.973385290638637
v 4.8772486174120955 9.5 4.877248723401796
v 4.8772486174120955 10.28125 4.877248723401796
v 5.973385333055371 9.5 3.4487355434726537
v 5.973385333055371 10.28125 3.4487355434726537
v 6.662445622514291 9.5 1.7851970754758226
v 6.662445622514291 10.28125 1.7851970754758226
v 6.897470698104045 9.5 3.9162135534454023e-8
v 6.897470698104045 10.28125 3.9162135534454023e-8
v 6.66244507323488 9.5 -1.7851968175336241
v 6.66244507323488 10.28125 -1.7851968175336241
v 5.973385290638637 9.5 -3.44873577428443
v 5.973385290638637 10.28125 -3.44873577428443
v 4.877248723401796 9.5 -4.8772486174120955
v 4.877248723401796 10.28125 -4.8772486174120955
v 3.4487355434726537 9.5 -5.973385333055371
v 3.4487355434726537 10.28125 -5.973385333055371
v 1.7851970754758226 9.5 -6.662445622514291
v 1.7851970754758226 10.28125 -6.662445622514291
v 3.9162135534454023e-8 9.5 -6.897470698104045
v 3.9162135534454023e-8 10.28125 -6.897470698104045
v -1.7851968175336241 9.5 -6.66244507323488
v -1.7851968175336241 10.28125 -6.66244507323488
v -3.44873577428443 9.5 -5.973385290638637
v -3.44873577428443 10.28125 -5.973385290638637
v -4.8772486174120955 9.5 -4.877248723401796
v -4.8772486174120955 10.28125 -4.877248723401796
v -5.973385333055371 9.5 -3.4487355434726537
v -5.973385333055371 10.28125 -3.4487355434726537
v -6.662445622514291 9.5 -1.7851970754758226
v -6.662445622514291 10.28125 -1.7851970754758226
v -6.897470698104045 9.5 -3.9162135534454023e-8
v -6.897470698104045 10.28125 -3.9162135534454023e-8
v -6.66244507323488 9.5 1.7851968175336241
v -6.66244507323488 10.28125 1.7851968175336241
v -5.973385290638637 9.5 3.44873577428443
v -5.973385290638637 10.28125 3.44873577428443
v -4.877248723401796 9.5 4.8772486174120955
v -4.877248723401796 10.28125 4.8772486174120955
v -3.4487355434726537 9.5 5.973385333055371
v -3.4487355434726537 10.28125 5.973385333055371
v -1.7851970754758226 9.5 6.662445622514291
v -1.7851970754758226 10.28125 6.662445622514291
v -3.9162135534454023e-8 9.5 6.897470698104045
v -3.9162135534454023e-8 10.28125 6.897470698104045
v -5.197987928973191e-9 10.28125 -6.362176173449629
v 3.181088123337363 10.28125 -5.509806225921859
v 4.498737940997079 10.28125 -4.498737960126003
v 5.509806220723871 10.28125 -3.1810880501122654
v 6.145390278681293 10.28125 -1.6466523569653715
v 6.362176173449629 10.28125 -5.197987928973191e-9
v 6.145390297962451 10.28125 1.6466523185552902
v 5.509806225921859 10.28125 3.181088123337363
v 4.498737960126003 10.28125 4.498737940997079
v 3.1810880501122654 10.28125 5.509806220723871
v 1.6466523569653715 10.28125 6.145390278681293
v 5.197987928973191e-9 10.28125 6.362176173449629
v -1.6466523185552902 10.28125 6.145390297962451
v -3.181088123337363 10.28125 5.509806225921859
v -4.498737940997079 10.28125 4.498737960126003
v -5.509806220723871 10.28125 3.1810880501122654
v -6.145390278681293 10.28125 1.6466523569653715
v -6.362176173449629 10.28125 5.197987928973191e-9
v -6.145390297962451 10.28125 -1.6466523185552902
v -5.509806225921859 10.28125 -3.181088123337363
v -4.498737960126003 10.28125 -4.498737940997079
v -1.6466523569653715 10.28125 -6.145390278681293
v -3.1810880501122654 10.28125 -5.509806220723871
v 1.6466523185552902 10.28125 -6.145390297962451
vt 0.5625 0.8125
vt 0.5625 0.8125
vt 0.5625 0.8125
vt 0.5625 0.8125
vt 0.5625 0.8125
vt 0.5625 0.8125
vt 0.5625 0.8125
vt 0.5625 0.8125
vt 0.5625 0.8125
vt 0.5625 0.8125
vt 0.5625 0.8125
vt 0.5625 0.8125
vt 0.5625 0.8125
vt 0.5625 0.8125
vt 0.5625 0.8125
vt 0.5625 0.8125
vt 0.5625 0.8125
vt 0.5625 0.8125
vt 0.5625 0.8125
vt 0.5625 0.8125
vt 0.5625 0.8125
vt 0.5625 0.8125
vt 0.5625 0.8125
vt 0.5625 0.8125
vt 0.5625 0.8125
vt 0.5625 0.8125
vt 0.5625 0.8125
vt 0.5625 0.8125
vt 0.5625 0.8125
vt 0.5625 0.8125
vt 0.5625 0.8125
vt 0.5625 0.8125
vt 0.5625 0.8125
vt 0.5625 0.8125
vt 0.5625 0.8125
vt 0.5625 0.8125
vt 0.5625 0.8125
vt 0.5625 0.8125
vt 0.5625 0.8125
vt 0.5625 0.8125
vt 0.5625 0.8125
vt 0.5625 0.8125
vt 0.5625 0.8125
vt 0.5625 0.8125
vt 0.5625 0.8125
vt 0.5625 0.8125
vt 0.5625 0.8125
vt 0.5625 0.8125
vt 0.5625 0.8125
vt 0.5625 0.8125
vt 0.5625 0.8125
vt 0.5625 0.8125
vt 0.5625 0.8125
vt 0.5625 0.8125
vt 0.5625 0.8125
vt 0.5625 0.8125
vt 0.5625 0.8125
vt 0.5625 0.8125
vt 0.5625 0.8125
vt 0.5625 0.8125
vt 0.5625 0.8125
vt 0.5625 0.8125
vt 0.5625 0.8125
vt 0.5625 0.8125
vt 0.5625 0.8125
vt 0.5625 0.8125
vt 0.5625 0.8125
vt 0.5625 0.8125
vt 0.5625 0.8125
vt 0.5625 0.8125
vt 0.5625 0.8125
vt 0.5625 0.8125
vt 0.5625 0.8125
vt 0.5625 0.8125
vt 0.5625 0.8125
vt 0.5625 0.8125
vt 0.5625 0.8125
vt 0.5625 0.8125
vt 0.5625 0.8125
vt 0.5625 0.8125
vt 0.5625 0.8125
vt 0.5625 0.8125
vt 0.5625 0.8125
vt 0.5625 0.8125
vt 0.5625 0.8125
vt 0.5625 0.8125
vt 0.5625 0.8125
vt 0.5625 0.8125
vt 0.5625 0.8125
vt 0.5625 0.8125
vt 0.5625 0.8125
vt 0.5625 0.8125
vt 0.5625 0.8125
vt 0.5625 0.8125
vt 0.5625 0.8125
vt 0.5625 0.8125
vt 0.5625 0.8125
vt 0.5625 0.8125
vt 0.5625 0.8125
vt 0.5625 0.8125
vt 0.5625 0.8125
vt 0.5625 0.8125
vt 0.5625 0.8125
vt 0.5625 0.8125
vt 0.5625 0.8125
vt 0.5625 0.8125
vt 0.5625 0.8125
vt 0.5625 0.8125
vt 0.5625 0.8125
vt 0.5625 0.8125
vt 0.5625 0.8125
vt 0.5625 0.8125
vt 0.5625 0.8125
vt 0.5625 0.8125
vt 0.5625 0.8125
vt 0.5625 0.8125
vt 0.5625 0.8125
vt 0.5625 0.8125
vt 0.5625 0.8125
vt 0.5625 0.8125
vt 0.5625 0.8125
vt 0.5625 0.8125
vt 0.5625 0.8125
vt 0.5625 0.8125
vt 0.5625 0.8125
vt 0.5625 0.8125
vt 0.5625 0.8125
vt 0.5625 0.8125
vt 0.5625 0.8125
vt 0.5625 0.8125
vt 0.5625 0.8125
vt 0.5625 0.8125
vt 0.5625 0.8125
vt 0.5625 0.8125
vt 0.5625 0.8125
vt 0.5625 0.8125
vt 0.5625 0.8125
vt 0.5625 0.8125
vt 0.5625 0.8125
vt 0.5625 0.8125
vt 0.5625 0.8125
vt 0.5625 0.8125
vt 0.5625 0.8125
vt 0.5625 0.8125
vt 0.5625 0.8125
vt 0.5625 0.8125
vt 0.5625 0.8125
vt 0.5625 0.8125
vt 0.5625 0.8125
vt 0.5625 0.8125
vt 0.5625 0.8125
vt 0.5625 0.8125
vt 0.5625 0.8125
vt 0.5625 0.8125
vt 0.5625 0.8125
vt 0.5625 0.8125
vt 0.5625 0.8125
vt 0.5625 0.8125
vt 0.5625 0.8125
vt 0.5625 0.8125
vt 0.5625 0.8125
vt 0.5625 0.8125
vt 0.5625 0.8125
vt 0.5625 0.8125
vt 0.5625 0.8125
vt 0.5625 0.8125
vt 0.5625 0.8125
vt 0.5625 0.8125
vt 0.5625 0.8125
vt 0.5625 0.8125
vt 0.5625 0.8125
vt 0.5625 0.8125
vt 0.5625 0.8125
vt 0.5625 0.8125
vt 0.5625 0.8125
vt 0.5625 0.8125
vt 0.5625 0.8125
vt 0.5625 0.8125
vt 0.5625 0.8125
vt 0.5625 0.8125
vt 0.5625 0.8125
vt 0.5625 0.8125
vt 0.5625 0.8125
vt 0.5625 0.8125
vt 0.5625 0.8125
vt 0.5625 0.8125
vt 0.5625 0.8125
vt 0.5625 0.8125
vt 0.5625 0.8125
vt 0.5625 0.8125
vt 0.5625 0.8125
vt 0.5625 0.8125
vt 0.5625 0.8125
vt 0.5625 0.8125
vt 0.5625 0.8125
vt 0.5625 0.8125
vt 0.5625 0.8125
vt 0.5625 0.8125
vt 0.5625 0.8125
vt 0.5625 0.8125
vt 0.5625 0.8125
vt 0.5625 0.8125
vt 0.5625 0.8125
vt 0.5625 0.8125
vt 0.5625 0.8125
vt 0.5625 0.8125
vt 0.5625 0.8125
vt 0.5625 0.8125
vt 0.5625 0.8125
vt 0.5625 0.8125
vt 0.5625 0.8125
vt 0.5625 0.8125
vt 0.5625 0.8125
vt 0.5625 0.8125
vt 0.5625 0.8125
vt 0.5625 0.8125
vt 0.5625 0.8125
vt 0.5625 0.8125
vt 0.5625 0.8125
vt 0.5625 0.8125
vt 0.5625 0.8125
vt 0.5625 0.8125
vt 0.5625 0.8125
vt 0.5625 0.8125
vt 0.5625 0.8125
vt 0.5625 0.8125
vt 0.5625 0.8125
vt 0.5625 0.8125
vt 0.5625 0.8125
vt 0.5625 0.8125
vt 0.5625 0.8125
vt 0.5625 0.8125
vt 0.5625 0.8125
vt 0.5625 0.8125
vt 0.5625 0.8125
vt 0.5625 0.8125
vt 0.5625 0.8125
vt 0.5625 0.8125
vt 0.5625 0.8125
vt 0.5625 0.8125
vt 0.5625 0.8125
vt 0.5625 0.8125
vt 0.5625 0.8125
vt 0.5625 0.8125
vt 0.5625 0.8125
vt 0.5625 0.8125
vt 0.5625 0.8125
vt 0.5625 0.8125
vt 0.5625 0.8125
vt 0.5625 0.8125
vt 0.5625 0.8125
vt 0.5625 0.8125
vt 0.5625 0.8125
vt 0.5625 0.8125
vt 0.5625 0.8125
vt 0.5625 0.8125
vt 0.5625 0.8125
vt 0.5625 0.8125
vt 0.5625 0.8125
vt 0.5625 0.8125
vt 0.5625 0.8125
vt 0.5625 0.8125
vt 0.5625 0.8125
vt 0.5625 0.8125
vt 0.5625 0.8125
vt 0.5625 0.8125
vt 0.5625 0.8125
vt 0.5625 0.8125
vt 0.5625 0.8125
vt 0.5625 0.8125
vt 0.5625 0.8125
vt 0.5625 0.8125
vt 0.5625 0.8125
vt 0.5625 0.8125
vt 0.5625 0.8125
vt 0.5625 0.8125
vt 0.5625 0.8125
vt 0.5625 0.8125
vt 0.5625 0.8125
vt 0.5625 0.8125
vt 0.5625 0.8125
vt 0.5625 0.8125
vt 0.5625 0.8125
vt 0.5625 0.8125
vt 0.5625 0.8125
vt 0.5625 0.8125
vt 0.5625 0.8125
vt 0.5625 0.8125
vt 0.5625 0.8125
vt 0.5625 0.84375
vt 0.5625 0.8125
vt 0.5625 0.8125
vt 0.5625 0.84375
vt 0.5625 0.8125
vt 0.5625 0.8125
vt 0.5625 0.8125
vt 0.5625 0.8125
vt 0.5625 0.8125
vt 0.5625 0.8125
vt 0.5625 0.8125
vt 0.5625 0.8125
vt 0.5625 0.8125
vt 0.5625 0.8125
vt 0.5625 0.8125
vt 0.5625 0.8125
vt 0.5625 0.8125
vt 0.5625 0.8125
vt 0.5625 0.8125
vt 0.5625 0.8125
vt 0.5625 0.8125
vt 0.5625 0.8125
vt 0.5625 0.8125
vt 0.5625 0.8125
vt 0.5625 0.8125
vt 0.5625 0.8125
vt 0.5625 0.8125
vt 0.5625 0.8125
vt 0.5625 0.8125
vt 0.5625 0.8125
vt 0.5625 0.8125
vt 0.5625 0.8125
vt 0.5625 0.8125
vt 0.5625 0.8125
vt 0.5625 0.8125
vt 0.5625 0.8125
vt 0.5625 0.8125
vt 0.5625 0.8125
vt 0.5625 0.8125
vt 0.5625 0.8125
vt 0.5625 0.8125
vt 0.5625 0.8125
vt 0.5625 0.8125
vt 0.5625 0.8125
vt 0.5625 0.8125
vt 0.5625 0.8125
vt 0.5625 0.8125
vt 0.5625 0.8125
vt 0.5625 0.8125
vt 0.5625 0.8125
vt 0.5625 0.8125
vt 0.5625 0.8125
vt 0.5625 0.8125
vt 0.5625 0.8125
vt 0.5625 0.8125
vt 0.5625 0.8125
vt 0.5625 0.8125
vt 0.5625 0.8125
vt 0.5625 0.8125
vt 0.5625 0.8125
vt 0.5625 0.8125
vt 0.5625 0.8125
vt 0.5625 0.8125
vt 0.5625 0.8125
vt 0.5625 0.8125
vt 0.5625 0.8125
vt 0.5625 0.8125
vt 0.5625 0.8125
vt 0.5625 0.8125
vt 0.5625 0.8125
vt 0.5625 0.8125
vt 0.5625 0.8125
vt 0.5625 0.8125
vt 0.5625 0.8125
vt 0.5625 0.8125
vt 0.5625 0.8125
vt 0.5625 0.8125
vt 0.5625 0.8125
vt 0.5625 0.8125
vt 0.5625 0.8125
vt 0.5625 0.8125
vt 0.5625 0.8125
vt 0.5625 0.8125
vt 0.5625 0.8125
vt 0.5625 0.8125
vt 0.5625 0.8125
vt 0.5625 0.8125
vt 0.5625 0.8125
vt 0.5625 0.8125
vt 0.5625 0.8125
vt 0.5625 0.8125
vt 0.5625 0.8125
vt 0.5625 0.8125
vt 0.5625 0.8125
vt 0.5625 0.8125
vt 0.5625 0.8125
vt 0.5625 0.8125
vt 0.5625 0.8125
vt 0.5625 0.8125
vt 0.5625 0.8125
vt 0.5625 0.8125
vt 0.5625 0.8125
vt 0.5625 0.8125
vt 0.5625 0.8125
vt 0.5625 0.8125
vt 0.5625 0.8125
vt 0.5625 0.8125
vt 0.5625 0.8125
vt 0.5625 0.8125
vt 0.5625 0.8125
vt 0.5625 0.8125
vt 0.5625 0.8125
vt 0.5625 0.8125
vt 0.5625 0.8125
vt 0.5625 0.8125
vt 0.5625 0.8125
vt 0.5625 0.8125
vt 0.5625 0.8125
vt 0.5625 0.8125
vt 0.5625 0.8125
vt 0.5625 0.8125
vt 0.5625 0.8125
vt 0.5625 0.8125
vt 0.5625 0.8125
vt 0.5625 0.8125
vt 0.5625 0.8125
vt 0.5625 0.8125
vt 0.5625 0.8125
vt 0.5625 0.8125
vt 0.5625 0.8125
vt 0.5625 0.8125
vt 0.5625 0.8125
vt 0.5625 0.8125
vt 0.5625 0.8125
vt 0.5625 0.8125
vt 0.5625 0.8125
vt 0.5625 0.8125
vt 0.5625 0.8125
vt 0.5625 0.8125
vt 0.5625 0.8125
vt 0.5625 0.8125
vt 0.5625 0.8125
vt 0.5625 0.8125
vt 0.5625 0.8125
vt 0.5625 0.8125
vt 0.5625 0.8125
vt 0.5625 0.8125
vt 0.5625 0.8125
vt 0.5625 0.8125
vt 0.5625 0.8125
vt 0.5625 0.8125
vt 0.5625 0.8125
vt 0.5625 0.8125
vt 0.5625 0.8125
vt 0.5625 0.8125
vt 0.5625 0.8125
vt 0.5625 0.8125
vt 0.5625 0.8125
vt 0.5625 0.8125
vt 0.5625 0.8125
vt 0.5625 0.8125
vt 0.5625 0.8125
vt 0.5625 0.8125
vt 0.5625 0.8125
vt 0.5625 0.8125
vt 0.5625 0.8125
vt 0.5625 0.8125
vt 0.5625 0.8125
vt 0.5625 0.8125
vt 0.5625 0.8125
vt 0.5625 0.8125
vt 0.5625 0.8125
vt 0.5625 0.8125
vt 0.5625 0.8125
vt 0.5625 0.8125
vt 0.5625 0.84375
vt 0.5625 0.8125
vt 0.5625 0.8125
vt 0.5625 0.8125
vt 0.5625 0.8125
vt 0.5625 0.84375
vt 0.5625 0.8125
vt 0.5625 0.8125
vt 0.5625 0.84375
vt 0.5625 0.84375
vt 0.5625 0.8125
vt 0.5625 0.8125
vt 0.5625 0.84375
vt 0.5625 0.84375
vt 0.5625 0.8125
vt 0.5625 0.8125
vn 0.3826834910622171 0 0.9238795081981384
vn 0.6087614812692829 0 0.7933533001902928
vn 0.7933533402912352 0 0.6087614290087207
vn 0.9238795073027797 0 0.38268349322380424
vn 0.9914448530810469 0 0.13052625520982866
vn 0.9914448613738104 0 -0.13052619222005157
vn 0.9238795081981384 0 -0.3826834910622171
vn 0.7933533001902928 0 -0.6087614812692829
vn 0.6087614290087207 0 -0.7933533402912352
vn 0.38268349322380424 0 -0.9238795073027797
vn 0.13052625520982866 0 -0.9914448530810469
vn -0.13052619222005157 0 -0.9914448613738104
vn -0.3826834910622171 0 -0.9238795081981384
vn -0.6087614812692829 0 -0.7933533001902928
vn -0.7933533402912352 0 -0.6087614290087207
vn -0.9238795073027797 0 -0.38268349322380424
vn -0.9914448530810469 0 -0.13052625520982866
vn -0.9914448613738104 0 0.13052619222005157
vn -0.9238795081981384 0 0.3826834910622171
vn -0.7933533001902928 0 0.6087614812692829
vn -0.6087614290087207 0 0.7933533402912352
vn -0.38268349322380424 0 0.9238795073027797
vn -0.13052625520982866 0 0.9914448530810469
vn 0.13052619222005157 0 0.9914448613738104
vn 0 -1 0
vn 0 1 0
vn 0 -1 0
vn 0 1 0
vn 0 -1 0
vn 0 1 0
vn 0 -1 0
vn 0 1 0
vn 0 -1 0
vn 0 1 0
vn 0 -1 0
vn 0 1 0
vn 0 -1 0
vn 0 1 0
vn 0 -1 0
vn 0 1 0
vn 0 -1 0
vn 0 1 0
vn 0 -1 0
vn 0 1 0
vn 0 -1 0
vn 0 1 0
vn 0 -1 0
vn 0 1 0
vn 0 -1 0
vn 0 1 0
vn 0 -1 0
vn 0 1 0
vn 0 -1 0
vn 0 1 0
vn 0 -1 0
vn 0 1 0
vn 0 -1 0
vn 0 1 0
vn 0 -1 0
vn 0 1 0
vn 0 -1 0
vn 0 1 0
vn 0 -1 0
vn 0 1 0
vn 0 -1 0
vn 0 1 0
vn 0 -1 0
vn 0 1 0
vn 0 -1 0
vn 0 1 0
vn 0 -1 0
vn 0 1 0
vn -0.10796992757374863 -0.5619226193018318 0.8201130804082376
vn 0 1 0
vn -0.3165516983680158 -0.5619230571137104 0.7642234621786397
vn 0 1 0
vn -0.5035611125578767 -0.5619229430385152 0.6562536186615713
vn 0 1 0
vn -0.6562536240807936 -0.5619229583943143 0.5035610883598993
vn 0 1 0
vn -0.7642234806366676 -0.5619230186810691 0.31655172202964305
vn 0 1 0
vn -0.8201130853710552 -0.561922610440968 0.1079699359932046
vn 0 1 0
vn -0.8201130804082376 -0.5619226193018318 -0.10796992757374863
vn 0 1 0
vn -0.7642234621786397 -0.5619230571137104 -0.3165516983680158
vn 0 1 0
vn -0.6562536186615713 -0.5619229430385152 -0.5035611125578767
vn 0 1 0
vn -0.5035610883598993 -0.5619229583943143 -0.6562536240807936
vn 0 1 0
vn -0.316551722029643 -0.561923018681069 -0.7642234806366673
vn 0 1 0
vn -0.1079699359932046 -0.561922610440968 -0.8201130853710552
vn 0 1 0
vn 0.10796992757374863 -0.5619226193018318 -0.8201130804082376
vn 0 1 0
vn 0.3165516983680158 -0.5619230571137104 -0.7642234621786397
vn 0 1 0
vn 0.5035611125578767 -0.5619229430385152 -0.6562536186615713
vn 0 1 0
vn 0.6562536240807936 -0.5619229583943143 -0.5035610883598993
vn 0 1 0
vn 0.7642234806366676 -0.5619230186810691 -0.31655172202964305
vn 0 1 0
vn 0.8201130853710552 -0.561922610440968 -0.1079699359932046
vn 0 1 0
vn 0.8201130804082376 -0.5619226193018318 0.10796992757374863
vn 0 1 0
vn 0.7642234621786397 -0.5619230571137104 0.3165516983680158
vn 0 1 0
vn 0.6562536186615713 -0.5619229430385152 0.5035611125578767
vn 0 1 0
vn 0.5035610883598993 -0.5619229583943143 0.6562536240807936
vn 0 1 0
vn 0.316551722029643 -0.561923018681069 0.7642234806366673
vn 0 1 0
vn 0.1079699359932046 -0.561922610440968 0.8201130853710552
vn 0 1 0
usemtl m_13075929-be01-9684-f420-f0ae119147d0
f 675/2737/697 677/2738/697 678/2739/697 676/2740/697
f 677/2741/698 679/2742/698 680/2743/698 678/2744/698
f 679/2745/699 681/2746/699 682/2747/699 680/2748/699
f 681/2749/700 683/2750/700 684/2751/700 682/2752/700
f 683/2753/701 685/2754/701 686/2755/701 684/2756/701
f 685/2757/702 687/2758/702 688/2759/702 686/2760/702
f 687/2761/703 689/2762/703 690/2763/703 688/2764/703
f 689/2765/704 691/2766/704 692/2767/704 690/2768/704
f 691/2769/705 693/2770/705 694/2771/705 692/2772/705
f 693/2773/706 695/2774/706 696/2775/706 694/2776/706
f 695/2777/707 697/2778/707 698/2779/707 696/2780/707
f 697/2781/708 699/2782/708 700/2783/708 698/2784/708
f 699/2785/709 701/2786/709 702/2787/709 700/2788/709
f 701/2789/710 703/2790/710 704/2791/710 702/2792/710
f 703/2793/711 705/2794/711 706/2795/711 704/2796/711
f 705/2797/712 707/2798/712 708/2799/712 706/2800/712
f 707/2801/713 709/2802/713 710/2803/713 708/2804/713
f 709/2805/714 711/2806/714 712/2807/714 710/2808/714
f 711/2809/715 713/2810/715 714/2811/715 712/2812/715
f 713/2813/716 715/2814/716 716/2815/716 714/2816/716
f 715/2817/717 717/2818/717 718/2819/717 716/2820/717
f 717/2821/718 719/2822/718 720/2823/718 718/2824/718
f 719/2825/719 721/2826/719 722/2827/719 720/2828/719
f 721/2829/720 675/2830/720 676/2831/720 722/2832/720
f 724/2833/721 723/2834/721 677/2835/721 675/2836/721
f 726/2837/722 725/2838/722 676/2839/722 678/2840/722
f 723/2841/723 727/2842/723 679/2843/723 677/2844/723
f 728/2845/724 726/2846/724 678/2847/724 680/2848/724
f 727/2849/725 729/2850/725 681/2851/725 679/2852/725
f 730/2853/726 728/2854/726 680/2855/726 682/2856/726
f 729/2857/727 731/2858/727 683/2859/727 681/2860/727
f 732/2861/728 730/2862/728 682/2863/728 684/2864/728
f 731/2865/729 733/2866/729 685/2867/729 683/2868/729
f 734/2869/730 732/2870/730 684/2871/730 686/2872/730
f 733/2873/731 735/2874/731 687/2875/731 685/2876/731
f 736/2877/732 734/2878/732 686/2879/732 688/2880/732
f 735/2881/733 737/2882/733 689/2883/733 687/2884/733
f 738/2885/734 736/2886/734 688/2887/734 690/2888/734
f 737/2889/735 739/2890/735 691/2891/735 689/2892/735
f 740/2893/736 738/2894/736 690/2895/736 692/2896/736
f 739/2897/737 741/2898/737 693/2899/737 691/2900/737
f 742/2901/738 740/2902/738 692/2903/738 694/2904/738
f 741/2905/739 743/2906/739 695/2907/739 693/2908/739
f 744/2909/740 742/2910/740 694/2911/740 696/2912/740
f 743/2913/741 745/2914/741 697/2915/741 695/2916/741
f 746/2917/742 744/2918/742 696/2919/742 698/2920/742
f 745/2921/743 747/2922/743 699/2923/743 697/2924/743
f 748/2925/744 746/2926/744 698/2927/744 700/2928/744
f 747/2929/745 749/2930/745 701/2931/745 699/2932/745
f 750/2933/746 748/2934/746 700/2935/746 702/2936/746
f 749/2937/747 751/2938/747 703/2939/747 701/2940/747
f 752/2941/748 750/2942/748 702/2943/748 704/2944/748
f 751/2945/749 753/2946/749 705/2947/749 703/2948/749
f 754/2949/750 752/2950/750 704/2951/750 706/2952/750
f 753/2953/751 755/2954/751 707/2955/751 705/2956/751
f 756/2957/752 754/2958/752 706/2959/752 708/2960/752
f 755/2961/753 757/2962/753 709/2963/753 707/2964/753
f 758/2965/754 756/2966/754 708/2967/754 710/2968/754
f 757/2969/755 759/2970/755 711/2971/755 709/2972/755
f 760/2973/756 758/2974/756 710/2975/756 712/2976/756
f 759/2977/757 761/2978/757 713/2979/757 711/2980/757
f 762/2981/758 760/2982/758 712/2983/758 714/2984/758
f 761/2985/759 763/2986/759 715/2987/759 713/2988/759
f 764/2989/760 762/2990/760 714/2991/760 716/2992/760
f 763/2993/761 765/2994/761 717/2995/761 715/2996/761
f 766/2997/762 764/2998/762 716/2999/762 718/3000/762
f 765/3001/763 767/3002/763 719/3003/763 717/3004/763
f 768/3005/764 766/3006/764 718/3007/764 720/3008/764
f 767/3009/765 769/3010/765 721/3011/765 719/3012/765
f 770/3013/766 768/3014/766 720/3015/766 722/3016/766
f 769/3017/767 724/3018/767 675/3019/767 721/3020/767
f 725/3021/768 770/3022/768 722/3023/768 676/3024/768
f 794/3025/769 771/3026/769 745/3027/769 743/3028/769
f 771/3029/770 794/3030/770 744/3031/770 746/3032/770
f 772/3033/771 794/3034/771 743/3035/771 741/3036/771
f 794/3037/772 772/3038/772 742/3039/772 744/3040/772
f 773/3041/773 772/3042/773 741/3043/773 739/3044/773
f 772/3045/774 773/3046/774 740/3047/774 742/3048/774
f 774/3049/775 773/3050/775 739/3051/775 737/3052/775
f 773/3053/776 774/3054/776 738/3055/776 740/3056/776
f 775/3057/777 774/3058/777 737/3059/777 735/3060/777
f 774/3061/778 775/3062/778 736/3063/778 738/3064/778
f 776/3065/779 775/3066/779 735/3067/779 733/3068/779
f 775/3069/780 776/3070/780 734/3071/780 736/3072/780
f 777/3073/781 776/3074/781 733/3075/781 731/3076/781
f 776/3077/782 777/3078/782 732/3079/782 734/3080/782
f 778/3081/783 777/3082/783 731/3083/783 729/3084/783
f 777/3085/784 778/3086/784 730/3087/784 732/3088/784
f 779/3089/785 778/3090/785 729/3091/785 727/3092/785
f 778/3093/786 779/3094/786 728/3095/786 730/3096/786
f 780/3097/787 779/3098/787 727/3099/787 723/3100/787
f 779/3101/788 780/3102/788 726/3103/788 728/3104/788
f 781/3105/789 780/3106/789 723/3107/789 724/3108/789
f 780/3109/790 781/3110/790 725/3111/790 726/3112/790
f 782/3113/791 781/3114/791 724/3115/791 769/3116/791
f 781/3117/792 782/3118/792 770/3119/792 725/3120/792
f 783/3121/793 782/3122/793 769/3123/793 767/3124/793
f 782/3125/794 783/3126/794 768/3127/794 770/3128/794
f 784/3129/795 783/3130/795 767/3131/795 765/3132/795
f 783/3133/796 784/3134/796 766/3135/796 768/3136/796
f 785/3137/797 784/3138/797 765/3139/797 763/3140/797
f 784/3141/798 785/3142/798 764/3143/798 766/3144/798
f 786/3145/799 785/3146/799 763/3147/799 761/3148/799
f 785/3149/800 786/3150/800 762/3151/800 764/3152/800
f 787/3153/801 786/3154/801 761/3155/801 759/3156/801
f 786/3157/802 787/3158/802 760/3159/802 762/3160/802
f 788/3161/803 787/3162/803 759/3163/803 757/3164/803
f 787/3165/804 788/3166/804 758/3167/804 760/3168/804
f 789/3169/805 788/3170/805 757/3171/805 755/3172/805
f 788/3173/806 789/3174/806 756/3175/806 758/3176/806
f 790/3177/807 789/3178/807 755/3179/807 753/3180/807
f 789/3181/808 790/3182/808 754/3183/808 756/3184/808
f 791/3185/809 790/3186/809 753/3187/809 751/3188/809
f 790/3189/810 791/3190/810 752/3191/810 754/3192/810
f 793/3193/811 791/3194/811 751/3195/811 749/3196/811
f 791/3197/812 793/3198/812 750/3199/812 752/3200/812
f 792/3201/813 793/3202/813 749/3203/813 747/3204/813
f 793/3205/814 792/3206/814 748/3207/814 750/3208/814
f 771/3209/815 792/3210/815 747/3211/815 745/3212/815
f 792/3213/816 771/3214/816 746/3215/816 748/3216/816
o SkyLight
v 1.982366717643516 9.46875 7.303733674839248
v 1.982366717643516 9.53125 7.303733674839248
v 3.8541118901606373 9.46875 6.541790878415695
v 3.8541118901606373 9.53125 6.541790878415695
v 5.463205481699784 9.46875 5.334035756491854
v 5.463205481699784 9.53125 5.334035756491854
v 6.699991275710783 9.46875 3.7627748362168782
v 6.699991275710783 9.53125 3.7627748362168782
v 7.480182917065519 9.46875 1.9350870194309315
v 7.480182917065519 9.53125 1.9350870194309315
v 7.750613118220545 9.46875 -0.024473643101529774
v 7.750613118220545 9.53125 -0.024473643101529774
v 7.49285162540179 9.46875 -1.9823665622817632
v 7.49285162540179 9.53125 -1.9823665622817632
v 6.724464490400488 9.46875 -3.8051643279721583
v 6.724464490400488 9.53125 -3.8051643279721583
v 5.497816819075041 9.46875 -5.368646736987187
v 5.497816819075041 9.53125 -5.368646736987187
v 3.8965012280599076 9.46875 -6.566264521517224
v 3.8965012280599076 9.53125 -6.566264521517224
v 2.0296461437020055 9.46875 -7.316402318773617
v 2.0296461437020055 9.53125 -7.316402318773617
v 0.024473834342742418 9.46875 -7.567939245767907
v 0.024473834342742418 9.53125 -7.567939245767907
v -1.982366717643516 9.46875 -7.303733674839248
v -1.982366717643516 9.53125 -7.303733674839248
v -3.8541118901606373 9.46875 -6.541790878415695
v -3.8541118901606373 9.53125 -6.541790878415695
v -5.463205481699784 9.46875 -5.334035756491854
v -5.463205481699784 9.53125 -5.334035756491854
v -6.699991275710783 9.46875 -3.7627748362168782
v -6.699991275710783 9.53125 -3.7627748362168782
v -7.480182917065519 9.46875 -1.9350870194309315
v -7.480182917065519 9.53125 -1.9350870194309315
v -7.750613118220545 9.46875 0.024473643101529774
v -7.750613118220545 9.53125 0.024473643101529774
v -7.49285162540179 9.46875 1.9823665622817632
v -7.49285162540179 9.53125 1.9823665622817632
v -6.724464490400488 9.46875 3.8051643279721583
v -6.724464490400488 9.53125 3.8051643279721583
v -5.497816819075041 9.46875 5.368646736987187
v -5.497816819075041 9.53125 5.368646736987187
v -3.8965012280599076 9.46875 6.566264521517224
v -3.8965012280599076 9.53125 6.566264521517224
v -2.0296461437020055 9.46875 7.316402318773617
v -2.0296461437020055 9.53125 7.316402318773617
v -0.024473834342742418 9.46875 7.567939245767907
v -0.024473834342742418 9.53125 7.567939245767907
v 3.607794777902862 9.46875 6.127531416029416
v 1.8560359774454707 9.46875 6.8410107364340655
v 1.8560359774454707 9.53125 6.8410107364340655
v 3.607794777902862 9.53125 6.127531416029416
v 5.113688625886642 9.46875 4.9964708209792175
v 5.113688625886642 9.53125 4.9964708209792175
v 6.271092425249257 9.46875 3.524909272140106
v 6.271092425249257 9.53125 3.524909272140106
v 7.001132376572283 9.46875 1.813131062242434
v 7.001132376572283 9.53125 1.813131062242434
v 7.254056262825939 9.46875 -0.0222087157788855
v 7.254056262825939 9.53125 -0.0222087157788855
v 7.012628328228381 9.46875 -1.8560359429250306
v 7.012628328228381 9.53125 -1.8560359429250306
v 6.293301725624424 9.46875 -3.563376515807679
v 6.293301725624424 9.53125 -3.563376515807679
v 5.145096480705681 9.46875 -5.027879054538594
v 5.145096480705681 9.53125 -5.027879054538594
v 3.6462621045761154 9.46875 -6.149740213387172
v 3.6462621045761154 9.53125 -6.149740213387172
v 1.8989403219947776 9.46875 -6.852506845483117
v 1.8989403219947776 9.53125 -6.852506845483117
v 0.02220921879629789 9.46875 -7.088286407600823
v 0.02220921879629789 9.53125 -7.088286407600823
v -1.8560359774454707 9.46875 -6.8410107364340655
v -1.8560359774454707 9.53125 -6.8410107364340655
v -3.607794777902862 9.46875 -6.127531416029416
v -3.607794777902862 9.53125 -6.127531416029416
v -5.113688625886642 9.46875 -4.9964708209792175
v -5.113688625886642 9.53125 -4.9964708209792175
v -6.271092425249257 9.46875 -3.524909272140106
v -6.271092425249257 9.53125 -3.524909272140106
v -7.001132376572283 9.46875 -1.813131062242434
v -7.001132376572283 9.53125 -1.813131062242434
v -7.254056262825939 9.46875 0.0222087157788855
v -7.254056262825939 9.53125 0.0222087157788855
v -7.012628328228381 9.46875 1.8560359429250306
v -7.012628328228381 9.53125 1.8560359429250306
v -6.293301725624424 9.46875 3.563376515807679
v -6.293301725624424 9.53125 3.563376515807679
v -5.145096480705681 9.46875 5.027879054538594
v -5.145096480705681 9.53125 5.027879054538594
v -3.6462621045761154 9.46875 6.149740213387172
v -3.6462621045761154 9.53125 6.149740213387172
v -1.8989403219947776 9.46875 6.852506845483117
v -1.8989403219947776 9.53125 6.852506845483117
v -0.02220921879629789 9.46875 7.088286407600823
v -0.02220921879629789 9.53125 7.088286407600823
vt 0.359375 0.5625
vt 0.359375 0.5625
vt 0.359375 0.5625
vt 0.359375 0.5625
vt 0.359375 0.5625
vt 0.359375 0.5625
vt 0.359375 0.5625
vt 0.359375 0.5625
vt 0.359375 0.5625
vt 0.359375 0.5625
vt 0.359375 0.5625
vt 0.359375 0.5625
vt 0.359375 0.5625
vt 0.359375 0.5625
vt 0.359375 0.5625
vt 0.359375 0.5625
vt 0.359375 0.5625
vt 0.359375 0.5625
vt 0.359375 0.5625
vt 0.359375 0.5625
vt 0.359375 0.5625
vt 0.359375 0.5625
vt 0.359375 0.5625
vt 0.359375 0.5625
vt 0.359375 0.5625
vt 0.359375 0.5625
vt 0.359375 0.5625
vt 0.359375 0.5625
vt 0.359375 0.5625
vt 0.359375 0.5625
vt 0.359375 0.5625
vt 0.359375 0.5625
vt 0.359375 0.5625
vt 0.359375 0.5625
vt 0.359375 0.5625
vt 0.359375 0.5625
vt 0.359375 0.5625
vt 0.359375 0.5625
vt 0.359375 0.5625
vt 0.359375 0.5625
vt 0.359375 0.5625
vt 0.359375 0.5625
vt 0.359375 0.5625
vt 0.359375 0.5625
vt 0.359375 0.5625
vt 0.359375 0.5625
vt 0.359375 0.5625
vt 0.359375 0.5625
vt 0.359375 0.5625
vt 0.359375 0.5625
vt 0.359375 0.5625
vt 0.359375 0.5625
vt 0.359375 0.5625
vt 0.359375 0.5625
vt 0.359375 0.5625
vt 0.359375 0.5625
vt 0.359375 0.5625
vt 0.359375 0.5625
vt 0.359375 0.5625
vt 0.359375 0.5625
vt 0.359375 0.5625
vt 0.359375 0.5625
vt 0.359375 0.5625
vt 0.359375 0.5625
vt 0.359375 0.5625
vt 0.359375 0.5625
vt 0.359375 0.5625
vt 0.359375 0.5625
vt 0.359375 0.5625
vt 0.359375 0.5625
vt 0.359375 0.5625
vt 0.359375 0.5625
vt 0.359375 0.5625
vt 0.359375 0.5625
vt 0.359375 0.5625
vt 0.359375 0.5625
vt 0.359375 0.5625
vt 0.359375 0.5625
vt 0.359375 0.5625
vt 0.359375 0.5625
vt 0.359375 0.5625
vt 0.359375 0.5625
vt 0.359375 0.5625
vt 0.359375 0.5625
vt 0.359375 0.5625
vt 0.359375 0.5625
vt 0.359375 0.5625
vt 0.359375 0.5625
vt 0.359375 0.5625
vt 0.359375 0.5625
vt 0.359375 0.5625
vt 0.359375 0.5625
vt 0.359375 0.5625
vt 0.359375 0.5625
vt 0.359375 0.5625
vt 0.359375 0.5625
vt 0.328125 0.5625
vt 0.328125 0.59375
vt 0.359375 0.5625
vt 0.359375 0.5625
vt 0.359375 0.59375
vt 0.359375 0.5625
vt 0.359375 0.5625
vt 0.359375 0.5625
vt 0.328125 0.59375
vt 0.359375 0.5625
vt 0.359375 0.5625
vt 0.359375 0.5625
vt 0.359375 0.5625
vt 0.359375 0.59375
vt 0.359375 0.5625
vt 0.359375 0.5625
vt 0.359375 0.5625
vt 0.359375 0.5625
vt 0.359375 0.5625
vt 0.359375 0.5625
vt 0.359375 0.5625
vt 0.359375 0.5625
vt 0.359375 0.5625
vt 0.359375 0.5625
vt 0.359375 0.5625
vt 0.359375 0.5625
vt 0.359375 0.5625
vt 0.359375 0.5625
vt 0.359375 0.5625
vt 0.359375 0.5625
vt 0.359375 0.5625
vt 0.359375 0.5625
vt 0.359375 0.5625
vt 0.359375 0.5625
vt 0.359375 0.5625
vt 0.359375 0.5625
vt 0.359375 0.5625
vt 0.359375 0.5625
vt 0.359375 0.5625
vt 0.359375 0.5625
vt 0.359375 0.5625
vt 0.359375 0.5625
vt 0.359375 0.5625
vt 0.359375 0.5625
vt 0.359375 0.5625
vt 0.359375 0.5625
vt 0.359375 0.5625
vt 0.359375 0.5625
vt 0.359375 0.5625
vt 0.359375 0.5625
vt 0.359375 0.5625
vt 0.359375 0.5625
vt 0.359375 0.5625
vt 0.359375 0.5625
vt 0.359375 0.5625
vt 0.359375 0.5625
vt 0.359375 0.5625
vt 0.359375 0.5625
vt 0.359375 0.5625
vt 0.359375 0.5625
vt 0.359375 0.5625
vt 0.359375 0.5625
vt 0.359375 0.5625
vt 0.359375 0.5625
vt 0.359375 0.5625
vt 0.359375 0.5625
vt 0.359375 0.5625
vt 0.359375 0.5625
vt 0.359375 0.5625
vt 0.359375 0.5625
vt 0.359375 0.5625
vt 0.359375 0.5625
vt 0.359375 0.5625
vt 0.359375 0.5625
vt 0.359375 0.5625
vt 0.359375 0.5625
vt 0.359375 0.5625
vt 0.359375 0.5625
vt 0.359375 0.5625
vt 0.359375 0.5625
vt 0.359375 0.5625
vt 0.359375 0.5625
vt 0.359375 0.5625
vt 0.359375 0.5625
vt 0.359375 0.5625
vt 0.359375 0.5625
vt 0.359375 0.5625
vt 0.359375 0.5625
vt 0.359375 0.5625
vt 0.359375 0.5625
vt 0.359375 0.5625
vt 0.359375 0.5625
vt 0.359375 0.5625
vt 0.359375 0.5625
vt 0.359375 0.5625
vt 0.359375 0.5625
vt 0.359375 0.5625
vt 0.359375 0.5625
vt 0.359375 0.5625
vt 0.359375 0.5625
vt 0.359375 0.5625
vt 0.359375 0.5625
vt 0.359375 0.5625
vt 0.359375 0.5625
vt 0.359375 0.5625
vt 0.359375 0.5625
vt 0.359375 0.5625
vt 0.359375 0.5625
vt 0.359375 0.5625
vt 0.359375 0.5625
vt 0.359375 0.5625
vt 0.359375 0.5625
vt 0.359375 0.5625
vt 0.359375 0.5625
vt 0.359375 0.5625
vt 0.359375 0.5625
vt 0.359375 0.5625
vt 0.359375 0.5625
vt 0.359375 0.5625
vt 0.359375 0.5625
vt 0.359375 0.5625
vt 0.359375 0.5625
vt 0.359375 0.5625
vt 0.359375 0.5625
vt 0.359375 0.5625
vt 0.359375 0.5625
vt 0.359375 0.5625
vt 0.359375 0.5625
vt 0.359375 0.5625
vt 0.359375 0.5625
vt 0.359375 0.5625
vt 0.359375 0.5625
vt 0.359375 0.5625
vt 0.359375 0.5625
vt 0.359375 0.5625
vt 0.359375 0.5625
vt 0.359375 0.5625
vt 0.359375 0.5625
vt 0.359375 0.5625
vt 0.359375 0.5625
vt 0.359375 0.5625
vt 0.359375 0.5625
vt 0.359375 0.5625
vt 0.359375 0.5625
vt 0.359375 0.5625
vt 0.359375 0.5625
vt 0.359375 0.5625
vt 0.359375 0.5625
vt 0.359375 0.5625
vt 0.359375 0.5625
vt 0.359375 0.5625
vt 0.359375 0.5625
vt 0.359375 0.5625
vt 0.359375 0.5625
vt 0.359375 0.5625
vt 0.359375 0.5625
vt 0.359375 0.5625
vt 0.359375 0.5625
vt 0.359375 0.5625
vt 0.359375 0.5625
vt 0.359375 0.5625
vt 0.359375 0.5625
vt 0.359375 0.5625
vt 0.359375 0.5625
vt 0.359375 0.5625
vt 0.359375 0.5625
vt 0.359375 0.5625
vt 0.359375 0.5625
vt 0.359375 0.5625
vt 0.359375 0.5625
vt 0.359375 0.5625
vt 0.359375 0.5625
vt 0.359375 0.5625
vt 0.359375 0.5625
vt 0.359375 0.5625
vt 0.359375 0.5625
vt 0.359375 0.5625
vt 0.359375 0.5625
vt 0.359375 0.5625
vt 0.359375 0.5625
vt 0.359375 0.5625
vt 0.359375 0.5625
vt 0.359375 0.5625
vt 0.359375 0.5625
vt 0.359375 0.5625
vt 0.328125 0.5625
vt 0.359375 0.5625
vt 0.359375 0.5625
vt 0.359375 0.5625
vt 0.359375 0.5625
vt 0.359375 0.5625
vt 0.359375 0.5625
vt 0.359375 0.5625
vt 0.328125 0.5625
vt 0.359375 0.5625
vt 0.359375 0.5625
vt 0.359375 0.5625
vt 0.359375 0.5625
vt 0.359375 0.5625
vt 0.359375 0.5625
vt 0.359375 0.5625
vt 0.359375 0.5625
vt 0.359375 0.5625
vt 0.359375 0.5625
vt 0.359375 0.5625
vt 0.359375 0.5625
vt 0.359375 0.5625
vt 0.359375 0.5625
vt 0.359375 0.5625
vt 0.359375 0.5625
vt 0.359375 0.5625
vt 0.359375 0.5625
vt 0.359375 0.5625
vt 0.359375 0.5625
vt 0.359375 0.5625
vt 0.359375 0.5625
vt 0.359375 0.5625
vt 0.359375 0.5625
vt 0.359375 0.5625
vt 0.359375 0.5625
vt 0.359375 0.5625
vt 0.359375 0.5625
vt 0.359375 0.5625
vt 0.359375 0.5625
vt 0.359375 0.5625
vt 0.359375 0.5625
vt 0.359375 0.5625
vt 0.359375 0.5625
vt 0.359375 0.5625
vt 0.359375 0.5625
vt 0.359375 0.5625
vt 0.359375 0.5625
vt 0.359375 0.5625
vt 0.359375 0.5625
vt 0.359375 0.5625
vt 0.359375 0.5625
vt 0.359375 0.5625
vt 0.359375 0.5625
vt 0.359375 0.5625
vt 0.359375 0.5625
vt 0.359375 0.5625
vt 0.359375 0.5625
vt 0.359375 0.5625
vt 0.359375 0.5625
vt 0.359375 0.5625
vt 0.359375 0.5625
vt 0.359375 0.5625
vt 0.359375 0.5625
vt 0.359375 0.5625
vt 0.359375 0.5625
vt 0.359375 0.5625
vt 0.359375 0.5625
vt 0.359375 0.5625
vt 0.359375 0.5625
vt 0.359375 0.5625
vt 0.359375 0.5625
vt 0.359375 0.5625
vt 0.359375 0.5625
vt 0.359375 0.5625
vt 0.359375 0.5625
vt 0.359375 0.5625
vt 0.359375 0.5625
vt 0.359375 0.5625
vt 0.359375 0.5625
vt 0.359375 0.5625
vt 0.359375 0.5625
vt 0.359375 0.5625
vt 0.359375 0.5625
vt 0.359375 0.5625
vt 0.359375 0.5625
vt 0.359375 0.5625
vt 0.359375 0.5625
vt 0.359375 0.5625
vt 0.359375 0.5625
vt 0.359375 0.5625
vt 0.359375 0.5625
vt 0.359375 0.5625
vt 0.359375 0.5625
vt 0.359375 0.5625
vt 0.359375 0.5625
vt 0.359375 0.5625
vt 0.359375 0.5625
vt 0.328125 0.59375
vt 0.359375 0.59375
vt 0.359375 0.59375
vt 0.328125 0.59375
vt 0.328125 0.5625
vt 0.359375 0.5625
vn 0.3770337275826705 0 0.9261995294023405
vn 0.6002973618597859 0 0.7997768922294402
vn 0.7857778092712896 0 0.6185088798528386
vn 0.9197094639297771 0 0.3925996713676697
vn 0.9906111383158491 0 0.13670981180799574
vn 0.9914448613738104 0 -0.13052619222005157
vn 0.9214737793606005 0 -0.38844056681929057
vn 0.7867588518413022 0 -0.617260487192689
vn 0.5989212020290428 0 -0.8008079630973249
vn 0.3728452337316761 0 -0.9278935454477373
vn 0.12446853707982061 0 -0.9922235550908926
vn -0.13052619222005157 0 -0.9914448613738104
vn -0.3770337275826705 0 -0.9261995294023405
vn -0.6002973618597859 0 -0.7997768922294402
vn -0.7857778092712896 0 -0.6185088798528386
vn -0.9197094639297771 0 -0.3925996713676697
vn -0.9906111383158491 0 -0.13670981180799574
vn -0.9914448613738104 0 0.13052619222005157
vn -0.9214737793606005 0 0.38844056681929057
vn -0.7867588518413022 0 0.617260487192689
vn -0.5989212020290428 0 0.8008079630973249
vn -0.3728452337316761 0 0.9278935454477373
vn -0.12446853707982061 0 0.9922235550908926
vn 0.13052619222005157 0 0.9914448613738104
vn 0 -1 0
vn 0 1 0
vn 0 -1 0
vn 0 1 0
vn 0 -1 0
vn 0 1 0
vn 0 -1 0
vn 0 1 0
vn 0 -1 0
vn 0 1 0
vn 0 -1 0
vn 0 1 0
vn 0 -1 0
vn 0 1 0
vn 0 -1 0
vn 0 1 0
vn 0 -1 0
vn 0 1 0
vn 0 -1 0
vn 0 1 0
vn 0 -1 0
vn 0 1 0
vn 0 -1 0
vn 0 1 0
vn 0 -1 0
vn 0 1 0
vn 0 -1 0
vn 0 1 0
vn 0 -1 0
vn 0 1 0
vn 0 -1 0
vn 0 1 0
vn 0 -1 0
vn 0 1 0
vn 0 -1 0
vn 0 1 0
vn 0 -1 0
vn 0 1 0
vn 0 -1 0
vn 0 1 0
vn 0 -1 0
vn 0 1 0
vn 0 -1 0
vn 0 1 0
vn 0 -1 0
vn 0 1 0
vn 0 -1 0
vn 0 1 0
vn -0.13052619222005157 0 -0.9914448613738104
vn 0.12465321671888188 0 -0.9922003706719907
vn 0.373146746970596 0 -0.9277723348027049
vn 0.5992255654367785 0 -0.8005802406548473
vn 0.7869640951349296 0 -0.6169987949489543
vn 0.9215491856823788 0 -0.3882616364877489
vn 0.9914448613738104 0 -0.13052619222005157
vn 0.9906376646519708 0 0.13651746178745583
vn 0.91983998279113 0 0.3922937751976363
vn 0.7860128628422884 0 0.6182101418178694
vn 0.600557229660823 0 0.7995817743683991
vn 0.37720611384646796 0 0.9261293363655237
vn 0.13052619222005157 0 0.9914448613738104
vn -0.12465321671888188 0 0.9922003706719907
vn -0.373146746970596 0 0.9277723348027049
vn -0.5992255654367785 0 0.8005802406548473
vn -0.7869640951349296 0 0.6169987949489543
vn -0.9215491856823788 0 0.3882616364877489
vn -0.9914448613738104 0 0.13052619222005157
vn -0.9906376646519708 0 -0.13651746178745583
vn -0.91983998279113 0 -0.3922937751976363
vn -0.7860128628422884 0 -0.6182101418178694
vn -0.600557229660823 0 -0.7995817743683991
vn -0.37720611384646796 0 -0.9261293363655237
usemtl m_13075929-be01-9684-f420-f0ae119147d0
f 795/3217/817 797/3218/817 798/3219/817 796/3220/817
f 797/3221/818 799/3222/818 800/3223/818 798/3224/818
f 799/3225/819 801/3226/819 802/3227/819 800/3228/819
f 801/3229/820 803/3230/820 804/3231/820 802/3232/820
f 803/3233/821 805/3234/821 806/3235/821 804/3236/821
f 805/3237/822 807/3238/822 808/3239/822 806/3240/822
f 807/3241/823 809/3242/823 810/3243/823 808/3244/823
f 809/3245/824 811/3246/824 812/3247/824 810/3248/824
f 811/3249/825 813/3250/825 814/3251/825 812/3252/825
f 813/3253/826 815/3254/826 816/3255/826 814/3256/826
f 815/3257/827 817/3258/827 818/3259/827 816/3260/827
f 817/3261/828 819/3262/828 820/3263/828 818/3264/828
f 819/3265/829 821/3266/829 822/3267/829 820/3268/829
f 821/3269/830 823/3270/830 824/3271/830 822/3272/830
f 823/3273/831 825/3274/831 826/3275/831 824/3276/831
f 825/3277/832 827/3278/832 828/3279/832 826/3280/832
f 827/3281/833 829/3282/833 830/3283/833 828/3284/833
f 829/3285/834 831/3286/834 832/3287/834 830/3288/834
f 831/3289/835 833/3290/835 834/3291/835 832/3292/835
f 833/3293/836 835/3294/836 836/3295/836 834/3296/836
f 835/3297/837 837/3298/837 838/3299/837 836/3300/837
f 837/3301/838 839/3302/838 840/3303/838 838/3304/838
f 839/3305/839 841/3306/839 842/3307/839 840/3308/839
f 841/3309/840 795/3310/840 796/3311/840 842/3312/840
f 844/3313/841 843/3314/841 797/3315/841 795/3316/841
f 846/3317/842 845/3318/842 796/3319/842 798/3320/842
f 843/3321/843 847/3322/843 799/3323/843 797/3324/843
f 848/3325/844 846/3326/844 798/3327/844 800/3328/844
f 847/3329/845 849/3330/845 801/3331/845 799/3332/845
f 850/3333/846 848/3334/846 800/3335/846 802/3336/846
f 849/3337/847 851/3338/847 803/3339/847 801/3340/847
f 852/3341/848 850/3342/848 802/3343/848 804/3344/848
f 851/3345/849 853/3346/849 805/3347/849 803/3348/849
f 854/3349/850 852/3350/850 804/3351/850 806/3352/850
f 853/3353/851 855/3354/851 807/3355/851 805/3356/851
f 856/3357/852 854/3358/852 806/3359/852 808/3360/852
f 855/3361/853 857/3362/853 809/3363/853 807/3364/853
f 858/3365/854 856/3366/854 808/3367/854 810/3368/854
f 857/3369/855 859/3370/855 811/3371/855 809/3372/855
f 860/3373/856 858/3374/856 810/3375/856 812/3376/856
f 859/3377/857 861/3378/857 813/3379/857 811/3380/857
f 862/3381/858 860/3382/858 812/3383/858 814/3384/858
f 861/3385/859 863/3386/859 815/3387/859 813/3388/859
f 864/3389/860 862/3390/860 814/3391/860 816/3392/860
f 863/3393/861 865/3394/861 817/3395/861 815/3396/861
f 866/3397/862 864/3398/862 816/3399/862 818/3400/862
f 865/3401/863 867/3402/863 819/3403/863 817/3404/863
f 868/3405/864 866/3406/864 818/3407/864 820/3408/864
f 867/3409/865 869/3410/865 821/3411/865 819/3412/865
f 870/3413/866 868/3414/866 820/3415/866 822/3416/866
f 869/3417/867 871/3418/867 823/3419/867 821/3420/867
f 872/3421/868 870/3422/868 822/3423/868 824/3424/868
f 871/3425/869 873/3426/869 825/3427/869 823/3428/869
f 874/3429/870 872/3430/870 824/3431/870 826/3432/870
f 873/3433/871 875/3434/871 827/3435/871 825/3436/871
f 876/3437/872 874/3438/872 826/3439/872 828/3440/872
f 875/3441/873 877/3442/873 829/3443/873 827/3444/873
f 878/3445/874 876/3446/874 828/3447/874 830/3448/874
f 877/3449/875 879/3450/875 831/3451/875 829/3452/875
f 880/3453/876 878/3454/876 830/3455/876 832/3456/876
f 879/3457/877 881/3458/877 833/3459/877 831/3460/877
f 882/3461/878 880/3462/878 832/3463/878 834/3464/878
f 881/3465/879 883/3466/879 835/3467/879 833/3468/879
f 884/3469/880 882/3470/880 834/3471/880 836/3472/880
f 883/3473/881 885/3474/881 837/3475/881 835/3476/881
f 886/3477/882 884/3478/882 836/3479/882 838/3480/882
f 885/3481/883 887/3482/883 839/3483/883 837/3484/883
f 888/3485/884 886/3486/884 838/3487/884 840/3488/884
f 887/3489/885 889/3490/885 841/3491/885 839/3492/885
f 890/3493/886 888/3494/886 840/3495/886 842/3496/886
f 889/3497/887 844/3498/887 795/3499/887 841/3500/887
f 845/3501/888 890/3502/888 842/3503/888 796/3504/888
f 845/3505/889 844/3506/889 889/3507/889 890/3508/889
f 890/3509/890 889/3510/890 887/3511/890 888/3512/890
f 888/3513/891 887/3514/891 885/3515/891 886/3516/891
f 886/3517/892 885/3518/892 883/3519/892 884/3520/892
f 884/3521/893 883/3522/893 881/3523/893 882/3524/893
f 882/3525/894 881/3526/894 879/3527/894 880/3528/894
f 880/3529/895 879/3530/895 877/3531/895 878/3532/895
f 878/3533/896 877/3534/896 875/3535/896 876/3536/896
f 876/3537/897 875/3538/897 873/3539/897 874/3540/897
f 874/3541/898 873/3542/898 871/3543/898 872/3544/898
f 872/3545/899 871/3546/899 869/3547/899 870/3548/899
f 870/3549/900 869/3550/900 867/3551/900 868/3552/900
f 868/3553/901 867/3554/901 865/3555/901 866/3556/901
f 866/3557/902 865/3558/902 863/3559/902 864/3560/902
f 864/3561/903 863/3562/903 861/3563/903 862/3564/903
f 862/3565/904 861/3566/904 859/3567/904 860/3568/904
f 860/3569/905 859/3570/905 857/3571/905 858/3572/905
f 858/3573/906 857/3574/906 855/3575/906 856/3576/906
f 856/3577/907 855/3578/907 853/3579/907 854/3580/907
f 854/3581/908 853/3582/908 851/3583/908 852/3584/908
f 852/3585/909 851/3586/909 849/3587/909 850/3588/909
f 850/3589/910 849/3590/910 847/3591/910 848/3592/910
f 848/3593/911 847/3594/911 843/3595/911 846/3596/911
f 846/3597/912 843/3598/912 844/3599/912 845/3600/912
o OuterWall
v 3.0592074258183977 4.71875 11.417118333551764
v 3.0592074258183977 10.5 11.417118333551764
v 5.909935362036891 4.71875 10.23630792423892
v 5.909935362036891 10.5 10.23630792423892
v 8.357910577988179 4.71875 8.357910591071427
v 8.357910577988179 10.5 8.357910591071427
v 10.236308128577981 4.71875 5.909935242860025
v 10.236308128577981 10.5 5.909935242860025
v 11.417118016889825 4.71875 3.059207755563585
v 11.417118016889825 10.5 3.059207755563585
v 11.819870604896918 4.71875 -2.043390612271878e-7
v 11.819870604896918 10.5 -2.043390612271878e-7
v 11.417118333551764 4.71875 -3.0592074258183977
v 11.417118333551764 10.5 -3.0592074258183977
v 10.23630792423892 4.71875 -5.909935362036891
v 10.23630792423892 10.5 -5.909935362036891
v 8.357910591071427 4.71875 -8.357910577988179
v 8.357910591071427 10.5 -8.357910577988179
v 5.909935242860025 4.71875 -10.236308128577981
v 5.909935242860025 10.5 -10.236308128577981
v 3.059207755563585 4.71875 -11.417118016889825
v 3.059207755563585 10.5 -11.417118016889825
v -2.043390612271878e-7 4.71875 -11.819870604896918
v -2.043390612271878e-7 10.5 -11.819870604896918
v -3.0592074258183977 4.71875 -11.417118333551764
v -3.0592074258183977 10.5 -11.417118333551764
v -5.909935362036891 4.71875 -10.23630792423892
v -5.909935362036891 10.5 -10.23630792423892
v -8.357910577988179 4.71875 -8.357910591071427
v -8.357910577988179 10.5 -8.357910591071427
v -10.236308128577981 4.71875 -5.909935242860025
v -10.236308128577981 10.5 -5.909935242860025
v -11.417118016889825 4.71875 -3.059207755563585
v -11.417118016889825 10.5 -3.059207755563585
v -11.819870604896918 4.71875 2.043390612271878e-7
v -11.819870604896918 10.5 2.043390612271878e-7
v -11.417118333551764 4.71875 3.0592074258183977
v -11.417118333551764 10.5 3.0592074258183977
v -10.23630792423892 4.71875 5.909935362036891
v -10.23630792423892 10.5 5.909935362036891
v -8.357910591071427 4.71875 8.357910577988179
v -8.357910591071427 10.5 8.357910577988179
v -5.909935242860025 4.71875 10.236308128577981
v -5.909935242860025 10.5 10.236308128577981
v -3.059207755563585 4.71875 11.417118016889825
v -3.059207755563585 10.5 11.417118016889825
v 2.043390612271878e-7 4.71875 11.819870604896918
v 2.043390612271878e-7 10.5 11.819870604896918
v 5.816901588766922 4.71875 10.07516895216756
v 3.0110500471651935 4.71875 11.237390914832597
v 3.0110500471651935 10.5 11.237390914832597
v 5.816901588766922 10.5 10.07516895216756
v 8.226341048707285 4.71875 8.22634076261921
v 8.226341048707285 10.5 8.22634076261921
v 10.075168733382496 4.71875 5.816901613939219
v 10.075168733382496 10.5 5.816901613939219
v 11.237390809784406 4.71875 3.011049866125311
v 11.237390809784406 10.5 3.011049866125311
v 11.633803202706142 4.71875 2.1878506317740687e-7
v 11.633803202706142 10.5 2.1878506317740687e-7
v 11.237390914832597 4.71875 -3.0110500471651935
v 11.237390914832597 10.5 -3.0110500471651935
v 10.07516895216756 4.71875 -5.816901588766922
v 10.07516895216756 10.5 -5.816901588766922
v 8.22634076261921 4.71875 -8.226341048707285
v 8.22634076261921 10.5 -8.226341048707285
v 5.816901613939219 4.71875 -10.075168733382496
v 5.816901613939219 10.5 -10.075168733382496
v 3.011049866125311 4.71875 -11.237390809784406
v 3.011049866125311 10.5 -11.237390809784406
v 2.1878506317740687e-7 4.71875 -11.633803202706142
v 2.1878506317740687e-7 10.5 -11.633803202706142
v -3.0110500471651935 4.71875 -11.237390914832597
v -3.0110500471651935 10.5 -11.237390914832597
v -5.816901588766922 4.71875 -10.07516895216756
v -5.816901588766922 10.5 -10.07516895216756
v -8.226341048707285 4.71875 -8.22634076261921
v -8.226341048707285 10.5 -8.22634076261921
v -10.075168733382496 4.71875 -5.816901613939219
v -10.075168733382496 10.5 -5.816901613939219
v -11.237390809784406 4.71875 -3.011049866125311
v -11.237390809784406 10.5 -3.011049866125311
v -11.633803202706142 4.71875 -2.1878506317740687e-7
v -11.633803202706142 10.5 -2.1878506317740687e-7
v -11.237390914832597 4.71875 3.0110500471651935
v -11.237390914832597 10.5 3.0110500471651935
v -10.07516895216756 4.71875 5.816901588766922
v -10.07516895216756 10.5 5.816901588766922
v -8.22634076261921 4.71875 8.226341048707285
v -8.22634076261921 10.5 8.226341048707285
v -5.816901613939219 4.71875 10.075168733382496
v -5.816901613939219 10.5 10.075168733382496
v -3.011049866125311 4.71875 11.237390809784406
v -3.011049866125311 10.5 11.237390809784406
v -2.1878506317740687e-7 4.71875 11.633803202706142
v -2.1878506317740687e-7 10.5 11.633803202706142
vt 0.28125 0.9375
vt 0.28125 0.9375
vt 0.28125 0.9375
vt 0.28125 0.9375
vt 0.1875 0.875
vt 0.1875 0.875
vt 0.1875 0.875
vt 0.1875 0.875
vt 0.1875 0.875
vt 0.1875 0.875
vt 0.1875 0.875
vt 0.1875 0.875
vt 0.28125 0.9375
vt 0.28125 0.9375
vt 0.28125 0.9375
vt 0.28125 0.9375
vt 0.28125 0.9375
vt 0.28125 0.9375
vt 0.28125 0.9375
vt 0.28125 0.9375
vt 0.125 0.875
vt 0.125 0.875
vt 0.125 0.875
vt 0.125 0.875
vt 0.125 0.875
vt 0.125 0.875
vt 0.125 0.875
vt 0.125 0.875
vt 0.28125 0.9375
vt 0.28125 0.9375
vt 0.28125 0.9375
vt 0.28125 0.9375
vt 0.28125 0.9375
vt 0.28125 0.9375
vt 0.28125 0.9375
vt 0.28125 0.9375
vt 0.15625 0.875
vt 0.15625 0.875
vt 0.15625 0.875
vt 0.15625 0.875
vt 0.15625 0.875
vt 0.15625 0.875
vt 0.15625 0.875
vt 0.15625 0.875
vt 0.28125 0.9375
vt 0.28125 0.9375
vt 0.28125 0.9375
vt 0.28125 0.9375
vt 0.28125 0.9375
vt 0.28125 0.9375
vt 0.28125 0.9375
vt 0.28125 0.9375
vt 0.125 0.875
vt 0.125 0.875
vt 0.125 0.875
vt 0.125 0.875
vt 0.125 0.875
vt 0.125 0.875
vt 0.125 0.875
vt 0.125 0.875
vt 0.28125 0.9375
vt 0.28125 0.9375
vt 0.28125 0.9375
vt 0.28125 0.9375
vt 0.28125 0.9375
vt 0.28125 0.9375
vt 0.28125 0.9375
vt 0.28125 0.9375
vt 0.15625 0.875
vt 0.15625 0.875
vt 0.15625 0.875
vt 0.15625 0.875
vt 0.15625 0.875
vt 0.15625 0.875
vt 0.15625 0.875
vt 0.15625 0.875
vt 0.28125 0.9375
vt 0.28125 0.9375
vt 0.28125 0.9375
vt 0.28125 0.9375
vt 0.28125 0.9375
vt 0.28125 0.9375
vt 0.28125 0.9375
vt 0.28125 0.9375
vt 0.1875 0.90625
vt 0.1875 0.90625
vt 0.1875 0.90625
vt 0.1875 0.90625
vt 0.1875 0.90625
vt 0.1875 0.90625
vt 0.1875 0.90625
vt 0.1875 0.90625
vt 0.28125 0.9375
vt 0.28125 0.9375
vt 0.28125 0.9375
vt 0.28125 0.9375
vt 0.28125 0.9375
vt 0.28125 0.96875
vt 0.28125 0.9375
vt 0.28125 0.9375
vt 0.28125 0.96875
vt 0.28125 0.9375
vt 0.28125 0.9375
vt 0.28125 0.9375
vt 0.1875 0.90625
vt 0.1875 0.875
vt 0.1875 0.875
vt 0.1875 0.875
vt 0.1875 0.875
vt 0.1875 0.90625
vt 0.1875 0.875
vt 0.1875 0.875
vt 0.1875 0.875
vt 0.1875 0.875
vt 0.1875 0.875
vt 0.1875 0.875
vt 0.1875 0.875
vt 0.1875 0.875
vt 0.1875 0.875
vt 0.1875 0.875
vt 0.28125 0.9375
vt 0.28125 0.9375
vt 0.28125 0.9375
vt 0.28125 0.9375
vt 0.28125 0.9375
vt 0.28125 0.9375
vt 0.28125 0.9375
vt 0.28125 0.9375
vt 0.28125 0.9375
vt 0.28125 0.9375
vt 0.28125 0.9375
vt 0.28125 0.9375
vt 0.28125 0.9375
vt 0.28125 0.9375
vt 0.28125 0.9375
vt 0.28125 0.9375
vt 0.125 0.875
vt 0.125 0.875
vt 0.125 0.875
vt 0.125 0.875
vt 0.125 0.875
vt 0.125 0.875
vt 0.125 0.875
vt 0.125 0.875
vt 0.125 0.875
vt 0.125 0.875
vt 0.125 0.875
vt 0.125 0.875
vt 0.125 0.875
vt 0.125 0.875
vt 0.125 0.875
vt 0.125 0.875
vt 0.28125 0.9375
vt 0.28125 0.9375
vt 0.28125 0.9375
vt 0.28125 0.9375
vt 0.28125 0.9375
vt 0.28125 0.9375
vt 0.28125 0.9375
vt 0.28125 0.9375
vt 0.28125 0.9375
vt 0.28125 0.9375
vt 0.28125 0.9375
vt 0.28125 0.9375
vt 0.28125 0.9375
vt 0.28125 0.9375
vt 0.28125 0.9375
vt 0.28125 0.9375
vt 0.15625 0.875
vt 0.15625 0.875
vt 0.15625 0.875
vt 0.15625 0.875
vt 0.15625 0.875
vt 0.15625 0.875
vt 0.15625 0.875
vt 0.15625 0.875
vt 0.15625 0.875
vt 0.15625 0.875
vt 0.15625 0.875
vt 0.15625 0.875
vt 0.15625 0.875
vt 0.15625 0.875
vt 0.15625 0.875
vt 0.15625 0.875
vt 0.28125 0.9375
vt 0.28125 0.9375
vt 0.28125 0.9375
vt 0.28125 0.9375
vt 0.28125 0.9375
vt 0.28125 0.9375
vt 0.28125 0.9375
vt 0.28125 0.9375
vt 0.28125 0.9375
vt 0.28125 0.9375
vt 0.28125 0.9375
vt 0.28125 0.9375
vt 0.28125 0.9375
vt 0.28125 0.9375
vt 0.28125 0.9375
vt 0.28125 0.9375
vt 0.125 0.875
vt 0.125 0.875
vt 0.125 0.875
vt 0.125 0.875
vt 0.125 0.875
vt 0.125 0.875
vt 0.125 0.875
vt 0.125 0.875
vt 0.125 0.875
vt 0.125 0.875
vt 0.125 0.875
vt 0.125 0.875
vt 0.125 0.875
vt 0.125 0.875
vt 0.125 0.875
vt 0.125 0.875
vt 0.28125 0.9375
vt 0.28125 0.9375
vt 0.28125 0.9375
vt 0.28125 0.9375
vt 0.28125 0.9375
vt 0.28125 0.9375
vt 0.28125 0.9375
vt 0.28125 0.9375
vt 0.28125 0.9375
vt 0.28125 0.9375
vt 0.28125 0.9375
vt 0.28125 0.9375
vt 0.28125 0.9375
vt 0.28125 0.9375
vt 0.28125 0.9375
vt 0.28125 0.9375
vt 0.15625 0.875
vt 0.15625 0.875
vt 0.15625 0.875
vt 0.15625 0.875
vt 0.15625 0.875
vt 0.15625 0.875
vt 0.15625 0.875
vt 0.15625 0.875
vt 0.15625 0.875
vt 0.15625 0.875
vt 0.15625 0.875
vt 0.15625 0.875
vt 0.15625 0.875
vt 0.15625 0.875
vt 0.15625 0.875
vt 0.15625 0.875
vt 0.28125 0.9375
vt 0.28125 0.9375
vt 0.28125 0.9375
vt 0.28125 0.9375
vt 0.28125 0.9375
vt 0.28125 0.9375
vt 0.28125 0.9375
vt 0.28125 0.9375
vt 0.28125 0.9375
vt 0.28125 0.9375
vt 0.28125 0.9375
vt 0.28125 0.9375
vt 0.28125 0.9375
vt 0.28125 0.9375
vt 0.28125 0.9375
vt 0.28125 0.9375
vt 0.1875 0.90625
vt 0.1875 0.90625
vt 0.1875 0.90625
vt 0.1875 0.90625
vt 0.1875 0.90625
vt 0.1875 0.90625
vt 0.1875 0.90625
vt 0.1875 0.90625
vt 0.1875 0.90625
vt 0.1875 0.90625
vt 0.1875 0.90625
vt 0.1875 0.90625
vt 0.1875 0.90625
vt 0.1875 0.90625
vt 0.1875 0.90625
vt 0.1875 0.90625
vt 0.28125 0.9375
vt 0.28125 0.9375
vt 0.28125 0.9375
vt 0.28125 0.9375
vt 0.28125 0.9375
vt 0.28125 0.9375
vt 0.28125 0.9375
vt 0.28125 0.9375
vt 0.28125 0.9375
vt 0.28125 0.9375
vt 0.28125 0.9375
vt 0.28125 0.9375
vt 0.1875 0.90625
vt 0.1875 0.90625
vt 0.1875 0.90625
vt 0.1875 0.90625
vt 0.1875 0.90625
vt 0.1875 0.90625
vt 0.1875 0.90625
vt 0.1875 0.90625
vt 0.28125 0.9375
vt 0.28125 0.9375
vt 0.28125 0.9375
vt 0.28125 0.9375
vt 0.28125 0.9375
vt 0.28125 0.9375
vt 0.28125 0.9375
vt 0.28125 0.9375
vt 0.15625 0.875
vt 0.15625 0.875
vt 0.15625 0.875
vt 0.15625 0.875
vt 0.15625 0.875
vt 0.15625 0.875
vt 0.15625 0.875
vt 0.15625 0.875
vt 0.28125 0.9375
vt 0.28125 0.9375
vt 0.28125 0.9375
vt 0.28125 0.9375
vt 0.28125 0.9375
vt 0.28125 0.9375
vt 0.28125 0.9375
vt 0.28125 0.9375
vt 0.125 0.875
vt 0.125 0.875
vt 0.125 0.875
vt 0.125 0.875
vt 0.125 0.875
vt 0.125 0.875
vt 0.125 0.875
vt 0.125 0.875
vt 0.28125 0.9375
vt 0.28125 0.9375
vt 0.28125 0.9375
vt 0.28125 0.9375
vt 0.28125 0.9375
vt 0.28125 0.9375
vt 0.28125 0.9375
vt 0.28125 0.9375
vt 0.15625 0.875
vt 0.15625 0.875
vt 0.15625 0.875
vt 0.15625 0.875
vt 0.15625 0.875
vt 0.15625 0.875
vt 0.15625 0.875
vt 0.15625 0.875
vt 0.28125 0.9375
vt 0.28125 0.9375
vt 0.28125 0.9375
vt 0.28125 0.9375
vt 0.28125 0.9375
vt 0.28125 0.9375
vt 0.28125 0.9375
vt 0.28125 0.9375
vt 0.125 0.875
vt 0.125 0.875
vt 0.125 0.875
vt 0.125 0.875
vt 0.125 0.875
vt 0.125 0.875
vt 0.125 0.875
vt 0.125 0.875
vt 0.28125 0.9375
vt 0.28125 0.9375
vt 0.28125 0.9375
vt 0.28125 0.9375
vt 0.28125 0.9375
vt 0.28125 0.9375
vt 0.28125 0.9375
vt 0.28125 0.9375
vt 0.1875 0.875
vt 0.1875 0.875
vt 0.1875 0.875
vt 0.1875 0.875
vt 0.1875 0.875
vt 0.1875 0.875
vt 0.1875 0.90625
vt 0.1875 0.90625
vt 0.28125 0.96875
vt 0.28125 0.96875
vt 0.28125 0.9375
vt 0.28125 0.9375
vn 0.38268349750879493 0 0.9238795055278779
vn 0.6087614053598939 0 0.7933533584376178
vn 0.7933533402912352 0 0.6087614290087207
vn 0.9238795439185796 0 0.3826834048254479
vn 0.9914448521702706 0 0.13052626212785892
vn 0.9914448613738104 0 -0.13052619222005157
vn 0.9238795055278779 0 -0.38268349750879493
vn 0.7933533584376178 0 -0.6087614053598939
vn 0.6087614290087207 0 -0.7933533402912352
vn 0.3826834048254479 0 -0.9238795439185796
vn 0.13052626212785892 0 -0.9914448521702706
vn -0.13052619222005157 0 -0.9914448613738104
vn -0.38268349750879493 0 -0.9238795055278779
vn -0.6087614053598939 0 -0.7933533584376178
vn -0.7933533402912352 0 -0.6087614290087207
vn -0.9238795439185796 0 -0.3826834048254479
vn -0.9914448521702706 0 -0.13052626212785892
vn -0.9914448613738104 0 0.13052619222005157
vn -0.9238795055278779 0 0.38268349750879493
vn -0.7933533584376178 0 0.6087614053598939
vn -0.6087614290087207 0 0.7933533402912352
vn -0.3826834048254479 0 0.9238795439185796
vn -0.13052626212785892 0 0.9914448521702706
vn 0.13052619222005157 0 0.9914448613738104
vn 0 -1 0
vn 0 1 0
vn 0 -1 0
vn 0 1 0
vn 0 -1 0
vn 0 1 0
vn 0 -1 0
vn 0 1 0
vn 0 -1 0
vn 0 1 0
vn 0 -1 0
vn 0 1 0
vn 0 -1 0
vn 0 1 0
vn 0 -1 0
vn 0 1 0
vn 0 -1 0
vn 0 1 0
vn 0 -1 0
vn 0 1 0
vn 0 -1 0
vn 0 1 0
vn 0 -1 0
vn 0 1 0
vn 0 -1 0
vn 0 1 0
vn 0 -1 0
vn 0 1 0
vn 0 -1 0
vn 0 1 0
vn 0 -1 0
vn 0 1 0
vn 0 -1 0
vn 0 1 0
vn 0 -1 0
vn 0 1 0
vn 0 -1 0
vn 0 1 0
vn 0 -1 0
vn 0 1 0
vn 0 -1 0
vn 0 1 0
vn 0 -1 0
vn 0 1 0
vn 0 -1 0
vn 0 1 0
vn 0 -1 0
vn 0 1 0
vn -0.13052619222005157 0 -0.9914448613738104
vn 0.1305262525791476 0 -0.9914448534273828
vn 0.38268349657038114 0 -0.9238795059165817
vn 0.6087614290087207 0 -0.7933533402912353
vn 0.7933532979851706 0 -0.6087614841430536
vn 0.9238795092135437 0 -0.3826834886108127
vn 0.9914448613738104 0 -0.13052619222005157
vn 0.9914448534273828 0 0.1305262525791476
vn 0.9238795059165817 0 0.38268349657038114
vn 0.7933533402912353 0 0.6087614290087207
vn 0.6087614841430536 0 0.7933532979851706
vn 0.3826834886108127 0 0.9238795092135437
vn 0.13052619222005157 0 0.9914448613738104
vn -0.1305262525791476 0 0.9914448534273828
vn -0.38268349657038114 0 0.9238795059165817
vn -0.6087614290087207 0 0.7933533402912353
vn -0.7933532979851706 0 0.6087614841430536
vn -0.9238795092135437 0 0.3826834886108127
vn -0.9914448613738104 0 0.13052619222005157
vn -0.9914448534273828 0 -0.1305262525791476
vn -0.9238795059165817 0 -0.38268349657038114
vn -0.7933533402912353 0 -0.6087614290087207
vn -0.6087614841430536 0 -0.7933532979851706
vn -0.3826834886108127 0 -0.9238795092135437
usemtl m_13075929-be01-9684-f420-f0ae119147d0
f 891/3601/913 893/3602/913 894/3603/913 892/3604/913
f 893/3605/914 895/3606/914 896/3607/914 894/3608/914
f 895/3609/915 897/3610/915 898/3611/915 896/3612/915
f 897/3613/916 899/3614/916 900/3615/916 898/3616/916
f 899/3617/917 901/3618/917 902/3619/917 900/3620/917
f 901/3621/918 903/3622/918 904/3623/918 902/3624/918
f 903/3625/919 905/3626/919 906/3627/919 904/3628/919
f 905/3629/920 907/3630/920 908/3631/920 906/3632/920
f 907/3633/921 909/3634/921 910/3635/921 908/3636/921
f 909/3637/922 911/3638/922 912/3639/922 910/3640/922
f 911/3641/923 913/3642/923 914/3643/923 912/3644/923
f 913/3645/924 915/3646/924 916/3647/924 914/3648/924
f 915/3649/925 917/3650/925 918/3651/925 916/3652/925
f 917/3653/926 919/3654/926 920/3655/926 918/3656/926
f 919/3657/927 921/3658/927 922/3659/927 920/3660/927
f 921/3661/928 923/3662/928 924/3663/928 922/3664/928
f 923/3665/929 925/3666/929 926/3667/929 924/3668/929
f 925/3669/930 927/3670/930 928/3671/930 926/3672/930
f 927/3673/931 929/3674/931 930/3675/931 928/3676/931
f 929/3677/932 931/3678/932 932/3679/932 930/3680/932
f 931/3681/933 933/3682/933 934/3683/933 932/3684/933
f 933/3685/934 935/3686/934 936/3687/934 934/3688/934
f 935/3689/935 937/3690/935 938/3691/935 936/3692/935
f 937/3693/936 891/3694/936 892/3695/936 938/3696/936
f 940/3697/937 939/3698/937 893/3699/937 891/3700/937
f 942/3701/938 941/3702/938 892/3703/938 894/3704/938
f 939/3705/939 943/3706/939 895/3707/939 893/3708/939
f 944/3709/940 942/3710/940 894/3711/940 896/3712/940
f 943/3713/941 945/3714/941 897/3715/941 895/3716/941
f 946/3717/942 944/3718/942 896/3719/942 898/3720/942
f 945/3721/943 947/3722/943 899/3723/943 897/3724/943
f 948/3725/944 946/3726/944 898/3727/944 900/3728/944
f 947/3729/945 949/3730/945 901/3731/945 899/3732/945
f 950/3733/946 948/3734/946 900/3735/946 902/3736/946
f 949/3737/947 951/3738/947 903/3739/947 901/3740/947
f 952/3741/948 950/3742/948 902/3743/948 904/3744/948
f 951/3745/949 953/3746/949 905/3747/949 903/3748/949
f 954/3749/950 952/3750/950 904/3751/950 906/3752/950
f 953/3753/951 955/3754/951 907/3755/951 905/3756/951
f 956/3757/952 954/3758/952 906/3759/952 908/3760/952
f 955/3761/953 957/3762/953 909/3763/953 907/3764/953
f 958/3765/954 956/3766/954 908/3767/954 910/3768/954
f 957/3769/955 959/3770/955 911/3771/955 909/3772/955
f 960/3773/956 958/3774/956 910/3775/956 912/3776/956
f 959/3777/957 961/3778/957 913/3779/957 911/3780/957
f 962/3781/958 960/3782/958 912/3783/958 914/3784/958
f 961/3785/959 963/3786/959 915/3787/959 913/3788/959
f 964/3789/960 962/3790/960 914/3791/960 916/3792/960
f 963/3793/961 965/3794/961 917/3795/961 915/3796/961
f 966/3797/962 964/3798/962 916/3799/962 918/3800/962
f 965/3801/963 967/3802/963 919/3803/963 917/3804/963
f 968/3805/964 966/3806/964 918/3807/964 920/3808/964
f 967/3809/965 969/3810/965 921/3811/965 919/3812/965
f 970/3813/966 968/3814/966 920/3815/966 922/3816/966
f 969/3817/967 971/3818/967 923/3819/967 921/3820/967
f 972/3821/968 970/3822/968 922/3823/968 924/3824/968
f 971/3825/969 973/3826/969 925/3827/969 923/3828/969
f 974/3829/970 972/3830/970 924/3831/970 926/3832/970
f 973/3833/971 975/3834/971 927/3835/971 925/3836/971
f 976/3837/972 974/3838/972 926/3839/972 928/3840/972
f 975/3841/973 977/3842/973 929/3843/973 927/3844/973
f 978/3845/974 976/3846/974 928/3847/974 930/3848/974
f 977/3849/975 979/3850/975 931/3851/975 929/3852/975
f 980/3853/976 978/3854/976 930/3855/976 932/3856/976
f 979/3857/977 981/3858/977 933/3859/977 931/3860/977
f 982/3861/978 980/3862/978 932/3863/978 934/3864/978
f 981/3865/979 983/3866/979 935/3867/979 933/3868/979
f 984/3869/980 982/3870/980 934/3871/980 936/3872/980
f 983/3873/981 985/3874/981 937/3875/981 935/3876/981
f 986/3877/982 984/3878/982 936/3879/982 938/3880/982
f 985/3881/983 940/3882/983 891/3883/983 937/3884/983
f 941/3885/984 986/3886/984 938/3887/984 892/3888/984
f 941/3889/985 940/3890/985 985/3891/985 986/3892/985
f 986/3893/986 985/3894/986 983/3895/986 984/3896/986
f 984/3897/987 983/3898/987 981/3899/987 982/3900/987
f 982/3901/988 981/3902/988 979/3903/988 980/3904/988
f 980/3905/989 979/3906/989 977/3907/989 978/3908/989
f 978/3909/990 977/3910/990 975/3911/990 976/3912/990
f 976/3913/991 975/3914/991 973/3915/991 974/3916/991
f 974/3917/992 973/3918/992 971/3919/992 972/3920/992
f 972/3921/993 971/3922/993 969/3923/993 970/3924/993
f 970/3925/994 969/3926/994 967/3927/994 968/3928/994
f 968/3929/995 967/3930/995 965/3931/995 966/3932/995
f 966/3933/996 965/3934/996 963/3935/996 964/3936/996
f 964/3937/997 963/3938/997 961/3939/997 962/3940/997
f 962/3941/998 961/3942/998 959/3943/998 960/3944/998
f 960/3945/999 959/3946/999 957/3947/999 958/3948/999
f 958/3949/1000 957/3950/1000 955/3951/1000 956/3952/1000
f 956/3953/1001 955/3954/1001 953/3955/1001 954/3956/1001
f 954/3957/1002 953/3958/1002 951/3959/1002 952/3960/1002
f 952/3961/1003 951/3962/1003 949/3963/1003 950/3964/1003
f 950/3965/1004 949/3966/1004 947/3967/1004 948/3968/1004
f 948/3969/1005 947/3970/1005 945/3971/1005 946/3972/1005
f 946/3973/1006 945/3974/1006 943/3975/1006 944/3976/1006
f 944/3977/1007 943/3978/1007 939/3979/1007 942/3980/1007
f 942/3981/1008 939/3982/1008 940/3983/1008 941/3984/1008
o mesh
v 8.28125 10.125 0.25
v 8.28125 10.125 -0.25
v 8.28125 5.9375 0.25
v 8.28125 5.9375 -0.25
v 7.78125 10.125 0.25
v 7.78125 10.125 -0.25
v 7.78125 5.9375 0.25
v 7.78125 5.9375 -0.25
vt 0.03125 0.71875
vt 0.0625 0.6875
vt 0.0625 0.6875
vt 0.03125 0.6875
vt 0.0625 0.6875
vt 0.0625 0.6875
vt 0.0625 0.71875
vt 0.0625 0.6875
vt 0.0625 0.6875
vt 0.0625 0.6875
vt 0.03125 0.71875
vt 0.0625 0.71875
vt 0.03125 0.6875
vt 0.0625 0.6875
vt 0.0625 0.6875
vt 0.0625 0.6875
vt 0.0625 0.6875
vt 0.0625 0.6875
vt 0.0625 0.6875
vt 0.0625 0.6875
vt 0.0625 0.71875
vt 0.03125 0.71875
vt 0.03125 0.6875
vt 0.0625 0.6875
vn 1 0 0
vn -1 0 0
vn 0 1 0
vn 0 -1 0
vn 0 0 1
vn 0 0 -1
usemtl m_13075929-be01-9684-f420-f0ae119147d0
f 988/3985/1009 987/3986/1009 989/3987/1009 990/3988/1009
f 993/3989/1010 991/3990/1010 992/3991/1010 994/3992/1010
f 991/3993/1011 987/3994/1011 988/3995/1011 992/3996/1011
f 990/3997/1012 989/3998/1012 993/3999/1012 994/4000/1012
f 989/4001/1013 987/4002/1013 991/4003/1013 993/4004/1013
f 992/4005/1014 988/4006/1014 990/4007/1014 994/4008/1014
o mesh
v 7.060256350946109 10.125 4.341506350946109
v 7.310256350946109 10.125 3.90849364905389
v 7.060256350946109 5.9375 4.341506350946109
v 7.310256350946109 5.9375 3.90849364905389
v 6.627243649053891 10.125 4.091506350946109
v 6.877243649053891 10.125 3.65849364905389
v 6.627243649053891 5.9375 4.091506350946109
v 6.877243649053891 5.9375 3.65849364905389
vt 0.0625 0.6875
vt 0.09375 0.65625
vt 0.09375 0.65625
vt 0.0625 0.65625
vt 0.09375 0.65625
vt 0.09375 0.65625
vt 0.09375 0.6875
vt 0.09375 0.65625
vt 0.09375 0.65625
vt 0.09375 0.65625
vt 0.0625 0.6875
vt 0.09375 0.6875
vt 0.0625 0.65625
vt 0.09375 0.65625
vt 0.09375 0.65625
vt 0.09375 0.65625
vt 0.09375 0.65625
vt 0.09375 0.65625
vt 0.09375 0.65625
vt 0.09375 0.65625
vt 0.09375 0.6875
vt 0.0625 0.6875
vt 0.0625 0.65625
vt 0.09375 0.65625
vn 0.8660254037844387 0 0.49999999999999994
vn -0.8660254037844387 0 -0.49999999999999994
vn 0 1 0
vn 0 -1 0
vn -0.49999999999999994 0 0.8660254037844387
vn 0.49999999999999994 0 -0.8660254037844387
usemtl m_13075929-be01-9684-f420-f0ae119147d0
f 996/4009/1015 995/4010/1015 997/4011/1015 998/4012/1015
f 1001/4013/1016 999/4014/1016 1000/4015/1016 1002/4016/1016
f 999/4017/1017 995/4018/1017 996/4019/1017 1000/4020/1017
f 998/4021/1018 997/4022/1018 1001/4023/1018 1002/4024/1018
f 997/4025/1019 995/4026/1019 999/4027/1019 1001/4028/1019
f 1000/4029/1020 996/4030/1020 998/4031/1020 1002/4032/1020
o mesh
v 3.90849364905389 10.125 7.310256350946109
v 4.341506350946109 10.125 7.060256350946109
v 3.90849364905389 5.9375 7.310256350946109
v 4.341506350946109 5.9375 7.060256350946109
v 3.65849364905389 10.125 6.877243649053891
v 4.091506350946109 10.125 6.627243649053891
v 3.65849364905389 5.9375 6.877243649053891
v 4.091506350946109 5.9375 6.627243649053891
vt 0.078125 0.640625
vt 0.109375 0.609375
vt 0.109375 0.609375
vt 0.078125 0.609375
vt 0.109375 0.609375
vt 0.109375 0.609375
vt 0.109375 0.640625
vt 0.109375 0.609375
vt 0.109375 0.609375
vt 0.109375 0.609375
vt 0.078125 0.640625
vt 0.109375 0.640625
vt 0.078125 0.609375
vt 0.109375 0.609375
vt 0.109375 0.609375
vt 0.109375 0.609375
vt 0.109375 0.609375
vt 0.109375 0.609375
vt 0.109375 0.609375
vt 0.109375 0.609375
vt 0.109375 0.640625
vt 0.078125 0.640625
vt 0.078125 0.609375
vt 0.109375 0.609375
vn 0.5000000000000001 0 0.8660254037844386
vn -0.5000000000000001 0 -0.8660254037844386
vn 0 1 0
vn 0 -1 0
vn -0.8660254037844386 0 0.5000000000000001
vn 0.8660254037844386 0 -0.5000000000000001
usemtl m_13075929-be01-9684-f420-f0ae119147d0
f 1004/4033/1021 1003/4034/1021 1005/4035/1021 1006/4036/1021
f 1009/4037/1022 1007/4038/1022 1008/4039/1022 1010/4040/1022
f 1007/4041/1023 1003/4042/1023 1004/4043/1023 1008/4044/1023
f 1006/4045/1024 1005/4046/1024 1009/4047/1024 1010/4048/1024
f 1005/4049/1025 1003/4050/1025 1007/4051/1025 1009/4052/1025
f 1008/4053/1026 1004/4054/1026 1006/4055/1026 1010/4056/1026
o mesh
v -0.24999999999999994 10.125 8.28125
v 0.25000000000000006 10.125 8.28125
v -0.24999999999999994 5.9375 8.28125
v 0.25000000000000006 5.9375 8.28125
v -0.25000000000000006 10.125 7.78125
v 0.24999999999999994 10.125 7.78125
v -0.25000000000000006 5.9375 7.78125
v 0.24999999999999994 5.9375 7.78125
vt 0.09375 0.640625
vt 0.125 0.609375
vt 0.125 0.609375
vt 0.09375 0.609375
vt 0.125 0.609375
vt 0.125 0.609375
vt 0.125 0.640625
vt 0.125 0.609375
vt 0.125 0.609375
vt 0.125 0.609375
vt 0.09375 0.640625
vt 0.125 0.640625
vt 0.09375 0.609375
vt 0.125 0.609375
vt 0.125 0.609375
vt 0.125 0.609375
vt 0.125 0.609375
vt 0.125 0.609375
vt 0.125 0.609375
vt 0.125 0.609375
vt 0.125 0.640625
vt 0.09375 0.640625
vt 0.09375 0.609375
vt 0.125 0.609375
vn 2.220446049250313e-16 0 1
vn -2.220446049250313e-16 0 -1
vn 0 1 0
vn 0 -1 0
vn -1 0 2.220446049250313e-16
vn 1 0 -2.220446049250313e-16
usemtl m_13075929-be01-9684-f420-f0ae119147d0
f 1012/4057/1027 1011/4058/1027 1013/4059/1027 1014/4060/1027
f 1017/4061/1028 1015/4062/1028 1016/4063/1028 1018/4064/1028
f 1015/4065/1029 1011/4066/1029 1012/4067/1029 1016/4068/1029
f 1014/4069/1030 1013/4070/1030 1017/4071/1030 1018/4072/1030
f 1013/4073/1031 1011/4074/1031 1015/4075/1031 1017/4076/1031
f 1016/4077/1032 1012/4078/1032 1014/4079/1032 1018/4080/1032
o mesh
v -0.24999999999999994 10.125 -8.28125
v 0.25000000000000006 10.125 -8.28125
v -0.24999999999999994 5.9375 -8.28125
v 0.25000000000000006 5.9375 -8.28125
v -0.25000000000000006 10.125 -7.78125
v 0.24999999999999994 10.125 -7.78125
v -0.25000000000000006 5.9375 -7.78125
v 0.24999999999999994 5.9375 -7.78125
vt 0.078125 0.59375
vt 0.078125 0.59375
vt 0.078125 0.625
vt 0.078125 0.625
vt 0.078125 0.59375
vt 0.078125 0.59375
vt 0.078125 0.59375
vt 0.078125 0.59375
vt 0.078125 0.625
vt 0.078125 0.59375
vt 0.078125 0.59375
vt 0.078125 0.59375
vt 0.078125 0.59375
vt 0.078125 0.59375
vt 0.078125 0.625
vt 0.078125 0.59375
vt 0.078125 0.59375
vt 0.078125 0.59375
vt 0.078125 0.59375
vt 0.078125 0.59375
vt 0.078125 0.625
vt 0.078125 0.625
vt 0.078125 0.59375
vt 0.078125 0.59375
vn 2.220446049250313e-16 0 -1
vn -2.220446049250313e-16 0 1
vn 0 1 0
vn 0 -1 0
vn -1 0 -2.220446049250313e-16
vn 1 0 2.220446049250313e-16
usemtl m_13075929-be01-9684-f420-f0ae119147d0
f 1021/4081/1033 1019/4082/1033 1020/4083/1033 1022/4084/1033
f 1024/4085/1034 1023/4086/1034 1025/4087/1034 1026/4088/1034
f 1020/4089/1035 1019/4090/1035 1023/4091/1035 1024/4092/1035
f 1025/4093/1036 1021/4094/1036 1022/4095/1036 1026/4096/1036
f 1023/4097/1037 1019/4098/1037 1021/4099/1037 1025/4100/1037
f 1022/4101/1038 1020/4102/1038 1024/4103/1038 1026/4104/1038
o mesh
v 3.90849364905389 10.125 -7.310256350946109
v 4.341506350946109 10.125 -7.060256350946109
v 3.90849364905389 5.9375 -7.310256350946109
v 4.341506350946109 5.9375 -7.060256350946109
v 3.65849364905389 10.125 -6.877243649053891
v 4.091506350946109 10.125 -6.627243649053891
v 3.65849364905389 5.9375 -6.877243649053891
v 4.091506350946109 5.9375 -6.627243649053891
vt 0.109375 0.609375
vt 0.109375 0.609375
vt 0.109375 0.640625
vt 0.109375 0.640625
vt 0.109375 0.609375
vt 0.109375 0.609375
vt 0.109375 0.609375
vt 0.109375 0.609375
vt 0.109375 0.640625
vt 0.109375 0.609375
vt 0.109375 0.609375
vt 0.109375 0.609375
vt 0.109375 0.609375
vt 0.109375 0.609375
vt 0.109375 0.640625
vt 0.109375 0.609375
vt 0.109375 0.609375
vt 0.109375 0.609375
vt 0.109375 0.609375
vt 0.109375 0.609375
vt 0.109375 0.640625
vt 0.109375 0.640625
vt 0.109375 0.609375
vt 0.109375 0.609375
vn 0.5000000000000001 0 -0.8660254037844386
vn -0.5000000000000001 0 0.8660254037844386
vn 0 1 0
vn 0 -1 0
vn -0.8660254037844386 0 -0.5000000000000001
vn 0.8660254037844386 0 0.5000000000000001
usemtl m_13075929-be01-9684-f420-f0ae119147d0
f 1029/4105/1039 1027/4106/1039 1028/4107/1039 1030/4108/1039
f 1032/4109/1040 1031/4110/1040 1033/4111/1040 1034/4112/1040
f 1028/4113/1041 1027/4114/1041 1031/4115/1041 1032/4116/1041
f 1033/4117/1042 1029/4118/1042 1030/4119/1042 1034/4120/1042
f 1031/4121/1043 1027/4122/1043 1029/4123/1043 1033/4124/1043
f 1030/4125/1044 1028/4126/1044 1032/4127/1044 1034/4128/1044
o mesh
v 7.060256350946109 10.125 -4.341506350946109
v 7.310256350946109 10.125 -3.90849364905389
v 7.060256350946109 5.9375 -4.341506350946109
v 7.310256350946109 5.9375 -3.90849364905389
v 6.627243649053891 10.125 -4.091506350946109
v 6.877243649053891 10.125 -3.65849364905389
v 6.627243649053891 5.9375 -4.091506350946109
v 6.877243649053891 5.9375 -3.65849364905389
vt 0.09375 0.578125
vt 0.09375 0.578125
vt 0.09375 0.609375
vt 0.09375 0.609375
vt 0.09375 0.578125
vt 0.09375 0.578125
vt 0.09375 0.578125
vt 0.09375 0.578125
vt 0.09375 0.609375
vt 0.09375 0.578125
vt 0.09375 0.578125
vt 0.09375 0.578125
vt 0.09375 0.578125
vt 0.09375 0.578125
vt 0.09375 0.609375
vt 0.09375 0.578125
vt 0.09375 0.578125
vt 0.09375 0.578125
vt 0.09375 0.578125
vt 0.09375 0.578125
vt 0.09375 0.609375
vt 0.09375 0.609375
vt 0.09375 0.578125
vt 0.09375 0.578125
vn 0.8660254037844387 0 -0.49999999999999994
vn -0.8660254037844387 0 0.49999999999999994
vn 0 1 0
vn 0 -1 0
vn -0.49999999999999994 0 -0.8660254037844387
vn 0.49999999999999994 0 0.8660254037844387
usemtl m_13075929-be01-9684-f420-f0ae119147d0
f 1037/4129/1045 1035/4130/1045 1036/4131/1045 1038/4132/1045
f 1040/4133/1046 1039/4134/1046 1041/4135/1046 1042/4136/1046
f 1036/4137/1047 1035/4138/1047 1039/4139/1047 1040/4140/1047
f 1041/4141/1048 1037/4142/1048 1038/4143/1048 1042/4144/1048
f 1039/4145/1049 1035/4146/1049 1037/4147/1049 1041/4148/1049
f 1038/4149/1050 1036/4150/1050 1040/4151/1050 1042/4152/1050
o mesh
v -7.060256350946109 10.125 -4.341506350946109
v -7.310256350946109 10.125 -3.90849364905389
v -7.060256350946109 5.9375 -4.341506350946109
v -7.310256350946109 5.9375 -3.90849364905389
v -6.627243649053891 10.125 -4.091506350946109
v -6.877243649053891 10.125 -3.65849364905389
v -6.627243649053891 5.9375 -4.091506350946109
v -6.877243649053891 5.9375 -3.65849364905389
vt 0.15625 0.65625
vt 0.15625 0.625
vt 0.15625 0.625
vt 0.15625 0.625
vt 0.15625 0.625
vt 0.15625 0.625
vt 0.15625 0.65625
vt 0.15625 0.625
vt 0.15625 0.625
vt 0.15625 0.625
vt 0.15625 0.65625
vt 0.15625 0.65625
vt 0.15625 0.625
vt 0.15625 0.625
vt 0.15625 0.625
vt 0.15625 0.625
vt 0.15625 0.625
vt 0.15625 0.625
vt 0.15625 0.625
vt 0.15625 0.625
vt 0.15625 0.65625
vt 0.15625 0.65625
vt 0.15625 0.625
vt 0.15625 0.625
vn -0.8660254037844387 0 -0.49999999999999994
vn 0.8660254037844387 0 0.49999999999999994
vn 0 1 0
vn 0 -1 0
vn 0.49999999999999994 0 -0.8660254037844387
vn -0.49999999999999994 0 0.8660254037844387
usemtl m_13075929-be01-9684-f420-f0ae119147d0
f 1044/4153/1051 1043/4154/1051 1045/4155/1051 1046/4156/1051
f 1049/4157/1052 1047/4158/1052 1048/4159/1052 1050/4160/1052
f 1047/4161/1053 1043/4162/1053 1044/4163/1053 1048/4164/1053
f 1046/4165/1054 1045/4166/1054 1049/4167/1054 1050/4168/1054
f 1045/4169/1055 1043/4170/1055 1047/4171/1055 1049/4172/1055
f 1048/4173/1056 1044/4174/1056 1046/4175/1056 1050/4176/1056
o mesh
v -8.28125 10.125 0.25
v -8.28125 10.125 -0.25
v -8.28125 5.9375 0.25
v -8.28125 5.9375 -0.25
v -7.78125 10.125 0.25
v -7.78125 10.125 -0.25
v -7.78125 5.9375 0.25
v -7.78125 5.9375 -0.25
vt 0.109375 0.53125
vt 0.109375 0.53125
vt 0.109375 0.5625
vt 0.109375 0.5625
vt 0.109375 0.53125
vt 0.109375 0.53125
vt 0.109375 0.53125
vt 0.109375 0.53125
vt 0.109375 0.5625
vt 0.109375 0.53125
vt 0.109375 0.53125
vt 0.109375 0.53125
vt 0.109375 0.53125
vt 0.109375 0.53125
vt 0.109375 0.5625
vt 0.109375 0.53125
vt 0.109375 0.53125
vt 0.109375 0.53125
vt 0.109375 0.53125
vt 0.109375 0.53125
vt 0.109375 0.5625
vt 0.109375 0.5625
vt 0.109375 0.53125
vt 0.109375 0.53125
vn -1 0 0
vn 1 0 0
vn 0 1 0
vn 0 -1 0
vn 0 0 1
vn 0 0 -1
usemtl m_13075929-be01-9684-f420-f0ae119147d0
f 1053/4177/1057 1051/4178/1057 1052/4179/1057 1054/4180/1057
f 1056/4181/1058 1055/4182/1058 1057/4183/1058 1058/4184/1058
f 1052/4185/1059 1051/4186/1059 1055/4187/1059 1056/4188/1059
f 1057/4189/1060 1053/4190/1060 1054/4191/1060 1058/4192/1060
f 1055/4193/1061 1051/4194/1061 1053/4195/1061 1057/4196/1061
f 1054/4197/1062 1052/4198/1062 1056/4199/1062 1058/4200/1062
o mesh
v -3.90849364905389 10.125 -7.310256350946109
v -4.341506350946109 10.125 -7.060256350946109
v -3.90849364905389 5.9375 -7.310256350946109
v -4.341506350946109 5.9375 -7.060256350946109
v -3.65849364905389 10.125 -6.877243649053891
v -4.091506350946109 10.125 -6.627243649053891
v -3.65849364905389 5.9375 -6.877243649053891
v -4.091506350946109 5.9375 -6.627243649053891
vt 0.0625 0.59375
vt 0.09375 0.5625
vt 0.09375 0.5625
vt 0.0625 0.5625
vt 0.09375 0.5625
vt 0.09375 0.5625
vt 0.09375 0.59375
vt 0.09375 0.5625
vt 0.09375 0.5625
vt 0.09375 0.5625
vt 0.0625 0.59375
vt 0.09375 0.59375
vt 0.0625 0.5625
vt 0.09375 0.5625
vt 0.09375 0.5625
vt 0.09375 0.5625
vt 0.09375 0.5625
vt 0.09375 0.5625
vt 0.09375 0.5625
vt 0.09375 0.5625
vt 0.09375 0.59375
vt 0.0625 0.59375
vt 0.0625 0.5625
vt 0.09375 0.5625
vn -0.5000000000000001 0 -0.8660254037844386
vn 0.5000000000000001 0 0.8660254037844386
vn 0 1 0
vn 0 -1 0
vn 0.8660254037844386 0 -0.5000000000000001
vn -0.8660254037844386 0 0.5000000000000001
usemtl m_13075929-be01-9684-f420-f0ae119147d0
f 1060/4201/1063 1059/4202/1063 1061/4203/1063 1062/4204/1063
f 1065/4205/1064 1063/4206/1064 1064/4207/1064 1066/4208/1064
f 1063/4209/1065 1059/4210/1065 1060/4211/1065 1064/4212/1065
f 1062/4213/1066 1061/4214/1066 1065/4215/1066 1066/4216/1066
f 1061/4217/1067 1059/4218/1067 1063/4219/1067 1065/4220/1067
f 1064/4221/1068 1060/4222/1068 1062/4223/1068 1066/4224/1068
o mesh
v -7.060256350946109 10.125 4.341506350946109
v -7.310256350946109 10.125 3.90849364905389
v -7.060256350946109 5.9375 4.341506350946109
v -7.310256350946109 5.9375 3.90849364905389
v -6.627243649053891 10.125 4.091506350946109
v -6.877243649053891 10.125 3.65849364905389
v -6.627243649053891 5.9375 4.091506350946109
v -6.877243649053891 5.9375 3.65849364905389
vt 0.078125 0.578125
vt 0.078125 0.578125
vt 0.046875 0.609375
vt 0.078125 0.609375
vt 0.046875 0.578125
vt 0.078125 0.578125
vt 0.078125 0.578125
vt 0.078125 0.578125
vt 0.046875 0.609375
vt 0.078125 0.578125
vt 0.078125 0.578125
vt 0.046875 0.578125
vt 0.078125 0.578125
vt 0.078125 0.578125
vt 0.078125 0.609375
vt 0.078125 0.578125
vt 0.078125 0.578125
vt 0.078125 0.578125
vt 0.078125 0.578125
vt 0.078125 0.578125
vt 0.078125 0.609375
vt 0.046875 0.609375
vt 0.046875 0.578125
vt 0.078125 0.578125
vn -0.8660254037844387 0 0.49999999999999994
vn 0.8660254037844387 0 -0.49999999999999994
vn 0 1 0
vn 0 -1 0
vn 0.49999999999999994 0 0.8660254037844387
vn -0.49999999999999994 0 -0.8660254037844387
usemtl m_13075929-be01-9684-f420-f0ae119147d0
f 1069/4225/1069 1067/4226/1069 1068/4227/1069 1070/4228/1069
f 1072/4229/1070 1071/4230/1070 1073/4231/1070 1074/4232/1070
f 1068/4233/1071 1067/4234/1071 1071/4235/1071 1072/4236/1071
f 1073/4237/1072 1069/4238/1072 1070/4239/1072 1074/4240/1072
f 1071/4241/1073 1067/4242/1073 1069/4243/1073 1073/4244/1073
f 1070/4245/1074 1068/4246/1074 1072/4247/1074 1074/4248/1074
o mesh
v -3.90849364905389 10.125 7.310256350946109
v -4.341506350946109 10.125 7.060256350946109
v -3.90849364905389 5.9375 7.310256350946109
v -4.341506350946109 5.9375 7.060256350946109
v -3.65849364905389 10.125 6.877243649053891
v -4.091506350946109 10.125 6.627243649053891
v -3.65849364905389 5.9375 6.877243649053891
v -4.091506350946109 5.9375 6.627243649053891
vt 0.09375 0.625
vt 0.09375 0.625
vt 0.0625 0.65625
vt 0.09375 0.65625
vt 0.0625 0.625
vt 0.09375 0.625
vt 0.09375 0.625
vt 0.09375 0.625
vt 0.0625 0.65625
vt 0.09375 0.625
vt 0.09375 0.625
vt 0.0625 0.625
vt 0.09375 0.625
vt 0.09375 0.625
vt 0.09375 0.65625
vt 0.09375 0.625
vt 0.09375 0.625
vt 0.09375 0.625
vt 0.09375 0.625
vt 0.09375 0.625
vt 0.09375 0.65625
vt 0.0625 0.65625
vt 0.0625 0.625
vt 0.09375 0.625
vn -0.5000000000000001 0 0.8660254037844386
vn 0.5000000000000001 0 -0.8660254037844386
vn 0 1 0
vn 0 -1 0
vn 0.8660254037844386 0 0.5000000000000001
vn -0.8660254037844386 0 -0.5000000000000001
usemtl m_13075929-be01-9684-f420-f0ae119147d0
f 1077/4249/1075 1075/4250/1075 1076/4251/1075 1078/4252/1075
f 1080/4253/1076 1079/4254/1076 1081/4255/1076 1082/4256/1076
f 1076/4257/1077 1075/4258/1077 1079/4259/1077 1080/4260/1077
f 1081/4261/1078 1077/4262/1078 1078/4263/1078 1082/4264/1078
f 1079/4265/1079 1075/4266/1079 1077/4267/1079 1081/4268/1079
f 1078/4269/1080 1076/4270/1080 1080/4271/1080 1082/4272/1080
o mesh
v 8.40625 5.9375 0.375
v 8.40625 5.9375 -0.375
v 8.40625 -0.5625 0.375
v 8.40625 -0.5625 -0.375
v 7.65625 5.9375 0.375
v 7.65625 5.9375 -0.375
v 7.65625 -0.5625 0.375
v 7.65625 -0.5625 -0.375
vt 0.53125 0.828125
vt 0.5625 0.796875
vt 0.5625 0.796875
vt 0.53125 0.796875
vt 0.5625 0.796875
vt 0.5625 0.796875
vt 0.5625 0.828125
vt 0.5625 0.796875
vt 0.5625 0.796875
vt 0.5625 0.796875
vt 0.53125 0.828125
vt 0.5625 0.828125
vt 0.53125 0.796875
vt 0.5625 0.796875
vt 0.5625 0.796875
vt 0.5625 0.796875
vt 0.5625 0.796875
vt 0.5625 0.796875
vt 0.5625 0.796875
vt 0.5625 0.796875
vt 0.5625 0.828125
vt 0.53125 0.828125
vt 0.53125 0.796875
vt 0.5625 0.796875
vn 1 0 0
vn -1 0 0
vn 0 1 0
vn 0 -1 0
vn 0 0 1
vn 0 0 -1
usemtl m_13075929-be01-9684-f420-f0ae119147d0
f 1084/4273/1081 1083/4274/1081 1085/4275/1081 1086/4276/1081
f 1089/4277/1082 1087/4278/1082 1088/4279/1082 1090/4280/1082
f 1087/4281/1083 1083/4282/1083 1084/4283/1083 1088/4284/1083
f 1086/4285/1084 1085/4286/1084 1089/4287/1084 1090/4288/1084
f 1085/4289/1085 1083/4290/1085 1087/4291/1085 1089/4292/1085
f 1088/4293/1086 1084/4294/1086 1086/4295/1086 1090/4296/1086
o mesh
v -7.1060095264191645 5.9375 -4.5122595264191645
v -7.4810095264191645 5.9375 -3.8627404735808355
v -7.1060095264191645 -0.5625 -4.5122595264191645
v -7.4810095264191645 -0.5625 -3.8627404735808355
v -6.4564904735808355 5.9375 -4.1372595264191645
v -6.8314904735808355 5.9375 -3.4877404735808355
v -6.4564904735808355 -0.5625 -4.1372595264191645
v -6.8314904735808355 -0.5625 -3.4877404735808355
vt 0.609375 0.84375
vt 0.609375 0.8125
vt 0.609375 0.8125
vt 0.609375 0.8125
vt 0.609375 0.8125
vt 0.609375 0.8125
vt 0.609375 0.84375
vt 0.609375 0.8125
vt 0.609375 0.8125
vt 0.609375 0.8125
vt 0.609375 0.84375
vt 0.609375 0.84375
vt 0.609375 0.8125
vt 0.609375 0.8125
vt 0.609375 0.8125
vt 0.609375 0.8125
vt 0.609375 0.8125
vt 0.609375 0.8125
vt 0.609375 0.8125
vt 0.609375 0.8125
vt 0.609375 0.84375
vt 0.609375 0.84375
vt 0.609375 0.8125
vt 0.609375 0.8125
vn -0.8660254037844387 0 -0.49999999999999994
vn 0.8660254037844387 0 0.49999999999999994
vn 0 1 0
vn 0 -1 0
vn 0.49999999999999994 0 -0.8660254037844387
vn -0.49999999999999994 0 0.8660254037844387
usemtl m_13075929-be01-9684-f420-f0ae119147d0
f 1092/4297/1087 1091/4298/1087 1093/4299/1087 1094/4300/1087
f 1097/4301/1088 1095/4302/1088 1096/4303/1088 1098/4304/1088
f 1095/4305/1089 1091/4306/1089 1092/4307/1089 1096/4308/1089
f 1094/4309/1090 1093/4310/1090 1097/4311/1090 1098/4312/1090
f 1093/4313/1091 1091/4314/1091 1095/4315/1091 1097/4316/1091
f 1096/4317/1092 1092/4318/1092 1094/4319/1092 1098/4320/1092
o mesh
v 7.1060095264191645 5.9375 4.5122595264191645
v 7.4810095264191645 5.9375 3.8627404735808355
v 7.1060095264191645 -0.5625 4.5122595264191645
v 7.4810095264191645 -0.5625 3.8627404735808355
v 6.4564904735808355 5.9375 4.1372595264191645
v 6.8314904735808355 5.9375 3.4877404735808355
v 6.4564904735808355 -0.5625 4.1372595264191645
v 6.8314904735808355 -0.5625 3.4877404735808355
vt 0.546875 0.859375
vt 0.578125 0.828125
vt 0.578125 0.828125
vt 0.546875 0.828125
vt 0.578125 0.828125
vt 0.578125 0.828125
vt 0.578125 0.859375
vt 0.578125 0.828125
vt 0.578125 0.828125
vt 0.578125 0.828125
vt 0.546875 0.859375
vt 0.578125 0.859375
vt 0.546875 0.828125
vt 0.578125 0.828125
vt 0.578125 0.828125
vt 0.578125 0.828125
vt 0.578125 0.828125
vt 0.578125 0.828125
vt 0.578125 0.828125
vt 0.578125 0.828125
vt 0.578125 0.859375
vt 0.546875 0.859375
vt 0.546875 0.828125
vt 0.578125 0.828125
vn 0.8660254037844387 0 0.49999999999999994
vn -0.8660254037844387 0 -0.49999999999999994
vn 0 1 0
vn 0 -1 0
vn -0.49999999999999994 0 0.8660254037844387
vn 0.49999999999999994 0 -0.8660254037844387
usemtl m_13075929-be01-9684-f420-f0ae119147d0
f 1100/4321/1093 1099/4322/1093 1101/4323/1093 1102/4324/1093
f 1105/4325/1094 1103/4326/1094 1104/4327/1094 1106/4328/1094
f 1103/4329/1095 1099/4330/1095 1100/4331/1095 1104/4332/1095
f 1102/4333/1096 1101/4334/1096 1105/4335/1096 1106/4336/1096
f 1101/4337/1097 1099/4338/1097 1103/4339/1097 1105/4340/1097
f 1104/4341/1098 1100/4342/1098 1102/4343/1098 1106/4344/1098
o mesh
v -8.40625 5.9375 0.375
v -8.40625 5.9375 -0.375
v -8.40625 -0.5625 0.375
v -8.40625 -0.5625 -0.375
v -7.65625 5.9375 0.375
v -7.65625 5.9375 -0.375
v -7.65625 -0.5625 0.375
v -7.65625 -0.5625 -0.375
vt 0.609375 0.8125
vt 0.609375 0.8125
vt 0.609375 0.84375
vt 0.609375 0.84375
vt 0.609375 0.8125
vt 0.609375 0.8125
vt 0.609375 0.8125
vt 0.609375 0.8125
vt 0.609375 0.84375
vt 0.609375 0.8125
vt 0.609375 0.8125
vt 0.609375 0.8125
vt 0.609375 0.8125
vt 0.609375 0.8125
vt 0.609375 0.84375
vt 0.609375 0.8125
vt 0.609375 0.8125
vt 0.609375 0.8125
vt 0.609375 0.8125
vt 0.609375 0.8125
vt 0.609375 0.84375
vt 0.609375 0.84375
vt 0.609375 0.8125
vt 0.609375 0.8125
vn -1 0 0
vn 1 0 0
vn 0 1 0
vn 0 -1 0
vn 0 0 1
vn 0 0 -1
usemtl m_13075929-be01-9684-f420-f0ae119147d0
f 1109/4345/1099 1107/4346/1099 1108/4347/1099 1110/4348/1099
f 1112/4349/1100 1111/4350/1100 1113/4351/1100 1114/4352/1100
f 1108/4353/1101 1107/4354/1101 1111/4355/1101 1112/4356/1101
f 1113/4357/1102 1109/4358/1102 1110/4359/1102 1114/4360/1102
f 1111/4361/1103 1107/4362/1103 1109/4363/1103 1113/4364/1103
f 1110/4365/1104 1108/4366/1104 1112/4367/1104 1114/4368/1104
o mesh
v 7.1060095264191645 5.9375 -4.5122595264191645
v 7.4810095264191645 5.9375 -3.8627404735808355
v 7.1060095264191645 -0.5625 -4.5122595264191645
v 7.4810095264191645 -0.5625 -3.8627404735808355
v 6.4564904735808355 5.9375 -4.1372595264191645
v 6.8314904735808355 5.9375 -3.4877404735808355
v 6.4564904735808355 -0.5625 -4.1372595264191645
v 6.8314904735808355 -0.5625 -3.4877404735808355
vt 0.609375 0.859375
vt 0.609375 0.859375
vt 0.609375 0.890625
vt 0.609375 0.890625
vt 0.609375 0.859375
vt 0.609375 0.859375
vt 0.609375 0.859375
vt 0.609375 0.859375
vt 0.609375 0.890625
vt 0.609375 0.859375
vt 0.609375 0.859375
vt 0.609375 0.859375
vt 0.609375 0.859375
vt 0.609375 0.859375
vt 0.609375 0.890625
vt 0.609375 0.859375
vt 0.609375 0.859375
vt 0.609375 0.859375
vt 0.609375 0.859375
vt 0.609375 0.859375
vt 0.609375 0.890625
vt 0.609375 0.890625
vt 0.609375 0.859375
vt 0.609375 0.859375
vn 0.8660254037844387 0 -0.49999999999999994
vn -0.8660254037844387 0 0.49999999999999994
vn 0 1 0
vn 0 -1 0
vn -0.49999999999999994 0 -0.8660254037844387
vn 0.49999999999999994 0 0.8660254037844387
usemtl m_13075929-be01-9684-f420-f0ae119147d0
f 1117/4369/1105 1115/4370/1105 1116/4371/1105 1118/4372/1105
f 1120/4373/1106 1119/4374/1106 1121/4375/1106 1122/4376/1106
f 1116/4377/1107 1115/4378/1107 1119/4379/1107 1120/4380/1107
f 1121/4381/1108 1117/4382/1108 1118/4383/1108 1122/4384/1108
f 1119/4385/1109 1115/4386/1109 1117/4387/1109 1121/4388/1109
f 1118/4389/1110 1116/4390/1110 1120/4391/1110 1122/4392/1110
o mesh
v -3.8627404735808355 5.9375 -7.4810095264191645
v -4.5122595264191645 5.9375 -7.1060095264191645
v -3.8627404735808355 -0.5625 -7.4810095264191645
v -4.5122595264191645 -0.5625 -7.1060095264191645
v -3.4877404735808355 5.9375 -6.8314904735808355
v -4.1372595264191645 5.9375 -6.4564904735808355
v -3.4877404735808355 -0.5625 -6.8314904735808355
v -4.1372595264191645 -0.5625 -6.4564904735808355
vt 0.59375 0.875
vt 0.59375 0.84375
vt 0.59375 0.84375
vt 0.59375 0.84375
vt 0.59375 0.84375
vt 0.59375 0.84375
vt 0.59375 0.875
vt 0.59375 0.84375
vt 0.59375 0.84375
vt 0.59375 0.84375
vt 0.59375 0.875
vt 0.59375 0.875
vt 0.59375 0.84375
vt 0.59375 0.84375
vt 0.59375 0.84375
vt 0.59375 0.84375
vt 0.59375 0.84375
vt 0.59375 0.84375
vt 0.59375 0.84375
vt 0.59375 0.84375
vt 0.59375 0.875
vt 0.59375 0.875
vt 0.59375 0.84375
vt 0.59375 0.84375
vn -0.5000000000000001 0 -0.8660254037844386
vn 0.5000000000000001 0 0.8660254037844386
vn 0 1 0
vn 0 -1 0
vn 0.8660254037844386 0 -0.5000000000000001
vn -0.8660254037844386 0 0.5000000000000001
usemtl m_13075929-be01-9684-f420-f0ae119147d0
f 1124/4393/1111 1123/4394/1111 1125/4395/1111 1126/4396/1111
f 1129/4397/1112 1127/4398/1112 1128/4399/1112 1130/4400/1112
f 1127/4401/1113 1123/4402/1113 1124/4403/1113 1128/4404/1113
f 1126/4405/1114 1125/4406/1114 1129/4407/1114 1130/4408/1114
f 1125/4409/1115 1123/4410/1115 1127/4411/1115 1129/4412/1115
f 1128/4413/1116 1124/4414/1116 1126/4415/1116 1130/4416/1116
o mesh
v 3.8627404735808355 5.9375 7.4810095264191645
v 4.5122595264191645 5.9375 7.1060095264191645
v 3.8627404735808355 -0.5625 7.4810095264191645
v 4.5122595264191645 -0.5625 7.1060095264191645
v 3.4877404735808355 5.9375 6.8314904735808355
v 4.1372595264191645 5.9375 6.4564904735808355
v 3.4877404735808355 -0.5625 6.8314904735808355
v 4.1372595264191645 -0.5625 6.4564904735808355
vt 0.609375 0.921875
vt 0.640625 0.890625
vt 0.640625 0.890625
vt 0.609375 0.890625
vt 0.640625 0.890625
vt 0.640625 0.890625
vt 0.640625 0.921875
vt 0.640625 0.890625
vt 0.640625 0.890625
vt 0.640625 0.890625
vt 0.609375 0.921875
vt 0.640625 0.921875
vt 0.609375 0.890625
vt 0.640625 0.890625
vt 0.640625 0.890625
vt 0.640625 0.890625
vt 0.640625 0.890625
vt 0.640625 0.890625
vt 0.640625 0.890625
vt 0.640625 0.890625
vt 0.640625 0.921875
vt 0.609375 0.921875
vt 0.609375 0.890625
vt 0.640625 0.890625
vn 0.5000000000000001 0 0.8660254037844386
vn -0.5000000000000001 0 -0.8660254037844386
vn 0 1 0
vn 0 -1 0
vn -0.8660254037844386 0 0.5000000000000001
vn 0.8660254037844386 0 -0.5000000000000001
usemtl m_13075929-be01-9684-f420-f0ae119147d0
f 1132/4417/1117 1131/4418/1117 1133/4419/1117 1134/4420/1117
f 1137/4421/1118 1135/4422/1118 1136/4423/1118 1138/4424/1118
f 1135/4425/1119 1131/4426/1119 1132/4427/1119 1136/4428/1119
f 1134/4429/1120 1133/4430/1120 1137/4431/1120 1138/4432/1120
f 1133/4433/1121 1131/4434/1121 1135/4435/1121 1137/4436/1121
f 1136/4437/1122 1132/4438/1122 1134/4439/1122 1138/4440/1122
o mesh
v -7.1060095264191645 5.9375 4.5122595264191645
v -7.4810095264191645 5.9375 3.8627404735808355
v -7.1060095264191645 -0.5625 4.5122595264191645
v -7.4810095264191645 -0.5625 3.8627404735808355
v -6.4564904735808355 5.9375 4.1372595264191645
v -6.8314904735808355 5.9375 3.4877404735808355
v -6.4564904735808355 -0.5625 4.1372595264191645
v -6.8314904735808355 -0.5625 3.4877404735808355
vt 0.609375 0.828125
vt 0.609375 0.828125
vt 0.578125 0.859375
vt 0.609375 0.859375
vt 0.578125 0.828125
vt 0.609375 0.828125
vt 0.609375 0.828125
vt 0.609375 0.828125
vt 0.578125 0.859375
vt 0.609375 0.828125
vt 0.609375 0.828125
vt 0.578125 0.828125
vt 0.609375 0.828125
vt 0.609375 0.828125
vt 0.609375 0.859375
vt 0.609375 0.828125
vt 0.609375 0.828125
vt 0.609375 0.828125
vt 0.609375 0.828125
vt 0.609375 0.828125
vt 0.609375 0.859375
vt 0.578125 0.859375
vt 0.578125 0.828125
vt 0.609375 0.828125
vn -0.8660254037844387 0 0.49999999999999994
vn 0.8660254037844387 0 -0.49999999999999994
vn 0 1 0
vn 0 -1 0
vn 0.49999999999999994 0 0.8660254037844387
vn -0.49999999999999994 0 -0.8660254037844387
usemtl m_13075929-be01-9684-f420-f0ae119147d0
f 1141/4441/1123 1139/4442/1123 1140/4443/1123 1142/4444/1123
f 1144/4445/1124 1143/4446/1124 1145/4447/1124 1146/4448/1124
f 1140/4449/1125 1139/4450/1125 1143/4451/1125 1144/4452/1125
f 1145/4453/1126 1141/4454/1126 1142/4455/1126 1146/4456/1126
f 1143/4457/1127 1139/4458/1127 1141/4459/1127 1145/4460/1127
f 1142/4461/1128 1140/4462/1128 1144/4463/1128 1146/4464/1128
o mesh
v 3.8627404735808355 5.9375 -7.4810095264191645
v 4.5122595264191645 5.9375 -7.1060095264191645
v 3.8627404735808355 -0.5625 -7.4810095264191645
v 4.5122595264191645 -0.5625 -7.1060095264191645
v 3.4877404735808355 5.9375 -6.8314904735808355
v 4.1372595264191645 5.9375 -6.4564904735808355
v 3.4877404735808355 -0.5625 -6.8314904735808355
v 4.1372595264191645 -0.5625 -6.4564904735808355
vt 0.59375 0.828125
vt 0.59375 0.828125
vt 0.59375 0.859375
vt 0.59375 0.859375
vt 0.59375 0.828125
vt 0.59375 0.828125
vt 0.59375 0.828125
vt 0.59375 0.828125
vt 0.59375 0.859375
vt 0.59375 0.828125
vt 0.59375 0.828125
vt 0.59375 0.828125
vt 0.59375 0.828125
vt 0.59375 0.828125
vt 0.59375 0.859375
vt 0.59375 0.828125
vt 0.59375 0.828125
vt 0.59375 0.828125
vt 0.59375 0.828125
vt 0.59375 0.828125
vt 0.59375 0.859375
vt 0.59375 0.859375
vt 0.59375 0.828125
vt 0.59375 0.828125
vn 0.5000000000000001 0 -0.8660254037844386
vn -0.5000000000000001 0 0.8660254037844386
vn 0 1 0
vn 0 -1 0
vn -0.8660254037844386 0 -0.5000000000000001
vn 0.8660254037844386 0 0.5000000000000001
usemtl m_13075929-be01-9684-f420-f0ae119147d0
f 1149/4465/1129 1147/4466/1129 1148/4467/1129 1150/4468/1129
f 1152/4469/1130 1151/4470/1130 1153/4471/1130 1154/4472/1130
f 1148/4473/1131 1147/4474/1131 1151/4475/1131 1152/4476/1131
f 1153/4477/1132 1149/4478/1132 1150/4479/1132 1154/4480/1132
f 1151/4481/1133 1147/4482/1133 1149/4483/1133 1153/4484/1133
f 1150/4485/1134 1148/4486/1134 1152/4487/1134 1154/4488/1134
o mesh
v -0.3749999999999999 5.9375 8.40625
v 0.3750000000000001 5.9375 8.40625
v -0.3749999999999999 -0.5625 8.40625
v 0.3750000000000001 -0.5625 8.40625
v -0.3750000000000001 5.9375 7.65625
v 0.3749999999999999 5.9375 7.65625
v -0.3750000000000001 -0.5625 7.65625
v 0.3749999999999999 -0.5625 7.65625
vt 0.625 0.90625
vt 0.65625 0.875
vt 0.65625 0.875
vt 0.625 0.875
vt 0.65625 0.875
vt 0.65625 0.875
vt 0.65625 0.90625
vt 0.65625 0.875
vt 0.65625 0.875
vt 0.65625 0.875
vt 0.625 0.90625
vt 0.65625 0.90625
vt 0.625 0.875
vt 0.65625 0.875
vt 0.65625 0.875
vt 0.65625 0.875
vt 0.65625 0.875
vt 0.65625 0.875
vt 0.65625 0.875
vt 0.65625 0.875
vt 0.65625 0.90625
vt 0.625 0.90625
vt 0.625 0.875
vt 0.65625 0.875
vn 2.220446049250313e-16 0 1
vn -2.220446049250313e-16 0 -1
vn 0 1 0
vn 0 -1 0
vn -1 0 2.220446049250313e-16
vn 1 0 -2.220446049250313e-16
usemtl m_13075929-be01-9684-f420-f0ae119147d0
f 1156/4489/1135 1155/4490/1135 1157/4491/1135 1158/4492/1135
f 1161/4493/1136 1159/4494/1136 1160/4495/1136 1162/4496/1136
f 1159/4497/1137 1155/4498/1137 1156/4499/1137 1160/4500/1137
f 1158/4501/1138 1157/4502/1138 1161/4503/1138 1162/4504/1138
f 1157/4505/1139 1155/4506/1139 1159/4507/1139 1161/4508/1139
f 1160/4509/1140 1156/4510/1140 1158/4511/1140 1162/4512/1140
o mesh
v -3.8627404735808355 5.9375 7.4810095264191645
v -4.5122595264191645 5.9375 7.1060095264191645
v -3.8627404735808355 -0.5625 7.4810095264191645
v -4.5122595264191645 -0.5625 7.1060095264191645
v -3.4877404735808355 5.9375 6.8314904735808355
v -4.1372595264191645 5.9375 6.4564904735808355
v -3.4877404735808355 -0.5625 6.8314904735808355
v -4.1372595264191645 -0.5625 6.4564904735808355
vt 0.59375 0.828125
vt 0.59375 0.828125
vt 0.5625 0.859375
vt 0.59375 0.859375
vt 0.5625 0.828125
vt 0.59375 0.828125
vt 0.59375 0.828125
vt 0.59375 0.828125
vt 0.5625 0.859375
vt 0.59375 0.828125
vt 0.59375 0.828125
vt 0.5625 0.828125
vt 0.59375 0.828125
vt 0.59375 0.828125
vt 0.59375 0.859375
vt 0.59375 0.828125
vt 0.59375 0.828125
vt 0.59375 0.828125
vt 0.59375 0.828125
vt 0.59375 0.828125
vt 0.59375 0.859375
vt 0.5625 0.859375
vt 0.5625 0.828125
vt 0.59375 0.828125
vn -0.5000000000000001 0 0.8660254037844386
vn 0.5000000000000001 0 -0.8660254037844386
vn 0 1 0
vn 0 -1 0
vn 0.8660254037844386 0 0.5000000000000001
vn -0.8660254037844386 0 -0.5000000000000001
usemtl m_13075929-be01-9684-f420-f0ae119147d0
f 1165/4513/1141 1163/4514/1141 1164/4515/1141 1166/4516/1141
f 1168/4517/1142 1167/4518/1142 1169/4519/1142 1170/4520/1142
f 1164/4521/1143 1163/4522/1143 1167/4523/1143 1168/4524/1143
f 1169/4525/1144 1165/4526/1144 1166/4527/1144 1170/4528/1144
f 1167/4529/1145 1163/4530/1145 1165/4531/1145 1169/4532/1145
f 1166/4533/1146 1164/4534/1146 1168/4535/1146 1170/4536/1146
o mesh
v -0.3749999999999999 5.9375 -8.40625
v 0.3750000000000001 5.9375 -8.40625
v -0.3749999999999999 -0.5625 -8.40625
v 0.3750000000000001 -0.5625 -8.40625
v -0.3750000000000001 5.9375 -7.65625
v 0.3749999999999999 5.9375 -7.65625
v -0.3750000000000001 -0.5625 -7.65625
v 0.3749999999999999 -0.5625 -7.65625
vt 0.65625 0.875
vt 0.65625 0.875
vt 0.625 0.90625
vt 0.65625 0.90625
vt 0.625 0.875
vt 0.65625 0.875
vt 0.65625 0.875
vt 0.65625 0.875
vt 0.625 0.90625
vt 0.65625 0.875
vt 0.65625 0.875
vt 0.625 0.875
vt 0.65625 0.875
vt 0.65625 0.875
vt 0.65625 0.90625
vt 0.65625 0.875
vt 0.65625 0.875
vt 0.65625 0.875
vt 0.65625 0.875
vt 0.65625 0.875
vt 0.65625 0.90625
vt 0.625 0.90625
vt 0.625 0.875
vt 0.65625 0.875
vn 2.220446049250313e-16 0 -1
vn -2.220446049250313e-16 0 1
vn 0 1 0
vn 0 -1 0
vn -1 0 -2.220446049250313e-16
vn 1 0 2.220446049250313e-16
usemtl m_13075929-be01-9684-f420-f0ae119147d0
f 1173/4537/1147 1171/4538/1147 1172/4539/1147 1174/4540/1147
f 1176/4541/1148 1175/4542/1148 1177/4543/1148 1178/4544/1148
f 1172/4545/1149 1171/4546/1149 1175/4547/1149 1176/4548/1149
f 1177/4549/1150 1173/4550/1150 1174/4551/1150 1178/4552/1150
f 1175/4553/1151 1171/4554/1151 1173/4555/1151 1177/4556/1151
f 1174/4557/1152 1172/4558/1152 1176/4559/1152 1178/4560/1152