# Made in Blockbench 5.1.4
mtllib Mo_Cylime_Body.mtl

o Body
v -0.656245 -0.012559 3.944587
v 0 -1.380819 3.148505
v 0 -0.740912 3.645956
v -0.540218 -0.740912 3.58205
v -0.406241 -1.380819 3.094158
v 0 3.675755 3.645956
v 0 4.281899 3.148505
v -0.551799 4.281899 3.094158
v -0.648847 3.675755 3.58205
v 0 -1.788751 2.542358
v -0.242989 -1.788751 2.499658
v 0 2.984207 4.015596
v -0.745405 2.984207 3.944587
v 0 -2.125227 1.850812
v -0.185543 -2.125227 1.8214
v 0 2.233835 4.243218
v -0.80922 2.233835 4.167836
v 0 -2.252683 1.100439
v -0.152241 -2.252683 1.085445
v 0 1.453474 4.320076
v -0.826412 1.453474 4.243217
v 0 5.376615 1.100439
v 0 5.453474 -0.103561
v -0.152241 5.376615 1.085445
v 0 -2.329542 -0.103561
v 0 1.063293 4.281647
v -0.801809 1.063293 4.205527
v 0 5.148992 1.850812
v -0.298631 5.148992 1.8214
v 0 0.330277 4.129407
v 0 0.673112 4.243218
v -0.777207 0.673112 4.167836
v -0.716726 0.330277 4.056212
v 0 4.779351 2.542358
v -0.433546 4.779351 2.499658
v 0 -0.012559 4.015596
v -0.298631 5.376615 1.041038
v -0.298631 -2.252683 1.041038
v -1.654057 1.453474 4.015594
v -1.614456 1.063293 3.98009
v -0.585786 5.148992 1.734292
v -1.574855 0.673112 3.944587
v -1.503698 0.330277 3.84556
v -0.85043 4.779351 2.373197
v -1.432541 -0.012559 3.746534
v -1.248536 -0.740912 3.392788
v -1.082392 4.281899 2.933204
v -1.083901 -1.380819 2.933204
v -1.272758 3.675755 3.392788
v -0.760342 -1.788751 2.373197
v -1.569793 2.984207 3.734291
v -0.502895 -2.125227 1.734292
v -1.61333 2.233835 3.944587
v -1.57139 4.281899 2.671829
v -1.847759 3.675755 3.085444
v -1.765992 -1.380819 2.671829
v -1.296258 -1.788751 2.167836
v -2.208699 2.984207 3.392789
v -0.760342 -2.125227 1.592837
v -2.408154 2.233835 3.58205
v -0.433545 -2.252683 0.968925
v -2.41682 1.453474 3.645954
v -0.433545 5.376615 0.968925
v -2.401947 1.063293 3.614002
v -0.85043 5.148992 1.592837
v -2.387074 0.673112 3.58205
v -2.324709 0.330277 3.487419
v -1.234633 4.779351 2.167836
v -2.262344 -0.012559 3.392789
v -2.077786 -0.740912 3.085444
v -3.085387 1.453474 3.148502
v -3.092187 1.063293 3.12133
v -0.551798 5.376615 0.871877
v -1.082392 5.148992 1.40247
v -3.098988 0.673112 3.094157
v -3.097747 0.330277 3.01368
v -1.571389 4.779351 1.891467
v -3.096505 -0.012559 2.933204
v -2.854499 -0.740912 2.671828
v -2 4.281899 2.320078
v -2.36385 -1.380819 2.320078
v -2.35175 3.675755 2.671828
v -1.765991 -1.788751 1.891467
v -2.768705 2.984207 2.933204
v -1.083901 -2.125227 1.40247
v -3.002652 2.233835 3.094157
v -0.551798 -2.252683 0.871877
v -2.854499 -1.380819 1.891468
v -2.151492 -1.788751 1.554711
v -2.765366 3.675755 2.167836
v -3.22829 2.984207 2.373198
v -1.349438 -2.125227 1.170509
v -3.490545 2.233835 2.499657
v -0.648846 -2.252683 0.753624
v -3.634065 1.453474 2.542356
v -0.648846 5.376615 0.753624
v -3.658653 1.063293 2.521007
v -1.272758 5.148992 1.170509
v -3.683242 0.673112 2.499657
v -3.679563 0.330277 2.436428
v -1.847758 4.779351 1.554711
v -3.675884 -0.012559 2.373198
v -3.431441 -0.740912 2.167836
v -2.351751 4.281899 1.891468
v -0.720959 5.376615 0.61871
v -1.414213 5.148992 0.905865
v -4.117381 0.673112 1.821398
v -4.111891 0.330277 1.777845
v -2.053118 4.779351 1.170508
v -4.1064 -0.012559 1.734292
v -3.860148 -0.740912 1.592836
v -2.613125 4.281899 1.402471
v -3.219084 -1.380819 1.402471
v -3.07271 3.675755 1.592836
v -2.437944 -1.788751 1.170508
v -3.569793 2.984207 1.734292
v -1.54675 -2.125227 0.905865
v -3.853082 2.233835 1.821398
v -0.720959 -2.252683 0.61871
v -4.04177 1.453474 1.850809
v -4.079576 1.063293 1.836104
v -3.261971 3.675755 0.968924
v -3.780089 2.984207 1.041038
v -2.614341 -1.788751 0.753623
v -1.668254 -2.125227 0.61871
v -4.076331 2.233835 1.085444
v -0.765366 -2.252683 0.472319
v -4.292832 1.453474 1.100438
v -0.765366 5.376615 0.472319
v -4.338778 1.063293 1.092941
v -1.50132 5.148992 0.61871
v -4.384724 0.673112 1.085444
v -4.378118 0.330277 1.063241
v -2.179579 4.779351 0.753623
v -4.371511 -0.012559 1.041038
v -4.124144 -0.740912 0.968925
v -2.774079 4.281899 0.871877
v -3.443595 -1.380819 0.871877
v -4.474993 0.673112 0.216517
v -4.46801 0.330277 0.216518
v -1.530733 5.148992 0.216518
v -2.222279 4.779351 0.216517
v -4.461028 -0.012559 0.216518
v -4.213284 -0.740912 0.216517
v -2.828426 4.281899 0.216518
v -3.519403 -1.380819 0.216518
v -3.325877 3.675755 0.216517
v -2.673903 -1.788751 0.216517
v -3.851097 2.984207 0.216518
v -1.709281 -2.125227 0.216518
v -4.151713 2.233835 0.216517
v -0.780361 -2.252683 0.114474
v -4.377606 1.453474 0.216516
v -0.780361 5.376615 0.119777
v -4.4263 1.063293 0.216517
v -2.614341 -1.788751 -0.433546
v -1.668254 -2.125227 -0.298631
v -3.780088 2.984207 -0.72096
v -4.07633 2.233835 -0.765368
v -0.765366 -2.252683 -0.152241
v -4.292832 1.453474 -0.780362
v -0.765366 5.376615 -0.152241
v -4.338777 1.063293 -0.772865
v -1.50132 5.148992 -0.298631
v -4.384722 0.673112 -0.765368
v -4.378117 0.330277 -0.743164
v -2.179579 4.779351 -0.433546
v -4.371511 -0.012559 -0.72096
v -4.124144 -0.740912 -0.648847
v -2.774079 4.281899 -0.551799
v -3.443595 -1.380819 -0.551799
v -3.261971 3.675755 -0.648847
v -4.1064 -0.012559 -1.414213
v -3.860147 -0.740912 -1.272758
v -2.053118 4.779351 -0.85043
v -2.613125 4.281899 -1.082392
v -3.219084 -1.380819 -1.082392
v -3.072709 3.675755 -1.272758
v -2.437943 -1.788751 -0.85043
v -3.569792 2.984207 -1.414213
v -1.54675 -2.125227 -0.585786
v -3.853081 2.233835 -1.501321
v -0.720959 -2.252683 -0.298631
v -4.041768 1.453474 -1.530734
v -0.720959 5.376615 -0.298631
v -4.079574 1.063293 -1.516028
v -1.414213 5.148992 -0.585786
v -4.11738 0.673112 -1.501321
v -4.11189 0.330277 -1.457767
v -1.349437 -2.125227 -0.85043
v -0.648846 -2.252683 -0.433545
v -3.490544 2.233835 -2.17958
v -3.634062 1.453474 -2.22228
v -0.648846 5.376615 -0.433545
v -3.658651 1.063293 -2.20093
v -1.272758 5.148992 -0.85043
v -3.68324 0.673112 -2.17958
v -3.679562 0.330277 -2.11635
v -1.847757 4.779351 -1.234633
v -3.675883 -0.012559 -2.053119
v -3.43144 -0.740912 -1.847759
v -2.35175 4.281899 -1.57139
v -2.854499 -1.380819 -1.57139
v -2.765365 3.675755 -1.847759
v -2.15149 -1.788751 -1.234633
v -3.22829 2.984207 -2.053119
v -1.571388 4.779351 -1.571389
v -1.999999 4.281899 -2
v -2.854496 -0.740912 -2.35175
v -2.363849 -1.380819 -2
v -2.351749 3.675755 -2.35175
v -1.765989 -1.788751 -1.571389
v -2.768705 2.984207 -2.613125
v -1.0839 -2.125227 -1.082392
v -3.002651 2.233835 -2.774079
v -0.551798 -2.252683 -0.551798
v -3.085383 1.453474 -2.828425
v -0.551798 5.376615 -0.551798
v -3.092185 1.063293 -2.801252
v -1.082392 5.148992 -1.082392
v -3.098987 0.673112 -2.774079
v -3.097746 0.330277 -2.693602
v -3.096505 -0.012559 -2.613125
v -2.408152 2.233835 -3.261971
v -2.416816 1.453474 -3.392081
v -0.433545 5.376615 -0.648846
v -0.433545 -2.252683 -0.648846
v -0.733674 0.673112 -3.859693
v -0.862477 0.611056 -3.827552
v -0.841871 0.759274 -3.975502
v -0.850429 5.148992 -1.272758
v -2.746074 0.701425 -3.280558
v -2.440934 0.456012 -3.369443
v -2.494311 0.330277 -3.096835
v -2.805905 0.673112 -2.974935
v -1.234631 4.779351 -1.847758
v -2.39053 -0.012559 -3.07271
v -2.15149 -0.740912 -2.765365
v -1.571389 4.281899 -2.351751
v -1.765991 -1.380819 -2.351751
v -1.847757 3.675755 -2.765365
v -1.296255 -1.788751 -1.847758
v -2.208699 2.984207 -3.07271
v -0.760342 -2.125227 -1.272758
v -1.349436 -0.740912 -3.072709
v -1.181297 -1.380819 -2.613125
v -1.082392 4.281899 -2.613125
v -1.540391 3.675755 -2.956661
v -0.895284 -1.788751 -2.053118
v -1.797976 2.984207 -3.268307
v -0.544491 -2.125227 -1.414213
v -1.729893 2.233835 -3.624508
v -0.298631 -2.252683 -0.720959
v -1.758963 1.453474 -3.763514
v -0.298631 5.376615 -0.720959
v -2.401944 1.063293 -3.506101
v -1.734176 1.063293 -3.872189
v -0.585786 5.148992 -1.414213
v -2.387071 0.673112 -3.474149
v -1.709389 0.673112 -3.836685
v -1.660152 0.434699 -3.673707
v -0.850428 4.779351 -2.053118
v -1.58509 -0.012559 -3.414212
v -0.152241 5.376615 -0.765366
v -0.152241 -2.252683 -0.765366
v -0.914747 1.453474 -3.923137
v -0.893223 1.063293 -4.011853
v -0.298631 5.148992 -1.50132
v -1.536533 0.330277 -3.548396
v -0.433544 4.779351 -2.179578
v -0.76981 -0.012559 -3.624508
v -0.665371 -0.740912 -3.26197
v -0.502399 4.615724 -2.721808
v -0.868473 4.40792 -2.874091
v -0.557919 -1.380819 -2.774079
v -1.353929 3.801775 -3.268783
v -0.551798 4.40792 -2.970153
v -0.735695 3.801775 -3.458044
v -0.435815 -1.788751 -2.179578
v -1.569793 2.977046 -3.419183
v -0.876539 2.908325 -3.820582
v -0.258421 -2.125227 -1.50132
v -1.278934 2.359855 -3.840327
v 0 4.40792 -3.0245
v 0 3.801775 -3.521952
v 0 -1.380819 -2.828426
v 0 -1.788751 -2.222278
v 0 2.811184 -3.89159
v 0 -2.125227 -1.530733
v -0.879473 2.359855 -3.945192
v -0.878448 2.488842 -3.774728
v -0.205521 2.347652 -4.097995
v 0 -2.252683 -0.78036
v -0.896605 1.980837 -3.981804
v 0 1.774104 -4.081493
v 0 1.453474 -4
v 0 5.376615 -0.78036
v 0 1.149455 -4.126915
v 0 5.148992 -1.530733
v -0.820754 0.330277 -3.736132
v 0 0.673112 -3.923141
v 0 0.330277 -3.809329
v 0 4.779351 -2.222281
v 0 -0.012559 -3.695516
v 0 -0.740912 -3.325878
v 0 4.654259 -2.724336
v 0 0.984945 -3.953854
v -2.774688 1.063293 -3.240048
v -2.389122 0.266607 -3.149766
v -1.636791 0.272638 -3.501682
v -0.878067 2.586193 -3.745764
v 0 2.384544 -3.928112
v 0 2.28805 -4.123516
v 0.406241 -1.380819 3.094158
v 0.540218 -0.740912 3.58205
v 0.648847 3.675755 3.58205
v 0.551799 4.281899 3.094158
v 0.242989 -1.788751 2.499658
v 0.745405 2.984207 3.944587
v 0.185543 -2.125227 1.8214
v 0.80922 2.233835 4.167836
v 0.152241 -2.252683 1.085445
v 0.826412 1.453474 4.243217
v 0.152241 5.376615 1.085445
v 0.801809 1.063293 4.205527
v 0.298631 5.148992 1.8214
v 0.716726 0.330277 4.056212
v 0.777207 0.673112 4.167836
v 0.433546 4.779351 2.499658
v 0.656245 -0.012559 3.944587
v 0.298631 5.376615 1.041038
v 0.298631 -2.252683 1.041038
v 1.614456 1.063293 3.98009
v 1.654057 1.453474 4.015594
v 0.585786 5.148992 1.734292
v 1.503698 0.330277 3.84556
v 1.574855 0.673112 3.944587
v 0.85043 4.779351 2.373197
v 1.248536 -0.740912 3.392788
v 1.432541 -0.012559 3.746534
v 1.082392 4.281899 2.933204
v 1.083901 -1.380819 2.933204
v 1.272758 3.675755 3.392788
v 0.760342 -1.788751 2.373197
v 1.569793 2.984207 3.734291
v 0.502895 -2.125227 1.734292
v 1.61333 2.233835 3.944587
v 1.847759 3.675755 3.085444
v 1.57139 4.281899 2.671829
v 1.296258 -1.788751 2.167836
v 1.765992 -1.380819 2.671829
v 2.208699 2.984207 3.392789
v 0.760342 -2.125227 1.592837
v 2.408154 2.233835 3.58205
v 0.433545 -2.252683 0.968925
v 2.41682 1.453474 3.645954
v 0.433545 5.376615 0.968925
v 2.401947 1.063293 3.614002
v 0.85043 5.148992 1.592837
v 2.324709 0.330277 3.487419
v 2.387074 0.673112 3.58205
v 1.234633 4.779351 2.167836
v 2.077786 -0.740912 3.085444
v 2.262344 -0.012559 3.392789
v 3.092187 1.063293 3.12133
v 3.085387 1.453474 3.148502
v 1.082392 5.148992 1.40247
v 0.551798 5.376615 0.871877
v 3.097747 0.330277 3.01368
v 3.098988 0.673112 3.094157
v 1.571389 4.779351 1.891467
v 2.854499 -0.740912 2.671828
v 3.096505 -0.012559 2.933204
v 2 4.281899 2.320078
v 2.36385 -1.380819 2.320078
v 2.35175 3.675755 2.671828
v 1.765991 -1.788751 1.891467
v 2.768705 2.984207 2.933204
v 1.083901 -2.125227 1.40247
v 3.002652 2.233835 3.094157
v 0.551798 -2.252683 0.871877
v 2.151492 -1.788751 1.554711
v 2.854499 -1.380819 1.891468
v 3.22829 2.984207 2.373198
v 2.765366 3.675755 2.167836
v 1.349438 -2.125227 1.170509
v 3.490545 2.233835 2.499657
v 0.648846 -2.252683 0.753624
v 3.634065 1.453474 2.542356
v 0.648846 5.376615 0.753624
v 3.658653 1.063293 2.521007
v 1.272758 5.148992 1.170509
v 3.679563 0.330277 2.436428
v 3.683242 0.673112 2.499657
v 1.847758 4.779351 1.554711
v 3.431441 -0.740912 2.167836
v 3.675884 -0.012559 2.373198
v 2.351751 4.281899 1.891468
v 1.414213 5.148992 0.905865
v 0.720959 5.376615 0.61871
v 4.111891 0.330277 1.777845
v 4.117381 0.673112 1.821398
v 2.053118 4.779351 1.170508
v 3.860148 -0.740912 1.592836
v 4.1064 -0.012559 1.734292
v 2.613125 4.281899 1.402471
v 3.219084 -1.380819 1.402471
v 3.07271 3.675755 1.592836
v 2.437944 -1.788751 1.170508
v 3.569793 2.984207 1.734292
v 1.54675 -2.125227 0.905865
v 3.853082 2.233835 1.821398
v 0.720959 -2.252683 0.61871
v 4.04177 1.453474 1.850809
v 4.079576 1.063293 1.836104
v 3.780089 2.984207 1.041038
v 3.261971 3.675755 0.968924
v 1.668254 -2.125227 0.61871
v 2.614341 -1.788751 0.753623
v 4.076331 2.233835 1.085444
v 0.765366 -2.252683 0.472319
v 4.292832 1.453474 1.100438
v 0.765366 5.376615 0.472319
v 4.338778 1.063293 1.092941
v 1.50132 5.148992 0.61871
v 4.378118 0.330277 1.063241
v 4.384724 0.673112 1.085444
v 2.179579 4.779351 0.753623
v 4.124144 -0.740912 0.968925
v 4.371511 -0.012559 1.041038
v 2.774079 4.281899 0.871877
v 3.443595 -1.380819 0.871877
v 4.46801 0.330277 0.216518
v 4.474993 0.673112 0.216517
v 2.222279 4.779351 0.216517
v 1.530733 5.148992 0.216518
v 4.213284 -0.740912 0.216517
v 4.461028 -0.012559 0.216518
v 2.828426 4.281899 0.216518
v 3.519403 -1.380819 0.216518
v 3.325877 3.675755 0.216517
v 2.673903 -1.788751 0.216517
v 3.851097 2.984207 0.216518
v 1.709281 -2.125227 0.216518
v 4.151713 2.233835 0.216517
v 0.780361 -2.252683 0.114474
v 4.377606 1.453474 0.216516
v 0.780361 5.376615 0.119777
v 4.4263 1.063293 0.216517
v 1.668254 -2.125227 -0.298631
v 2.614341 -1.788751 -0.433546
v 4.07633 2.233835 -0.765368
v 3.780088 2.984207 -0.72096
v 0.765366 -2.252683 -0.152241
v 4.292832 1.453474 -0.780362
v 0.765366 5.376615 -0.152241
v 4.338777 1.063293 -0.772865
v 1.50132 5.148992 -0.298631
v 4.378117 0.330277 -0.743164
v 4.384722 0.673112 -0.765368
v 2.179579 4.779351 -0.433546
v 4.124144 -0.740912 -0.648847
v 4.371511 -0.012559 -0.72096
v 2.774079 4.281899 -0.551799
v 3.443595 -1.380819 -0.551799
v 3.261971 3.675755 -0.648847
v 3.860147 -0.740912 -1.272758
v 4.1064 -0.012559 -1.414213
v 2.613125 4.281899 -1.082392
v 2.053118 4.779351 -0.85043
v 3.219084 -1.380819 -1.082392
v 3.072709 3.675755 -1.272758
v 2.437943 -1.788751 -0.85043
v 3.569792 2.984207 -1.414213
v 1.54675 -2.125227 -0.585786
v 3.853081 2.233835 -1.501321
v 0.720959 -2.252683 -0.298631
v 4.041768 1.453474 -1.530734
v 0.720959 5.376615 -0.298631
v 4.079574 1.063293 -1.516028
v 1.414213 5.148992 -0.585786
v 4.11189 0.330277 -1.457767
v 4.11738 0.673112 -1.501321
v 0.648846 -2.252683 -0.433545
v 1.349437 -2.125227 -0.85043
v 3.634062 1.453474 -2.22228
v 3.490544 2.233835 -2.17958
v 0.648846 5.376615 -0.433545
v 3.658651 1.063293 -2.20093
v 1.272758 5.148992 -0.85043
v 3.679562 0.330277 -2.11635
v 3.68324 0.673112 -2.17958
v 1.847757 4.779351 -1.234633
v 3.43144 -0.740912 -1.847759
v 3.675883 -0.012559 -2.053119
v 2.35175 4.281899 -1.57139
v 2.854499 -1.380819 -1.57139
v 2.765365 3.675755 -1.847759
v 2.15149 -1.788751 -1.234633
v 3.22829 2.984207 -2.053119
v 1.999999 4.281899 -2
v 1.571388 4.779351 -1.571389
v 2.363849 -1.380819 -2
v 2.854496 -0.740912 -2.35175
v 2.351749 3.675755 -2.35175
v 1.765989 -1.788751 -1.571389
v 2.768705 2.984207 -2.613125
v 1.0839 -2.125227 -1.082392
v 3.002651 2.233835 -2.774079
v 0.551798 -2.252683 -0.551798
v 3.085383 1.453474 -2.828425
v 0.551798 5.376615 -0.551798
v 3.092185 1.063293 -2.801252
v 1.082392 5.148992 -1.082392
v 3.097746 0.330277 -2.693602
v 3.098987 0.673112 -2.774079
v 3.096505 -0.012559 -2.613125
v 2.416816 1.453474 -3.392081
v 2.408152 2.233835 -3.261971
v 0.433545 5.376615 -0.648846
v 0.433545 -2.252683 -0.648846
v 0.733674 0.673112 -3.859693
v 0.841871 0.759274 -3.975502
v 0.862477 0.611056 -3.827552
v 0.850429 5.148992 -1.272758
v 2.746074 0.701425 -3.280558
v 2.805905 0.673112 -2.974935
v 2.494311 0.330277 -3.096835
v 2.440934 0.456012 -3.369443
v 1.234631 4.779351 -1.847758
v 2.15149 -0.740912 -2.765365
v 2.39053 -0.012559 -3.07271
v 1.571389 4.281899 -2.351751
v 1.765991 -1.380819 -2.351751
v 1.847757 3.675755 -2.765365
v 1.296255 -1.788751 -1.847758
v 2.208699 2.984207 -3.07271
v 0.760342 -2.125227 -1.272758
v 1.181297 -1.380819 -2.613125
v 1.349436 -0.740912 -3.072709
v 1.540391 3.675755 -2.956661
v 1.082392 4.281899 -2.613125
v 0.895284 -1.788751 -2.053118
v 1.797976 2.984207 -3.268307
v 0.544491 -2.125227 -1.414213
v 1.729893 2.233835 -3.624508
v 0.298631 -2.252683 -0.720959
v 1.758963 1.453474 -3.763514
v 0.298631 5.376615 -0.720959
v 2.401944 1.063293 -3.506101
v 1.734176 1.063293 -3.872189
v 0.585786 5.148992 -1.414213
v 1.660152 0.434699 -3.673707
v 1.709389 0.673112 -3.836685
v 2.387071 0.673112 -3.474149
v 0.850428 4.779351 -2.053118
v 1.58509 -0.012559 -3.414212
v 0.152241 5.376615 -0.765366
v 0.152241 -2.252683 -0.765366
v 0.893223 1.063293 -4.011853
v 0.914747 1.453474 -3.923137
v 0.298631 5.148992 -1.50132
v 1.536533 0.330277 -3.548396
v 0.433544 4.779351 -2.179578
v 0.665371 -0.740912 -3.26197
v 0.76981 -0.012559 -3.624508
v 0.868473 4.40792 -2.874091
v 0.502399 4.615724 -2.721808
v 0.557919 -1.380819 -2.774079
v 1.353929 3.801775 -3.268783
v 0.735695 3.801775 -3.458044
v 0.551798 4.40792 -2.970153
v 0.435815 -1.788751 -2.179578
v 1.569793 2.977046 -3.419183
v 0.876539 2.908325 -3.820582
v 0.258421 -2.125227 -1.50132
v 1.278934 2.359855 -3.840327
v 0.879473 2.359855 -3.945192
v 0.205521 2.347652 -4.097995
v 0.878448 2.488842 -3.774728
v 0.896605 1.980837 -3.981804
v 0.820754 0.330277 -3.736132
v 2.774688 1.063293 -3.240048
v 1.636791 0.272638 -3.501682
v 2.389122 0.266607 -3.149766
v 0.878067 2.586193 -3.745764
vt 0.046875 0.9375
vt 0.046875 0.9375
vt 0.046875 0.9375
vt 0.046875 0.9375
vt 0.046875 0.9375
vt 0.046875 0.9375
vt 0.046875 0.9375
vt 0.046875 0.9375
vt 0.046875 0.9375
vt 0.046875 0.9375
vt 0.046875 0.9375
vt 0.046875 0.9375
vt 0.046875 0.9375
vt 0.046875 0.9375
vt 0.046875 0.9375
vt 0.046875 0.9375
vt 0.046875 0.9375
vt 0.046875 0.9375
vt 0.046875 0.9375
vt 0.046875 0.9375
vt 0.046875 0.9375
vt 0.046875 0.9375
vt 0.046875 0.9375
vt 0.046875 0.9375
vt 0.046875 0.9375
vt 0.046875 0.9375
vt 0.046875 0.9375
vt 0.046875 0.9375
vt 0.046875 0.9375
vt 0.046875 0.9375
vt 0.046875 0.9375
vt 0.046875 0.9375
vt 0.046875 0.9375
vt 0.046875 0.9375
vt 0.046875 0.9375
vt 0.046875 0.9375
vt 0.046875 0.9375
vt 0.046875 0.9375
vt 0.046875 0.9375
vt 0.046875 0.9375
vt 0.046875 0.9375
vt 0.046875 0.9375
vt 0.046875 0.9375
vt 0.046875 0.9375
vt 0.046875 0.9375
vt 0.046875 0.9375
vt 0.046875 0.9375
vt 0.046875 0.9375
vt 0.046875 0.9375
vt 0.046875 0.9375
vt 0.046875 0.9375
vt 0.046875 0.9375
vt 0.046875 0.9375
vt 0.046875 0.9375
vt 0.046875 0.9375
vt 0.046875 0.9375
vt 0.046875 0.9375
vt 0.046875 0.9375
vt 0.046875 0.9375
vt 0.046875 0.9375
vt 0.046875 0.9375
vt 0.046875 0.9375
vt 0.046875 0.9375
vt 0.046875 0.9375
vt 0.046875 0.9375
vt 0.046875 0.9375
vt 0.046875 0.9375
vt 0.046875 0.9375
vt 0.046875 0.9375
vt 0.046875 0.9375
vt 0.046875 0.9375
vt 0.046875 0.9375
vt 0.046875 0.9375
vt 0.046875 0.9375
vt 0.046875 0.9375
vt 0.046875 0.9375
vt 0.046875 0.9375
vt 0.046875 0.9375
vt 0.046875 0.9375
vt 0.046875 0.9375
vt 0.046875 0.9375
vt 0.046875 0.9375
vt 0.046875 0.9375
vt 0.046875 0.9375
vt 0.046875 0.9375
vt 0.046875 0.9375
vt 0.046875 0.9375
vt 0.046875 0.9375
vt 0.046875 0.9375
vt 0.046875 0.9375
vt 0.046875 0.9375
vt 0.046875 0.9375
vt 0.046875 0.9375
vt 0.046875 0.9375
vt 0.046875 0.9375
vt 0.046875 0.9375
vt 0.046875 0.9375
vt 0.046875 0.9375
vt 0.046875 0.9375
vt 0.046875 0.9375
vt 0.046875 0.9375
vt 0.046875 0.9375
vt 0.046875 0.9375
vt 0.046875 0.9375
vt 0.046875 0.9375
vt 0.046875 0.9375
vt 0.046875 0.9375
vt 0.046875 0.9375
vt 0.046875 0.9375
vt 0.046875 0.9375
vt 0.046875 0.9375
vt 0.046875 0.9375
vt 0.046875 0.9375
vt 0.046875 0.9375
vt 0.046875 0.9375
vt 0.046875 0.9375
vt 0.046875 0.9375
vt 0.046875 0.9375
vt 0.046875 0.9375
vt 0.046875 0.9375
vt 0.046875 0.9375
vt 0.046875 0.9375
vt 0.046875 0.9375
vt 0.046875 0.9375
vt 0.046875 0.9375
vt 0.046875 0.9375
vt 0.046875 0.9375
vt 0.046875 0.9375
vt 0.046875 0.9375
vt 0.046875 0.9375
vt 0.046875 0.9375
vt 0.046875 0.9375
vt 0.046875 0.9375
vt 0.046875 0.9375
vt 0.046875 0.9375
vt 0.046875 0.9375
vt 0.046875 0.9375
vt 0.046875 0.9375
vt 0.046875 0.9375
vt 0.046875 0.9375
vt 0.046875 0.9375
vt 0.046875 0.9375
vt 0.046875 0.9375
vt 0.046875 0.9375
vt 0.046875 0.9375
vt 0.046875 0.9375
vt 0.046875 0.9375
vt 0.046875 0.9375
vt 0.046875 0.9375
vt 0.046875 0.9375
vt 0.046875 0.9375
vt 0.046875 0.9375
vt 0.046875 0.9375
vt 0.046875 0.9375
vt 0.046875 0.9375
vt 0.046875 0.9375
vt 0.046875 0.9375
vt 0.046875 0.9375
vt 0.046875 0.9375
vt 0.046875 0.9375
vt 0.046875 0.9375
vt 0.046875 0.9375
vt 0.046875 0.9375
vt 0.046875 0.9375
vt 0.046875 0.9375
vt 0.046875 0.9375
vt 0.046875 0.9375
vt 0.046875 0.9375
vt 0.046875 0.9375
vt 0.046875 0.9375
vt 0.046875 0.9375
vt 0.046875 0.9375
vt 0.046875 0.9375
vt 0.046875 0.9375
vt 0.046875 0.9375
vt 0.046875 0.9375
vt 0.046875 0.9375
vt 0.046875 0.9375
vt 0.046875 0.9375
vt 0.046875 0.9375
vt 0.046875 0.9375
vt 0.046875 0.9375
vt 0.046875 0.9375
vt 0.046875 0.9375
vt 0.046875 0.9375
vt 0.046875 0.9375
vt 0.046875 0.9375
vt 0.046875 0.9375
vt 0.046875 0.9375
vt 0.046875 0.9375
vt 0.046875 0.9375
vt 0.046875 0.9375
vt 0.046875 0.9375
vt 0.046875 0.9375
vt 0.046875 0.9375
vt 0.046875 0.9375
vt 0.046875 0.9375
vt 0.046875 0.9375
vt 0.046875 0.9375
vt 0.046875 0.9375
vt 0.046875 0.9375
vt 0.046875 0.9375
vt 0.046875 0.9375
vt 0.046875 0.9375
vt 0.046875 0.9375
vt 0.046875 0.9375
vt 0.046875 0.9375
vt 0.046875 0.9375
vt 0.046875 0.9375
vt 0.046875 0.9375
vt 0.046875 0.9375
vt 0.046875 0.9375
vt 0.046875 0.9375
vt 0.046875 0.9375
vt 0.046875 0.9375
vt 0.046875 0.9375
vt 0.046875 0.9375
vt 0.046875 0.9375
vt 0.046875 0.9375
vt 0.046875 0.9375
vt 0.046875 0.9375
vt 0.046875 0.9375
vt 0.046875 0.9375
vt 0.046875 0.9375
vt 0.046875 0.9375
vt 0.046875 0.9375
vt 0.046875 0.9375
vt 0.046875 0.9375
vt 0.046875 0.9375
vt 0.046875 0.9375
vt 0.046875 0.9375
vt 0.046875 0.9375
vt 0.046875 0.9375
vt 0.046875 0.9375
vt 0.046875 0.9375
vt 0.046875 0.9375
vt 0.046875 0.9375
vt 0.046875 0.9375
vt 0.046875 0.9375
vt 0.046875 0.9375
vt 0.046875 0.9375
vt 0.046875 0.9375
vt 0.046875 0.9375
vt 0.046875 0.9375
vt 0.046875 0.9375
vt 0.046875 0.9375
vt 0.046875 0.9375
vt 0.046875 0.9375
vt 0.046875 0.9375
vt 0.046875 0.9375
vt 0.046875 0.9375
vt 0.046875 0.9375
vt 0.046875 0.9375
vt 0.046875 0.9375
vt 0.046875 0.9375
vt 0.046875 0.9375
vt 0.046875 0.9375
vt 0.046875 0.9375
vt 0.046875 0.9375
vt 0.046875 0.9375
vt 0.046875 0.9375
vt 0.046875 0.9375
vt 0.046875 0.9375
vt 0.046875 0.9375
vt 0.046875 0.9375
vt 0.046875 0.9375
vt 0.046875 0.9375
vt 0.046875 0.9375
vt 0.046875 0.9375
vt 0.046875 0.9375
vt 0.046875 0.9375
vt 0.046875 0.9375
vt 0.046875 0.9375
vt 0.046875 0.9375
vt 0.046875 0.9375
vt 0.046875 0.9375
vt 0.046875 0.9375
vt 0.046875 0.9375
vt 0.046875 0.9375
vt 0.046875 0.9375
vt 0.046875 0.9375
vt 0.046875 0.9375
vt 0.046875 0.9375
vt 0.046875 0.9375
vt 0.046875 0.9375
vt 0.046875 0.9375
vt 0.046875 0.9375
vt 0.046875 0.9375
vt 0.046875 0.9375
vt 0.046875 0.9375
vt 0.046875 0.9375
vt 0.046875 0.9375
vt 0.046875 0.9375
vt 0.046875 0.9375
vt 0.046875 0.9375
vt 0.046875 0.9375
vt 0.046875 0.9375
vt 0.046875 0.9375
vt 0.046875 0.9375
vt 0.046875 0.9375
vt 0.046875 0.9375
vt 0.046875 0.9375
vt 0.046875 0.9375
vt 0.046875 0.9375
vt 0.046875 0.9375
vt 0.046875 0.9375
vt 0.046875 0.9375
vt 0.046875 0.9375
vt 0.046875 0.9375
vt 0.046875 0.9375
vt 0.046875 0.9375
vt 0.046875 0.9375
vt 0.046875 0.9375
vt 0.046875 0.9375
vt 0.046875 0.9375
vt 0.046875 0.9375
vt 0.046875 0.9375
vt 0.046875 0.9375
vt 0.046875 0.9375
vt 0.046875 0.9375
vt 0.046875 0.9375
vt 0.046875 0.9375
vt 0.046875 0.9375
vt 0.046875 0.9375
vt 0.046875 0.9375
vt 0.046875 0.9375
vt 0.046875 0.9375
vt 0.046875 0.9375
vt 0.046875 0.9375
vt 0.046875 0.9375
vt 0.046875 0.9375
vt 0.046875 0.9375
vt 0.046875 0.9375
vt 0.046875 0.9375
vt 0.046875 0.9375
vt 0.046875 0.9375
vt 0.046875 0.9375
vt 0.046875 0.9375
vt 0.046875 0.9375
vt 0.046875 0.9375
vt 0.046875 0.9375
vt 0.046875 0.9375
vt 0.046875 0.9375
vt 0.046875 0.9375
vt 0.046875 0.9375
vt 0.046875 0.9375
vt 0.046875 0.9375
vt 0.046875 0.9375
vt 0.046875 0.9375
vt 0.046875 0.9375
vt 0.046875 0.9375
vt 0.046875 0.9375
vt 0.046875 0.9375
vt 0.046875 0.9375
vt 0.046875 0.9375
vt 0.046875 0.9375
vt 0.046875 0.9375
vt 0.046875 0.9375
vt 0.046875 0.9375
vt 0.046875 0.9375
vt 0.046875 0.9375
vt 0.046875 0.9375
vt 0.046875 0.9375
vt 0.046875 0.9375
vt 0.046875 0.9375
vt 0.046875 0.9375
vt 0.046875 0.9375
vt 0.046875 0.9375
vt 0.046875 0.9375
vt 0.046875 0.9375
vt 0.046875 0.9375
vt 0.046875 0.9375
vt 0.046875 0.9375
vt 0.046875 0.9375
vt 0.046875 0.9375
vt 0.046875 0.9375
vt 0.046875 0.9375
vt 0.046875 0.9375
vt 0.046875 0.9375
vt 0.046875 0.9375
vt 0.046875 0.9375
vt 0.046875 0.9375
vt 0.046875 0.9375
vt 0.046875 0.9375
vt 0.046875 0.9375
vt 0.046875 0.9375
vt 0.046875 0.9375
vt 0.046875 0.9375
vt 0.046875 0.9375
vt 0.046875 0.9375
vt 0.046875 0.9375
vt 0.046875 0.9375
vt 0.046875 0.9375
vt 0.046875 0.9375
vt 0.046875 0.9375
vt 0.046875 0.9375
vt 0.046875 0.9375
vt 0.046875 0.9375
vt 0.046875 0.9375
vt 0.046875 0.9375
vt 0.046875 0.9375
vt 0.046875 0.9375
vt 0.046875 0.9375
vt 0.046875 0.9375
vt 0.046875 0.9375
vt 0.046875 0.9375
vt 0.046875 0.9375
vt 0.046875 0.9375
vt 0.046875 0.9375
vt 0.046875 0.9375
vt 0.046875 0.9375
vt 0.046875 0.9375
vt 0.046875 0.9375
vt 0.046875 0.9375
vt 0.046875 0.9375
vt 0.046875 0.9375
vt 0.046875 0.9375
vt 0.046875 0.9375
vt 0.046875 0.9375
vt 0.046875 0.9375
vt 0.046875 0.9375
vt 0.046875 0.9375
vt 0.046875 0.9375
vt 0.046875 0.9375
vt 0.046875 0.9375
vt 0.046875 0.9375
vt 0.046875 0.9375
vt 0.046875 0.9375
vt 0.046875 0.9375
vt 0.046875 0.9375
vt 0.046875 0.9375
vt 0.046875 0.9375
vt 0.046875 0.9375
vt 0.046875 0.9375
vt 0.046875 0.9375
vt 0.046875 0.9375
vt 0.046875 0.9375
vt 0.046875 0.9375
vt 0.046875 0.9375
vt 0.046875 0.9375
vt 0.046875 0.9375
vt 0.046875 0.9375
vt 0.046875 0.9375
vt 0.046875 0.9375
vt 0.046875 0.9375
vt 0.046875 0.9375
vt 0.046875 0.9375
vt 0.046875 0.9375
vt 0.046875 0.9375
vt 0.046875 0.9375
vt 0.046875 0.9375
vt 0.046875 0.9375
vt 0.046875 0.9375
vt 0.046875 0.9375
vt 0.046875 0.9375
vt 0.046875 0.9375
vt 0.046875 0.9375
vt 0.046875 0.9375
vt 0.046875 0.9375
vt 0.046875 0.9375
vt 0.046875 0.9375
vt 0.046875 0.9375
vt 0.046875 0.9375
vt 0.046875 0.9375
vt 0.046875 0.9375
vt 0.046875 0.9375
vt 0.046875 0.9375
vt 0.046875 0.9375
vt 0.046875 0.9375
vt 0.046875 0.9375
vt 0.046875 0.9375
vt 0.046875 0.9375
vt 0.046875 0.9375
vt 0.046875 0.9375
vt 0.046875 0.9375
vt 0.046875 0.9375
vt 0.046875 0.9375
vt 0.046875 0.9375
vt 0.046875 0.9375
vt 0.046875 0.9375
vt 0.046875 0.9375
vt 0.046875 0.9375
vt 0.046875 0.9375
vt 0.046875 0.9375
vt 0.046875 0.9375
vt 0.046875 0.9375
vt 0.046875 0.9375
vt 0.046875 0.9375
vt 0.046875 0.9375
vt 0.046875 0.9375
vt 0.046875 0.9375
vt 0.046875 0.9375
vt 0.046875 0.9375
vt 0.046875 0.9375
vt 0.046875 0.9375
vt 0.046875 0.9375
vt 0.046875 0.9375
vt 0.046875 0.9375
vt 0.046875 0.9375
vt 0.046875 0.9375
vt 0.046875 0.9375
vt 0.046875 0.9375
vt 0.046875 0.9375
vt 0.046875 0.9375
vt 0.046875 0.9375
vt 0.046875 0.9375
vt 0.046875 0.9375
vt 0.046875 0.9375
vt 0.046875 0.9375
vt 0.046875 0.9375
vt 0.046875 0.9375
vt 0.046875 0.9375
vt 0.046875 0.9375
vt 0.046875 0.9375
vt 0.046875 0.9375
vt 0.046875 0.9375
vt 0.046875 0.9375
vt 0.046875 0.9375
vt 0.046875 0.9375
vt 0.046875 0.9375
vt 0.046875 0.9375
vt 0.046875 0.9375
vt 0.046875 0.9375
vt 0.046875 0.9375
vt 0.046875 0.9375
vt 0.046875 0.9375
vt 0.046875 0.9375
vt 0.046875 0.9375
vt 0.046875 0.9375
vt 0.046875 0.9375
vt 0.046875 0.9375
vt 0.046875 0.9375
vt 0.046875 0.9375
vt 0.046875 0.9375
vt 0.046875 0.9375
vt 0.046875 0.9375
vt 0.046875 0.9375
vt 0.046875 0.9375
vt 0.046875 0.9375
vt 0.046875 0.9375
vt 0.046875 0.9375
vt 0.046875 0.9375
vt 0.046875 0.9375
vt 0.046875 0.9375
vt 0.046875 0.9375
vt 0.046875 0.9375
vt 0.046875 0.9375
vt 0.046875 0.9375
vt 0.046875 0.9375
vt 0.046875 0.9375
vt 0.046875 0.9375
vt 0.046875 0.9375
vt 0.046875 0.9375
vt 0.046875 0.9375
vt 0.046875 0.9375
vt 0.046875 0.9375
vt 0.046875 0.9375
vt 0.046875 0.9375
vt 0.046875 0.9375
vt 0.046875 0.9375
vt 0.046875 0.9375
vt 0.046875 0.9375
vt 0.046875 0.9375
vt 0.046875 0.9375
vt 0.046875 0.9375
vt 0.046875 0.9375
vt 0.046875 0.9375
vt 0.046875 0.9375
vt 0.046875 0.9375
vt 0.046875 0.9375
vt 0.046875 0.9375
vt 0.046875 0.9375
vt 0.046875 0.9375
vt 0.046875 0.9375
vt 0.046875 0.9375
vt 0.046875 0.9375
vt 0.046875 0.9375
vt 0.046875 0.9375
vt 0.046875 0.9375
vt 0.046875 0.9375
vt 0.046875 0.9375
vt 0.046875 0.9375
vt 0.046875 0.9375
vt 0.046875 0.9375
vt 0.046875 0.9375
vt 0.046875 0.9375
vt 0.046875 0.9375
vt 0.046875 0.9375
vt 0.046875 0.9375
vt 0.046875 0.9375
vt 0.046875 0.9375
vt 0.046875 0.9375
vt 0.046875 0.9375
vt 0.046875 0.9375
vt 0.046875 0.9375
vt 0.046875 0.9375
vt 0.046875 0.9375
vt 0.046875 0.9375
vt 0.046875 0.9375
vt 0.046875 0.9375
vt 0.046875 0.9375
vt 0.046875 0.9375
vt 0.046875 0.9375
vt 0.046875 0.9375
vt 0.046875 0.9375
vt 0.046875 0.9375
vt 0.046875 0.9375
vt 0.046875 0.9375
vt 0.046875 0.9375
vt 0.046875 0.9375
vt 0.046875 0.9375
vt 0.046875 0.9375
vt 0.046875 0.9375
vt 0.046875 0.9375
vt 0.046875 0.9375
vt 0.046875 0.9375
vt 0.046875 0.9375
vt 0.046875 0.9375
vt 0.046875 0.9375
vt 0.046875 0.9375
vt 0.046875 0.9375
vt 0.046875 0.9375
vt 0.046875 0.9375
vt 0.046875 0.9375
vt 0.046875 0.9375
vt 0.046875 0.9375
vt 0.046875 0.9375
vt 0.046875 0.9375
vt 0.046875 0.9375
vt 0.046875 0.9375
vt 0.046875 0.9375
vt 0.046875 0.9375
vt 0.046875 0.9375
vt 0.046875 0.9375
vt 0.046875 0.9375
vt 0.046875 0.9375
vt 0.046875 0.9375
vt 0.046875 0.9375
vt 0.046875 0.9375
vt 0.046875 0.9375
vt 0.046875 0.9375
vt 0.046875 0.9375
vt 0.046875 0.9375
vt 0.046875 0.9375
vt 0.046875 0.9375
vt 0.046875 0.9375
vt 0.046875 0.9375
vt 0.046875 0.9375
vt 0.046875 0.9375
vt 0.046875 0.9375
vt 0.046875 0.9375
vt 0.046875 0.9375
vt 0.046875 0.9375
vt 0.046875 0.9375
vt 0.046875 0.9375
vt 0.046875 0.9375
vt 0.046875 0.9375
vt 0.046875 0.9375
vt 0.046875 0.9375
vt 0.046875 0.9375
vt 0.046875 0.9375
vt 0.046875 0.9375
vt 0.046875 0.9375
vt 0.046875 0.9375
vt 0.046875 0.9375
vt 0.046875 0.9375
vt 0.046875 0.9375
vt 0.046875 0.9375
vt 0.046875 0.9375
vt 0.046875 0.9375
vt 0.046875 0.9375
vt 0.046875 0.9375
vt 0.046875 0.9375
vt 0.046875 0.9375
vt 0.046875 0.9375
vt 0.046875 0.9375
vt 0.046875 0.9375
vt 0.046875 0.9375
vt 0.046875 0.9375
vt 0.046875 0.9375
vt 0.046875 0.9375
vt 0.046875 0.9375
vt 0.046875 0.9375
vt 0.046875 0.9375
vt 0.046875 0.9375
vt 0.046875 0.9375
vt 0.046875 0.9375
vt 0.046875 0.9375
vt 0.046875 0.9375
vt 0.046875 0.9375
vt 0.046875 0.9375
vt 0.046875 0.9375
vt 0.046875 0.9375
vt 0.046875 0.9375
vt 0.046875 0.9375
vt 0.046875 0.9375
vt 0.046875 0.9375
vt 0.046875 0.9375
vt 0.046875 0.9375
vt 0.046875 0.9375
vt 0.046875 0.9375
vt 0.046875 0.9375
vt 0.046875 0.9375
vt 0.046875 0.9375
vt 0.046875 0.9375
vt 0.046875 0.9375
vt 0.046875 0.9375
vt 0.046875 0.9375
vt 0.046875 0.9375
vt 0.046875 0.9375
vt 0.046875 0.9375
vt 0.046875 0.9375
vt 0.046875 0.9375
vt 0.046875 0.9375
vt 0.046875 0.9375
vt 0.046875 0.9375
vt 0.046875 0.9375
vt 0.046875 0.9375
vt 0.046875 0.9375
vt 0.046875 0.9375
vt 0.046875 0.9375
vt 0.046875 0.9375
vt 0.046875 0.9375
vt 0.046875 0.9375
vt 0.046875 0.9375
vt 0.046875 0.9375
vt 0.046875 0.9375
vt 0.046875 0.9375
vt 0.046875 0.9375
vt 0.046875 0.9375
vt 0.046875 0.9375
vt 0.046875 0.9375
vt 0.046875 0.9375
vt 0.046875 0.9375
vt 0.046875 0.9375
vt 0.046875 0.9375
vt 0.046875 0.9375
vt 0.046875 0.9375
vt 0.046875 0.9375
vt 0.046875 0.9375
vt 0.046875 0.9375
vt 0.046875 0.9375
vt 0.046875 0.9375
vt 0.046875 0.9375
vt 0.046875 0.9375
vt 0.046875 0.9375
vt 0.046875 0.9375
vt 0.046875 0.9375
vt 0.046875 0.9375
vt 0.046875 0.9375
vt 0.046875 0.9375
vt 0.046875 0.9375
vt 0.046875 0.9375
vt 0.046875 0.9375
vt 0.046875 0.9375
vt 0.046875 0.9375
vt 0.046875 0.9375
vt 0.046875 0.9375
vt 0.046875 0.9375
vt 0.046875 0.9375
vt 0.046875 0.9375
vt 0.046875 0.9375
vt 0.046875 0.9375
vt 0.046875 0.9375
vt 0.046875 0.9375
vt 0.046875 0.9375
vt 0.046875 0.9375
vt 0.046875 0.9375
vt 0.046875 0.9375
vt 0.046875 0.9375
vt 0.046875 0.9375
vt 0.046875 0.9375
vt 0.046875 0.9375
vt 0.046875 0.9375
vt 0.046875 0.9375
vt 0.046875 0.9375
vt 0.046875 0.9375
vt 0.046875 0.9375
vt 0.046875 0.9375
vt 0.046875 0.9375
vt 0.046875 0.9375
vt 0.046875 0.9375
vt 0.046875 0.9375
vt 0.046875 0.9375
vt 0.046875 0.9375
vt 0.046875 0.9375
vt 0.046875 0.9375
vt 0.046875 0.9375
vt 0.046875 0.9375
vt 0.046875 0.9375
vt 0.046875 0.9375
vt 0.046875 0.9375
vt 0.046875 0.9375
vt 0.046875 0.9375
vt 0.046875 0.9375
vt 0.046875 0.9375
vt 0.046875 0.9375
vt 0.046875 0.9375
vt 0.046875 0.9375
vt 0.046875 0.9375
vt 0.046875 0.9375
vt 0.046875 0.9375
vt 0.046875 0.9375
vt 0.046875 0.9375
vt 0.046875 0.9375
vt 0.046875 0.9375
vt 0.046875 0.9375
vt 0.046875 0.9375
vt 0.046875 0.9375
vt 0.046875 0.9375
vt 0.046875 0.9375
vt 0.046875 0.9375
vt 0.046875 0.9375
vt 0.046875 0.9375
vt 0.046875 0.9375
vt 0.046875 0.9375
vt 0.046875 0.9375
vt 0.046875 0.9375
vt 0.046875 0.9375
vt 0.046875 0.9375
vt 0.046875 0.9375
vt 0.046875 0.9375
vt 0.046875 0.9375
vt 0.046875 0.9375
vt 0.046875 0.9375
vt 0.046875 0.9375
vt 0.046875 0.9375
vt 0.046875 0.9375
vt 0.046875 0.9375
vt 0.046875 0.9375
vt 0.046875 0.9375
vt 0.046875 0.9375
vt 0.046875 0.9375
vt 0.046875 0.9375
vt 0.046875 0.9375
vt 0.046875 0.9375
vt 0.046875 0.9375
vt 0.046875 0.9375
vt 0.046875 0.9375
vt 0.046875 0.9375
vt 0.046875 0.9375
vt 0.046875 0.9375
vt 0.046875 0.9375
vt 0.046875 0.9375
vt 0.046875 0.9375
vt 0.046875 0.9375
vt 0.046875 0.9375
vt 0.046875 0.9375
vt 0.046875 0.9375
vt 0.046875 0.9375
vt 0.046875 0.9375
vt 0.046875 0.9375
vt 0.046875 0.9375
vt 0.046875 0.9375
vt 0.046875 0.9375
vt 0.046875 0.9375
vt 0.046875 0.9375
vt 0.046875 0.9375
vt 0.046875 0.9375
vt 0.046875 0.9375
vt 0.046875 0.9375
vt 0.046875 0.9375
vt 0.046875 0.9375
vt 0.046875 0.9375
vt 0.046875 0.9375
vt 0.046875 0.9375
vt 0.046875 0.9375
vt 0.046875 0.9375
vt 0.046875 0.9375
vt 0.046875 0.9375
vt 0.046875 0.9375
vt 0.046875 0.9375
vt 0.046875 0.9375
vt 0.046875 0.9375
vt 0.046875 0.9375
vt 0.046875 0.9375
vt 0.046875 0.9375
vt 0.046875 0.9375
vt 0.046875 0.9375
vt 0.046875 0.9375
vt 0.046875 0.9375
vt 0.046875 0.9375
vt 0.046875 0.9375
vt 0.046875 0.9375
vt 0.046875 0.9375
vt 0.046875 0.9375
vt 0.046875 0.9375
vt 0.046875 0.9375
vt 0.046875 0.9375
vt 0.046875 0.9375
vt 0.046875 0.9375
vt 0.046875 0.9375
vt 0.046875 0.9375
vt 0.046875 0.9375
vt 0.046875 0.9375
vt 0.046875 0.9375
vt 0.046875 0.9375
vt 0.046875 0.9375
vt 0.046875 0.9375
vt 0.046875 0.9375
vt 0.046875 0.9375
vt 0.046875 0.9375
vt 0.046875 0.9375
vt 0.046875 0.9375
vt 0.046875 0.9375
vt 0.046875 0.9375
vt 0.046875 0.9375
vt 0.046875 0.9375
vt 0.046875 0.9375
vt 0.046875 0.9375
vt 0.046875 0.9375
vt 0.046875 0.9375
vt 0.046875 0.9375
vt 0.046875 0.9375
vt 0.046875 0.9375
vt 0.046875 0.9375
vt 0.046875 0.9375
vt 0.046875 0.9375
vt 0.046875 0.9375
vt 0.046875 0.9375
vt 0.046875 0.9375
vt 0.046875 0.9375
vt 0.046875 0.9375
vt 0.046875 0.9375
vt 0.046875 0.9375
vt 0.046875 0.9375
vt 0.046875 0.9375
vt 0.046875 0.9375
vt 0.046875 0.9375
vt 0.046875 0.9375
vt 0.046875 0.9375
vt 0.046875 0.9375
vt 0.046875 0.9375
vt 0.046875 0.9375
vt 0.046875 0.9375
vt 0.046875 0.9375
vt 0.046875 0.9375
vt 0.046875 0.9375
vt 0.046875 0.9375
vt 0.046875 0.9375
vt 0.046875 0.9375
vt 0.046875 0.9375
vt 0.046875 0.9375
vt 0.046875 0.9375
vt 0.046875 0.9375
vt 0.046875 0.9375
vt 0.046875 0.9375
vt 0.046875 0.9375
vt 0.046875 0.9375
vt 0.046875 0.9375
vt 0.046875 0.9375
vt 0.046875 0.9375
vt 0.046875 0.9375
vt 0.046875 0.9375
vt 0.046875 0.9375
vt 0.046875 0.9375
vt 0.046875 0.9375
vt 0.046875 0.9375
vt 0.046875 0.9375
vt 0.046875 0.9375
vt 0.046875 0.9375
vt 0.046875 0.9375
vt 0.046875 0.9375
vt 0.046875 0.9375
vt 0.046875 0.9375
vt 0.046875 0.9375
vt 0.046875 0.9375
vt 0.046875 0.9375
vt 0.046875 0.9375
vt 0.046875 0.9375
vt 0.046875 0.9375
vt 0.046875 0.9375
vt 0.046875 0.9375
vt 0.046875 0.9375
vt 0.046875 0.9375
vt 0.046875 0.9375
vt 0.046875 0.9375
vt 0.046875 0.9375
vt 0.046875 0.9375
vt 0.046875 0.9375
vt 0.046875 0.9375
vt 0.046875 0.9375
vt 0.046875 0.9375
vt 0.046875 0.9375
vt 0.046875 0.9375
vt 0.046875 0.9375
vt 0.046875 0.9375
vt 0.046875 0.9375
vt 0.046875 0.9375
vt 0.046875 0.9375
vt 0.046875 0.9375
vt 0.046875 0.9375
vt 0.046875 0.9375
vt 0.046875 0.9375
vt 0.046875 0.9375
vt 0.046875 0.9375
vt 0.046875 0.9375
vt 0.046875 0.9375
vt 0.046875 0.9375
vt 0.046875 0.9375
vt 0.046875 0.9375
vt 0.046875 0.9375
vt 0.046875 0.9375
vt 0.046875 0.9375
vt 0.046875 0.9375
vt 0.046875 0.9375
vt 0.046875 0.9375
vt 0.046875 0.9375
vt 0.046875 0.9375
vt 0.046875 0.9375
vt 0.046875 0.9375
vt 0.046875 0.9375
vt 0.046875 0.9375
vt 0.046875 0.9375
vt 0.046875 0.9375
vt 0.046875 0.9375
vt 0.046875 0.9375
vt 0.046875 0.9375
vt 0.046875 0.9375
vt 0.046875 0.9375
vt 0.046875 0.9375
vt 0.046875 0.9375
vt 0.046875 0.9375
vt 0.046875 0.9375
vt 0.046875 0.9375
vt 0.046875 0.9375
vt 0.046875 0.9375
vt 0.046875 0.9375
vt 0.046875 0.9375
vt 0.046875 0.9375
vt 0.046875 0.9375
vt 0.046875 0.9375
vt 0.046875 0.9375
vt 0.046875 0.9375
vt 0.046875 0.9375
vt 0.046875 0.9375
vt 0.046875 0.9375
vt 0.046875 0.9375
vt 0.046875 0.9375
vt 0.046875 0.9375
vt 0.046875 0.9375
vt 0.046875 0.9375
vt 0.046875 0.9375
vt 0.046875 0.9375
vt 0.046875 0.9375
vt 0.046875 0.9375
vt 0.046875 0.9375
vt 0.046875 0.9375
vt 0.046875 0.9375
vt 0.046875 0.9375
vt 0.046875 0.9375
vt 0.046875 0.9375
vt 0.046875 0.9375
vt 0.046875 0.9375
vt 0.046875 0.9375
vt 0.046875 0.9375
vt 0.046875 0.9375
vt 0.046875 0.9375
vt 0.046875 0.9375
vt 0.046875 0.9375
vt 0.046875 0.9375
vt 0.046875 0.9375
vt 0.046875 0.9375
vt 0.046875 0.9375
vt 0.046875 0.9375
vt 0.046875 0.9375
vt 0.046875 0.9375
vt 0.046875 0.9375
vt 0.046875 0.9375
vt 0.046875 0.9375
vt 0.046875 0.9375
vt 0.046875 0.9375
vt 0.046875 0.9375
vt 0.046875 0.9375
vt 0.046875 0.9375
vt 0.046875 0.9375
vt 0.046875 0.9375
vt 0.046875 0.9375
vt 0.046875 0.9375
vt 0.046875 0.9375
vt 0.046875 0.9375
vt 0.046875 0.9375
vt 0.046875 0.9375
vt 0.046875 0.9375
vt 0.046875 0.9375
vt 0.046875 0.9375
vt 0.046875 0.9375
vt 0.046875 0.9375
vt 0.046875 0.9375
vt 0.046875 0.9375
vt 0.046875 0.9375
vt 0.046875 0.9375
vt 0.046875 0.9375
vt 0.046875 0.9375
vt 0.046875 0.9375
vt 0.046875 0.9375
vt 0.046875 0.9375
vt 0.046875 0.9375
vt 0.046875 0.9375
vt 0.046875 0.9375
vt 0.046875 0.9375
vt 0.046875 0.9375
vt 0.046875 0.9375
vt 0.046875 0.9375
vt 0.046875 0.9375
vt 0.046875 0.9375
vt 0.046875 0.9375
vt 0.046875 0.9375
vt 0.046875 0.9375
vt 0.046875 0.9375
vt 0.046875 0.9375
vt 0.046875 0.9375
vt 0.046875 0.9375
vt 0.046875 0.9375
vt 0.046875 0.9375
vt 0.046875 0.9375
vt 0.046875 0.9375
vt 0.046875 0.9375
vt 0.046875 0.9375
vt 0.046875 0.9375
vt 0.046875 0.9375
vt 0.046875 0.9375
vt 0.046875 0.9375
vt 0.046875 0.9375
vt 0.046875 0.9375
vt 0.046875 0.9375
vt 0.046875 0.9375
vt 0.046875 0.9375
vt 0.046875 0.9375
vt 0.046875 0.9375
vt 0.046875 0.9375
vt 0.046875 0.9375
vt 0.046875 0.9375
vt 0.046875 0.9375
vt 0.046875 0.9375
vt 0.046875 0.9375
vt 0.046875 0.9375
vt 0.046875 0.9375
vt 0.046875 0.9375
vt 0.046875 0.9375
vt 0.046875 0.9375
vt 0.046875 0.9375
vt 0.046875 0.9375
vt 0.046875 0.9375
vt 0.046875 0.9375
vt 0.046875 0.9375
vt 0.046875 0.9375
vt 0.046875 0.9375
vt 0.046875 0.9375
vt 0.046875 0.9375
vt 0.046875 0.9375
vt 0.046875 0.9375
vt 0.046875 0.9375
vt 0.046875 0.9375
vt 0.046875 0.9375
vt 0.046875 0.9375
vt 0.046875 0.9375
vt 0.046875 0.9375
vt 0.046875 0.9375
vt 0.046875 0.9375
vt 0.046875 0.9375
vt 0.046875 0.9375
vt 0.046875 0.9375
vt 0.046875 0.9375
vt 0.046875 0.9375
vt 0.046875 0.9375
vt 0.046875 0.9375
vt 0.046875 0.9375
vt 0.046875 0.9375
vt 0.046875 0.9375
vt 0.046875 0.9375
vt 0.046875 0.9375
vt 0.046875 0.9375
vt 0.046875 0.9375
vt 0.046875 0.9375
vt 0.046875 0.9375
vt 0.046875 0.9375
vt 0.046875 0.9375
vt 0.046875 0.9375
vt 0.046875 0.9375
vt 0.046875 0.9375
vt 0.046875 0.9375
vt 0.046875 0.9375
vt 0.046875 0.9375
vt 0.046875 0.9375
vt 0.046875 0.9375
vt 0.046875 0.9375
vt 0.046875 0.9375
vt 0.046875 0.9375
vt 0.046875 0.9375
vt 0.046875 0.9375
vt 0.046875 0.9375
vt 0.046875 0.9375
vt 0.046875 0.9375
vt 0.046875 0.9375
vt 0.046875 0.9375
vt 0.046875 0.9375
vt 0.046875 0.9375
vt 0.046875 0.9375
vt 0.046875 0.9375
vt 0.046875 0.9375
vt 0.046875 0.9375
vt 0.046875 0.9375
vt 0.046875 0.9375
vt 0.046875 0.9375
vt 0.046875 0.9375
vt 0.046875 0.9375
vt 0.046875 0.9375
vt 0.046875 0.9375
vt 0.046875 0.9375
vt 0.046875 0.9375
vt 0.046875 0.9375
vt 0.046875 0.9375
vt 0.40625 0.9375
vt 0.375 0.9375
vt 0.375 0.90625
vt 0.375 0.90625
vt 0.375 0.90625
vt 0.375 0.90625
vt 0.375 0.90625
vt 0.40625 0.9375
vt 0.375 0.90625
vt 0.375 0.90625
vt 0.046875 0.9375
vt 0.046875 0.9375
vt 0.046875 0.9375
vt 0.046875 0.9375
vt 0.046875 0.9375
vt 0.046875 0.9375
vt 0.046875 0.9375
vt 0.046875 0.9375
vt 0.046875 0.9375
vt 0.046875 0.9375
vt 0.046875 0.9375
vt 0.046875 0.9375
vt 0.046875 0.9375
vt 0.046875 0.9375
vt 0.046875 0.9375
vt 0.046875 0.9375
vt 0.046875 0.9375
vt 0.046875 0.9375
vt 0.046875 0.9375
vt 0.046875 0.9375
vt 0.046875 0.9375
vt 0.046875 0.9375
vt 0.046875 0.9375
vt 0.046875 0.9375
vt 0.046875 0.9375
vt 0.046875 0.9375
vt 0.046875 0.9375
vt 0.046875 0.9375
vt 0.046875 0.9375
vt 0.046875 0.9375
vt 0.046875 0.9375
vt 0.046875 0.9375
vt 0.046875 0.9375
vt 0.046875 0.9375
vt 0.046875 0.9375
vt 0.046875 0.9375
vt 0.046875 0.9375
vt 0.046875 0.9375
vt 0.046875 0.9375
vt 0.046875 0.9375
vt 0.046875 0.9375
vt 0.046875 0.9375
vt 0.046875 0.9375
vt 0.046875 0.9375
vt 0.046875 0.9375
vt 0.046875 0.9375
vt 0.046875 0.9375
vt 0.046875 0.9375
vt 0.046875 0.9375
vt 0.046875 0.9375
vt 0.046875 0.9375
vt 0.046875 0.9375
vt 0.046875 0.9375
vt 0.046875 0.9375
vt 0.046875 0.9375
vt 0.046875 0.9375
vt 0.046875 0.9375
vt 0.046875 0.9375
vt 0.046875 0.9375
vt 0.046875 0.9375
vt 0.046875 0.9375
vt 0.046875 0.9375
vt 0.046875 0.9375
vt 0.046875 0.9375
vt 0.046875 0.9375
vt 0.046875 0.9375
vt 0.046875 0.9375
vt 0.046875 0.9375
vt 0.046875 0.9375
vt 0.046875 0.9375
vt 0.046875 0.9375
vt 0.046875 0.9375
vt 0.046875 0.9375
vt 0.046875 0.9375
vt 0.046875 0.9375
vt 0.046875 0.9375
vt 0.046875 0.9375
vt 0.046875 0.9375
vt 0.046875 0.9375
vt 0.046875 0.9375
vt 0.046875 0.9375
vt 0.046875 0.9375
vt 0.046875 0.9375
vt 0.046875 0.9375
vt 0.046875 0.9375
vt 0.046875 0.9375
vt 0.046875 0.9375
vt 0.046875 0.9375
vt 0.046875 0.9375
vt 0.046875 0.9375
vt 0.046875 0.9375
vt 0.046875 0.9375
vt 0.046875 0.9375
vt 0.046875 0.9375
vt 0.046875 0.9375
vt 0.046875 0.9375
vt 0.046875 0.9375
vt 0.046875 0.9375
vt 0.046875 0.9375
vt 0.046875 0.9375
vt 0.046875 0.9375
vt 0.046875 0.9375
vt 0.046875 0.9375
vt 0.046875 0.9375
vt 0.046875 0.9375
vt 0.046875 0.9375
vt 0.046875 0.9375
vt 0.046875 0.9375
vt 0.046875 0.9375
vt 0.046875 0.9375
vt 0.046875 0.9375
vt 0.046875 0.9375
vt 0.046875 0.9375
vt 0.046875 0.9375
vt 0.046875 0.9375
vt 0.046875 0.9375
vt 0.046875 0.9375
vt 0.046875 0.9375
vt 0.046875 0.9375
vt 0.046875 0.9375
vt 0.046875 0.9375
vt 0.046875 0.9375
vt 0.046875 0.9375
vt 0.046875 0.9375
vt 0.046875 0.9375
vt 0.046875 0.9375
vt 0.046875 0.9375
vt 0.046875 0.9375
vt 0.046875 0.9375
vt 0.046875 0.9375
vt 0.046875 0.9375
vt 0.046875 0.9375
vt 0.046875 0.9375
vt 0.046875 0.9375
vt 0.046875 0.9375
vt 0.046875 0.9375
vt 0.046875 0.9375
vt 0.046875 0.9375
vt 0.046875 0.9375
vt 0.046875 0.9375
vt 0.046875 0.9375
vt 0.046875 0.9375
vt 0.046875 0.9375
vt 0.046875 0.9375
vt 0.046875 0.9375
vt 0.046875 0.9375
vt 0.046875 0.9375
vt 0.046875 0.9375
vt 0.046875 0.9375
vt 0.046875 0.9375
vt 0.046875 0.9375
vt 0.046875 0.9375
vt 0.046875 0.9375
vt 0.046875 0.9375
vt 0.046875 0.9375
vt 0.046875 0.9375
vt 0.046875 0.9375
vt 0.046875 0.9375
vt 0.046875 0.9375
vt 0.046875 0.9375
vt 0.046875 0.9375
vt 0.046875 0.9375
vt 0.046875 0.9375
vt 0.046875 0.9375
vt 0.046875 0.9375
vt 0.046875 0.9375
vt 0.046875 0.9375
vt 0.046875 0.9375
vt 0.046875 0.9375
vt 0.046875 0.9375
vt 0.046875 0.9375
vt 0.046875 0.9375
vt 0.046875 0.9375
vt 0.046875 0.9375
vt 0.046875 0.9375
vt 0.046875 0.9375
vt 0.046875 0.9375
vt 0.046875 0.9375
vt 0.046875 0.9375
vt 0.046875 0.9375
vt 0.046875 0.9375
vt 0.046875 0.9375
vt 0.046875 0.9375
vt 0.046875 0.9375
vt 0.046875 0.9375
vt 0.046875 0.9375
vt 0.046875 0.9375
vt 0.046875 0.9375
vt 0.046875 0.9375
vt 0.046875 0.9375
vt 0.046875 0.9375
vt 0.046875 0.9375
vt 0.046875 0.9375
vt 0.046875 0.9375
vt 0.046875 0.9375
vt 0.046875 0.9375
vt 0.046875 0.9375
vt 0.046875 0.9375
vt 0.046875 0.9375
vt 0.046875 0.9375
vt 0.046875 0.9375
vt 0.046875 0.9375
vt 0.046875 0.9375
vt 0.046875 0.9375
vt 0.046875 0.9375
vt 0.046875 0.9375
vt 0.046875 0.9375
vt 0.046875 0.9375
vt 0.046875 0.9375
vt 0.046875 0.9375
vt 0.046875 0.9375
vt 0.046875 0.9375
vt 0.046875 0.9375
vt 0.046875 0.9375
vt 0.046875 0.9375
vt 0.046875 0.9375
vt 0.046875 0.9375
vt 0.046875 0.9375
vt 0.046875 0.9375
vt 0.046875 0.9375
vt 0.046875 0.9375
vt 0.046875 0.9375
vt 0.046875 0.9375
vt 0.046875 0.9375
vt 0.046875 0.9375
vt 0.046875 0.9375
vt 0.046875 0.9375
vt 0.046875 0.9375
vt 0.046875 0.9375
vt 0.046875 0.9375
vt 0.046875 0.9375
vt 0.046875 0.9375
vt 0.046875 0.9375
vt 0.046875 0.9375
vt 0.046875 0.9375
vt 0.046875 0.9375
vt 0.046875 0.9375
vt 0.046875 0.9375
vt 0.046875 0.9375
vt 0.046875 0.9375
vt 0.046875 0.9375
vt 0.046875 0.9375
vt 0.046875 0.9375
vt 0.046875 0.9375
vt 0.046875 0.9375
vt 0.046875 0.9375
vt 0.046875 0.9375
vt 0.046875 0.9375
vt 0.046875 0.9375
vt 0.046875 0.9375
vt 0.046875 0.9375
vt 0.046875 0.9375
vt 0.046875 0.9375
vt 0.046875 0.9375
vt 0.046875 0.9375
vt 0.046875 0.9375
vt 0.046875 0.9375
vt 0.046875 0.9375
vt 0.046875 0.9375
vt 0.046875 0.9375
vt 0.046875 0.9375
vt 0.046875 0.9375
vt 0.046875 0.9375
vt 0.046875 0.9375
vt 0.046875 0.9375
vt 0.046875 0.9375
vt 0.046875 0.9375
vt 0.046875 0.9375
vt 0.046875 0.9375
vt 0.046875 0.9375
vt 0.046875 0.9375
vt 0.046875 0.9375
vt 0.046875 0.9375
vt 0.046875 0.9375
vt 0.046875 0.9375
vt 0.046875 0.9375
vt 0.046875 0.9375
vt 0.046875 0.9375
vt 0.046875 0.9375
vt 0.046875 0.9375
vt 0.046875 0.9375
vt 0.046875 0.9375
vt 0.046875 0.9375
vt 0.046875 0.9375
vt 0.046875 0.9375
vt 0.046875 0.9375
vt 0.046875 0.9375
vt 0.046875 0.9375
vt 0.046875 0.9375
vt 0.046875 0.9375
vt 0.046875 0.9375
vt 0.046875 0.9375
vt 0.046875 0.9375
vt 0.046875 0.9375
vt 0.046875 0.9375
vt 0.046875 0.9375
vt 0.046875 0.9375
vt 0.046875 0.9375
vt 0.046875 0.9375
vt 0.046875 0.9375
vt 0.046875 0.9375
vt 0.046875 0.9375
vt 0.046875 0.9375
vt 0.046875 0.9375
vt 0.046875 0.9375
vt 0.046875 0.9375
vt 0.046875 0.9375
vt 0.046875 0.9375
vt 0.046875 0.9375
vt 0.046875 0.9375
vt 0.046875 0.9375
vt 0.046875 0.9375
vt 0.046875 0.9375
vt 0.046875 0.9375
vt 0.046875 0.9375
vt 0.046875 0.9375
vt 0.046875 0.9375
vt 0.046875 0.9375
vt 0.046875 0.9375
vt 0.046875 0.9375
vt 0.046875 0.9375
vt 0.046875 0.9375
vt 0.046875 0.9375
vt 0.046875 0.9375
vt 0.046875 0.9375
vt 0.046875 0.9375
vt 0.046875 0.9375
vt 0.046875 0.9375
vt 0.046875 0.9375
vt 0.046875 0.9375
vt 0.046875 0.9375
vt 0.046875 0.9375
vt 0.046875 0.9375
vt 0.046875 0.9375
vt 0.046875 0.9375
vt 0.046875 0.9375
vt 0.046875 0.9375
vt 0.046875 0.9375
vt 0.046875 0.9375
vt 0.046875 0.9375
vt 0.046875 0.9375
vt 0.046875 0.9375
vt 0.046875 0.9375
vt 0.046875 0.9375
vt 0.046875 0.9375
vt 0.046875 0.9375
vt 0.046875 0.9375
vt 0.046875 0.9375
vt 0.046875 0.9375
vt 0.046875 0.9375
vt 0.046875 0.9375
vt 0.046875 0.9375
vt 0.046875 0.9375
vt 0.046875 0.9375
vt 0.046875 0.9375
vt 0.046875 0.9375
vt 0.046875 0.9375
vt 0.046875 0.9375
vt 0.046875 0.9375
vt 0.046875 0.9375
vt 0.046875 0.9375
vt 0.046875 0.9375
vt 0.046875 0.9375
vt 0.046875 0.9375
vt 0.046875 0.9375
vt 0.046875 0.9375
vt 0.046875 0.9375
vt 0.046875 0.9375
vt 0.046875 0.9375
vt 0.046875 0.9375
vt 0.046875 0.9375
vt 0.046875 0.9375
vt 0.046875 0.9375
vt 0.046875 0.9375
vt 0.046875 0.9375
vt 0.046875 0.9375
vt 0.046875 0.9375
vt 0.046875 0.9375
vt 0.046875 0.9375
vt 0.046875 0.9375
vt 0.046875 0.9375
vt 0.046875 0.9375
vt 0.046875 0.9375
vt 0.046875 0.9375
vt 0.046875 0.9375
vt 0.046875 0.9375
vt 0.046875 0.9375
vt 0.046875 0.9375
vt 0.046875 0.9375
vt 0.046875 0.9375
vt 0.046875 0.9375
vt 0.046875 0.9375
vt 0.046875 0.9375
vt 0.046875 0.9375
vt 0.046875 0.9375
vt 0.046875 0.9375
vt 0.046875 0.9375
vt 0.046875 0.9375
vt 0.046875 0.9375
vt 0.046875 0.9375
vt 0.046875 0.9375
vt 0.046875 0.9375
vt 0.046875 0.9375
vt 0.046875 0.9375
vt 0.046875 0.9375
vt 0.046875 0.9375
vt 0.046875 0.9375
vt 0.046875 0.9375
vt 0.046875 0.9375
vt 0.046875 0.9375
vt 0.046875 0.9375
vt 0.046875 0.9375
vt 0.046875 0.9375
vt 0.046875 0.9375
vt 0.046875 0.9375
vt 0.046875 0.9375
vt 0.046875 0.9375
vt 0.046875 0.9375
vt 0.046875 0.9375
vt 0.046875 0.9375
vt 0.046875 0.9375
vt 0.046875 0.9375
vt 0.046875 0.9375
vt 0.046875 0.9375
vt 0.046875 0.9375
vt 0.046875 0.9375
vt 0.046875 0.9375
vt 0.046875 0.9375
vt 0.046875 0.9375
vt 0.046875 0.9375
vt 0.046875 0.9375
vt 0.046875 0.9375
vt 0.046875 0.9375
vt 0.046875 0.9375
vt 0.046875 0.9375
vt 0.046875 0.9375
vt 0.046875 0.9375
vt 0.046875 0.9375
vt 0.046875 0.9375
vt 0.046875 0.9375
vt 0.046875 0.9375
vt 0.046875 0.9375
vt 0.046875 0.9375
vt 0.046875 0.9375
vt 0.046875 0.9375
vt 0.046875 0.9375
vt 0.046875 0.9375
vt 0.046875 0.9375
vt 0.046875 0.9375
vt 0.046875 0.9375
vt 0.046875 0.9375
vt 0.046875 0.9375
vt 0.046875 0.9375
vt 0.046875 0.9375
vt 0.046875 0.9375
vt 0.046875 0.9375
vt 0.046875 0.9375
vt 0.046875 0.9375
vt 0.046875 0.9375
vt 0.046875 0.9375
vt 0.046875 0.9375
vt 0.046875 0.9375
vt 0.046875 0.9375
vt 0.046875 0.9375
vt 0.046875 0.9375
vt 0.046875 0.9375
vt 0.046875 0.9375
vt 0.046875 0.9375
vt 0.046875 0.9375
vt 0.046875 0.9375
vt 0.046875 0.9375
vt 0.046875 0.9375
vt 0.046875 0.9375
vt 0.046875 0.9375
vt 0.046875 0.9375
vt 0.046875 0.9375
vt 0.046875 0.9375
vt 0.046875 0.9375
vt 0.046875 0.9375
vt 0.046875 0.9375
vt 0.046875 0.9375
vt 0.046875 0.9375
vt 0.046875 0.9375
vt 0.046875 0.9375
vt 0.046875 0.9375
vt 0.046875 0.9375
vt 0.046875 0.9375
vt 0.046875 0.9375
vt 0.046875 0.9375
vt 0.046875 0.9375
vt 0.046875 0.9375
vt 0.046875 0.9375
vt 0.046875 0.9375
vt 0.046875 0.9375
vt 0.046875 0.9375
vt 0.046875 0.9375
vt 0.046875 0.9375
vt 0.046875 0.9375
vt 0.046875 0.9375
vt 0.046875 0.9375
vt 0.046875 0.9375
vt 0.046875 0.9375
vt 0.046875 0.9375
vt 0.046875 0.9375
vt 0.046875 0.9375
vt 0.046875 0.9375
vt 0.046875 0.9375
vt 0.046875 0.9375
vt 0.046875 0.9375
vt 0.046875 0.9375
vt 0.046875 0.9375
vt 0.046875 0.9375
vt 0.046875 0.9375
vt 0.046875 0.9375
vt 0.046875 0.9375
vt 0.046875 0.9375
vt 0.046875 0.9375
vt 0.046875 0.9375
vt 0.046875 0.9375
vt 0.046875 0.9375
vt 0.046875 0.9375
vt 0.046875 0.9375
vt 0.046875 0.9375
vt 0.046875 0.9375
vt 0.046875 0.9375
vt 0.046875 0.9375
vt 0.046875 0.9375
vt 0.046875 0.9375
vt 0.046875 0.9375
vt 0.046875 0.9375
vt 0.046875 0.9375
vt 0.046875 0.9375
vt 0.046875 0.9375
vt 0.046875 0.9375
vt 0.046875 0.9375
vt 0.046875 0.9375
vt 0.046875 0.9375
vt 0.046875 0.9375
vt 0.046875 0.9375
vt 0.046875 0.9375
vt 0.046875 0.9375
vt 0.046875 0.9375
vt 0.046875 0.9375
vt 0.046875 0.9375
vt 0.046875 0.9375
vt 0.046875 0.9375
vt 0.046875 0.9375
vt 0.046875 0.9375
vt 0.046875 0.9375
vt 0.046875 0.9375
vt 0.046875 0.9375
vt 0.046875 0.9375
vt 0.046875 0.9375
vt 0.046875 0.9375
vt 0.046875 0.9375
vt 0.046875 0.9375
vt 0.046875 0.9375
vt 0.046875 0.9375
vt 0.046875 0.9375
vt 0.046875 0.9375
vt 0.046875 0.9375
vt 0.046875 0.9375
vt 0.046875 0.9375
vt 0.046875 0.9375
vt 0.046875 0.9375
vt 0.046875 0.9375
vt 0.046875 0.9375
vt 0.046875 0.9375
vt 0.046875 0.9375
vt 0.046875 0.9375
vt 0.046875 0.9375
vt 0.046875 0.9375
vt 0.046875 0.9375
vt 0.046875 0.9375
vt 0.046875 0.9375
vt 0.046875 0.9375
vt 0.046875 0.9375
vt 0.046875 0.9375
vt 0.046875 0.9375
vt 0.046875 0.9375
vt 0.046875 0.9375
vt 0.046875 0.9375
vt 0.046875 0.9375
vt 0.046875 0.9375
vt 0.046875 0.9375
vt 0.046875 0.9375
vt 0.046875 0.9375
vt 0.046875 0.9375
vt 0.046875 0.9375
vt 0.046875 0.9375
vt 0.046875 0.9375
vt 0.046875 0.9375
vt 0.046875 0.9375
vt 0.046875 0.9375
vt 0.046875 0.9375
vt 0.046875 0.9375
vt 0.046875 0.9375
vt 0.046875 0.9375
vt 0.046875 0.9375
vt 0.046875 0.9375
vt 0.046875 0.9375
vt 0.046875 0.9375
vt 0.046875 0.9375
vt 0.046875 0.9375
vt 0.046875 0.9375
vt 0.046875 0.9375
vt 0.046875 0.9375
vt 0.046875 0.9375
vt 0.046875 0.9375
vt 0.046875 0.9375
vt 0.046875 0.9375
vt 0.046875 0.9375
vt 0.046875 0.9375
vt 0.046875 0.9375
vt 0.046875 0.9375
vt 0.046875 0.9375
vt 0.046875 0.9375
vt 0.046875 0.9375
vt 0.046875 0.9375
vt 0.046875 0.9375
vt 0.046875 0.9375
vt 0.046875 0.9375
vt 0.046875 0.9375
vt 0.046875 0.9375
vt 0.046875 0.9375
vt 0.046875 0.9375
vt 0.046875 0.9375
vt 0.046875 0.9375
vt 0.046875 0.9375
vt 0.046875 0.9375
vt 0.046875 0.9375
vt 0.046875 0.9375
vt 0.046875 0.9375
vt 0.046875 0.9375
vt 0.046875 0.9375
vt 0.046875 0.9375
vt 0.046875 0.9375
vt 0.046875 0.9375
vt 0.046875 0.9375
vt 0.046875 0.9375
vt 0.046875 0.9375
vt 0.046875 0.9375
vt 0.046875 0.9375
vt 0.046875 0.9375
vt 0.046875 0.9375
vt 0.046875 0.9375
vt 0.046875 0.9375
vt 0.046875 0.9375
vt 0.046875 0.9375
vt 0.046875 0.9375
vt 0.046875 0.9375
vt 0.046875 0.9375
vt 0.046875 0.9375
vt 0.046875 0.9375
vt 0.046875 0.9375
vt 0.046875 0.9375
vt 0.046875 0.9375
vt 0.046875 0.9375
vt 0.046875 0.9375
vt 0.046875 0.9375
vt 0.046875 0.9375
vt 0.046875 0.9375
vt 0.046875 0.9375
vt 0.046875 0.9375
vt 0.046875 0.9375
vt 0.046875 0.9375
vt 0.046875 0.9375
vt 0.046875 0.9375
vt 0.046875 0.9375
vt 0.046875 0.9375
vt 0.046875 0.9375
vt 0.046875 0.9375
vt 0.046875 0.9375
vt 0.046875 0.9375
vt 0.046875 0.9375
vt 0.046875 0.9375
vt 0.046875 0.9375
vt 0.046875 0.9375
vt 0.046875 0.9375
vt 0.046875 0.9375
vt 0.046875 0.9375
vt 0.046875 0.9375
vt 0.046875 0.9375
vt 0.046875 0.9375
vt 0.046875 0.9375
vt 0.046875 0.9375
vt 0.046875 0.9375
vt 0.046875 0.9375
vt 0.046875 0.9375
vt 0.046875 0.9375
vt 0.046875 0.9375
vt 0.046875 0.9375
vt 0.046875 0.9375
vt 0.046875 0.9375
vt 0.046875 0.9375
vt 0.046875 0.9375
vt 0.046875 0.9375
vt 0.046875 0.9375
vt 0.046875 0.9375
vt 0.046875 0.9375
vt 0.046875 0.9375
vt 0.046875 0.9375
vt 0.046875 0.9375
vt 0.046875 0.9375
vt 0.046875 0.9375
vt 0.046875 0.9375
vt 0.046875 0.9375
vt 0.046875 0.9375
vt 0.046875 0.9375
vt 0.046875 0.9375
vt 0.046875 0.9375
vt 0.046875 0.9375
vt 0.046875 0.9375
vt 0.046875 0.9375
vt 0.046875 0.9375
vt 0.046875 0.9375
vt 0.046875 0.9375
vt 0.046875 0.9375
vt 0.046875 0.9375
vt 0.046875 0.9375
vt 0.046875 0.9375
vt 0.046875 0.9375
vt 0.046875 0.9375
vt 0.046875 0.9375
vt 0.046875 0.9375
vt 0.046875 0.9375
vt 0.046875 0.9375
vt 0.046875 0.9375
vt 0.046875 0.9375
vt 0.046875 0.9375
vt 0.046875 0.9375
vt 0.046875 0.9375
vt 0.046875 0.9375
vt 0.046875 0.9375
vt 0.046875 0.9375
vt 0.046875 0.9375
vt 0.046875 0.9375
vt 0.046875 0.9375
vt 0.046875 0.9375
vt 0.046875 0.9375
vt 0.046875 0.9375
vt 0.046875 0.9375
vt 0.046875 0.9375
vt 0.046875 0.9375
vt 0.046875 0.9375
vt 0.046875 0.9375
vt 0.046875 0.9375
vt 0.046875 0.9375
vt 0.046875 0.9375
vt 0.046875 0.9375
vt 0.046875 0.9375
vt 0.046875 0.9375
vt 0.046875 0.9375
vt 0.046875 0.9375
vt 0.046875 0.9375
vt 0.046875 0.9375
vt 0.046875 0.9375
vt 0.046875 0.9375
vt 0.046875 0.9375
vt 0.046875 0.9375
vt 0.046875 0.9375
vt 0.046875 0.9375
vt 0.046875 0.9375
vt 0.046875 0.9375
vt 0.046875 0.9375
vt 0.046875 0.9375
vt 0.046875 0.9375
vt 0.046875 0.9375
vt 0.046875 0.9375
vt 0.046875 0.9375
vt 0.046875 0.9375
vt 0.046875 0.9375
vt 0.046875 0.9375
vt 0.046875 0.9375
vt 0.046875 0.9375
vt 0.046875 0.9375
vt 0.046875 0.9375
vt 0.046875 0.9375
vt 0.046875 0.9375
vt 0.046875 0.9375
vt 0.046875 0.9375
vt 0.046875 0.9375
vt 0.046875 0.9375
vt 0.046875 0.9375
vt 0.046875 0.9375
vt 0.046875 0.9375
vt 0.046875 0.9375
vt 0.046875 0.9375
vt 0.046875 0.9375
vt 0.046875 0.9375
vt 0.046875 0.9375
vt 0.046875 0.9375
vt 0.046875 0.9375
vt 0.046875 0.9375
vt 0.046875 0.9375
vt 0.046875 0.9375
vt 0.046875 0.9375
vt 0.046875 0.9375
vt 0.046875 0.9375
vt 0.046875 0.9375
vt 0.046875 0.9375
vt 0.046875 0.9375
vt 0.046875 0.9375
vt 0.046875 0.9375
vt 0.046875 0.9375
vt 0.046875 0.9375
vt 0.046875 0.9375
vt 0.046875 0.9375
vt 0.046875 0.9375
vt 0.046875 0.9375
vt 0.046875 0.9375
vt 0.046875 0.9375
vt 0.046875 0.9375
vt 0.046875 0.9375
vt 0.046875 0.9375
vt 0.046875 0.9375
vt 0.046875 0.9375
vt 0.046875 0.9375
vt 0.046875 0.9375
vt 0.046875 0.9375
vt 0.046875 0.9375
vt 0.046875 0.9375
vt 0.046875 0.9375
vt 0.046875 0.9375
vt 0.046875 0.9375
vt 0.046875 0.9375
vt 0.046875 0.9375
vt 0.046875 0.9375
vt 0.046875 0.9375
vt 0.046875 0.9375
vt 0.046875 0.9375
vt 0.046875 0.9375
vt 0.046875 0.9375
vt 0.046875 0.9375
vt 0.046875 0.9375
vt 0.046875 0.9375
vt 0.046875 0.9375
vt 0.046875 0.9375
vt 0.046875 0.9375
vt 0.046875 0.9375
vt 0.046875 0.9375
vt 0.046875 0.9375
vt 0.046875 0.9375
vt 0.046875 0.9375
vt 0.046875 0.9375
vt 0.046875 0.9375
vt 0.046875 0.9375
vt 0.046875 0.9375
vt 0.046875 0.9375
vt 0.046875 0.9375
vt 0.046875 0.9375
vt 0.046875 0.9375
vt 0.046875 0.9375
vt 0.046875 0.9375
vt 0.046875 0.9375
vt 0.046875 0.9375
vt 0.046875 0.9375
vt 0.046875 0.9375
vt 0.046875 0.9375
vt 0.046875 0.9375
vt 0.046875 0.9375
vt 0.046875 0.9375
vt 0.046875 0.9375
vt 0.046875 0.9375
vt 0.046875 0.9375
vt 0.046875 0.9375
vt 0.046875 0.9375
vt 0.046875 0.9375
vt 0.046875 0.9375
vt 0.046875 0.9375
vt 0.046875 0.9375
vt 0.046875 0.9375
vt 0.046875 0.9375
vt 0.046875 0.9375
vt 0.046875 0.9375
vt 0.046875 0.9375
vt 0.046875 0.9375
vt 0.046875 0.9375
vt 0.046875 0.9375
vt 0.046875 0.9375
vt 0.046875 0.9375
vt 0.046875 0.9375
vt 0.046875 0.9375
vt 0.046875 0.9375
vt 0.046875 0.9375
vt 0.046875 0.9375
vt 0.046875 0.9375
vt 0.046875 0.9375
vt 0.046875 0.9375
vt 0.046875 0.9375
vt 0.046875 0.9375
vt 0.046875 0.9375
vt 0.046875 0.9375
vt 0.046875 0.9375
vt 0.046875 0.9375
vt 0.046875 0.9375
vt 0.046875 0.9375
vt 0.046875 0.9375
vt 0.046875 0.9375
vt 0.046875 0.9375
vt 0.046875 0.9375
vt 0.046875 0.9375
vt 0.046875 0.9375
vt 0.046875 0.9375
vt 0.046875 0.9375
vt 0.046875 0.9375
vt 0.046875 0.9375
vt 0.046875 0.9375
vt 0.046875 0.9375
vt 0.046875 0.9375
vt 0.046875 0.9375
vt 0.046875 0.9375
vt 0.046875 0.9375
vt 0.046875 0.9375
vt 0.046875 0.9375
vt 0.046875 0.9375
vt 0.046875 0.9375
vt 0.046875 0.9375
vt 0.046875 0.9375
vt 0.046875 0.9375
vt 0.046875 0.9375
vt 0.046875 0.9375
vt 0.046875 0.9375
vt 0.046875 0.9375
vt 0.046875 0.9375
vt 0.046875 0.9375
vt 0.046875 0.9375
vt 0.046875 0.9375
vt 0.046875 0.9375
vt 0.046875 0.9375
vt 0.046875 0.9375
vt 0.046875 0.9375
vt 0.046875 0.9375
vt 0.046875 0.9375
vt 0.046875 0.9375
vt 0.046875 0.9375
vt 0.046875 0.9375
vt 0.046875 0.9375
vt 0.046875 0.9375
vt 0.046875 0.9375
vt 0.046875 0.9375
vt 0.046875 0.9375
vt 0.046875 0.9375
vt 0.046875 0.9375
vt 0.046875 0.9375
vt 0.046875 0.9375
vt 0.046875 0.96875
vt 0.078125 0.96875
vt 0.046875 0.9375
vt 0.046875 0.9375
vt 0.046875 0.9375
vt 0.046875 0.9375
vt 0.046875 0.9375
vt 0.046875 0.9375
vt 0.046875 0.9375
vt 0.046875 0.9375
vt 0.046875 0.9375
vt 0.046875 0.9375
vt 0.046875 0.9375
vt 0.046875 0.9375
vt 0.046875 0.9375
vt 0.046875 0.9375
vt 0.046875 0.9375
vt 0.046875 0.9375
vt 0.046875 0.9375
vt 0.046875 0.9375
vt 0.046875 0.9375
vt 0.046875 0.9375
vt 0.046875 0.9375
vt 0.046875 0.9375
vt 0.046875 0.9375
vt 0.046875 0.9375
vt 0.046875 0.9375
vt 0.046875 0.9375
vt 0.046875 0.9375
vt 0.046875 0.9375
vt 0.046875 0.9375
vt 0.046875 0.9375
vt 0.046875 0.9375
vt 0.046875 0.9375
vt 0.046875 0.9375
vt 0.046875 0.9375
vt 0.046875 0.9375
vt 0.046875 0.9375
vt 0.046875 0.9375
vt 0.046875 0.9375
vt 0.046875 0.9375
vt 0.046875 0.9375
vt 0.046875 0.9375
vt 0.046875 0.9375
vt 0.046875 0.9375
vt 0.046875 0.9375
vt 0.046875 0.9375
vt 0.046875 0.9375
vt 0.046875 0.9375
vt 0.046875 0.9375
vt 0.046875 0.9375
vt 0.046875 0.9375
vt 0.046875 0.9375
vt 0.046875 0.9375
vt 0.046875 0.9375
vt 0.046875 0.9375
vt 0.046875 0.9375
vt 0.046875 0.9375
vt 0.046875 0.9375
vt 0.046875 0.9375
vt 0.046875 0.9375
vt 0.046875 0.9375
vt 0.046875 0.9375
vt 0.046875 0.9375
vt 0.046875 0.9375
vt 0.046875 0.9375
vt 0.046875 0.9375
vt 0.046875 0.9375
vt 0.046875 0.9375
vt 0.046875 0.9375
vt 0.046875 0.9375
vt 0.046875 0.9375
vt 0.046875 0.9375
vt 0.046875 0.9375
vt 0.046875 0.9375
vt 0.046875 0.9375
vt 0.046875 0.9375
vt 0.046875 0.9375
vt 0.046875 0.9375
vt 0.046875 0.9375
vt 0.046875 0.9375
vt 0.046875 0.9375
vt 0.046875 0.9375
vt 0.046875 0.9375
vt 0.046875 0.9375
vt 0.046875 0.9375
vt 0.046875 0.9375
vt 0.046875 0.9375
vt 0.046875 0.9375
vt 0.046875 0.9375
vt 0.046875 0.9375
vt 0.046875 0.9375
vt 0.046875 0.9375
vt 0.046875 0.9375
vt 0.046875 0.9375
vt 0.046875 0.9375
vt 0.046875 0.9375
vt 0.046875 0.9375
vt 0.046875 0.9375
vt 0.046875 0.9375
vt 0.046875 0.9375
vt 0.046875 0.9375
vt 0.046875 0.9375
vt 0.046875 0.9375
vt 0.046875 0.9375
vt 0.046875 0.9375
vt 0.046875 0.9375
vt 0.046875 0.9375
vt 0.046875 0.9375
vt 0.046875 0.9375
vt 0.046875 0.9375
vt 0.046875 0.9375
vt 0.046875 0.9375
vt 0.046875 0.9375
vt 0.046875 0.9375
vt 0.046875 0.9375
vt 0.046875 0.9375
vt 0.046875 0.9375
vt 0.046875 0.9375
vt 0.046875 0.9375
vt 0.046875 0.9375
vt 0.046875 0.9375
vt 0.046875 0.9375
vt 0.046875 0.9375
vt 0.046875 0.9375
vt 0.046875 0.9375
vt 0.046875 0.9375
vt 0.046875 0.9375
vt 0.046875 0.9375
vt 0.046875 0.9375
vt 0.046875 0.9375
vt 0.046875 0.9375
vt 0.046875 0.9375
vt 0.046875 0.9375
vt 0.046875 0.9375
vt 0.046875 0.9375
vt 0.046875 0.9375
vt 0.046875 0.9375
vt 0.046875 0.9375
vt 0.046875 0.9375
vt 0.046875 0.9375
vt 0.046875 0.9375
vt 0.046875 0.9375
vt 0.046875 0.9375
vt 0.046875 0.9375
vt 0.046875 0.9375
vt 0.046875 0.9375
vt 0.046875 0.9375
vt 0.046875 0.9375
vt 0.046875 0.9375
vt 0.046875 0.9375
vt 0.046875 0.9375
vt 0.046875 0.9375
vt 0.046875 0.9375
vt 0.046875 0.9375
vt 0.046875 0.9375
vt 0.046875 0.9375
vt 0.046875 0.9375
vt 0.046875 0.9375
vt 0.046875 0.9375
vt 0.046875 0.9375
vt 0.046875 0.9375
vt 0.046875 0.9375
vt 0.046875 0.9375
vt 0.046875 0.9375
vt 0.046875 0.9375
vt 0.046875 0.9375
vt 0.046875 0.9375
vt 0.046875 0.9375
vt 0.046875 0.9375
vt 0.046875 0.9375
vt 0.046875 0.9375
vt 0.046875 0.9375
vt 0.046875 0.9375
vt 0.046875 0.9375
vt 0.046875 0.9375
vt 0.046875 0.9375
vt 0.046875 0.9375
vt 0.046875 0.9375
vt 0.046875 0.9375
vt 0.046875 0.9375
vt 0.046875 0.9375
vt 0.046875 0.9375
vt 0.046875 0.9375
vt 0.046875 0.9375
vt 0.046875 0.9375
vt 0.046875 0.9375
vt 0.046875 0.9375
vt 0.046875 0.9375
vt 0.046875 0.9375
vt 0.046875 0.9375
vt 0.046875 0.9375
vt 0.046875 0.9375
vt 0.046875 0.9375
vt 0.046875 0.9375
vt 0.046875 0.9375
vt 0.046875 0.9375
vt 0.046875 0.9375
vt 0.046875 0.9375
vt 0.046875 0.9375
vt 0.046875 0.9375
vt 0.046875 0.9375
vt 0.046875 0.9375
vt 0.046875 0.9375
vt 0.046875 0.9375
vt 0.046875 0.9375
vt 0.046875 0.9375
vt 0.046875 0.9375
vt 0.046875 0.9375
vt 0.046875 0.9375
vt 0.046875 0.9375
vt 0.046875 0.9375
vt 0.046875 0.9375
vt 0.046875 0.9375
vt 0.046875 0.9375
vt 0.046875 0.9375
vt 0.046875 0.9375
vt 0.046875 0.9375
vt 0.046875 0.9375
vt 0.046875 0.9375
vt 0.046875 0.9375
vt 0.046875 0.9375
vt 0.046875 0.9375
vt 0.046875 0.9375
vt 0.046875 0.9375
vt 0.046875 0.9375
vt 0.046875 0.9375
vt 0.046875 0.9375
vt 0.046875 0.9375
vt 0.046875 0.9375
vt 0.046875 0.9375
vt 0.046875 0.9375
vt 0.046875 0.9375
vt 0.046875 0.96875
vt 0.046875 0.9375
vt 0.046875 0.9375
vt 0.046875 0.96875
vt 0.046875 0.9375
vt 0.046875 0.9375
vt 0.046875 0.9375
vt 0.046875 0.9375
vt 0.078125 0.96875
vt 0.046875 0.9375
vt 0.046875 0.9375
vt 0.046875 0.9375
vt 0.046875 0.9375
vt 0.046875 0.9375
vt 0.046875 0.9375
vt 0.046875 0.9375
vt 0.046875 0.9375
vt 0.046875 0.9375
vt 0.046875 0.9375
vt 0.046875 0.9375
vt 0.046875 0.9375
vt 0.046875 0.9375
vt 0.046875 0.9375
vt 0.046875 0.9375
vt 0.046875 0.9375
vt 0.046875 0.9375
vt 0.046875 0.9375
vt 0.046875 0.9375
vt 0.046875 0.9375
vt 0.046875 0.9375
vt 0.046875 0.9375
vt 0.046875 0.9375
vt 0.046875 0.9375
vt 0.046875 0.9375
vt 0.046875 0.9375
vt 0.046875 0.9375
vt 0.046875 0.9375
vt 0.375 0.90625
vt 0.375 0.90625
vt 0.375 0.90625
vt 0.375 0.90625
vt 0.375 0.90625
vt 0.375 0.90625
vt 0.375 0.90625
vt 0.375 0.90625
vt 0.375 0.90625
vt 0.375 0.90625
vt 0.078125 0.96875
vt 0.046875 0.96875
vt 0.046875 0.9375
vn -0.09299105782589855 -0.6110856016251955 0.7860833611334063
vn -0.0759144543529236 0.6325637579875857 0.7707788837928303
vn -0.07448571043479076 -0.8273158155723082 0.5567768136739814
vn -0.08653602725376414 0.4696282908153738 0.8786129890076555
vn -0.07665770341723128 -0.8965644695066693 0.43622900926579894
vn -0.09078393654837272 0.2890849818647501 0.9529890608632601
vn -0.02653589827229003 -0.9855319873723578 0.16739936669167366
vn -0.09230953120146486 0.09759757344157635 0.9909357517557241
vn -0.006274259513187217 0.9979490212898262 0.06370545168381607
vn -0.00627425951318721 -0.9979490212898262 0.06370545168381607
vn -0.09216151340631333 -0.09759879346729895 0.9909494088803855
vn -0.028578030268310586 0.9565495445214874 0.2901659267759033
vn -0.09166367996796931 -0.31373677140273076 0.9450751335446936
vn -0.04637783463540463 0.8809712509111561 0.47089144345864237
vn -0.0960441917874108 -0.45046470160439384 0.8876131284700376
vn -0.062359869359986136 0.7715059577154816 0.6331585930104111
vn -0.0188358631908696 0.9978925888186938 0.06209340897857084
vn -0.018835863190869606 -0.9978925888186938 0.06209340897857084
vn -0.26359294282012624 -0.1092019208791049 0.9584329402580755
vn -0.08463841333667574 0.9565495235943737 0.27901495999180187
vn -0.25350583357496165 -0.339627062621131 0.9057528640191022
vn -0.137354647754716 0.8809712343632743 0.45279508054375645
vn -0.2191754291556208 -0.4625251098275242 0.8590882690582419
vn -0.1846864169034603 0.7715057872710644 0.6088265332741474
vn -0.2024962774605432 -0.6202114368851867 0.7578476305771727
vn -0.22482848039117148 0.6325632771751376 0.741158454565855
vn -0.1275712046241093 -0.8338099938381395 0.537109376129663
vn -0.25518906011638987 0.47664388125472595 0.841242624965797
vn -0.10624684777656254 -0.8943070667033048 0.4346567355765636
vn -0.23614006990654496 0.2954946514907519 0.9257001557334271
vn -0.04623144430565432 -0.9846287780650724 0.16843046922542138
vn -0.26621541815427757 0.09848936254537674 0.9588687066550607
vn -0.36510107280427656 0.6325630884158221 0.6830557413644974
vn -0.19260543250234757 -0.8427740460407945 0.5026281475311669
vn -0.3974059953628561 0.537850436024699 0.7434953821764455
vn -0.15707226259043564 -0.8985043326158958 0.40990031543679656
vn -0.4545793085771035 0.26472089067748605 0.8504589950447236
vn -0.08555915898053837 -0.9840893480660541 0.15571700400878508
vn -0.41274643409503486 0.10388059129309392 0.9049028698674959
vn -0.031429163931876274 0.9977749166276884 0.05879985887017825
vn -0.03142916393187629 -0.9977749166276884 0.05879985887017825
vn -0.4326683528805234 -0.12515452493753632 0.8928238579380116
vn -0.13744511167132142 0.956549482956535 0.2571418439951841
vn -0.3849069556543012 -0.3289727746547667 0.8623360998038304
vn -0.22305046792818178 0.880971281725102 0.4172985616230307
vn -0.3442128856730941 -0.4791173848962775 0.8074428901332614
vn -0.2999133057284166 0.7715058921877693 0.5610977342376349
vn -0.2763084120738827 -0.6065187406778517 0.7455123598061688
vn -0.5946225307021161 -0.08810952410640097 0.7991625352474643
vn -0.18497037024266885 0.9565494886607274 0.22538641901230638
vn -0.5367513998175619 -0.31382469579479044 0.7832062276968915
vn -0.300176484206465 0.880971184567317 0.3657647471962055
vn -0.4330149648547578 -0.4413653019153061 0.7859355638199887
vn -0.4036155067555711 0.7715058919307484 0.49180604044946824
vn -0.3671144270998587 -0.6244750163846253 0.6893895497659973
vn -0.4913428679905465 0.6325635188151089 0.5987032493139417
vn -0.26297142831345716 -0.8550265400168862 0.4469626872094946
vn -0.5259001976667784 0.5592785201662323 0.640809268795882
vn -0.2036404991807433 -0.9158230902998313 0.3461193643341624
vn -0.5962059752542477 0.34171109067338074 0.7264791570182451
vn -0.0904058216021744 -0.9839795099122355 0.1536590755318829
vn -0.6328302267277398 0.0701736051049208 0.7711041235049235
vn -0.04405584594604018 0.997585745460014 0.05368205373276202
vn -0.04405584594604015 -0.997585745460014 0.05368205373276202
vn -0.3256347623420019 -0.8689105455223334 0.37276864867441484
vn -0.6315355235460661 0.5766628459284003 0.5182883797898176
vn -0.2505288483453694 -0.9246541586252509 0.2867925785019072
vn -0.7232962293843352 0.3528299139252052 0.5935938143191314
vn -0.11027032313434254 -0.9858529264566417 0.12623178376590852
vn -0.7669338642697117 0.12514377801929147 0.6294056582676913
vn -0.056681858288867515 0.9973080105206503 0.046517728795193475
vn -0.05668185828886759 -0.9973080105206503 0.0465177287951935
vn -0.7409539638544128 -0.03379433821850293 0.6707049769852667
vn -0.22538641805552992 0.9565494890380052 0.18497036945746037
vn -0.7034703157845636 -0.16483287545740782 0.6913462504262311
vn -0.36576472904833884 0.8809712935210301 0.3001761865572923
vn -0.6243477974655091 -0.43925248609174516 0.6459466551211399
vn -0.4918057537958392 0.7715061977337425 0.4036152715045978
vn -0.48454325761952327 -0.6764243995327622 0.554678161830987
vn -0.598703786507533 0.6325626679358959 0.49134330885376265
vn -0.257141817422417 0.9565494921407565 0.1374450974678887
vn -0.8373303853772458 -0.10783197333158705 0.5359571729638563
vn -0.4172985583767679 0.8809712837021123 0.2230504661930203
vn -0.7602184883805955 -0.3995712266850403 0.5122603681036966
vn -0.5610983327994766 0.7715059002156661 0.2999121652451973
vn -0.5723072123961918 -0.700280048466016 0.4266993184430161
vn -0.6830560080269519 0.6325630934912846 0.3651005651201063
vn -0.3772636575052194 -0.8823571617711655 0.2812791705706587
vn -0.7121988271202653 0.5897938998119112 0.38067832403904445
vn -0.28842035299869756 -0.9330444659420263 0.21503889078737762
vn -0.8222910742730568 0.3614630877458264 0.4395245446708468
vn -0.12448942149054461 -0.9878702002465631 0.09281622380685887
vn -0.8667385601743081 0.1847554808701769 0.46328142699162594
vn -0.06921454437531598 0.9969155672690877 0.03699592657942957
vn -0.06921454437531599 -0.9969155672690877 0.03699592657942957
vn -0.8611347320208066 0.026487671176741202 0.5076862974151325
vn -0.7665727019874156 0.5985758650570145 0.2325365053899274
vn -0.3151605269289114 -0.9396225284104994 0.13335421391673782
vn -0.890031546573256 0.36735605546300776 0.2699877304972911
vn -0.13313400353893337 -0.9894957937046028 0.05633303952915507
vn -0.9300238362879586 0.23550863115410137 0.2821193871185564
vn -0.0814631952675822 0.9963699570445894 0.02471146526936438
vn -0.0814631952675822 -0.9963699570445894 0.024711465269364342
vn -0.9453121395331604 0.07967451741077998 0.3162861522839695
vn -0.2790152756586288 0.9565494742028364 0.08463793092589539
vn -0.9383067110342814 -0.05832640383372358 0.340849742032842
vn -0.4527957380009827 0.8809711112004325 0.13735327035939338
vn -0.8716153320084963 -0.35942325765971733 0.3333191186550738
vn -0.6088262657379394 0.77150612387295 0.18468589273177388
vn -0.6387836982773862 -0.7203465766566521 0.2702890976604628
vn -0.741158319225086 0.6325636009462017 0.22482801560619675
vn -0.41433003116440087 -0.8930816896140116 0.17531606016417606
vn -0.9943148295672242 -0.02584888478777984 0.10329498951028555
vn -0.4729350873931869 0.8804181805472879 0.03458656493787986
vn -0.938832916440291 -0.328942972952069 0.10192779578540898
vn -0.6349891983149432 0.7708698419350216 0.050481727569694004
vn -0.6767215601264612 -0.7318607705460034 0.0801732037267977
vn -0.7723657366890567 0.6319404742666194 0.06405002554605967
vn -0.43506193588278885 -0.8989930313693202 0.050325356385435206
vn -0.795082673869039 0.6027297483191005 0.06753067602544234
vn -0.3302242943548666 -0.9431918634781632 0.036619995718470126
vn -0.9255575136079818 0.3701211988310628 0.0797093920417648
vn -0.13753455175304904 -0.9903976044016966 0.014029692422455846
vn -0.9598427311434385 0.26789581958692077 0.0832692099095263
vn -0.09684880315317541 0.9952905807812461 0.004119361106710302
vn -0.09689293712825624 -0.9952865284923162 0.00406016457471308
vn -0.9888716201855204 0.11462291789855618 0.094839366742323
vn -0.29319182785399883 0.9559722988302732 0.012470603385329114
vn -0.32920477253698555 -0.9437766623995406 -0.03016337595255843
vn -0.925991094776485 0.37097307613591035 -0.0701389276857521
vn -0.13710431975388399 -0.990496430131759 -0.010919130050805916
vn -0.957963152717217 0.27730402211691807 -0.07354642991926998
vn -0.09957155058623711 0.9950152654407405 -0.005488884562935628
vn -0.09956464258626826 -0.9950153508805702 -0.005597629738039077
vn -0.9887882515222913 0.1233990661605122 -0.08408605188854712
vn -0.2921479441311411 0.9562375324916129 -0.01610466374374653
vn -0.9955956742147888 -0.02027895671256766 -0.0915315104182706
vn -0.4712280003733515 0.8816009740571856 -0.026905282112517658
vn -0.9428866618438491 -0.3207159483360203 -0.09003345711395436
vn -0.6338432555225371 0.7723401376828888 -0.041634590817831996
vn -0.6762905642108971 -0.733333504163913 -0.0696637956903211
vn -0.771856505429372 0.6334482319048182 -0.05459736736343205
vn -0.43414254887638887 -0.8998251724286898 -0.04283580650333295
vn -0.7949863565280207 0.6037797455374665 -0.0587087030432048
vn -0.8808816280406939 -0.33252181304426276 -0.33686317879835576
vn -0.6088265332741475 0.7715057872710646 -0.1846864169034597
vn -0.6387835891264354 -0.7203463066123406 -0.2702900753130042
vn -0.7411584545658553 0.6325632771751376 -0.2248284803911709
vn -0.4143300752034624 -0.8930816006627027 -0.1753164092138505
vn -0.766572796859675 0.598575110271911 -0.2325381355341638
vn -0.3151600623517196 -0.9396225594422465 -0.13335509321230513
vn -0.8900311654950851 0.36735677747267315 -0.2699880043489959
vn -0.13076361688627852 -0.989868406049864 -0.055330056959308954
vn -0.9236089672923525 0.261627778937159 -0.2801738403662327
vn -0.0980023719829377 0.9947420452878405 -0.029728747405193743
vn -0.09800237198293768 -0.9947420452878405 -0.029728747405193705
vn -0.9430853385502996 0.10498827097059742 -0.3155431938262514
vn -0.27901528714169405 0.9565494193872286 -0.08463851257668686
vn -0.9391477607912591 -0.040188616563413694 -0.34115444962580077
vn -0.45279491955365064 0.8809715705684327 -0.13735302208758296
vn -0.12115929082382797 -0.9885141513517857 -0.0903338188295294
vn -0.8592906973351853 0.2250835040122715 -0.459300461239447
vn -0.09262184200375156 0.9944698152999413 -0.04950738168326885
vn -0.09262184200375156 -0.9944698152999413 -0.049507381683268854
vn -0.859659382363242 0.0641933106348818 -0.5068184736023172
vn -0.2571418439951841 0.956549482956535 -0.13744511167132165
vn -0.839425108803246 -0.08170103144951191 -0.5372991979993498
vn -0.41729856162303064 0.8809712817251021 -0.2230504679281819
vn -0.7729030059554459 -0.36246256461575976 -0.5208088254217688
vn -0.5610977342376349 0.7715058921877693 -0.2999133057284166
vn -0.5723075347129829 -0.7002800907943716 -0.4266988166702301
vn -0.6830557413644975 0.6325630884158221 -0.36510107280427656
vn -0.3772634455797213 -0.8823574861199629 -0.28127843734878816
vn -0.7121990695221323 0.5897939507886666 -0.3806777915572501
vn -0.288420241809345 -0.9330443464049447 -0.21503955858494686
vn -0.8222914491193399 0.3614635563547954 -0.4395234580003207
vn -0.4918060404494682 0.7715058919307485 -0.40361550675557145
vn -0.48454201077643105 -0.6764239838778403 -0.5546797579032107
vn -0.5987032493139416 0.6325635188151089 -0.49134286799054677
vn -0.32563435129651175 -0.8689105754963817 -0.3727689378774025
vn -0.631535472728329 0.5766620147951326 -0.5182893664529734
vn -0.2505288133970616 -0.9246541805029194 -0.2867925384948766
vn -0.7232961924762451 0.3528300405449738 -0.5935937840294477
vn -0.10677886869200981 -0.986740604134843 -0.12223441967162815
vn -0.761194542613639 0.17417536512937284 -0.6246965747282938
vn -0.08308929937287345 0.9942063756119052 -0.06818981611915659
vn -0.08308929937287342 -0.9942063756119052 -0.0681898161191566
vn -0.7413392047045578 0.00999982981756285 -0.6710560237205486
vn -0.22538641901230638 0.9565494886607274 -0.18497037024266885
vn -0.7066326348197163 -0.1356609571805561 -0.6944540475111374
vn -0.3657654484395663 0.880971234610508 -0.30017548287067064
vn -0.6370711436409642 -0.39964441640409004 -0.6591090185826836
vn -0.6297922025604272 0.12021278474482502 -0.7674051524312177
vn -0.06957839960427928 0.9939672929353327 -0.084781288521194
vn -0.06957839960427929 -0.9939672929353327 -0.08478128852119397
vn 0.170005970125812 -0.7079212409248687 -0.6855257010273031
vn -0.1849702256785106 0.9565495581210133 -0.22538624286086162
vn -0.6396879567532346 -0.6426512609514003 -0.4216618014267442
vn -0.3001749517904061 0.8809710295665353 -0.36576637814608687
vn -0.49145862479468194 -0.434211082311094 -0.7549365245589518
vn -0.4036145897816731 0.7715061529436252 -0.4918063835347192
vn -0.38398060860498184 -0.6531639513949837 -0.6526375294245951
vn -0.49134330885376265 0.6325626679358958 -0.598703786507533
vn -0.26297113291133 -0.8550268933332529 -0.4469621851255629
vn -0.5258985832982943 0.5592790600954548 -0.6408101224415792
vn -0.20364036663814683 -0.9158229264344504 -0.34611987589926224
vn -0.5962061667212374 0.34171026060349874 -0.7264793903214717
vn -0.08755081084681877 -0.9849829319391182 -0.14880685235795788
vn -0.2768116225013687 -0.6336785648801719 -0.7223758038995808
vn -0.36510082537382105 0.6325624175114822 -0.6830564949280431
vn -0.21650493385183867 -0.8476779883515211 -0.4843218368834197
vn -0.44239897412201923 0.5468160723011876 -0.7108272158329951
vn -0.18534067124512138 -0.9136135596559224 -0.3618827146953037
vn -0.40682499266556793 0.32360242743230805 -0.8542686312294151
vn -0.0980570860108098 -0.9838679160738885 -0.14962864566483564
vn -0.4660245645497889 0.15054150812095898 -0.8718706094191081
vn -0.0525417781048059 0.993768940566881 -0.09829880120410726
vn -0.05254177810480591 -0.993768940566881 -0.09829880120410728
vn -0.4785433209002565 0.2294363706314423 -0.8475584002611417
vn -0.137445176855009 0.9565494408074566 -0.2571419659453457
vn -0.4507798427169278 -0.29455801970296464 -0.8426346221398512
vn -0.22305109495323952 0.8809713142192714 -0.41729815787148
vn -0.34681107465369404 -0.4589781574575914 -0.8179615696806203
vn -0.2999120257445888 0.7715061442552027 -0.5610980718112011
vn -0.03272146538740315 0.9936265874142078 -0.10786802346616411
vn -0.032721465387403115 -0.9936265874142078 -0.10786802346616413
vn -0.1797261509093112 0.253330688186355 -0.9505377809968163
vn -0.08463844590030963 0.9565494894008885 -0.27901506733952547
vn 0.020270876384254993 -0.7077316987368177 -0.7061904376113518
vn -0.13735331532284695 0.88097102800613 -0.45279588622650435
vn -0.22024733767366947 -0.4716089128531051 -0.8538595572839677
vn -0.5161159309403325 0.8359199946496719 -0.1867139747701993
vn -0.21206785972566702 -0.6062242627436467 -0.766498118805452
vn -0.2205681192430714 0.6501146984890486 -0.7271179983895789
vn -0.13838726793148468 -0.8328133308950422 -0.5359766039277876
vn -0.28391597966042353 0.24344100436864824 -0.9274309644849292
vn -0.11376206452558026 -0.9034454556916379 -0.4133334020678785
vn -0.4808331949941638 0.32820401349719913 -0.8130692246764939
vn -0.049782492784691414 -0.9852878483840634 -0.1634917711655396
vn -0.1827855583755865 0.17901104187427222 -0.9667184111913938
vn -0.07539334531155453 0.6390197147674588 -0.7654865430699931
vn -0.05429130842094543 -0.8285025442535335 -0.5573472777320831
vn -0.07984975067971246 0.38557948300676714 -0.9192129674893745
vn -0.042623664968987396 -0.8994036894911138 -0.43503589106461504
vn -0.12135319165872624 0.791892606215669 -0.5984809964361408
vn -0.01911409430729747 -0.9856126821250372 -0.1679353811235212
vn -0.13378050168631744 -0.1050229087423321 -0.985430345589102
vn -0.011112494513449502 0.9935521322478911 -0.11283028392837526
vn -0.011112494513449542 -0.9935521322478911 -0.11283028392837526
vn -0.08174219001823929 0.21668090377289861 -0.9728142681474106
vn -0.02857807406054881 0.9565494083322067 -0.2901663714187007
vn -0.08433898282470009 -0.3139431327760662 -0.9456884504734339
vn -0.046379410283817625 0.8809711743941557 -0.4708914314237491
vn -0.08186330754190867 -0.4534890607583814 -0.8874942651368402
vn -0.062362043760900356 0.7715065771308188 -0.6331576240888611
vn -0.07557045364809295 -0.612572736868825 -0.7867933328266444
vn 0.20739233363390228 -0.7090275789521684 -0.673994296886191
vn -0.16301832285272294 -0.0996731989061994 -0.9815754071053792
vn -0.47878341634930355 -0.08976767005022629 -0.8733316698956034
vn -0.8098742916232877 -0.02669146299520409 -0.585995902349883
vn -0.7272934195757446 0.008281824573140776 -0.6862766885328101
vn -0.8502905942540607 0.06269064899344609 -0.5225665391621022
vn -0.9390675852102446 0.10428482711673116 -0.3275312889490614
vn -0.9885016040183612 0.12336097504610978 -0.0874451181530481
vn -0.9885058956619373 0.11450538874341401 0.09871479215553755
vn -0.9412781921015324 0.07882758739109982 0.32830104559713097
vn -0.8516997749656476 0.02503242441850396 0.5234318208240661
vn -0.7268708596559024 -0.035096229777057585 0.685876816956606
vn -0.5786827278171226 -0.08845018595287349 0.810742169330692
vn -0.41828326122308884 -0.12432410145726404 0.8997680985550783
vn -0.2657145455721798 -0.10928000550529704 0.9578380137936332
vn -0.0940593388175136 -0.09758139775296458 0.9907727850490192
vn -0.08416573809745792 -0.31978096812644907 -0.943745866721874
vn -0.23556984397178438 -0.3323537994098451 -0.9132621751879083
vn -0.4096518264652817 -0.24080197482378907 -0.8798862369617009
vn -0.5351120134153856 -0.1948908911525248 -0.8219931104603656
vn -0.6976587838279664 -0.13717675686810976 -0.7031747711080301
vn -0.8330987125942131 -0.08281779678669338 -0.5468891547738561
vn -0.9363071990993943 -0.04063319020634967 -0.34882341201287187
vn -0.9954370524680914 -0.020272496179899537 -0.09324216037970302
vn -0.9940757678469966 -0.02599221362356737 0.10553564615972645
vn -0.9354347236807694 -0.059254571588056644 0.348497881597864
vn -0.8309418377140627 -0.1095197409431342 0.5454732703626504
vn -0.6944480433191644 -0.16681669041272287 0.6999386451182202
vn -0.49613713428956707 -0.3137149968325853 0.8095868358250815
vn -0.3776517920630002 -0.32844608039460527 0.8657380066885276
vn -0.2432757386961064 -0.3388325821661239 0.9088505907048202
vn -0.09647095378365923 -0.31359283862345766 0.944644317529171
vn -0.07367349796264962 -0.5731290213661369 -0.8161466415821618
vn -0.11356322945151444 -0.1368444656740869 -0.984061474264142
vn -0.72035711894725 0.4576140790703325 -0.5212244965642242
vn -0.08574642657481778 -0.09765655257143947 -0.9915194138641518
vn -0.5678977896733985 0.21085669494146006 -0.7956328014118277
vn -0.4722588125453183 -0.285102783621103 -0.8340791429743252
vn -0.5803675077217515 0.04513294563556979 -0.8131030520168396
vn -0.23926005280693213 -0.33256825839789583 -0.912224194283957
vn 0.09187648482131819 -0.7185362741032483 -0.6893941792144026
vn -0.2704859902193367 -0.7597617859080984 -0.5912692768686716
vn -0.5438118273078874 -0.20489463075878023 -0.8138101048563354
vn -0.615660680408583 -0.662781762994829 -0.4262420219081021
vn -0.9788857999759161 -0.05537635514775888 -0.19676394460383365
vn -0.5418507388072998 -0.22108582347464031 -0.8108753514027439
vn -0.08164161040907983 -0.31951172599683136 -0.9440587399099369
vn -0.2400017280940728 -0.3241550500642054 -0.9150533722301293
vn -0.5059156205084961 -0.19287044208736379 -0.8407439428830447
vn -0.24621311510843666 -0.21816408871898368 -0.9443429103572574
vn -0.2525270006652502 0.10433577471035735 -0.9619481067347669
vn -0.04053559104197429 0.5500724784585523 -0.8341325639856915
vn -0.1270347846258791 -0.07397991243164008 -0.9891355498877105
vn -0.6836678605197946 0.6941795829280504 -0.2251953888029794
vn -0.18468476650891277 0.7715065602756968 -0.6088260543629118
vn -0.07482977141897769 0.9572637765384782 -0.27936815752099264
vn -0.4113995063851847 -0.08236888561151347 -0.9077256264032343
vn -0.18468492472627215 0.7715062270832769 -0.608826428590759
vn -0.7353255823531931 0.6547492613895947 -0.174927678332269
vn -0.5135244653656943 0.32950488524193855 -0.7922872926360581
vn -0.8339742778116013 0.45277413220441093 -0.3154084481353672
vn -0.2791023686724504 0.2748387157642868 -0.920089967404528
vn 0.20086622130495363 0.8783588450634736 -0.4337493520887727
vn -0.37147254061781637 0.2660973949549197 -0.8894944226723124
vn -0.21814059407861508 0.10359819695629549 -0.9704030579106981
vn 0.10437855284765642 -0.6167294599076797 0.7802242568565855
vn 0.07591530120232964 0.6325632732685524 0.7707791981852742
vn 0.0958009297458575 -0.8328364935282533 0.5451656233727445
vn 0.08361410481147712 0.47181307028514885 0.8777249615823153
vn 0.06952636792614676 -0.89598844774659 0.43860094125258575
vn 0.08873928362588511 0.2909650109410456 0.9526094173110204
vn 0.01673176687028166 -0.9853217830922876 0.16988534881276232
vn 0.09216011870476898 0.09775225019955393 0.9909344126132905
vn 0.006274259513187217 0.9979490212898262 0.06370545168381607
vn 0.00627425951318721 -0.9979490212898262 0.06370545168381607
vn 0.09402137538917506 -0.1015948045041358 0.9903728977853213
vn 0.02857828403374262 0.9565495235223337 0.29016597100777214
vn 0.09613430535587188 -0.3234538822662295 0.9413478535486488
vn 0.0463781673777735 0.8809711793384382 0.4708915445893257
vn 0.10452524836744766 -0.4564547952879903 0.8835855885607927
vn 0.06236016376964207 0.7715058440151791 0.6331587025580948
vn 0.0188358631908696 0.9978925888186938 0.06209340897857084
vn 0.018835863190869606 -0.9978925888186938 0.06209340897857084
vn 0.2655708397161236 -0.11406388236514575 0.9573199882130652
vn 0.08463872988144232 0.9565494977816837 0.2790149524625245
vn 0.2453492263794746 -0.31568001132775286 0.9165969057132494
vn 0.13735455799836035 0.8809712529259041 0.45279507165520033
vn 0.22766913151841106 -0.47134323702936315 0.8520576972601879
vn 0.18468591324260072 0.7715059719274816 0.6088264520616518
vn 0.18413958694882365 -0.6041831174834262 0.7752776103218286
vn 0.22482876579645775 0.6325631220686586 0.7411585003689783
vn 0.13039319397343743 -0.8357270890678742 0.5334396381630666
vn 0.21338294492874738 0.5047311028428122 0.8364892304367186
vn 0.11680166794165696 -0.8973738758139242 0.4255320168597687
vn 0.25723338758346825 0.2745863888081967 0.9265167561321312
vn 0.05041705734043041 -0.9848019393529449 0.16620246862128926
vn 0.26382133968374744 0.10105459893284013 0.9592633990526251
vn 0.36510039381640746 0.6325634530094852 0.6830557666485372
vn 0.19260531283884447 -0.8427739286744299 0.50262839017799
vn 0.3974061190114584 0.5378503694802687 0.7434953642237383
vn 0.19451590887674108 -0.9147869764494803 0.35401744153681663
vn 0.3929282762690707 0.3217218790430133 0.861453656474479
vn 0.08394524379177555 -0.9840164179185014 0.157050582016053
vn 0.4347585600013377 0.07829487182794895 0.8971370617419662
vn 0.031429163931876274 0.9977749166276884 0.05879985887017825
vn 0.03142916393187629 -0.9977749166276884 0.05879985887017825
vn 0.41984454130849325 -0.08996093568395824 0.9031265643221484
vn 0.13744502867713193 0.956549489889669 0.2571418625656989
vn 0.3801730650130958 -0.3097177863043278 0.8715178331424409
vn 0.22305094028857547 0.8809711840459991 0.4172985153543839
vn 0.3128472353060128 -0.4354590068682216 0.8440983714584019
vn 0.2999131324450447 0.7715059549500263 0.561097740561882
vn 0.2824302468763085 -0.6140107039266643 0.7370373200271948
vn 0.5803311324421676 -0.04650658678674765 0.8130516060520626
vn 0.1849704948768173 0.956549477550576 0.22538636387932945
vn 0.5121666062253372 -0.1980361440411363 0.8357434134475358
vn 0.30017602111555675 0.8809712841460898 0.3657648874034006
vn 0.4249091513150685 -0.4275230433638705 0.797919958718669
vn 0.40361477276954183 0.7715061649662387 0.491806214500466
vn 0.38398033512721247 -0.6531646473805148 0.6526369937782268
vn 0.4913442952693068 0.6325627315683567 0.5987029097449648
vn 0.26297162728509277 -0.8550268183456821 0.4469620377086742
vn 0.5258988836130413 0.559279251153431 0.6408097092302942
vn 0.20364048524082864 -0.9158230800309043 0.3461193997070779
vn 0.5962070186278648 0.3417102079435012 0.7264787159484317
vn 0.10660139886721556 -0.9857807757724925 0.12989381770098135
vn 0.5927507011139469 0.11832344406790339 0.7966468282199047
vn 0.04405584594604018 0.997585745460014 0.05368205373276202
vn 0.04405584594604015 -0.997585745460014 0.05368205373276202
vn 0.32563460104866887 -0.868910115137026 0.3727697927842797
vn 0.6315359784919825 0.5766625719605729 0.5182881302615286
vn 0.25052885938772707 -0.9246541710994998 0.286792528637309
vn 0.7232966325998652 0.3528295362854543 0.5935935474668563
vn 0.12073385432356712 -0.9877275430522776 0.09908399021076454
vn 0.7305174449993003 0.1705350679512181 0.6612579323914141
vn 0.056681858288867515 0.9973080105206503 0.046517728795193475
vn 0.05668185828886759 -0.9973080105206503 0.0465177287951935
vn 0.7272939904210723 0.008281788500876098 0.6862760840045498
vn 0.2253864209133987 0.9565494887532003 0.1849703674479764
vn 0.6976591381137024 -0.1371731245344137 0.7031751281948987
vn 0.3657649471358376 0.8809712426430003 0.30017607013678843
vn 0.6036927923086591 -0.39745672708856267 0.6910739197847231
vn 0.4918064397226918 0.771505924698669 0.40361495760457433
vn 0.4845432318617855 -0.676424331454958 0.5546782673520293
vn 0.5987032150179517 0.6325630052940433 0.4913435708956989
vn 0.2571418761123479 0.9565494852076045 0.13744503591795823
vn 0.8330988059876311 -0.0828164524418376 0.5468892160821349
vn 0.4172989933259744 0.8809711679527585 0.22305010962804073
vn 0.7476285567012495 -0.361026475302895 0.5574149489699526
vn 0.561097736337899 0.7715061665330659 0.2999125960641518
vn 0.5723072195966449 -0.7002801160549791 0.4266991978614241
vn 0.6830555368774371 0.6325634055250576 0.36510090595836314
vn 0.3772636399679754 -0.8823574820528649 0.2812781893845348
vn 0.7121983947271366 0.5897941965642961 0.38067867322345006
vn 0.28842034257518107 -0.9330444322212839 0.21503905108067503
vn 0.8222916023567968 0.3614625093955118 0.43952403232928156
vn 0.12875837296624953 -0.9892849490496499 0.06882275041667398
vn 0.8399864456432089 0.22176944452618758 0.4952182191824477
vn 0.06921454437531598 0.9969155672690877 0.03699592657942957
vn 0.06921454437531599 -0.9969155672690877 0.03699592657942957
vn 0.8502907889522887 0.0626933706890158 0.5225658958395047
vn 0.7665723947664069 0.5985761207498334 0.23253685998176135
vn 0.3151605062304209 -0.9396225685402616 0.13335398007703506
vn 0.8900314657247264 0.3673561669773299 0.26998784528867165
vn 0.13323679663091745 -0.9902597858436237 0.0404167361927246
vn 0.9157270746437972 0.2599435403408416 0.3063874680847489
vn 0.0814631952675822 0.9963699570445894 0.02471146526936438
vn 0.0814631952675822 -0.9963699570445894 0.024711465269364342
vn 0.9390677357883349 0.10428727486685144 0.3275300778588375
vn 0.2790153153730164 0.956549468158479 0.08463786831570874
vn 0.9363073939300474 -0.04063226810200471 0.3488229964621169
vn 0.45279497491237103 0.8809713585943334 0.1373541991733771
vn 0.8688768962133965 -0.331492719768864 0.36764863112327234
vn 0.608826544240487 0.7715059758148887 0.18468559313087451
vn 0.6387837489784511 -0.7203463868796259 0.2702894836106347
vn 0.7411589370503454 0.6325631136323299 0.22482734998699425
vn 0.41433000204497383 -0.8930817343764353 0.1753159009576437
vn 0.9942078258080747 -0.020250113605532076 0.10554966603899893
vn 0.4710680406001286 0.881301537856687 0.03744997325225462
vn 0.940832005740838 -0.32001734858428144 0.11146314897201767
vn 0.6335171739680094 0.7719429954747562 0.05253572141931271
vn 0.6758627331159974 -0.732869355918145 0.07817974891938229
vn 0.7713488467248111 0.633031407779786 0.0655148335924519
vn 0.434037668985375 -0.8996080161876071 0.048132308408595226
vn 0.7944935638667234 0.6034056609753647 0.06842211102586793
vn 0.3291689703502443 -0.9436738339113708 0.0335780307578458
vn 0.9252818191848041 0.37068872383978985 0.08027094807019365
vn 0.13532157827594257 -0.9907855046854779 0.005670463653950053
vn 0.9565142567868844 0.2768843948791386 0.09173608033836884
vn 0.09684880315317541 0.9952905807812461 0.004119361106710302
vn 0.09689293712825624 -0.9952865284923162 0.00406016457471308
vn 0.9874660165448989 0.12323452146717713 0.09861094709871407
vn 0.2877352981336555 0.9574787767524818 0.02104258245814234
vn 0.3316263986494766 -0.9430410315063413 -0.02641106991839667
vn 0.9263372783242131 0.36992083072123705 -0.07111839273633322
vn 0.13853644979652113 -0.9903267080913177 -0.007788666046899618
vn 0.959980722679066 0.26790395819025575 -0.0816362742325495
vn 0.09957155058623711 0.9950152654407405 -0.005488884562935628
vn 0.09956464258626826 -0.9950153508805702 -0.005597629738039077
vn 0.9895201004816466 0.11483708713940645 -0.08753521668521884
vn 0.2924060166528652 0.9561485189333297 -0.016695243837823035
vn 0.995325127368991 -0.02521399101358745 -0.09323167640383034
vn 0.47352555024104503 0.8802307062518925 -0.031103971453986162
vn 0.9394797761697434 -0.3286524504089585 -0.09677456798268766
vn 0.6358064725449291 0.7705371387456261 -0.044973851110152716
vn 0.678399465913497 -0.7316377037732962 -0.06693605206180561
vn 0.7732425277827105 0.631534042124107 -0.057102949718825936
vn 0.4364582044502623 -0.898835356581168 -0.039990467959977065
vn 0.795820351668111 0.6025250103031847 -0.060279182393187865
vn 0.8588610580018959 -0.36095623442585906 -0.3634119974312469
vn 0.6088264520616519 0.7715059719274817 -0.18468591324260028
vn 0.6387836927413529 -0.7203462545359801 -0.2702899692251009
vn 0.7411585003689785 0.6325631220686586 -0.22482876579645727
vn 0.41432945558586076 -0.8930817556310544 -0.17531708414435332
vn 0.7665726431550779 0.5985756430682437 -0.2325372707582085
vn 0.3151607488205473 -0.9396224726046292 -0.1333540827242838
vn 0.8900311704467132 0.3673566785883003 -0.2699881225717647
vn 0.13815413803007082 -0.9895236718628371 -0.04190867414100247
vn 0.9218763152892332 0.23453046277456047 -0.30844695060819916
vn 0.0980023719829377 0.9947420452878405 -0.029728747405193743
vn 0.09800237198293768 -0.9947420452878405 -0.029728747405193705
vn 0.9412776252397395 0.0788299045941099 -0.32830211446885343
vn 0.2790153025583802 0.9565494722403262 -0.08463786442845442
vn 0.9354346465776536 -0.05925308948669434 -0.34849834055332646
vn 0.4527950716552005 0.8809712529259042 -0.1373545579983599
vn 0.13636597063950223 -0.9879734318358787 -0.07288909409495249
vn 0.846877558857351 0.18307110612651006 -0.4992828561100712
vn 0.09262184200375156 0.9944698152999413 -0.04950738168326885
vn 0.09262184200375156 -0.9944698152999413 -0.049507381683268854
vn 0.8516994351522972 0.025032372613001702 -0.5234323762269792
vn 0.2571418625656989 0.956549489889669 -0.13744502867713193
vn 0.8309420292116474 -0.10951766189871671 -0.545473396071585
vn 0.4172985153543837 0.8809711840459992 -0.2230509402885754
vn 0.7344586204531974 -0.40088711739685945 -0.5475947899197203
vn 0.5610977405618821 0.7715059549500265 -0.29991313244504475
vn 0.5723077202792841 -0.7002800111074599 -0.4266986985591408
vn 0.6830557666485372 0.6325634530094852 -0.36510039381640746
vn 0.3772630365284222 -0.8823575704611784 -0.2812787214120561
vn 0.712199068529151 0.5897938699487856 -0.3806779186622793
vn 0.28841994714080493 -0.9330443712291302 -0.2150398460958634
vn 0.822291378779322 0.3614631633244677 -0.43952391282462755
vn 0.4918062145004658 0.7715061649662386 -0.4036147727695419
vn 0.48454318585610123 -0.6764234805682956 -0.5546793451862909
vn 0.5987029097449645 0.6325627315683566 -0.49134429526930706
vn 0.32563398016145184 -0.8689106527433491 -0.37276908202443276
vn 0.6315357535298185 0.5766629842619752 -0.5182879456398707
vn 0.2505295514319065 -0.9246541213571919 -0.2867920844732074
vn 0.7232960795165182 0.35282975392037647 -0.5935940920397721
vn 0.12985851596679243 -0.9857885592502026 -0.10657242740180187
vn 0.7356209004677564 0.12436205104997605 -0.6658798473100462
vn 0.08308929937287345 0.9942063756119052 -0.06818981611915659
vn 0.08308929937287342 -0.9942063756119052 -0.0681898161191566
vn 0.7268703355548073 -0.035094421132858176 -0.6858774649278043
vn 0.22538667921893163 0.9565495410961754 -0.18496978201684391
vn 0.6944479850956563 -0.16681717902192902 -0.6999385864343733
vn 0.36576520625306447 0.8809710626039445 -0.3001762827891805
vn 0.5910428871994832 -0.43918698844332116 -0.6765967001641267
vn 0.6388088130491317 0.13342541270894115 -0.7577077006433341
vn 0.06957839960427928 0.9939672929353327 -0.084781288521194
vn 0.06957839960427929 -0.9939672929353327 -0.08478128852119397
vn -0.170005970125812 -0.7079212409248687 -0.6855257010273031
vn 0.18496948776200672 0.9565494535348604 -0.22538729231973337
vn 0.7594911243586969 -0.6170888629812058 -0.2058508372704016
vn 0.3001755040869409 0.8809712709325832 -0.3657653435436171
vn 0.44803325762838975 -0.468375576402915 -0.7615054297167749
vn 0.4036147049527667 0.7715062531214059 -0.491806131865454
vn 0.3839806476001783 -0.6531639330146775 -0.6526375248768229
vn 0.4913431450900866 0.6325624571031903 -0.598704143660754
vn 0.26297115271586186 -0.8550268885494587 -0.4469621826247975
vn 0.5258987954219327 0.5592794572074669 -0.6408096017691071
vn 0.20364033167720644 -0.9158229299570211 -0.34611988714798636
vn 0.5962058151638898 0.3417096616933499 -0.726479960542738
vn 0.1152984270687855 -0.9833455700567652 -0.1404911476399832
vn 0.32446410373001155 -0.6065465525233042 -0.7258266494231078
vn 0.39658816902429783 0.6608085571676355 -0.637220428865854
vn 0.24809058005123796 -0.8389303870579639 -0.4844036227781697
vn 0.37401816528715875 0.49324389772043675 -0.7853794429425686
vn 0.23031340905976982 -0.9074378773236494 -0.3514430713581027
vn 0.44125525935237553 0.35184256326367647 -0.8255305002057245
vn 0.08137081613889643 -0.9849891113649621 -0.15223416427777348
vn 0.48442773413572815 0.17087827212301304 -0.8579804114992242
vn 0.0525417781048059 0.993768940566881 -0.09829880120410726
vn 0.05254177810480591 -0.993768940566881 -0.09829880120410728
vn 0.4701104739948422 0.20897340477305337 -0.8575116665899668
vn 0.1374454593264191 0.9565494726256127 -0.25714169659977776
vn 0.3096311785837278 -0.5793568422048901 -0.7539722691447145
vn 0.22305022820126735 0.8809710328522569 -0.4172992151617236
vn 0.31305459584376155 -0.48433338915614166 -0.8169565399515599
vn 0.29991245656309445 0.7715064105727051 -0.5610974753494359
vn 0.03272146538740315 0.9936265874142078 -0.10786802346616411
vn 0.032721465387403115 -0.9936265874142078 -0.10786802346616413
vn 0.16016537160054045 0.21044092184465496 -0.9643970510911121
vn 0.08463789841947772 0.9565494365477337 -0.279015414612432
vn -0.03798714648234241 -0.7489298688567634 -0.661559542472422
vn 0.1373536384289165 0.8809711140668735 -0.4527956207717897
vn 0.23677651194720836 -0.4599288573996434 -0.8558050768260095
vn 0.4972062615020309 0.8675577964156146 0.011375561597445632
vn 0.19710382616991473 -0.6151344497447649 -0.7633869860342037
vn 0.22210680058407473 0.6513670725189079 -0.7255270539218052
vn 0.14825361034753345 -0.8293822022020428 -0.538652048812043
vn 0.4301547598934271 0.39683398640628403 -0.810857367096042
vn 0.12611980561663108 -0.9014089602970692 -0.414192806465033
vn 0.4808331949941638 0.32820401349719913 -0.8130692246764939
vn 0.04959234361088118 -0.9852987672627181 -0.16348375664190104
vn 0.1827855583755865 0.17901104187427222 -0.9667184111913938
vn 0.0669985312580843 0.6329691072795728 -0.7712725238454696
vn 0.05462175224755156 -0.8283823342876521 -0.5574936523598703
vn 0.03712791460611308 0.34936150799915366 -0.9362521320058814
vn 0.04973573831555888 -0.898097323741463 -0.43697546089297523
vn 0.12135319165872624 0.791892606215669 -0.5984809964361408
vn 0.01649049111475456 -0.9857450965442265 -0.16743556474598761
vn 0.08116854131105504 -0.245520384013575 -0.9659872716217653
vn 0.011112494513449502 0.9935521322478911 -0.11283028392837526
vn 0.011112494513449542 -0.9935521322478911 -0.11283028392837526
vn 0.1541694996457729 0.3806313691516321 -0.911784802569513
vn 0.028579250333795842 0.9565495111414349 -0.29016591665018227
vn 0.08433898282470009 -0.3139431327760662 -0.9456884504734339
vn 0.046381517529597203 0.8809716662754994 -0.470890303628586
vn 0.08533766576690377 -0.4509040121321342 -0.888483570272743
vn 0.06236037972081923 0.7715049688185599 -0.6331597477172315
vn 0.07667928918279329 -0.6119387775083622 -0.7871792802100376
vn -0.20187059388477763 -0.6860290910078821 -0.6990081184188824
vn 0.1427290021008873 -0.14124127579706025 -0.9796322442480667
vn 0.4688694151889456 -0.10953715384988974 -0.8764491333938563
vn 0.5025262284851113 -0.45802248030793846 -0.7332685710004854
vn 0.7127546495747134 -0.036356791243290956 -0.7004705513011376
vn 0.8420067881726504 0.023572358885653743 -0.5389516792512509
vn 0.9370462322463708 0.07796340338441662 -0.3403910491854908
vn 0.9892241213999944 0.11473670450470912 -0.09094573260911341
vn 0.9870719727473201 0.12318256288487997 0.1025425610067681
vn 0.9348532378977421 0.1035591723228516 0.33959523173907114
vn 0.8406640680680035 0.06117196627046277 0.5380909915636579
vn 0.7132106700848054 0.006593150908442905 0.7009187331198115
vn 0.5646712005513136 -0.04753882766716365 0.8239456870036823
vn 0.4059416111443119 -0.08994976037454176 0.909461625881006
vn 0.2677623123840428 -0.1142265214281938 0.9566899423894686
vn 0.09603729576858004 -0.10170443670169484 0.9901681904487992
vn 0.08720950886554032 -0.31386693052611586 -0.9454533576467672
vn 0.23556984397178438 -0.3323537994098451 -0.9132621751879083
vn 0.36808010523161494 -0.33298038696733556 -0.8681250474601956
vn 0.5351120134153856 -0.1948908911525248 -0.8219931104603656
vn 0.6850064601781796 -0.1688397574351256 -0.7087025369105208
vn 0.824146989501584 -0.11126796559216737 -0.5553387970675708
vn 0.9323367745596931 -0.060224980834940996 -0.35654044719647066
vn 0.9951526599348224 -0.025329590305778676 -0.0950241826041628
vn 0.9939543225975498 -0.020242299759581594 0.1079122508804695
vn 0.9332432282911634 -0.04109804871312918 0.35688657475542684
vn 0.8263680200679944 -0.08397421167823416 0.5568341110078675
vn 0.6882644787984664 -0.138715289128917 0.7120744875265203
vn 0.47251049765816056 -0.20302646158620186 0.8576211783174574
vn 0.37292393756165415 -0.3092994805511173 0.8747922999914439
vn 0.23467196710832625 -0.31439390244358295 0.9198290830147761
vn 0.10176757713572927 -0.32417570500229353 0.9405070294953618
vn 0.07367349796264962 -0.5731290213661369 -0.8161466415821618
vn 0.11356322945151444 -0.1368444656740869 -0.984061474264142
vn 0.6440040568039286 -0.04197057667781112 -0.7638699139993763
vn 0.08574642657481778 -0.09765655257143947 -0.9915194138641518
vn 0.5678977896733985 0.21085669494146006 -0.7956328014118277
vn 0.4722588125453183 -0.285102783621103 -0.8340791429743252
vn 0.478194433600104 -0.0897716068199347 -0.873653903031883
vn 0.23926005280693213 -0.33256825839789583 -0.912224194283957
vn -0.09187648482131819 -0.7185362741032483 -0.6893941792144026
vn 0.26931925047385197 -0.7189645762751857 -0.6407472819962996
vn 0.5547874875617624 -0.19203623927504734 -0.8095263593299507
vn 0.615660680408583 -0.662781762994829 -0.4262420219081021
vn 0.9788857999759161 -0.05537635514775888 -0.19676394460383365
vn 0.5418526126713987 -0.22108629358436704 -0.8108739710524111
vn 0.08164218710700936 -0.319506406959072 -0.9440604902210918
vn 0.24000247893673823 -0.3241503668684494 -0.9150548342931533
vn 0.5059156205084961 -0.19287044208736379 -0.8407439428830447
vn 0.07108173095390291 0.08507610227837359 -0.9938357230175
vn 0.2525270006652502 0.10433577471035735 -0.9619481067347669
vn 0.15629975124282905 0.7880864152624925 -0.5953907875002301
vn 0.14582196656585591 -0.0806223420648063 -0.9860202797239274
vn 0.6836678605197946 0.6941795829280504 -0.2251953888029794
vn 0.18468476650891277 0.7715065602756968 -0.6088260543629118
vn 0.023806830760612352 0.9700589765524906 -0.2416998486120138
vn 0.4196941494969736 -0.08608096190896468 -0.9035745065432288
vn 0.18468492472627215 0.7715062270832769 -0.608826428590759
vn 0.7353255823531931 0.6547492613895947 -0.174927678332269
vn 0.5135244653656943 0.32950488524193855 -0.7922872926360581
vn 0.5227194788254814 0.28343735197080805 -0.804007222582107
vn 0.2791023686724504 0.2748387157642868 -0.920089967404528
vn -0.20086622130495363 0.8783588450634736 -0.4337493520887727
vn -0.13588241167634985 0.9212561909081763 -0.3644489002732438
vn 0.21814059407861508 0.10359819695629549 -0.9704030579106981
usemtl m_96a0d3b4-c015-df4d-8e6f-83c5c54e54e8
f 2/1/1 3/2/1 4/3/1 5/4/1
f 6/5/2 7/6/2 8/7/2 9/8/2
f 10/9/3 2/10/3 5/11/3 11/12/3
f 12/13/4 6/14/4 9/15/4 13/16/4
f 14/17/5 10/18/5 11/19/5 15/20/5
f 16/21/6 12/22/6 13/23/6 17/24/6
f 18/25/7 14/26/7 15/27/7 19/28/7
f 20/29/8 16/30/8 17/31/8 21/32/8
f 22/33/9 23/34/9 24/35/9
f 25/36/10 18/37/10 19/38/10
f 26/39/11 20/40/11 21/41/11 27/42/11
f 28/43/12 22/44/12 24/45/12 29/46/12
f 30/47/13 31/48/13 32/49/13 33/50/13
f 34/51/14 28/52/14 29/53/14 35/54/14
f 3/55/15 36/56/15 1/57/15 4/58/15
f 7/59/16 34/60/16 35/61/16 8/62/16
f 24/63/17 23/64/17 37/65/17
f 25/66/18 19/67/18 38/68/18
f 27/69/19 21/70/19 39/71/19 40/72/19
f 29/73/20 24/74/20 37/75/20 41/76/20
f 33/77/21 32/78/21 42/79/21 43/80/21
f 35/81/22 29/82/22 41/83/22 44/84/22
f 4/85/23 1/86/23 45/87/23 46/88/23
f 8/89/24 35/90/24 44/91/24 47/92/24
f 5/93/25 4/94/25 46/95/25 48/96/25
f 9/97/26 8/98/26 47/99/26 49/100/26
f 11/101/27 5/102/27 48/103/27 50/104/27
f 13/105/28 9/106/28 49/107/28 51/108/28
f 15/109/29 11/110/29 50/111/29 52/112/29
f 17/113/30 13/114/30 51/115/30 53/116/30
f 19/117/31 15/118/31 52/119/31 38/120/31
f 21/121/32 17/122/32 53/123/32 39/124/32
f 49/125/33 47/126/33 54/127/33 55/128/33
f 50/129/34 48/130/34 56/131/34 57/132/34
f 51/133/35 49/134/35 55/135/35 58/136/35
f 52/137/36 50/138/36 57/139/36 59/140/36
f 53/141/37 51/142/37 58/143/37 60/144/37
f 38/145/38 52/146/38 59/147/38 61/148/38
f 39/149/39 53/150/39 60/151/39 62/152/39
f 37/153/40 23/154/40 63/155/40
f 25/156/41 38/157/41 61/158/41
f 40/159/42 39/160/42 62/161/42 64/162/42
f 41/163/43 37/164/43 63/165/43 65/166/43
f 43/167/44 42/168/44 66/169/44 67/170/44
f 44/171/45 41/172/45 65/173/45 68/174/45
f 46/175/46 45/176/46 69/177/46 70/178/46
f 47/179/47 44/180/47 68/181/47 54/182/47
f 48/183/48 46/184/48 70/185/48 56/186/48
f 64/187/49 62/188/49 71/189/49 72/190/49
f 65/191/50 63/192/50 73/193/50 74/194/50
f 67/195/51 66/196/51 75/197/51 76/198/51
f 68/199/52 65/200/52 74/201/52 77/202/52
f 70/203/53 69/204/53 78/205/53 79/206/53
f 54/207/54 68/208/54 77/209/54 80/210/54
f 56/211/55 70/212/55 79/213/55 81/214/55
f 55/215/56 54/216/56 80/217/56 82/218/56
f 57/219/57 56/220/57 81/221/57 83/222/57
f 58/223/58 55/224/58 82/225/58 84/226/58
f 59/227/59 57/228/59 83/229/59 85/230/59
f 60/231/60 58/232/60 84/233/60 86/234/60
f 61/235/61 59/236/61 85/237/61 87/238/61
f 62/239/62 60/240/62 86/241/62 71/242/62
f 63/243/63 23/244/63 73/245/63
f 25/246/64 61/247/64 87/248/64
f 83/249/65 81/250/65 88/251/65 89/252/65
f 84/253/66 82/254/66 90/255/66 91/256/66
f 85/257/67 83/258/67 89/259/67 92/260/67
f 86/261/68 84/262/68 91/263/68 93/264/68
f 87/265/69 85/266/69 92/267/69 94/268/69
f 71/269/70 86/270/70 93/271/70 95/272/70
f 73/273/71 23/274/71 96/275/71
f 25/276/72 87/277/72 94/278/72
f 72/279/73 71/280/73 95/281/73 97/282/73
f 74/283/74 73/284/74 96/285/74 98/286/74
f 76/287/75 75/288/75 99/289/75 100/290/75
f 77/291/76 74/292/76 98/293/76 101/294/76
f 79/295/77 78/296/77 102/297/77 103/298/77
f 80/299/78 77/300/78 101/301/78 104/302/78
f 81/303/79 79/304/79 103/305/79 88/306/79
f 82/307/80 80/308/80 104/309/80 90/310/80
f 98/311/81 96/312/81 105/313/81 106/314/81
f 100/315/82 99/316/82 107/317/82 108/318/82
f 101/319/83 98/320/83 106/321/83 109/322/83
f 103/323/84 102/324/84 110/325/84 111/326/84
f 104/327/85 101/328/85 109/329/85 112/330/85
f 88/331/86 103/332/86 111/333/86 113/334/86
f 90/335/87 104/336/87 112/337/87 114/338/87
f 89/339/88 88/340/88 113/341/88 115/342/88
f 91/343/89 90/344/89 114/345/89 116/346/89
f 92/347/90 89/348/90 115/349/90 117/350/90
f 93/351/91 91/352/91 116/353/91 118/354/91
f 94/355/92 92/356/92 117/357/92 119/358/92
f 95/359/93 93/360/93 118/361/93 120/362/93
f 96/363/94 23/364/94 105/365/94
f 25/366/95 94/367/95 119/368/95
f 97/369/96 95/370/96 120/371/96 121/372/96
f 116/373/97 114/374/97 122/375/97 123/376/97
f 117/377/98 115/378/98 124/379/98 125/380/98
f 118/381/99 116/382/99 123/383/99 126/384/99
f 119/385/100 117/386/100 125/387/100 127/388/100
f 120/389/101 118/390/101 126/391/101 128/392/101
f 105/393/102 23/394/102 129/395/102
f 25/396/103 119/397/103 127/398/103
f 121/399/104 120/400/104 128/401/104 130/402/104
f 106/403/105 105/404/105 129/405/105 131/406/105
f 108/407/106 107/408/106 132/409/106 133/410/106
f 109/411/107 106/412/107 131/413/107 134/414/107
f 111/415/108 110/416/108 135/417/108 136/418/108
f 112/419/109 109/420/109 134/421/109 137/422/109
f 113/423/110 111/424/110 136/425/110 138/426/110
f 114/427/111 112/428/111 137/429/111 122/430/111
f 115/431/112 113/432/112 138/433/112 124/434/112
f 133/435/113 132/436/113 139/437/113 140/438/113
f 134/439/114 131/440/114 141/441/114 142/442/114
f 136/443/115 135/444/115 143/445/115 144/446/115
f 137/447/116 134/448/116 142/449/116 145/450/116
f 138/451/117 136/452/117 144/453/117 146/454/117
f 122/455/118 137/456/118 145/457/118 147/458/118
f 124/459/119 138/460/119 146/461/119 148/462/119
f 123/463/120 122/464/120 147/465/120 149/466/120
f 125/467/121 124/468/121 148/469/121 150/470/121
f 126/471/122 123/472/122 149/473/122 151/474/122
f 127/475/123 125/476/123 150/477/123 152/478/123
f 128/479/124 126/480/124 151/481/124 153/482/124
f 129/483/125 23/484/125 154/485/125
f 25/486/126 127/487/126 152/488/126
f 130/489/127 128/490/127 153/491/127 155/492/127
f 131/493/128 129/494/128 154/495/128 141/496/128
f 150/497/129 148/498/129 156/499/129 157/500/129
f 151/501/130 149/502/130 158/503/130 159/504/130
f 152/505/131 150/506/131 157/507/131 160/508/131
f 153/509/132 151/510/132 159/511/132 161/512/132
f 154/513/133 23/514/133 162/515/133
f 25/516/134 152/517/134 160/518/134
f 155/519/135 153/520/135 161/521/135 163/522/135
f 141/523/136 154/524/136 162/525/136 164/526/136
f 140/527/137 139/528/137 165/529/137 166/530/137
f 142/531/138 141/532/138 164/533/138 167/534/138
f 144/535/139 143/536/139 168/537/139 169/538/139
f 145/539/140 142/540/140 167/541/140 170/542/140
f 146/543/141 144/544/141 169/545/141 171/546/141
f 147/547/142 145/548/142 170/549/142 172/550/142
f 148/551/143 146/552/143 171/553/143 156/554/143
f 149/555/144 147/556/144 172/557/144 158/558/144
f 169/559/145 168/560/145 173/561/145 174/562/145
f 170/563/146 167/564/146 175/565/146 176/566/146
f 171/567/147 169/568/147 174/569/147 177/570/147
f 172/571/148 170/572/148 176/573/148 178/574/148
f 156/575/149 171/576/149 177/577/149 179/578/149
f 158/579/150 172/580/150 178/581/150 180/582/150
f 157/583/151 156/584/151 179/585/151 181/586/151
f 159/587/152 158/588/152 180/589/152 182/590/152
f 160/591/153 157/592/153 181/593/153 183/594/153
f 161/595/154 159/596/154 182/597/154 184/598/154
f 162/599/155 23/600/155 185/601/155
f 25/602/156 160/603/156 183/604/156
f 163/605/157 161/606/157 184/607/157 186/608/157
f 164/609/158 162/610/158 185/611/158 187/612/158
f 166/613/159 165/614/159 188/615/159 189/616/159
f 167/617/160 164/618/160 187/619/160 175/620/160
f 183/621/161 181/622/161 190/623/161 191/624/161
f 184/625/162 182/626/162 192/627/162 193/628/162
f 185/629/163 23/630/163 194/631/163
f 25/632/164 183/633/164 191/634/164
f 186/635/165 184/636/165 193/637/165 195/638/165
f 187/639/166 185/640/166 194/641/166 196/642/166
f 189/643/167 188/644/167 197/645/167 198/646/167
f 175/647/168 187/648/168 196/649/168 199/650/168
f 174/651/169 173/652/169 200/653/169 201/654/169
f 176/655/170 175/656/170 199/657/170 202/658/170
f 177/659/171 174/660/171 201/661/171 203/662/171
f 178/663/172 176/664/172 202/665/172 204/666/172
f 179/667/173 177/668/173 203/669/173 205/670/173
f 180/671/174 178/672/174 204/673/174 206/674/174
f 181/675/175 179/676/175 205/677/175 190/678/175
f 182/679/176 180/680/176 206/681/176 192/682/176
f 202/683/177 199/684/177 207/685/177 208/686/177
f 203/687/178 201/688/178 209/689/178 210/690/178
f 204/691/179 202/692/179 208/693/179 211/694/179
f 205/695/180 203/696/180 210/697/180 212/698/180
f 206/699/181 204/700/181 211/701/181 213/702/181
f 190/703/182 205/704/182 212/705/182 214/706/182
f 192/707/183 206/708/183 213/709/183 215/710/183
f 191/711/184 190/712/184 214/713/184 216/714/184
f 193/715/185 192/716/185 215/717/185 217/718/185
f 194/719/186 23/720/186 218/721/186
f 25/722/187 191/723/187 216/724/187
f 195/725/188 193/726/188 217/727/188 219/728/188
f 196/729/189 194/730/189 218/731/189 220/732/189
f 198/733/190 197/734/190 221/735/190 222/736/190
f 199/737/191 196/738/191 220/739/191 207/740/191
f 201/741/192 200/742/192 223/743/192 209/744/192
f 217/745/193 215/746/193 224/747/193 225/748/193
f 218/749/194 23/750/194 226/751/194
f 25/752/195 216/753/195 227/754/195
f 228/755/196 229/756/196 230/757/196
f 220/758/197 218/759/197 226/760/197 231/761/197
f 232/762/198 233/763/198 234/764/198 235/765/198
f 207/766/199 220/767/199 231/768/199 236/769/199
f 209/770/200 223/771/200 237/772/200 238/773/200
f 208/774/201 207/775/201 236/776/201 239/777/201
f 210/778/202 209/779/202 238/780/202 240/781/202
f 211/782/203 208/783/203 239/784/203 241/785/203
f 212/786/204 210/787/204 240/788/204 242/789/204
f 213/790/205 211/791/205 241/792/205 243/793/205
f 214/794/206 212/795/206 242/796/206 244/797/206
f 215/798/207 213/799/207 243/800/207 224/801/207
f 216/802/208 214/803/208 244/804/208 227/805/208
f 240/806/209 238/807/209 245/808/209 246/809/209
f 241/810/210 239/811/210 247/812/210 248/813/210
f 242/814/211 240/815/211 246/816/211 249/817/211
f 243/818/212 241/819/212 248/820/212 250/821/212
f 244/822/213 242/823/213 249/824/213 251/825/213
f 224/826/214 243/827/214 250/828/214 252/829/214
f 227/830/215 244/831/215 251/832/215 253/833/215
f 225/834/216 224/835/216 252/836/216 254/837/216
f 226/838/217 23/839/217 255/840/217
f 25/841/218 227/842/218 253/843/218
f 256/844/219 225/845/219 254/846/219 257/847/219
f 231/848/220 226/849/220 255/850/220 258/851/220
f 233/852/221 259/853/221 260/854/221 261/855/221
f 236/856/222 231/857/222 258/858/222 262/859/222
f 238/860/223 237/861/223 263/862/223 245/863/223
f 239/864/224 236/865/224 262/866/224 247/867/224
f 255/868/225 23/869/225 264/870/225
f 25/871/226 253/872/226 265/873/226
f 257/874/227 254/875/227 266/876/227 267/877/227
f 258/878/228 255/879/228 264/880/228 268/881/228
f 261/882/229 230/883/229 229/884/229 269/885/229
f 262/886/230 258/887/230 268/888/230 270/889/230
f 245/890/231 263/891/231 271/892/231 272/893/231
f 247/894/232 270/895/232 273/896/232 274/897/232
f 246/898/233 245/899/233 272/900/233 275/901/233
f 276/902/234 274/903/234 277/904/234 278/905/234
f 249/906/235 246/907/235 275/908/235 279/909/235
f 280/910/236 276/911/236 278/912/236 281/913/236
f 251/914/237 249/915/237 279/916/237 282/917/237
f 252/918/238 280/919/238 283/920/238
f 253/921/239 251/922/239 282/923/239 265/924/239
f 254/925/240 252/926/240 266/927/240
f 278/928/241 277/929/241 284/930/241 285/931/241
f 279/932/242 275/933/242 286/934/242 287/935/242
f 281/936/243 278/937/243 285/938/243 288/939/243
f 282/940/244 279/941/244 287/942/244 289/943/244
f 290/944/245 291/945/245 292/946/245
f 265/947/246 282/948/246 289/949/246 293/950/246
f 266/951/247 294/952/247 295/953/247 296/954/247
f 264/955/248 23/956/248 297/957/248
f 25/958/249 265/959/249 293/960/249
f 267/961/250 266/962/250 296/963/250 298/964/250
f 268/965/251 264/966/251 297/967/251 299/968/251
f 300/969/252 301/970/252 302/971/252
f 270/972/253 268/973/253 299/974/253 303/975/253
f 272/976/254 271/977/254 304/978/254 305/979/254
f 277/980/255 273/981/255 306/982/255 284/983/255
f 275/984/256 272/985/256 305/986/256 286/987/256
f 230/988/257 298/989/257 307/990/257 228/991/257
f 260/992/258 257/993/258 267/994/258 230/995/258
f 259/996/259 256/997/259 257/998/259 260/999/259
f 221/1000/260 219/1001/260 308/1002/260 235/1003/260
f 197/1004/261 195/1005/261 219/1006/261 221/1007/261
f 188/1008/262 186/1009/262 195/1010/262 197/1011/262
f 165/1012/263 163/1013/263 186/1014/263 188/1015/263
f 139/1016/264 155/1017/264 163/1018/264 165/1019/264
f 132/1020/265 130/1021/265 155/1022/265 139/1023/265
f 107/1024/266 121/1025/266 130/1026/266 132/1027/266
f 99/1028/267 97/1029/267 121/1030/267 107/1031/267
f 75/1032/268 72/1033/268 97/1034/268 99/1035/268
f 66/1036/269 64/1037/269 72/1038/269 75/1039/269
f 42/1040/270 40/1041/270 64/1042/270 66/1043/270
f 32/1044/271 27/1045/271 40/1046/271 42/1047/271
f 31/1048/272 26/1049/272 27/1050/272 32/1051/272
f 271/1052/273 300/1053/273 302/1054/273 304/1055/273
f 263/1056/274 300/1057/274 271/1058/274
f 237/1059/275 309/1060/275 310/1061/275 263/1062/275
f 223/1063/276 222/1064/276 237/1065/276
f 200/1066/277 198/1067/277 222/1068/277 223/1069/277
f 173/1070/278 189/1071/278 198/1072/278 200/1073/278
f 168/1074/279 166/1075/279 189/1076/279 173/1077/279
f 143/1078/280 140/1079/280 166/1080/280 168/1081/280
f 135/1082/281 133/1083/281 140/1084/281 143/1085/281
f 110/1086/282 108/1087/282 133/1088/282 135/1089/282
f 102/1090/283 100/1091/283 108/1092/283 110/1093/283
f 78/1094/284 76/1095/284 100/1096/284 102/1097/284
f 69/1098/285 67/1099/285 76/1100/285 78/1101/285
f 45/1102/286 43/1103/286 67/1104/286 69/1105/286
f 1/1106/287 33/1107/287 43/1108/287 45/1109/287
f 36/1110/288 30/1111/288 33/1112/288 1/1113/288
f 230/1114/289 261/1115/289 260/1116/289
f 298/1117/290 230/1118/290 267/1119/290
f 225/1120/291 308/1121/291 219/1122/291 217/1123/291
f 228/1124/292 307/1125/292 301/1126/292
f 308/1127/293 225/1128/293 256/1129/293
f 232/1130/294 259/1131/294 233/1132/294
f 232/1133/295 308/1134/295 256/1135/295 259/1136/295
f 269/1137/296 229/1138/296 300/1139/296
f 269/1140/297 310/1141/297 261/1142/297
f 310/1143/298 309/1144/298 233/1145/298 261/1146/298
f 235/1147/299 234/1148/299 222/1149/299 221/1150/299
f 309/1151/300 234/1152/300 233/1153/300
f 235/1154/301 308/1155/301 232/1156/301
f 237/1157/302 222/1158/302 234/1159/302 309/1160/302
f 301/1161/303 300/1162/303 229/1163/303 228/1164/303
f 300/1165/304 263/1166/304 310/1167/304 269/1168/304
f 311/1169/305 280/1170/305 281/1171/305
f 312/1172/306 311/1173/306 281/1174/306 288/1175/306
f 294/1176/307 283/1177/307 290/1178/307
f 283/1179/308 280/1180/308 291/1181/308 290/1182/308
f 295/1183/309 294/1184/309 292/1185/309 313/1186/309
f 274/1187/310 276/1188/310 247/1189/310
f 274/1190/311 273/1191/311 277/1192/311
f 306/1193/312 273/1194/312 270/1195/312 303/1196/312
f 266/1197/313 252/1198/313 283/1199/313 294/1200/313
f 270/1201/314 247/1202/314 262/1203/314
f 248/1204/315 247/1205/315 276/1206/315
f 252/1207/316 250/1208/316 280/1209/316
f 250/1210/317 248/1211/317 276/1212/317 280/1213/317
f 291/1214/318 280/1215/318 311/1216/318
f 313/1217/319 292/1218/319 312/1219/319
f 292/1220/320 291/1221/320 311/1222/320 312/1223/320
f 292/1224/321 294/1225/321 290/1226/321
f 2/1227/322 314/1228/322 315/1229/322 3/1230/322
f 6/1231/323 316/1232/323 317/1233/323 7/1234/323
f 10/1235/324 318/1236/324 314/1237/324 2/1238/324
f 12/1239/325 319/1240/325 316/1241/325 6/1242/325
f 14/1243/326 320/1244/326 318/1245/326 10/1246/326
f 16/1247/327 321/1248/327 319/1249/327 12/1250/327
f 18/1251/328 322/1252/328 320/1253/328 14/1254/328
f 20/1255/329 323/1256/329 321/1257/329 16/1258/329
f 22/1259/330 324/1260/330 23/1261/330
f 25/1262/331 322/1263/331 18/1264/331
f 26/1265/332 325/1266/332 323/1267/332 20/1268/332
f 28/1269/333 326/1270/333 324/1271/333 22/1272/333
f 30/1273/334 327/1274/334 328/1275/334 31/1276/334
f 34/1277/335 329/1278/335 326/1279/335 28/1280/335
f 3/1281/336 315/1282/336 330/1283/336 36/1284/336
f 7/1285/337 317/1286/337 329/1287/337 34/1288/337
f 324/1289/338 331/1290/338 23/1291/338
f 25/1292/339 332/1293/339 322/1294/339
f 325/1295/340 333/1296/340 334/1297/340 323/1298/340
f 326/1299/341 335/1300/341 331/1301/341 324/1302/341
f 327/1303/342 336/1304/342 337/1305/342 328/1306/342
f 329/1307/343 338/1308/343 335/1309/343 326/1310/343
f 315/1311/344 339/1312/344 340/1313/344 330/1314/344
f 317/1315/345 341/1316/345 338/1317/345 329/1318/345
f 314/1319/346 342/1320/346 339/1321/346 315/1322/346
f 316/1323/347 343/1324/347 341/1325/347 317/1326/347
f 318/1327/348 344/1328/348 342/1329/348 314/1330/348
f 319/1331/349 345/1332/349 343/1333/349 316/1334/349
f 320/1335/350 346/1336/350 344/1337/350 318/1338/350
f 321/1339/351 347/1340/351 345/1341/351 319/1342/351
f 322/1343/352 332/1344/352 346/1345/352 320/1346/352
f 323/1347/353 334/1348/353 347/1349/353 321/1350/353
f 343/1351/354 348/1352/354 349/1353/354 341/1354/354
f 344/1355/355 350/1356/355 351/1357/355 342/1358/355
f 345/1359/356 352/1360/356 348/1361/356 343/1362/356
f 346/1363/357 353/1364/357 350/1365/357 344/1366/357
f 347/1367/358 354/1368/358 352/1369/358 345/1370/358
f 332/1371/359 355/1372/359 353/1373/359 346/1374/359
f 334/1375/360 356/1376/360 354/1377/360 347/1378/360
f 331/1379/361 357/1380/361 23/1381/361
f 25/1382/362 355/1383/362 332/1384/362
f 333/1385/363 358/1386/363 356/1387/363 334/1388/363
f 335/1389/364 359/1390/364 357/1391/364 331/1392/364
f 336/1393/365 360/1394/365 361/1395/365 337/1396/365
f 338/1397/366 362/1398/366 359/1399/366 335/1400/366
f 339/1401/367 363/1402/367 364/1403/367 340/1404/367
f 341/1405/368 349/1406/368 362/1407/368 338/1408/368
f 342/1409/369 351/1410/369 363/1411/369 339/1412/369
f 358/1413/370 365/1414/370 366/1415/370 356/1416/370
f 359/1417/371 367/1418/371 368/1419/371 357/1420/371
f 360/1421/372 369/1422/372 370/1423/372 361/1424/372
f 362/1425/373 371/1426/373 367/1427/373 359/1428/373
f 363/1429/374 372/1430/374 373/1431/374 364/1432/374
f 349/1433/375 374/1434/375 371/1435/375 362/1436/375
f 351/1437/376 375/1438/376 372/1439/376 363/1440/376
f 348/1441/377 376/1442/377 374/1443/377 349/1444/377
f 350/1445/378 377/1446/378 375/1447/378 351/1448/378
f 352/1449/379 378/1450/379 376/1451/379 348/1452/379
f 353/1453/380 379/1454/380 377/1455/380 350/1456/380
f 354/1457/381 380/1458/381 378/1459/381 352/1460/381
f 355/1461/382 381/1462/382 379/1463/382 353/1464/382
f 356/1465/383 366/1466/383 380/1467/383 354/1468/383
f 357/1469/384 368/1470/384 23/1471/384
f 25/1472/385 381/1473/385 355/1474/385
f 377/1475/386 382/1476/386 383/1477/386 375/1478/386
f 378/1479/387 384/1480/387 385/1481/387 376/1482/387
f 379/1483/388 386/1484/388 382/1485/388 377/1486/388
f 380/1487/389 387/1488/389 384/1489/389 378/1490/389
f 381/1491/390 388/1492/390 386/1493/390 379/1494/390
f 366/1495/391 389/1496/391 387/1497/391 380/1498/391
f 368/1499/392 390/1500/392 23/1501/392
f 25/1502/393 388/1503/393 381/1504/393
f 365/1505/394 391/1506/394 389/1507/394 366/1508/394
f 367/1509/395 392/1510/395 390/1511/395 368/1512/395
f 369/1513/396 393/1514/396 394/1515/396 370/1516/396
f 371/1517/397 395/1518/397 392/1519/397 367/1520/397
f 372/1521/398 396/1522/398 397/1523/398 373/1524/398
f 374/1525/399 398/1526/399 395/1527/399 371/1528/399
f 375/1529/400 383/1530/400 396/1531/400 372/1532/400
f 376/1533/401 385/1534/401 398/1535/401 374/1536/401
f 392/1537/402 399/1538/402 400/1539/402 390/1540/402
f 393/1541/403 401/1542/403 402/1543/403 394/1544/403
f 395/1545/404 403/1546/404 399/1547/404 392/1548/404
f 396/1549/405 404/1550/405 405/1551/405 397/1552/405
f 398/1553/406 406/1554/406 403/1555/406 395/1556/406
f 383/1557/407 407/1558/407 404/1559/407 396/1560/407
f 385/1561/408 408/1562/408 406/1563/408 398/1564/408
f 382/1565/409 409/1566/409 407/1567/409 383/1568/409
f 384/1569/410 410/1570/410 408/1571/410 385/1572/410
f 386/1573/411 411/1574/411 409/1575/411 382/1576/411
f 387/1577/412 412/1578/412 410/1579/412 384/1580/412
f 388/1581/413 413/1582/413 411/1583/413 386/1584/413
f 389/1585/414 414/1586/414 412/1587/414 387/1588/414
f 390/1589/415 400/1590/415 23/1591/415
f 25/1592/416 413/1593/416 388/1594/416
f 391/1595/417 415/1596/417 414/1597/417 389/1598/417
f 410/1599/418 416/1600/418 417/1601/418 408/1602/418
f 411/1603/419 418/1604/419 419/1605/419 409/1606/419
f 412/1607/420 420/1608/420 416/1609/420 410/1610/420
f 413/1611/421 421/1612/421 418/1613/421 411/1614/421
f 414/1615/422 422/1616/422 420/1617/422 412/1618/422
f 400/1619/423 423/1620/423 23/1621/423
f 25/1622/424 421/1623/424 413/1624/424
f 415/1625/425 424/1626/425 422/1627/425 414/1628/425
f 399/1629/426 425/1630/426 423/1631/426 400/1632/426
f 401/1633/427 426/1634/427 427/1635/427 402/1636/427
f 403/1637/428 428/1638/428 425/1639/428 399/1640/428
f 404/1641/429 429/1642/429 430/1643/429 405/1644/429
f 406/1645/430 431/1646/430 428/1647/430 403/1648/430
f 407/1649/431 432/1650/431 429/1651/431 404/1652/431
f 408/1653/432 417/1654/432 431/1655/432 406/1656/432
f 409/1657/433 419/1658/433 432/1659/433 407/1660/433
f 426/1661/434 433/1662/434 434/1663/434 427/1664/434
f 428/1665/435 435/1666/435 436/1667/435 425/1668/435
f 429/1669/436 437/1670/436 438/1671/436 430/1672/436
f 431/1673/437 439/1674/437 435/1675/437 428/1676/437
f 432/1677/438 440/1678/438 437/1679/438 429/1680/438
f 417/1681/439 441/1682/439 439/1683/439 431/1684/439
f 419/1685/440 442/1686/440 440/1687/440 432/1688/440
f 416/1689/441 443/1690/441 441/1691/441 417/1692/441
f 418/1693/442 444/1694/442 442/1695/442 419/1696/442
f 420/1697/443 445/1698/443 443/1699/443 416/1700/443
f 421/1701/444 446/1702/444 444/1703/444 418/1704/444
f 422/1705/445 447/1706/445 445/1707/445 420/1708/445
f 423/1709/446 448/1710/446 23/1711/446
f 25/1712/447 446/1713/447 421/1714/447
f 424/1715/448 449/1716/448 447/1717/448 422/1718/448
f 425/1719/449 436/1720/449 448/1721/449 423/1722/449
f 444/1723/450 450/1724/450 451/1725/450 442/1726/450
f 445/1727/451 452/1728/451 453/1729/451 443/1730/451
f 446/1731/452 454/1732/452 450/1733/452 444/1734/452
f 447/1735/453 455/1736/453 452/1737/453 445/1738/453
f 448/1739/454 456/1740/454 23/1741/454
f 25/1742/455 454/1743/455 446/1744/455
f 449/1745/456 457/1746/456 455/1747/456 447/1748/456
f 436/1749/457 458/1750/457 456/1751/457 448/1752/457
f 433/1753/458 459/1754/458 460/1755/458 434/1756/458
f 435/1757/459 461/1758/459 458/1759/459 436/1760/459
f 437/1761/460 462/1762/460 463/1763/460 438/1764/460
f 439/1765/461 464/1766/461 461/1767/461 435/1768/461
f 440/1769/462 465/1770/462 462/1771/462 437/1772/462
f 441/1773/463 466/1774/463 464/1775/463 439/1776/463
f 442/1777/464 451/1778/464 465/1779/464 440/1780/464
f 443/1781/465 453/1782/465 466/1783/465 441/1784/465
f 462/1785/466 467/1786/466 468/1787/466 463/1788/466
f 464/1789/467 469/1790/467 470/1791/467 461/1792/467
f 465/1793/468 471/1794/468 467/1795/468 462/1796/468
f 466/1797/469 472/1798/469 469/1799/469 464/1800/469
f 451/1801/470 473/1802/470 471/1803/470 465/1804/470
f 453/1805/471 474/1806/471 472/1807/471 466/1808/471
f 450/1809/472 475/1810/472 473/1811/472 451/1812/472
f 452/1813/473 476/1814/473 474/1815/473 453/1816/473
f 454/1817/474 477/1818/474 475/1819/474 450/1820/474
f 455/1821/475 478/1822/475 476/1823/475 452/1824/475
f 456/1825/476 479/1826/476 23/1827/476
f 25/1828/477 477/1829/477 454/1830/477
f 457/1831/478 480/1832/478 478/1833/478 455/1834/478
f 458/1835/479 481/1836/479 479/1837/479 456/1838/479
f 459/1839/480 482/1840/480 483/1841/480 460/1842/480
f 461/1843/481 470/1844/481 481/1845/481 458/1846/481
f 477/1847/482 484/1848/482 485/1849/482 475/1850/482
f 478/1851/483 486/1852/483 487/1853/483 476/1854/483
f 479/1855/484 488/1856/484 23/1857/484
f 25/1858/485 484/1859/485 477/1860/485
f 480/1861/486 489/1862/486 486/1863/486 478/1864/486
f 481/1865/487 490/1866/487 488/1867/487 479/1868/487
f 482/1869/488 491/1870/488 492/1871/488 483/1872/488
f 470/1873/489 493/1874/489 490/1875/489 481/1876/489
f 467/1877/490 494/1878/490 495/1879/490 468/1880/490
f 469/1881/491 496/1882/491 493/1883/491 470/1884/491
f 471/1885/492 497/1886/492 494/1887/492 467/1888/492
f 472/1889/493 498/1890/493 496/1891/493 469/1892/493
f 473/1893/494 499/1894/494 497/1895/494 471/1896/494
f 474/1897/495 500/1898/495 498/1899/495 472/1900/495
f 475/1901/496 485/1902/496 499/1903/496 473/1904/496
f 476/1905/497 487/1906/497 500/1907/497 474/1908/497
f 496/1909/498 501/1910/498 502/1911/498 493/1912/498
f 497/1913/499 503/1914/499 504/1915/499 494/1916/499
f 498/1917/500 505/1918/500 501/1919/500 496/1920/500
f 499/1921/501 506/1922/501 503/1923/501 497/1924/501
f 500/1925/502 507/1926/502 505/1927/502 498/1928/502
f 485/1929/503 508/1930/503 506/1931/503 499/1932/503
f 487/1933/504 509/1934/504 507/1935/504 500/1936/504
f 484/1937/505 510/1938/505 508/1939/505 485/1940/505
f 486/1941/506 511/1942/506 509/1943/506 487/1944/506
f 488/1945/507 512/1946/507 23/1947/507
f 25/1948/508 510/1949/508 484/1950/508
f 489/1951/509 513/1952/509 511/1953/509 486/1954/509
f 490/1955/510 514/1956/510 512/1957/510 488/1958/510
f 491/1959/511 515/1960/511 516/1961/511 492/1962/511
f 493/1963/512 502/1964/512 514/1965/512 490/1966/512
f 494/1967/513 504/1968/513 517/1969/513 495/1970/513
f 511/1971/514 518/1972/514 519/1973/514 509/1974/514
f 512/1975/515 520/1976/515 23/1977/515
f 25/1978/516 521/1979/516 510/1980/516
f 522/1981/517 523/1982/517 524/1983/517
f 514/1984/518 525/1985/518 520/1986/518 512/1987/518
f 526/1988/519 527/1989/519 528/1990/519 529/1991/519
f 502/1992/520 530/1993/520 525/1994/520 514/1995/520
f 504/1996/521 531/1997/521 532/1998/521 517/1999/521
f 501/2000/522 533/2001/522 530/2002/522 502/2003/522
f 503/2004/523 534/2005/523 531/2006/523 504/2007/523
f 505/2008/524 535/2009/524 533/2010/524 501/2011/524
f 506/2012/525 536/2013/525 534/2014/525 503/2015/525
f 507/2016/526 537/2017/526 535/2018/526 505/2019/526
f 508/2020/527 538/2021/527 536/2022/527 506/2023/527
f 509/2024/528 519/2025/528 537/2026/528 507/2027/528
f 510/2028/529 521/2029/529 538/2030/529 508/2031/529
f 534/2032/530 539/2033/530 540/2034/530 531/2035/530
f 535/2036/531 541/2037/531 542/2038/531 533/2039/531
f 536/2040/532 543/2041/532 539/2042/532 534/2043/532
f 537/2044/533 544/2045/533 541/2046/533 535/2047/533
f 538/2048/534 545/2049/534 543/2050/534 536/2051/534
f 519/2052/535 546/2053/535 544/2054/535 537/2055/535
f 521/2056/536 547/2057/536 545/2058/536 538/2059/536
f 518/2060/537 548/2061/537 546/2062/537 519/2063/537
f 520/2064/538 549/2065/538 23/2066/538
f 25/2067/539 547/2068/539 521/2069/539
f 550/2070/540 551/2071/540 548/2072/540 518/2073/540
f 525/2074/541 552/2075/541 549/2076/541 520/2077/541
f 529/2078/542 553/2079/542 554/2080/542 555/2081/542
f 530/2082/543 556/2083/543 552/2084/543 525/2085/543
f 531/2086/544 540/2087/544 557/2088/544 532/2089/544
f 533/2090/545 542/2091/545 556/2092/545 530/2093/545
f 549/2094/546 558/2095/546 23/2096/546
f 25/2097/547 559/2098/547 547/2099/547
f 551/2100/548 560/2101/548 561/2102/548 548/2103/548
f 552/2104/549 562/2105/549 558/2106/549 549/2107/549
f 553/2108/550 563/2109/550 524/2110/550 523/2111/550
f 556/2112/551 564/2113/551 562/2114/551 552/2115/551
f 540/2116/552 565/2117/552 566/2118/552 557/2119/552
f 542/2120/553 567/2121/553 568/2122/553 564/2123/553
f 539/2124/554 569/2125/554 565/2126/554 540/2127/554
f 570/2128/555 571/2129/555 572/2130/555 567/2131/555
f 543/2132/556 573/2133/556 569/2134/556 539/2135/556
f 574/2136/557 575/2137/557 571/2138/557 570/2139/557
f 545/2140/558 576/2141/558 573/2142/558 543/2143/558
f 546/2144/559 577/2145/559 574/2146/559
f 547/2147/560 559/2148/560 576/2149/560 545/2150/560
f 548/2151/561 561/2152/561 546/2153/561
f 571/2154/562 285/2155/562 284/2156/562 572/2157/562
f 573/2158/563 287/2159/563 286/2160/563 569/2161/563
f 575/2162/564 288/2163/564 285/2164/564 571/2165/564
f 576/2166/565 289/2167/565 287/2168/565 573/2169/565
f 578/2170/566 579/2171/566 580/2172/566
f 559/2173/567 293/2174/567 289/2175/567 576/2176/567
f 561/2177/568 296/2178/568 295/2179/568 581/2180/568
f 558/2181/569 297/2182/569 23/2183/569
f 25/2184/570 293/2185/570 559/2186/570
f 560/2187/571 298/2188/571 296/2189/571 561/2190/571
f 562/2191/572 299/2192/572 297/2193/572 558/2194/572
f 582/2195/573 302/2196/573 301/2197/573
f 564/2198/574 303/2199/574 299/2200/574 562/2201/574
f 565/2202/575 305/2203/575 304/2204/575 566/2205/575
f 572/2206/576 284/2207/576 306/2208/576 568/2209/576
f 569/2210/577 286/2211/577 305/2212/577 565/2213/577
f 523/2214/578 522/2215/578 307/2216/578 298/2217/578
f 554/2218/579 523/2219/579 560/2220/579 551/2221/579
f 555/2222/580 554/2223/580 551/2224/580 550/2225/580
f 516/2226/581 527/2227/581 583/2228/581 513/2229/581
f 492/2230/582 516/2231/582 513/2232/582 489/2233/582
f 483/2234/583 492/2235/583 489/2236/583 480/2237/583
f 460/2238/584 483/2239/584 480/2240/584 457/2241/584
f 434/2242/585 460/2243/585 457/2244/585 449/2245/585
f 427/2246/586 434/2247/586 449/2248/586 424/2249/586
f 402/2250/587 427/2251/587 424/2252/587 415/2253/587
f 394/2254/588 402/2255/588 415/2256/588 391/2257/588
f 370/2258/589 394/2259/589 391/2260/589 365/2261/589
f 361/2262/590 370/2263/590 365/2264/590 358/2265/590
f 337/2266/591 361/2267/591 358/2268/591 333/2269/591
f 328/2270/592 337/2271/592 333/2272/592 325/2273/592
f 31/2274/593 328/2275/593 325/2276/593 26/2277/593
f 566/2278/594 304/2279/594 302/2280/594 582/2281/594
f 557/2282/595 566/2283/595 582/2284/595
f 532/2285/596 557/2286/596 584/2287/596 585/2288/596
f 517/2289/597 532/2290/597 515/2291/597
f 495/2292/598 517/2293/598 515/2294/598 491/2295/598
f 468/2296/599 495/2297/599 491/2298/599 482/2299/599
f 463/2300/600 468/2301/600 482/2302/600 459/2303/600
f 438/2304/601 463/2305/601 459/2306/601 433/2307/601
f 430/2308/602 438/2309/602 433/2310/602 426/2311/602
f 405/2312/603 430/2313/603 426/2314/603 401/2315/603
f 397/2316/604 405/2317/604 401/2318/604 393/2319/604
f 373/2320/605 397/2321/605 393/2322/605 369/2323/605
f 364/2324/606 373/2325/606 369/2326/606 360/2327/606
f 340/2328/607 364/2329/607 360/2330/607 336/2331/607
f 330/2332/608 340/2333/608 336/2334/608 327/2335/608
f 36/2336/609 330/2337/609 327/2338/609 30/2339/609
f 523/2340/610 554/2341/610 553/2342/610
f 298/2343/611 560/2344/611 523/2345/611
f 518/2346/612 511/2347/612 513/2348/612 583/2349/612
f 522/2350/613 301/2351/613 307/2352/613
f 583/2353/614 550/2354/614 518/2355/614
f 526/2356/615 529/2357/615 555/2358/615
f 526/2359/616 555/2360/616 550/2361/616 583/2362/616
f 563/2363/617 582/2364/617 524/2365/617
f 563/2366/618 553/2367/618 584/2368/618
f 584/2369/619 553/2370/619 529/2371/619 585/2372/619
f 527/2373/620 516/2374/620 515/2375/620 528/2376/620
f 585/2377/621 529/2378/621 528/2379/621
f 527/2380/622 526/2381/622 583/2382/622
f 532/2383/623 585/2384/623 528/2385/623 515/2386/623
f 301/2387/624 522/2388/624 524/2389/624 582/2390/624
f 582/2391/625 563/2392/625 584/2393/625 557/2394/625
f 586/2395/626 575/2396/626 574/2397/626
f 312/2398/627 288/2399/627 575/2400/627 586/2401/627
f 581/2402/628 578/2403/628 577/2404/628
f 577/2405/629 578/2406/629 580/2407/629 574/2408/629
f 295/2409/630 313/2410/630 579/2411/630 581/2412/630
f 567/2413/631 542/2414/631 570/2415/631
f 567/2416/632 572/2417/632 568/2418/632
f 306/2419/633 303/2420/633 564/2421/633 568/2422/633
f 561/2423/634 581/2424/634 577/2425/634 546/2426/634
f 564/2427/635 556/2428/635 542/2429/635
f 541/2430/636 570/2431/636 542/2432/636
f 546/2433/637 574/2434/637 544/2435/637
f 544/2436/638 574/2437/638 570/2438/638 541/2439/638
f 580/2440/639 586/2441/639 574/2442/639
f 313/2443/640 312/2444/640 579/2445/640
f 579/2446/641 312/2447/641 586/2448/641 580/2449/641
f 579/2450/642 578/2451/642 581/2452/642